game	ply	label	finish	position
0	0	0.000000	adjudicated	G1|w|0|0|0|
0	6	0.000000	adjudicated	G1|w|6|3|3|-2,0=bG1;-1,-1=bB1;0,-1=bA1;0,0=wB1;1,0=wB2;2,-1=wG1
0	8	0.000000	adjudicated	G1|w|8|4|4|-3,0=bQ;-2,0=bG1;-1,-1=bB1;0,-1=bA1;0,0=wB1;1,0=wB2;2,-1=wG1;3,-1=wQ
0	10	0.000000	adjudicated	G1|w|10|5|5|-3,0=bQ;-2,0=bG1;-1,-2=bB2;-1,-1=bB1;0,-1=bA1;0,0=wB1;1,0=wB2;1,1=wA1;2,-1=wG1;3,-1=wQ
0	12	0.000000	adjudicated	G1|w|12|6|6|-4,0=wA1;-3,0=bQ;-2,0=bG1;-2,1=bS1;-1,-2=bB2;-1,-1=bB1;0,-1=bA1;0,0=wB1;1,0=wB2;2,-1=wG1;3,-1=wQ
0	14	0.000000	adjudicated	G1|w|14|7|7|-4,0=wA1;-3,0=bQ;-2,0=bG1;-2,1=bS1;-1,-2=bB2;-1,-1=bB1;0,-2=bG2;0,-1=bA1;0,0=wB1;1,0=wB2;2,-2=wS1;2,-1=wG1;3,-1=wQ
0	16	0.000000	adjudicated	G1|w|16|8|8|-3,-1=bQ;-2,-1=wA1;-2,0=bG1;-2,1=bS1;-1,-2=bB2;-1,-1=bB1;0,-2=bG2;0,-1=bA1;0,0=wB1;1,0=wB2;2,-2=wS1;2,-1=wG1;3,-1=wQ
0	18	0.000000	adjudicated	G1|w|18|9|9|-3,-1=bQ;-2,-1=wA1;-2,0=bG1;-2,1=bS1;-1,-2=bB2;0,-2=bG2;0,-1=bA1,bB1;0,0=wB1;1,0=wB2;2,-2=wS1;2,-1=wG1;3,-3=wS2;3,-1=wQ
0	20	0.000000	adjudicated	G1|w|20|10|10|-3,-2=bA2;-3,-1=bQ;-2,-1=wA1;-2,0=bG1;-2,1=bS1;-1,-2=bB2;0,-2=bG2;0,-1=bA1,bB1;0,0=wB1;1,-3=wS2;1,0=wB2;2,-2=wS1;2,-1=wG1;3,-1=wQ
0	22	0.000000	adjudicated	G1|w|22|11|11|-3,-1=bQ;-2,-2=wS2;-2,-1=wA1;-2,0=bG1;-2,1=bS1;-1,-2=bB2;0,-2=bG2;0,-1=bA1,bB1;0,0=wB1;1,0=wB2;2,-2=wS1;2,-1=wG1;3,-2=bA2;3,-1=wQ
0	24	0.000000	adjudicated	G1|w|24|12|12|-3,-2=bQ;-2,-2=wS2;-2,-1=wA1;-2,0=bG1;-2,1=bS1;-1,-2=bB2;0,-2=bG2;0,-1=bA1,bB1;0,0=wB1;1,0=wB2;2,-2=wS1;2,-1=wG1;3,-2=bA2;4,-2=wQ
0	26	0.000000	adjudicated	G1|w|26|13|13|-3,-2=bQ;-2,-2=wS2;-2,-1=wA1;-2,0=bG1;-2,1=bS1;-1,-2=bB2;0,-2=bG2;0,-1=bA1,bB1;0,0=wB1;1,-3=bA3;1,0=wB2;2,-2=wS1;2,-1=wG1;2,0=wG2;3,-2=bA2;4,-2=wQ
0	28	0.000000	adjudicated	G1|w|28|14|14|-3,-2=bQ;-2,-2=wS2;-2,-1=wA1;-2,0=bG1;-2,1=bS1;-1,-2=bB2;0,-2=bG2;0,-1=bA1,bB1;0,0=wB1;1,0=wB2;2,-2=wS1;2,-1=wG1;2,0=wG2;3,-2=bA2;4,-3=bA3;4,-2=wQ;5,-2=wG3
0	30	0.000000	adjudicated	G1|w|30|15|15|-2,-3=bQ;-2,-2=wS2;-2,-1=wA1;-2,0=bG1;-2,1=bS1;-1,-2=bB2;0,-2=bG2;0,-1=bA1,bB1;0,0=wB1;1,-2=wG3;1,0=wB2;2,-2=wS1;2,-1=wG1;2,0=wG2;3,-2=bA2;4,-3=bA3;4,-2=wQ
0	32	0.000000	adjudicated	G1|w|32|16|16|-2,-3=bQ;-2,-2=wS2;-2,-1=wA1;-2,0=bG1;-2,1=bS1;-1,-2=bB2;0,-3=bS2;0,-2=bG2;0,-1=bA1,bB1;0,0=wB1;1,-2=wG3;1,0=wB2;2,-2=wS1;2,-1=wG1;2,0=wG2;3,-2=bA2;4,-3=bA3;5,-3=wQ
0	34	0.000000	adjudicated	G1|w|34|17|17|-3,-3=bQ;-3,-2=wG3;-2,-2=wS2;-2,-1=wA1;-2,0=bG1;-2,1=bS1;-1,-2=bB2;0,-3=bS2;0,-2=bG2;0,-1=bA1,bB1;0,0=wB1;1,0=wB2;2,-2=wS1;2,-1=wG1;2,0=wG2;3,-2=bA2;4,-3=bA3;5,-3=wQ
0	36	0.000000	adjudicated	G1|w|36|18|18|-3,-3=bQ;-3,-2=wG3;-3,-1=wA2;-2,-2=wS2;-2,-1=wA1;-2,0=bG1;-2,1=bS1;-1,-2=bB2;0,-3=bS2;0,-2=bG2;0,-1=bA1,bB1;0,0=wB1;1,-3=bG3;1,0=wB2;2,-2=wS1;2,-1=wG1;2,0=wG2;3,-2=bA2;4,-3=bA3;5,-3=wQ
0	38	0.000000	adjudicated	G1|w|38|19|19|-3,-4=wA2;-3,-3=bQ;-3,-2=wG3;-2,-2=wS2;-2,-1=wA1;-2,0=bG1;-2,1=bS1;-1,-2=bB2;0,-3=bS2;0,-2=bG2;0,-1=bA1;0,0=wB1;1,-3=bG3;1,-2=bB1;1,0=wB2;2,-2=wS1;2,-1=wG1;2,0=wG2;3,-2=bA2;4,-3=bA3;5,-3=wQ
0	40	0.000000	adjudicated	G1|w|40|20|20|-3,-4=wA2;-3,-3=bQ;-3,-2=wG3;-2,-2=wS2;-2,-1=wA1;-2,0=bG1;-2,1=bS1;-1,-2=bB2;0,-3=bS2;0,-1=bA1,wB1;1,-3=bG3;1,-2=bB1;1,0=wB2;2,-2=wS1;2,-1=wG1;2,0=wG2;3,-2=bA2;4,-3=bA3;4,-2=bG2;5,-3=wQ
0	42	0.000000	adjudicated	G1|w|42|21|21|-3,-4=wA2;-3,-3=bQ;-3,-2=wG3;-2,-2=wS2;-2,-1=wA1;-2,0=bG1;-2,1=bS1;-1,-2=bB2;0,-3=bS2;0,-1=bA1,wB1;1,-3=bG3;1,-2=bB1;1,0=wB2;2,-2=wS1;2,-1=wG1;2,0=wG2;3,-2=bA2;4,-4=bG2;4,-3=bA3;5,-4=wQ
0	44	0.000000	adjudicated	G1|w|44|22|22|-4,-2=bQ;-3,-2=wG3;-2,-2=wS2;-2,-1=wA1;-2,0=bG1;-2,1=bS1;-1,-2=bB2;-1,1=wA2;0,-3=bS2;0,-1=bA1,wB1;1,-3=bG3;1,-2=bB1;1,0=wB2;2,-2=wS1;2,-1=wG1;2,0=wG2;3,-2=bA2;4,-4=bG2;4,-3=bA3;5,-4=wQ
0	46	0.000000	adjudicated	G1|w|46|23|23|-5,-1=wA2;-4,-2=bQ;-3,-2=wG3;-3,-1=bS1;-2,-2=wS2;-2,-1=wA1;-2,0=bG1;-1,-2=bB2;0,-3=bS2;0,-1=bA1,wB1;1,-3=bG3;1,-2=bB1;1,0=wB2;2,-2=wS1;2,-1=wG1;2,0=wG2;3,-2=bA2;4,-4=bG2;4,-3=bA3;5,-4=wQ
0	48	0.000000	adjudicated	G1|w|48|24|24|-5,-1=wA2;-4,-2=bQ;-3,-2=wG3;-2,-2=wS2;-2,-1=wA1;-2,0=bG1;-2,1=bS1;-1,-2=bB2;0,-3=bS2;0,-1=bA1,wB1;1,-3=bG3;1,-2=bB1;1,0=wB2;2,-2=wS1;2,-1=wG1;2,0=wG2;3,-2=bA2;4,-4=bG2;4,-3=bA3;5,-3=wQ
0	50	0.000000	adjudicated	G1|w|50|25|25|-5,-1=wA2;-4,-2=bQ;-3,-2=wG3;-2,-2=wS2;-2,-1=wA1;-2,0=bG1;-2,1=bS1;-1,-2=bB2;0,-3=bS2;0,-1=bA1,wB1;1,-3=bG3;1,-2=bB1;1,-1=wB2;2,-2=wS1;2,-1=wG1;2,0=wG2;3,-2=bA2;4,-3=bA3;4,-2=bG2;5,-3=wQ
0	52	0.000000	adjudicated	G1|w|52|26|26|-5,-1=wA2;-4,-2=bQ;-3,-2=wG3;-2,-2=wS2;-2,-1=wA1;-2,0=bG1;-2,1=bS1;-1,-2=bB2;0,-3=bS2;0,-1=bA1,wB1;1,-3=bG3;1,-2=bB1;1,-1=wB2;2,-2=wS1;2,-1=wG1;2,0=wG2;3,-2=bA2;4,-2=bG2;4,-1=bA3;5,-2=wQ
0	54	0.000000	adjudicated	G1|w|54|27|27|-5,-1=wA2;-4,-2=bQ;-3,-2=wG3;-2,-2=wS2;-2,-1=wA1;-2,0=bG1;-2,1=bS1;-1,-2=bB2;0,-3=bS2;0,-1=bA1,wB1;1,-3=bG3;1,-2=bB1;1,-1=wB2;2,-2=wS1;2,-1=wG1;2,0=wG2;3,-2=bA2;4,-2=bG2;5,-4=bA3;5,-3=wQ
0	56	0.000000	adjudicated	G1|w|56|28|28|-5,-1=wA2;-5,0=wA3;-4,-2=bQ;-3,-2=wG3;-3,-1=bS1;-2,-2=wS2;-2,-1=wA1;-2,0=bG1;-1,-2=bB2;0,-3=bS2;0,-1=bA1,wB1;1,-3=bG3;1,-2=bB1;1,-1=wB2;2,-2=wS1;2,-1=wG1;2,0=wG2;3,-2=bA2;4,-2=bG2;5,-4=bA3;5,-3=wQ
0	58	0.000000	adjudicated	G1|w|58|29|29|-5,-1=wA2;-5,0=wA3;-4,-2=bQ;-3,-2=wG3;-3,-1=bS1;-2,-2=wS2;-2,-1=wA1;-2,0=bG1;-1,-2=bB2;0,-3=bS2;0,-2=wB1;1,-3=bG3;1,-2=bB1;1,-1=wB2;2,-2=wS1;2,-1=wG1;2,0=wG2;3,-2=bA2;4,-3=bA1;4,-2=bG2;5,-4=bA3;5,-3=wQ
0	60	0.000000	adjudicated	G1|w|60|30|30|-5,-1=wA2;-5,0=wA3;-4,-2=bQ;-3,-2=wG3;-3,-1=bS1;-2,-2=wS2;-2,-1=wA1;-2,0=bG1;-1,-2=bB2;0,-3=bS2;0,-2=wB1;1,-3=bG3;1,-2=bB1;1,-1=wB2;2,-2=wS1;2,-1=wG1;2,0=wG2;3,-2=bA2;4,-3=bA1;4,-2=bG2;5,-2=wQ;6,-2=bA3
0	62	0.000000	adjudicated	G1|w|62|31|31|-5,-1=wA2;-4,-2=bQ;-3,-3=wA3;-3,-2=wG3;-3,-1=bS1;-3,0=bA1;-2,-2=wS2;-2,-1=wA1;-2,0=bG1;-1,-2=bB2;0,-3=bS2;0,-2=wB1;1,-3=bG3;1,-2=bB1;1,-1=wB2;2,-2=wS1;2,-1=wG1;2,0=wG2;3,-2=bA2;4,-2=bG2;5,-2=wQ;6,-2=bA3
0	64	0.000000	adjudicated	G1|w|64|32|32|-5,-1=wA2;-4,-2=bQ;-3,-3=wA3;-3,-2=wG3;-3,-1=bS1;-2,-1=wA1;-2,0=bG1;-1,-2=bB2;0,-3=bS2;0,-2=wB1;1,-4=wS2;1,-3=bG3;1,-2=bB1;1,-1=wB2;2,-2=wS1;2,-1=wG1;2,0=wG2;3,-2=bA2;4,-2=bG2;5,-2=wQ;5,-1=bA1;6,-2=bA3
0	66	0.000000	adjudicated	G1|w|66|33|33|-5,-1=wA2;-4,-2=bQ;-3,-3=wA3;-3,-2=wG3;-3,-1=bS1;-2,-1=wA1;-2,0=bG1;-1,-2=bB2;0,-3=bS2;0,-2=wB1;1,-2=bB1;1,-1=wB2;1,0=bG3;2,-2=wS1;2,-1=wG1;2,0=wG2;3,-3=wS2;3,-2=bA2;4,-2=bG2;5,-2=wQ;5,-1=bA1;6,-2=bA3
0	68	0.000000	adjudicated	G1|w|68|34|34|-5,-1=wA2;-4,-2=bQ;-3,-3=wA3;-3,-2=wG3;-3,-1=bS1;-2,-1=wA1;-2,0=bG1;-1,-2=bB2;0,-3=bS2;0,-2=wB1;1,-4=wS2;1,-2=bB1;1,-1=wB2;1,0=bG3;2,-2=wS1;2,-1=wG1;2,0=wG2;3,-2=bA2;4,-2=bG2;5,-2=wQ;6,-3=bA1;6,-2=bA3
0	70	0.000000	adjudicated	G1|w|70|35|35|-5,-1=wA2;-4,-1=wA3;-3,-3=bQ;-3,-2=wG3;-3,-1=bS1;-2,-1=wA1;-2,0=bG1;-1,-2=bB2;0,-3=bS2;0,-2=wB1;1,-4=wS2;1,-2=bB1;1,-1=wB2;1,0=bG3;2,-2=wS1;2,-1=wG1;2,0=wG2;3,-2=bA2;4,-2=bG2;5,-2=wQ;6,-3=bA1;6,-2=bA3
0	72	0.000000	adjudicated	G1|w|72|36|36|-4,-3=bQ;-4,-2=wA2;-4,-1=wA3;-3,-2=wG3;-3,-1=bS1;-2,-1=wA1;-2,0=bG1;-1,-2=bB2;0,-3=bS2;0,-2=wB1;1,-4=wS2;1,-2=bB1;1,-1=wB2;1,0=bG3;2,-2=wS1;2,-1=wG1;2,0=wG2;3,-2=bA2;4,-2=bG2;5,-2=wQ;6,-3=bA1;6,-2=bA3
0	74	0.000000	adjudicated	G1|w|74|37|37|-4,-3=bQ;-4,-2=wA2;-3,-4=wA3;-3,-2=wG3;-3,-1=bS1;-2,-1=wA1;-2,0=bG1;-1,-2=bB2;0,-3=bS2;0,-2=wB1;1,-4=wS2;1,-2=bB1;1,-1=wB2;1,0=bG3;1,1=bA1;2,-2=wS1;2,-1=wG1;2,0=wG2;3,-2=bA2;4,-2=bG2;5,-2=wQ;6,-2=bA3
0	76	0.000000	adjudicated	G1|w|76|38|38|-4,-4=wA3;-4,-3=bQ;-4,-2=wA2;-3,-2=wG3;-3,-1=bS1;-2,-1=wA1;-2,0=bG1;-1,-2=bB2;0,-3=bS2;0,-2=wB1;1,-4=wS2;1,-2=bB1;1,-1=wB2;1,0=bG3;2,-2=wS1;2,-1=wG1;2,0=wG2;3,-2=bA2;4,-2=bG2;5,-2=wQ;5,-1=bA1;6,-2=bA3
0	78	0.000000	adjudicated	G1|w|78|39|39|-4,-4=wA3;-4,-3=bQ;-4,-2=wA2;-3,-2=wG3;-3,-1=bS1;-2,-1=wA1;-2,0=bG1;-1,-2=bB2;0,-3=bS2;0,-2=wB1;0,0=wB2;1,-4=wS2;1,-2=bB1;1,0=bG3;2,-2=wS1;2,-1=wG1;2,0=wG2;3,-2=bA2;4,-2=bG2;4,-1=bA3;5,-2=wQ;5,-1=bA1
0	80	0.000000	adjudicated	G1|w|80|40|40|-4,-4=wA3;-4,-3=bQ;-4,-2=wA2;-3,-2=wG3;-3,-1=bS1;-2,-2=bG1;-2,-1=wA1;-1,-2=bB2;0,-3=bS2;0,-2=wB1;0,0=wB2;1,-4=wS2;1,-2=bB1;1,0=bG3;2,-2=wS1;2,-1=wG1;2,0=wG2;3,-2=bA2;4,-2=bG2;4,-1=bA3;5,-1=bA1;6,-2=wQ
0	82	0.000000	adjudicated	G1|w|82|41|41|-5,-3=wA1;-4,-4=wA3;-4,-3=bQ;-4,-2=wA2;-3,-2=wG3;-2,-2=bG1;-1,-2=bB2;0,-3=bS2;0,-2=wB1;0,-1=bS1;0,0=wB2;1,-4=wS2;1,-2=bB1;1,0=bG3;2,-2=wS1;2,-1=wG1;2,0=wG2;3,-2=bA2;4,-2=bG2;4,-1=bA3;5,-1=bA1;6,-2=wQ
0	84	0.000000	adjudicated	G1|w|84|42|42|-4,-4=wA3;-4,-3=bQ;-4,-2=wA2;-3,-2=wG3;-2,-2=bG1;-1,-3=wA1;-1,-2=bB2;0,-3=bS2;0,-2=wB1;0,-1=bS1;0,0=wB2;1,-4=wS2;1,-2=bB1;2,-2=wS1;2,-1=wG1;2,0=wG2;3,-2=bA2;4,-3=bG3;4,-2=bG2;4,-1=bA3;5,-1=bA1;6,-2=wQ
0	86	0.000000	adjudicated	G1|w|86|43|43|-5,-2=wA1;-4,-4=wA3;-4,-3=bQ;-4,-2=wA2;-3,-2=wG3;-2,-2=bG1;-1,-2=bB2;0,-3=bS2;0,-2=wB1;0,-1=bS1;0,0=wB2;1,-4=wS2;1,-2=bB1;2,-2=wS1;2,-1=wG1;2,0=wG2;3,-2=bA2;4,-2=bG2;4,-1=bA3;4,0=bG3;5,-1=bA1;6,-2=wQ
0	88	0.000000	adjudicated	G1|w|88|44|44|-5,-2=wA1;-4,-3=bQ;-4,-2=wA2;-3,-2=wG3;-2,-2=bG1;-1,-2=bB2;0,-3=bS2;0,-2=wB1;0,-1=bS1;0,0=wB2;1,-4=wS2;1,-2=bB1;2,-3=wA3;2,-2=wS1;2,-1=wG1;2,0=wG2;3,-2=bA2;4,-2=bG2;4,-1=bA3;5,-1=bA1;6,-2=wQ;7,-3=bG3
0	90	0.000000	adjudicated	G1|w|90|45|45|-5,-3=wA1;-4,-3=bQ;-4,-2=wA2;-3,-2=wG3;-2,-2=bG1;-1,-2=bB2;0,-3=bS2;0,-2=wB1;0,-1=bS1;0,0=wB2;1,-4=wS2;1,-2=bB1;2,-3=wA3;2,-2=wS1;2,-1=wG1;2,0=wG2;3,-2=bA2;4,-2=bG2;4,-1=bA3;4,0=bG3;5,-1=bA1;6,-2=wQ
0	92	0.000000	adjudicated	G1|w|92|46|46|-4,-3=bQ;-4,-2=wA2;-3,-2=wG3;-2,-2=bG1;-1,-2=bB2;0,-3=bS2;0,-2=wB1;0,-1=bS1;0,0=wB2;1,-4=wS2;1,-2=bB1;2,-3=wA3;2,-2=wS1;2,-1=wG1;2,0=wG2;3,-2=bA2;4,-2=bG2;4,-1=bA3;5,-1=bA1;6,-2=wQ;7,-3=bG3;7,-2=wA1
0	94	0.000000	adjudicated	G1|w|94|47|47|-5,-3=wA1;-4,-3=bQ;-4,-2=wA2;-3,-2=wG3;-2,-2=bG1;-1,-2=bB2;0,-3=bS2;0,-2=wB1;0,-1=bS1;0,0=wB2;1,-4=wS2;1,-2=bB1;2,-3=wA3;2,-2=wS1;2,-1=wG1;2,0=wG2;3,-2=bA2;4,-2=bG2;4,-1=bA3;4,0=bG3;5,-1=bA1;6,-2=wQ
0	96	0.000000	adjudicated	G1|w|96|48|48|-5,-3=wA1;-5,-2=wA3;-4,-4=bQ;-4,-2=wA2;-3,-2=wG3;-2,-2=bG1;-1,-2=bB2;0,-3=bS2;0,-2=wB1;0,-1=bS1;0,0=wB2;1,-4=wS2;1,-2=bB1;2,-2=wS1;2,-1=wG1;2,0=wG2;3,-2=bA2;4,-2=bG2;4,-1=bA3;4,0=bG3;5,-1=bA1;6,-2=wQ
1	0	1.000000	terminal	G1|w|0|0|0|
1	7	1.000000	terminal	G1|b|7|4|3|-1,1=wQ;0,-1=bA1;0,0=wB1;0,1=wG1;1,-2=bG1;1,0=wA1;2,-2=bS1
1	9	1.000000	terminal	G1|b|9|5|4|-2,2=wA1;-1,-1=bQ;-1,1=wQ;0,-1=bA1;0,0=wB1;0,1=wG1;1,-2=bG1;2,-2=bS1
1	11	1.000000	terminal	G1|b|11|6|5|-2,0=wA1;-1,-1=bQ;-1,1=wQ;0,-1=bA1;0,0=wB1;0,1=wG1;1,-2=bG1;2,-2=bS1;3,-3=bB1
1	13	1.000000	terminal	G1|b|13|7|6|-2,0=wA1;-1,-1=bQ;-1,2=wQ;0,-2=bS2;0,-1=bA1;0,0=wB1;0,1=wG1;1,-2=bG1;2,-2=bS1;3,-3=bB1
1	15	1.000000	terminal	G1|b|15|8|7|-3,1=wB2;-2,0=wA1;-1,-1=bQ;-1,2=wQ;0,-1=bA1;0,0=wB1;0,1=wG1;1,-2=bG1;2,-2=bS1;3,-4=bS2;3,-3=bB1
1	17	1.000000	terminal	G1|b|17|9|8|-3,1=wB2;-2,0=wA1;-1,-1=bQ;-1,2=wQ;0,-1=bA1;0,0=wB1;0,1=wG1;1,-2=bG1;1,1=wA2;2,-3=bB2;2,-2=bS1;3,-4=bS2;3,-3=bB1
1	19	1.000000	terminal	G1|b|19|10|9|-3,1=wB2;-2,0=wA1;-1,-1=bQ;-1,0=wA2;-1,2=wQ;0,-1=bA1;0,0=wB1;0,1=wG1;1,-2=bG1;2,-3=bB2;2,-2=bS1;3,-4=bS2;3,-3=bB1;4,-4=bA2
1	21	1.000000	terminal	G1|b|21|11|10|-3,1=wB2;-2,-1=bQ;-2,0=wA1;-1,0=wA2;-1,2=wQ;0,-1=bA1;0,0=wB1;0,1=wG1;1,-2=bG1;1,0=wA3;2,-3=bB2;2,-2=bS1;3,-4=bS2;3,-3=bB1;4,-4=bA2
1	23	1.000000	terminal	G1|b|23|12|11|-3,-1=wA3;-3,1=wB2;-2,-1=bQ;-2,0=wA1;-2,2=bA2;-1,0=wA2;-1,2=wQ;0,-1=bA1;0,0=wB1;0,1=wG1;1,-2=bG1;2,-3=bB2;2,-2=bS1;3,-4=bS2;3,-3=bB1
1	25	1.000000	terminal	G1|b|25|13|12|-3,-1=wA3;-3,0=wB2;-2,-1=bQ;-2,0=wA1;-2,2=bA2;-1,0=wA2;-1,2=wQ;0,-1=bA1;0,0=wB1;0,1=wG1;1,-2=bG1;2,-3=bB2;2,-2=bS1;3,-4=bS2;3,-3=bB1;3,-2=bA3
1	27	1.000000	terminal	G1|b|27|14|13|-4,-1=wS1;-3,-1=wA3;-3,0=wB2;-2,-2=bQ;-2,0=wA1;-2,2=bA2;-1,0=wA2;-1,2=wQ;0,-1=bA1;0,0=wB1;0,1=wG1;1,-2=bG1;2,-3=bB2;2,-2=bS1;3,-4=bS2;3,-3=bB1;3,-2=bA3
1	29	1.000000	terminal	G1|b|29|15|14|-4,-1=wS1;-3,-1=wA3;-3,0=wB2;-3,1=wG2;-2,-2=bQ;-2,0=wA1;-2,2=bA2;-1,0=wA2;-1,2=wQ;0,-1=bA1;0,0=wB1;0,1=wG1;0,2=bA3;1,-2=bG1;2,-3=bB2;2,-2=bS1;3,-4=bS2;3,-3=bB1
1	31	1.000000	terminal	G1|b|31|16|15|-3,-1=wA3;-3,0=wB2;-3,1=wG2;-2,-2=bQ;-2,0=wA1;-2,2=bA2;-1,-3=wS1;-1,0=wA2;-1,2=wQ;0,-1=bA1;0,0=wB1;0,1=wG1;0,2=bA3;1,-2=bG1;2,-3=bB2;2,-2=bS1;3,-4=bS2,bB1
1	33	1.000000	terminal	G1|b|33|17|16|-3,-2=wG2;-3,-1=wA3;-3,0=wB2;-2,-2=bQ;-2,0=wA1;-2,2=bA2;-1,-3=wS1;-1,0=wA2;-1,2=wQ;0,-1=bA1;0,0=wB1;0,1=wG1;0,2=bA3;1,-2=bG1;1,1=bS1;2,-3=bB2;3,-4=bS2,bB1
1	35	1.000000	terminal	G1|b|35|18|17|-4,1=wG3;-3,-2=wG2;-3,-1=wA3;-3,0=wB2;-2,-2=bQ;-2,0=wA1;-2,2=bA2;-1,-3=wS1;-1,0=wA2;-1,2=wQ;-1,3=bS1;0,-1=bA1;0,0=wB1;0,1=wG1;0,2=bA3;1,-2=bG1;2,-3=bB2;3,-4=bS2,bB1
1	37	1.000000	terminal	G1|b|37|19|18|-3,-2=wG2;-3,-1=wA3;-3,0=wB2;-2,-2=bQ;-2,-1=wG3;-2,0=wA1;-2,2=bA2;-1,-3=wS1;-1,0=wA2;-1,2=wQ;-1,3=bS1;0,-1=bA1;0,0=wB1;0,1=wG1;0,2=bA3;1,-2=bG1;2,-3=bB2;3,-4=bS2;4,-4=bB1
1	39	1.000000	terminal	G1|b|39|20|19|-3,-2=wG2;-3,-1=wA3;-2,-2=bQ;-2,-1=wG3;-2,0=wA1,wB2;-2,2=bA2;-1,-3=wS1;-1,0=wA2;-1,2=wQ;-1,3=bS1;0,-1=bA1;0,0=wB1;0,1=wG1;0,2=bA3;1,-3=bG2;1,-2=bG1;2,-3=bB2;3,-4=bS2;4,-4=bB1
1	41	1.000000	terminal	G1|b|41|21|20|-3,-2=wG2;-3,-1=wA3;-2,-2=bQ;-2,-1=wG3;-2,0=wA1,wB2;-2,2=bA2;-1,-4=wS2;-1,-3=wS1;-1,0=wA2;-1,2=wQ;-1,3=bS1;0,-1=bA1;0,0=wB1;0,1=wG1;0,2=bA3;1,-3=bG2;1,-2=bG1;2,-3=bB2;3,-4=bS2;3,-3=bG3;4,-4=bB1
1	43	1.000000	terminal	G1|b|43|22|21|-3,-2=wG2;-2,-2=bQ;-2,-1=wG3;-2,0=wA1,wB2;-2,2=bA2;-1,-4=wS2;-1,-3=wS1;-1,0=wA2;-1,2=wQ;-1,3=bS1;-1,4=wA3;0,-1=bA1;0,0=wB1;0,1=wG1;0,2=bA3;1,-3=bG2;1,-2=bG1;2,-3=bB2;3,-4=bS2;3,-3=bG3,bB1
1	45	1.000000	terminal	G1|b|45|23|22|-3,-2=wG2;-3,-1=wA3;-2,-2=bQ;-2,-1=wG3;-2,0=wA1,wB2;-2,2=bA2;-1,-4=wS2;-1,-3=wS1;-1,0=wA2;-1,2=wQ;-1,3=bS1;0,-1=bA1;0,0=wB1;0,1=wG1;0,2=bA3;1,-3=bG2;1,-2=bG1;2,-3=bB2;3,-4=bS2;3,-3=bG3;4,-4=bB1
1	47	1.000000	terminal	G1|b|47|24|23|-3,-2=wG2;-3,-1=wA3;-2,-3=wA2;-2,-2=bQ;-2,-1=wG3;-2,0=wA1,wB2;-2,2=bA2;-1,-4=wS2;-1,-3=wS1;-1,2=wQ;-1,3=bS1;0,-3=bS2;0,-1=bA1;0,0=wB1;0,1=wG1;0,2=bA3;1,-3=bG2;1,-2=bG1;2,-3=bB2;3,-3=bG3;4,-4=bB1
1	49	1.000000	terminal	G1|b|49|25|24|-3,-2=wG2;-3,-1=wA3;-2,-3=wA2;-2,-2=bQ;-2,-1=wG3;-2,0=wA1;-2,2=bA2;-1,-4=wS2;-1,-3=wS1;-1,-1=wB2;-1,2=wQ;-1,3=bS1;0,-3=bS2;0,-1=bA1;0,0=wB1;0,1=wG1;0,2=bA3;1,-3=bG2;1,-2=bG1;2,-3=bB2;3,-3=bG3,bB1
1	51	1.000000	terminal	G1|b|51|26|25|-3,-2=wG2;-3,-1=wA3;-2,-3=wA2;-2,-2=bQ;-2,-1=wG3;-2,2=bA2;-1,-5=bS2;-1,-4=wS2;-1,-3=wS1;-1,-1=wB2;-1,2=wQ;-1,3=bS1;0,-1=bA1;0,0=wB1;0,1=wG1;0,2=bA3;1,-3=bG2;1,-2=bG1;2,-3=bB2;3,-3=bG3,bB1;3,-2=wA1
1	53	1.000000	terminal	G1|b|53|27|26|-3,-2=wG2;-3,-1=wA3;-2,-2=bQ;-2,-1=wG3;-2,2=bA2;-1,-5=bS2;-1,-4=wS2;-1,-3=wS1;-1,-1=wB2;-1,1=wA2;-1,2=wQ;-1,3=bS1;0,-1=bA1;0,0=wB1;0,1=wG1;0,2=bA3;1,-3=bG2;1,-2=bG1;2,-3=bB2;3,-3=bG3;3,-2=wA1;4,-4=bB1
1	55	1.000000	terminal	G1|b|55|28|27|-3,-2=wG2;-3,-1=wA3;-2,-2=bQ;-2,-1=wG3;-2,2=bA2;-2,3=bA3;-1,-5=bS2;-1,-4=wS2;-1,-3=wS1;-1,-1=wB2;-1,1=wA2;-1,2=wQ;-1,3=bS1;0,-5=wA1;0,-1=bA1;0,0=wB1;0,1=wG1;1,-3=bG2;1,-2=bG1;2,-3=bB2;3,-3=bG3;4,-4=bB1
1	57	1.000000	terminal	G1|b|57|29|28|-3,-2=wG2;-3,-1=wA3;-2,-2=bQ;-2,-1=wG3;-2,2=bA2;-2,3=bA3;-1,-4=wS2;-1,-3=wS1;-1,-1=wB2;-1,2=wQ;-1,3=bS1;0,-5=wA1;0,-1=bA1;0,0=wB1;0,1=wG1;1,-5=bS2;1,-3=bG2;1,-2=bG1;2,-3=bB2;3,-3=bG3;4,-4=bB1;4,-3=wA2
1	59	1.000000	terminal	G1|b|59|30|29|-3,-2=wG2;-3,-1=wA3;-2,-2=bQ;-2,-1=wG3;-2,2=bA2;-1,-4=wS2;-1,-3=wS1;-1,-1=wB2;-1,1=bA3;-1,2=wQ;-1,3=bS1;0,-5=wA1;0,-2=wG1;0,-1=bA1;0,0=wB1;1,-5=bS2;1,-3=bG2;1,-2=bG1;2,-3=bB2;3,-3=bG3;4,-4=bB1;4,-3=wA2
1	61	1.000000	terminal	G1|b|61|31|30|-3,-2=wG2;-3,-1=wA3;-2,-3=wA2;-2,-2=bQ;-2,-1=wG3;-2,3=bA2;-1,-4=wS2;-1,-3=wS1;-1,-1=wB2;-1,1=bA3;-1,2=wQ;-1,3=bS1;0,-5=wA1;0,-2=wG1;0,-1=bA1;0,0=wB1;1,-5=bS2;1,-3=bG2;1,-2=bG1;2,-3=bB2;3,-3=bG3;4,-4=bB1
1	63	1.000000	terminal	G1|b|63|32|31|-3,-2=wG2;-3,-1=wA3;-2,-3=wA2;-2,-2=bQ;-2,-1=wG3;-2,3=bA2;-1,-5=bS2;-1,-4=wS2;-1,-3=wS1;-1,-1=wB2;-1,1=bA3;-1,2=wQ;-1,3=bS1;0,-2=wG1;0,-1=bA1;0,0=wB1;1,-3=bG2;1,-2=bG1;2,-3=bB2;2,-2=wA1;3,-3=bG3;4,-4=bB1
1	65	1.000000	terminal	G1|b|65|33|32|-3,-2=wG2;-3,-1=wA3;-2,-3=wA2;-2,-2=bQ;-2,-1=wG3;-2,3=bA2;-2,4=wA1;-1,-5=bS2;-1,-4=wS2;-1,-3=wS1;-1,-1=wB2;-1,1=bA3;-1,2=wQ;-1,3=bS1;0,-2=wG1;0,-1=bA1;0,0=wB1;1,-4=bG1;1,-3=bG2;2,-3=bB2;3,-3=bG3;4,-4=bB1
1	67	1.000000	terminal	G1|b|67|34|33|-3,-2=wG2;-3,-1=wA3;-2,-3=wA2;-2,-2=bQ;-2,-1=wG3;-2,3=bA2;-1,-5=bS2;-1,-4=wS2;-1,-3=wS1;-1,-1=wB2;-1,1=bA3;-1,2=wQ;-1,3=bS1;0,-2=wG1;0,-1=bA1;0,0=wB1;1,-4=bG1;1,-3=bG2;2,-3=bB2;3,-3=bG3,bB1;4,-3=wA1
1	69	1.000000	terminal	G1|b|69|35|34|-3,-2=wG2;-3,-1=wA3;-2,-3=wA2;-2,-2=bQ;-2,-1=wG3;-2,3=bA2;-1,-5=bS2;-1,-4=wS2;-1,-2=wS1;-1,-1=wB2;-1,1=bA3;-1,2=wQ;-1,3=bS1;0,-2=wG1;0,-1=bA1;0,0=wB1;1,-4=bG1;1,-3=bG2;2,-3=bB2,bB1;3,-3=bG3;4,-3=wA1
1	71	1.000000	terminal	G1|b|71|36|35|-3,-2=wG2;-2,-3=wA2;-2,-2=bQ;-2,-1=wG3;-1,-5=bS2;-1,-4=wS2;-1,-2=wS1;-1,-1=wB2;-1,1=bA3;-1,2=wQ;-1,3=bS1;0,-2=wG1;0,-1=bA1;0,0=wB1;0,1=bA2;1,-4=bG1;1,-3=bG2;2,-3=bB2,bB1;3,-3=bG3;4,-3=wA1;4,-2=wA3
1	73	1.000000	terminal	G1|b|73|37|36|-3,-2=wG2;-3,-1=wA3;-2,-3=wA2;-2,-2=bQ;-2,-1=wG3;-2,2=bA3;-1,-5=bS2;-1,-4=wS2;-1,-2=wS1;-1,-1=wB2;-1,2=wQ;-1,3=bS1;0,-2=wG1;0,-1=bA1;0,0=wB1;0,1=bA2;1,-4=bG1;1,-3=bG2;2,-3=bB2,bB1;3,-3=bG3;4,-3=wA1
1	75	1.000000	terminal	G1|b|75|38|37|-3,-2=wG2;-3,-1=wA3;-2,-3=wA2;-2,-2=bQ;-2,-1=wG3;-1,-5=bS2;-1,-4=wS2;-1,-3=wA1;-1,-2=wS1;-1,-1=wB2;-1,1=bA3;-1,2=wQ;-1,3=bS1;0,-2=wG1;0,-1=bA1;0,0=wB1;0,1=bA2;1,-4=bG1;1,-3=bG2;2,-3=bB2,bB1;3,-3=bG3
2	0	1.000000	terminal	G1|w|0|0|0|
2	6	1.000000	terminal	G1|w|6|3|3|-1,1=wS1;0,0=wA1;0,1=wB1;1,-1=bS1;2,-1=bB1;2,0=bA1
2	8	1.000000	terminal	G1|w|8|4|4|-2,2=wQ;-1,1=wS1;0,0=wA1;0,1=wB1;1,-1=bS1;2,-1=bB1;2,0=bA1;2,1=bQ
2	10	1.000000	terminal	G1|w|10|5|5|-2,2=wQ;-1,1=wS1;0,0=wA1;0,1=wB1;0,2=wS2;1,-1=bS1;2,-1=bB1;2,0=bA1;2,1=bQ;3,-1=bA2
2	12	1.000000	terminal	G1|w|12|6|6|-2,1=bA2;-2,2=wQ;-1,1=wS1;-1,2=wB2;0,0=wA1;0,1=wB1;0,2=wS2;1,-1=bS1;2,-1=bB1;2,0=bA1;2,1=bQ
2	14	1.000000	terminal	G1|w|14|7|7|-2,2=bA2;-2,3=wQ;-1,1=wS1;-1,2=wB2;0,0=wA1;0,1=wB1;0,2=wS2;1,-1=bS1;2,-1=bB1;2,0=bA1;2,1=bQ
2	16	1.000000	terminal	G1|w|16|8|8|-2,2=bA2;-2,3=wQ;-1,2=wB2;0,0=wA1;0,1=wB1;0,2=wS2;1,-2=wS1;1,-1=bS1;2,-1=bB1;2,0=bA1;2,1=bQ;3,-2=bS2
2	18	1.000000	terminal	G1|w|18|9|9|-2,2=bA2;-2,3=wQ;-1,2=wB2;0,0=wA1;0,1=wB1;0,2=wS2;1,-1=bS1;2,-2=bG1;2,-1=bB1;2,0=bA1;2,1=bQ;3,-2=bS2;4,-3=wS1
2	20	1.000000	terminal	G1|w|20|10|10|-3,3=wQ;-2,2=bA2;-1,1=bG1;-1,2=wB2;0,0=wA1;0,1=wB1;0,2=wS2;1,-1=bS1;2,-1=bB1;2,0=bA1;2,1=bQ;3,-2=bS2;4,-3=wS1
2	22	1.000000	terminal	G1|w|22|11|11|-4,4=bG1;-3,3=wQ;-2,2=bA2;-1,2=wB2;0,0=wA1;0,1=wB1;1,-1=bS1;2,-1=bB1;2,0=bA1;2,1=bQ;2,2=wS2;3,-2=bS2;4,-3=wS1
2	24	1.000000	terminal	G1|w|24|12|12|-4,4=bG1;-3,3=wQ;-2,2=bA2;-1,2=wB2;0,0=wA1;0,1=wB1;1,-1=bS1;2,-1=bB1;2,0=bA1;2,1=bQ;2,2=wS2;3,-2=bS2;3,0=wS1;4,-2=bB2
2	26	1.000000	terminal	G1|w|26|13|13|-5,4=bG2;-4,4=bG1;-3,3=wQ;-2,2=bA2;-1,2=wB2;0,0=wA1;0,1=wB1;1,-1=bS1;1,3=wA2;2,-1=bB1;2,0=bA1;2,1=bQ;2,2=wS2;3,-2=bS2;3,0=wS1;4,-2=bB2
2	28	1.000000	terminal	G1|w|28|14|14|-4,4=bG1;-3,3=wQ;-3,4=bG2;-2,2=bA2;-1,2=wB2;0,0=wA1;0,1=wB1;1,-1=bS1;1,1=wA2;2,-1=bB1;2,0=bA1;2,1=bQ;2,2=wS2;3,-2=bS2;3,0=wS1;4,-2=bB2
2	30	1.000000	terminal	G1|w|30|15|15|-4,4=bG1;-3,3=wQ;-3,4=bG2;-2,2=bA2;-1,2=wB2;0,1=wB1;1,-1=bS1;1,1=wA2;1,2=wA1;2,-1=bB1;2,0=bA1;2,1=bQ;2,2=wS2;3,-2=bS2;3,0=wS1;4,-2=bB2;5,-2=bG3
2	32	1.000000	terminal	G1|w|32|16|16|-4,4=bG1;-3,3=wQ;-3,4=bG2;-2,2=bA2;-1,2=wB2;0,1=wB1;1,-1=bS1;1,1=wA2;1,2=wA1;2,-1=bB1;2,0=bA1;2,1=bQ;2,2=wS2;2,3=wG1;3,-2=bS2;3,0=wS1;4,-2=bB2;5,-2=bG3;5,-1=bA3
2	34	1.000000	terminal	G1|w|34|17|17|-4,4=bG1;-3,2=bA3;-3,3=wQ;-3,4=bG2;-2,2=bA2;-1,2=wB2;0,1=wB1;1,-1=bS1;1,1=wA2;1,2=wA1;2,-1=bB1;2,0=bA1;2,1=bQ;2,2=wS2;2,3=wG1;3,-2=bS2;3,0=wS1;3,2=wA3;4,-2=bB2;5,-2=bG3
3	0	-1.000000	terminal	G1|w|0|0|0|
3	7	-1.000000	terminal	G1|b|7|4|3|-2,2=wQ;-1,0=wB1;-1,1=wA2;0,0=wA1;1,0=bS1;2,0=bB1;2,1=bS2
3	9	-1.000000	terminal	G1|b|9|5|4|-2,2=wQ;-1,1=wA2;0,-1=wB1;0,0=wA1;1,0=bS1;1,2=bQ;2,0=bB1;2,1=bS2
3	11	-1.000000	terminal	G1|b|11|6|5|-2,2=wQ;-1,-1=wB2;-1,1=wA2;0,-1=wB1;0,0=wA1;1,0=bS1;1,2=bQ;1,3=bA1;2,0=bB1;2,1=bS2
3	13	-1.000000	terminal	G1|b|13|7|6|-3,2=bA1;-2,2=wQ;-1,1=wA2;0,-2=wB2;0,-1=wB1;0,0=wA1;1,0=bS1;1,2=bQ;2,0=bB1;2,1=bS2
3	15	-1.000000	terminal	G1|b|15|8|7|-4,2=bG1;-3,2=bA1;-2,2=wQ;-1,0=wS1;-1,1=wA2;0,-2=wB2;0,-1=wB1;0,0=wA1;1,0=bS1;1,2=bQ;2,0=bB1;2,1=bS2
3	17	-1.000000	terminal	G1|b|17|9|8|-3,2=bA1;-2,2=wQ;-1,1=wA2;-1,2=bG1;0,-3=wS1;0,-2=wB2;0,-1=wB1;0,0=wA1;1,0=bS1;1,2=bQ;2,0=bB1;2,1=bS2
3	19	-1.000000	terminal	G1|b|19|10|9|-3,2=bA1;-2,2=wQ;-1,-3=wG1;-1,1=wA2;-1,2=bG1;0,-3=wS1;0,-2=wB2;0,-1=wB1;0,0=wA1;1,0=bS1;1,2=bQ;2,0=bB1;2,1=bS2;3,0=bG2
3	21	-1.000000	terminal	G1|b|21|11|10|-3,2=bA1;-2,2=wQ;-1,-3=wG1;-1,-1=wA3;-1,1=wA2;-1,2=bG1;0,-3=wS1;0,-2=wB2;0,-1=wB1;0,0=wA1;1,0=bS1;1,2=bQ;2,0=bB1;2,1=bS2;3,0=bG2;3,1=bA2
3	23	-1.000000	terminal	G1|b|23|12|11|-3,2=bA1;-2,2=wQ;-1,-3=wG1;-1,-1=wA3;-1,0=wG2;-1,1=wA2;-1,2=bG1;0,-3=wS1;0,-2=wB2;0,-1=wB1;0,0=wA1;0,2=bG3;1,0=bS1;1,2=bQ;2,0=bB1;2,1=bS2;3,0=bG2;3,1=bA2
3	25	-1.000000	terminal	G1|b|25|13|12|-3,2=bA1;-2,2=wQ;-2,3=bA2;-1,-3=wG1;-1,0=wG2;-1,1=wA2;-1,2=bG1;0,-3=wS1;0,-2=wB2;0,-1=wB1;0,0=wA1;0,2=bG3;1,0=bS1;1,2=bQ;2,0=bB1;2,1=bS2;2,2=wA3;3,0=bG2
3	27	-1.000000	terminal	G1|b|27|14|13|-3,2=bA1;-2,2=wQ;-2,3=bA2;-1,-3=wG1;-1,0=wG2;-1,1=wA2;-1,2=bG1;0,-3=wS1;0,-2=wB2;0,-1=wB1;0,0=wA1;0,2=bG3;0,3=bQ;1,0=bS1;1,3=wA3;2,0=bB1;2,1=bS2;3,0=bG2
3	29	-1.000000	terminal	G1|b|29|15|14|-3,2=bA1;-2,2=wQ;-2,3=bA2;-1,-3=wG1;-1,1=wA2;-1,2=bG1;-1,3=wG2;0,-3=wS1;0,-2=wB2;0,-1=wB1;0,0=wA1;0,2=bG3;0,3=bQ;1,0=bS1;1,1=bA3;1,3=wA3;2,0=bB1;2,1=bS2;3,0=bG2
3	31	-1.000000	terminal	G1|b|31|16|15|-4,2=bG3;-3,2=bA1;-2,2=wQ;-2,3=bA2;-1,-3=wG1;-1,1=wA2;-1,2=bG1;-1,3=wG2;0,-3=wS1;0,-2=wB2;0,-1=wB1;0,0=wA1;0,3=bQ;1,-2=wS2;1,0=bS1;1,1=bA3;1,3=wA3;2,0=bB1;2,1=bS2;3,0=bG2
3	33	-1.000000	terminal	G1|b|33|17|16|-4,2=bG3;-3,2=bA1;-2,-3=wG3;-2,2=wQ;-2,3=bA2;-1,-3=wG1;-1,1=wA2;-1,2=bG1;-1,3=wG2;0,-3=wS1;0,-2=wB2;0,-1=wB1;0,0=wA1;0,3=bQ;1,-2=wS2;1,0=bS1;1,1=bA3;1,3=wA3;2,0=bB1;3,0=bG2;4,-1=bS2
3	35	-1.000000	terminal	G1|b|35|18|17|-4,2=bG3;-3,2=bA1;-3,3=bA3;-2,-3=wG3;-2,2=wQ;-2,3=bA2;-1,-3=wG1;-1,1=wA2;-1,2=bG1;-1,3=wG2;-1,4=wA3;0,-3=wS1;0,-2=wB2;0,-1=wB1;0,0=wA1;0,3=bQ;1,-2=wS2;1,0=bS1;2,0=bB1;3,0=bG2;4,-1=bS2
3	37	-1.000000	terminal	G1|b|37|19|18|-4,2=bG3;-3,2=bA1;-3,3=bA3;-2,-3=wG3;-2,2=wQ;-2,3=bA2;-1,-3=wG1;-1,1=wA2;-1,2=bG1;-1,3=wG2;-1,4=wA3;0,-3=wS1;0,-2=wB2;0,-1=wB1;0,0=wA1;0,4=bQ;1,0=bS1;2,0=bB1;3,-1=wS2;3,0=bG2;4,-1=bS2
3	39	-1.000000	terminal	G1|b|39|20|19|-4,2=bG3;-4,4=bB2;-3,2=bA1;-3,3=bA3;-2,-3=wG3;-2,2=wQ;-2,3=bA2;-1,-3=wG1;-1,1=wA2;-1,2=bG1;-1,3=wG2;-1,4=wA3;0,-3=wS1;0,-2=wB2;0,-1=wB1;0,0=wA1;0,4=bQ;1,0=bS1;2,0=bB1;3,0=bG2;4,-1=bS2;5,-1=wS2
3	41	-1.000000	terminal	G1|b|41|21|20|-4,2=bG3;-3,2=bA1;-3,3=bA3,bB2;-2,2=wQ;-2,3=bA2;-1,-3=wG1;-1,1=wA2;-1,2=bG1;-1,3=wG2;-1,4=wA3;0,-3=wS1;0,-2=wB2;0,-1=wB1;0,0=wA1;0,4=bQ;1,-3=wG3;1,0=bS1;2,0=bB1;3,0=bG2;4,-1=bS2;5,-1=wS2
3	43	-1.000000	terminal	G1|b|43|22|21|-4,2=bG3;-3,2=bA1;-3,3=bA3;-2,2=wQ,bB2;-2,3=bA2;-1,1=wA2;-1,2=bG1;-1,3=wG2;-1,4=wA3;0,-3=wS1;0,-2=wB2;0,-1=wB1;0,0=wA1;0,4=bQ;1,-3=wG3;1,0=bS1;2,-3=wG1;2,0=bB1;3,0=bG2;4,-1=bS2;5,-1=wS2
4	0	1.000000	terminal	G1|w|0|0|0|
4	6	1.000000	terminal	G1|w|6|3|3|-1,-1=bG2;-1,1=wG1;0,-2=bA1;0,-1=bG1;0,0=wS1;1,0=wQ
4	8	1.000000	terminal	G1|w|8|4|4|-2,0=bQ;-2,2=wS2;-1,-1=bG2;-1,1=wG1;0,-2=bA1;0,-1=bG1;0,0=wS1;1,0=wQ
4	10	1.000000	terminal	G1|w|10|5|5|-3,0=wS2;-2,0=bQ;-1,-1=bG2;-1,1=wG1;0,-1=bG1;0,0=wS1;1,0=wQ;1,1=bA1
4	12	1.000000	terminal	G1|w|12|6|6|-3,0=wS2;-2,0=bQ;-2,2=wG2;-1,-1=bG2;-1,1=wG1;0,-1=bG1;0,0=wS1;0,2=bG3;1,0=wQ;1,1=bA1
4	14	1.000000	terminal	G1|w|14|7|7|-4,0=wA1;-3,0=wS2;-2,0=bQ;-2,2=wG2;-1,-1=bG2;-1,1=wG1;0,-1=bG1;0,0=wS1;1,0=wQ;1,1=bA1;2,0=bG3
4	16	1.000000	terminal	G1|w|16|8|8|-3,0=wS2;-2,0=bQ;-2,1=wA1;-2,2=wG2;-1,1=wG1;0,-1=bG1;0,0=wS1;1,-1=bG2;1,0=wQ;1,1=bA1;2,0=bG3
4	18	1.000000	terminal	G1|w|18|9|9|-3,0=wS2;-2,-1=wG2;-2,0=bQ;-2,1=wA1;-1,1=wG1;0,0=wS1;0,1=bG1;1,-1=bG2;1,0=wQ;1,1=bA1;2,0=bG3
4	20	1.000000	terminal	G1|w|20|10|10|-3,0=wS2;-2,-1=wG2;-2,0=bQ;-2,1=wA1;-1,1=wG1;0,1=bG1;1,-1=bG2;1,0=wQ;1,1=bA1;1,2=bA2;2,-2=wS1;2,0=bG3
4	22	1.000000	terminal	G1|w|22|11|11|-3,0=wS2;-2,-1=wG2;-2,0=bQ;-2,1=wA1;-2,2=wB1;-1,1=wG1;0,0=bA2;0,1=bG1;1,-1=bG2;1,0=wQ;1,1=bA1;2,-2=wS1;2,0=bG3
4	24	1.000000	terminal	G1|w|24|12|12|-3,0=wS2;-2,-1=wG2;-2,0=bQ;-2,1=wA1;-2,2=wB1;-1,0=wS1;-1,1=wG1;0,0=bA2;0,1=bG1;1,-1=bG2;1,0=wQ;1,1=bA1;1,2=bS1;2,0=bG3
4	26	1.000000	terminal	G1|w|26|13|13|-3,0=wS2;-2,-1=wG2;-2,0=bQ;-2,1=wA1;-2,2=wB1;-1,0=wS1;0,0=bA2;0,1=bG1;0,2=bB1;1,-1=bG2;1,0=wQ;1,1=bA1;1,2=bS1;2,0=bG3;2,1=wG1
4	28	1.000000	terminal	G1|w|28|14|14|-3,0=wS2;-2,-1=wG2;-2,0=bQ;-2,1=wA1;-2,2=wB1;-1,0=wS1;0,0=bA2;0,1=bG1;0,3=bB1;1,-1=bG2;1,0=wQ;1,1=bA1;1,2=bS1;2,0=bG3;2,1=wG1;3,1=wG3
4	30	1.000000	terminal	G1|w|30|15|15|-3,-1=wA2;-3,0=wS2;-2,-1=wG2;-2,0=bQ;-2,1=wA1;-2,2=wB1;-1,0=wS1;-1,3=bA3;0,0=bA2;0,1=bG1;0,3=bB1;1,-1=bG2;1,0=wQ;1,1=bA1;1,2=bS1;2,0=bG3;2,1=wG1;3,1=wG3
4	32	1.000000	terminal	G1|w|32|16|16|-3,0=wS2;-2,-1=wG2;-2,0=bQ;-2,1=wA1;-2,2=wB1;-2,4=bS2;-1,-1=wA2;-1,0=wS1;-1,3=bA3;0,0=bA2;0,1=bG1;0,3=bB1;1,-1=bG2;1,0=wQ;1,1=bA1;1,2=bS1;2,0=bG3;2,1=wG1;3,1=wG3
4	34	1.000000	terminal	G1|w|34|17|17|-3,0=wS2;-3,5=bB2;-2,-1=wG2;-2,0=bQ;-2,1=wA1;-2,2=wB1;-2,4=bS2;-1,-1=wA2;-1,0=wS1;-1,3=bA3;0,0=bA2;0,1=bG1;0,3=bB1;1,-1=bG2;1,0=wQ;1,1=bA1;1,2=bS1;2,0=bG3;2,1=wG1;3,1=wG3;4,0=wA3
5	0	1.000000	terminal	G1|w|0|0|0|
5	7	1.000000	terminal	G1|b|7|4|3|-3,1=bB2;-2,1=bA1;-1,0=bB1;0,0=wS1;0,1=wB1;0,2=wQ;1,0=wS2
5	9	1.000000	terminal	G1|b|9|5|4|-4,1=bQ;-3,1=bB2;-2,1=bA1;-1,0=bB1;0,0=wS1;0,1=wB1;0,2=wQ;1,0=wS2;2,0=wG1
5	11	1.000000	terminal	G1|b|11|6|5|-5,2=bG1;-4,1=bQ;-3,1=bB2;-2,1=bA1;-1,0=bB1;0,0=wS1;0,1=wB1;0,2=wQ;1,-1=wG2;1,0=wS2;2,0=wG1
5	13	1.000000	terminal	G1|b|13|7|6|-6,3=bA2;-5,2=bG1;-4,1=bQ;-3,1=bB2;-2,1=bA1;-1,0=bB1;0,0=wS1;0,1=wB1;0,2=wQ;1,-1=wG2;1,0=wS2;2,-2=wA1;2,0=wG1
5	15	1.000000	terminal	G1|b|15|8|7|-5,2=bG1;-4,0=wA1;-4,1=bQ;-3,1=bB2;-2,1=bA1;-1,0=bB1;-1,2=bA2;0,0=wS1;0,1=wB1;0,2=wQ;1,-1=wG2;1,0=wS2;2,0=wG1
5	17	1.000000	terminal	G1|b|17|9|8|-5,2=bG1;-4,0=wA1;-4,1=bQ;-3,1=bB2;-2,1=bA1;-2,2=bG2;-1,0=bB1;-1,2=bA2;0,0=wS1,wB1;0,2=wQ;1,-1=wG2;1,0=wS2;2,0=wG1
5	19	1.000000	terminal	G1|b|19|10|9|-5,2=bG1;-5,3=bS1;-4,-1=wB2;-4,0=wA1;-4,1=bQ;-3,1=bB2;-2,1=bA1;-2,2=bG2;-1,0=bB1;-1,2=bA2;0,0=wS1,wB1;0,2=wQ;1,-1=wG2;1,0=wS2;2,0=wG1
5	21	1.000000	terminal	G1|b|21|11|10|-5,2=bG1;-5,3=bS1;-5,4=bG3;-4,-1=wB2;-4,0=wA1;-4,1=bQ;-3,1=bB2;-2,1=bA1;-2,2=bG2;-1,0=bB1;-1,2=bA2;0,0=wS1,wB1;0,2=wQ;0,3=wG3;1,-1=wG2;1,0=wS2;2,0=wG1
5	23	1.000000	terminal	G1|b|23|12|11|-5,2=bG1;-5,3=bS1;-5,4=bG3;-4,-1=wB2;-4,0=wA1;-4,1=bQ;-3,0=wG1;-3,1=bB2;-2,0=bA3;-2,1=bA1;-2,2=bG2;-1,0=bB1;-1,2=bA2;0,0=wS1,wB1;0,2=wQ;0,3=wG3;1,-1=wG2;1,0=wS2
5	25	1.000000	terminal	G1|b|25|13|12|-5,2=bG1;-5,3=bS1;-5,4=bG3;-4,-1=wB2;-4,0=wA1;-4,1=bQ;-3,0=wG1;-3,1=bB2;-2,1=bA1;-2,2=bG2;-1,0=bB1;-1,2=bA2;0,0=wS1,wB1;0,2=wQ;1,-1=wG2;1,0=wS2;1,2=bA3;2,1=wG3
5	27	1.000000	terminal	G1|b|27|14|13|-5,-1=wA2;-5,2=bG1;-5,3=bS1;-5,4=bG3;-4,-1=wB2;-4,0=wA1;-4,1=bQ;-4,4=bS2;-3,0=wG1;-3,1=bB2;-2,1=bA1;-2,2=bG2;-1,0=bB1;-1,2=bA2;0,0=wS1,wB1;0,2=wQ;1,-1=wG2;1,0=wS2;1,2=bA3;2,1=wG3
5	29	1.000000	terminal	G1|b|29|15|14|-5,1=wA2;-5,2=bG1;-5,3=bS1;-5,4=bG3;-4,-1=wB2;-4,0=wA1;-4,1=bQ;-3,0=wG1;-3,1=bB2;-3,2=bS2;-2,1=bA1;-2,2=bG2;-1,0=bB1;-1,2=bA2;0,0=wS1,wB1;0,2=wQ;1,-1=wG2;1,0=wS2;1,2=bA3;2,1=wG3
5	31	1.000000	terminal	G1|b|31|16|15|-5,1=wA2;-5,2=bG1;-5,3=bS1;-5,4=bG3;-4,-1=wB2;-4,0=wA1;-4,1=bQ;-3,0=wG1;-3,1=bB2;-2,1=bA1;-2,2=bG2;-1,0=bB1;-1,2=bA2;-1,3=bS2;0,0=wS1,wB1;0,2=wQ;1,-1=wG2;1,0=wS2;1,2=bA3;2,1=wG3;3,0=wA3
5	33	1.000000	terminal	G1|b|33|17|16|-5,0=bG3;-5,1=wA2;-5,2=bG1;-5,3=bS1;-4,-1=wB2;-4,0=wA1;-4,1=bQ;-4,2=wA3;-3,0=wG1;-3,1=bB2;-2,1=bA1;-2,2=bG2;-1,0=bB1;-1,2=bA2;-1,3=bS2;0,0=wS1,wB1;0,2=wQ;1,-1=wG2;1,0=wS2;1,2=bA3;2,1=wG3
6	0	0.664037	adjudicated	G1|w|0|0|0|
6	6	0.664037	adjudicated	G1|w|6|3|3|-1,0=wQ;0,0=wG1;0,1=bS1;0,2=bG1;1,2=bB1
6	8	0.664037	adjudicated	G1|w|8|4|4|-2,1=wS1;-1,0=wQ;-1,3=bQ;0,0=wG1;0,1=bS1;0,2=bG1;1,2=bB1
6	10	0.664037	adjudicated	G1|w|10|5|5|-2,3=wS1;-1,0=wQ;-1,3=bQ;0,0=wG1;0,1=bS1;0,2=bG1;1,2=bB1;2,2=bA1
6	12	0.664037	adjudicated	G1|w|12|6|6|-1,0=wQ;-1,3=bQ;0,-1=bA1;0,0=wG1;0,1=bS1;0,2=bG1;0,3=wS1;1,2=bB1
6	14	0.664037	adjudicated	G1|w|14|7|7|-1,-1=wQ;-1,4=bQ;0,-1=bA1;0,0=wG1;0,1=bS1;0,2=bG1;0,3=wS1;1,2=bB1
6	16	0.664037	adjudicated	G1|w|16|8|8|-1,2=bA2;-1,4=bQ;0,-2=wQ;0,-1=bA1;0,0=wG1;0,1=bS1;0,2=bG1;0,3=wS1;1,2=bB1
6	18	0.664037	adjudicated	G1|w|18|9|9|-1,4=bQ;0,-1=bA1;0,0=wG1;0,1=bS1;0,2=bG1;0,3=wS1;1,-2=wQ;1,2=bB1;2,-2=bA2
6	20	0.664037	adjudicated	G1|w|20|10|10|-1,2=bA3;-1,4=bQ;0,-1=bA1;0,0=wG1;0,1=bS1;0,2=bG1;0,3=wS1;1,-3=wB1;1,-2=wQ;1,2=bB1;2,-2=bA2
6	22	0.664037	adjudicated	G1|w|22|11|11|-1,4=bQ;0,-2=bA3;0,-1=bA1;0,0=wG1;0,1=bS1;0,2=bG1;0,3=wS1;1,-2=wQ,wB1;1,2=bB1;2,-2=bA2
6	24	0.664037	adjudicated	G1|w|24|12|12|0,-2=bA3;0,-1=bA1,wB1;0,0=wG1;0,1=bS1;0,2=bG1;0,3=wS1;0,4=bQ;1,-2=wQ;1,2=bB1;2,-2=bA2
6	26	0.664037	adjudicated	G1|w|26|13|13|-1,0=wA1;0,-2=bA3;0,-1=bA1,wB1;0,0=wG1;0,1=bS1;0,2=bG1;0,3=wS1;0,4=bQ;1,-2=wQ;1,-1=bA2;1,2=bB1
6	28	0.664037	adjudicated	G1|w|28|14|14|-1,0=wA1;0,-2=bA3;0,-1=bA1,wB1;0,0=wG1;0,1=bS1;0,2=bG1;0,3=wS1;0,4=bQ;0,5=bS2;1,-3=wQ;1,-1=bA2;1,2=bB1
6	30	0.664037	adjudicated	G1|w|30|15|15|-1,0=wA1;0,-2=bA3;0,-1=bA1,wB1;0,0=wG1;0,1=bS1;0,2=bG1;0,3=wS1;0,4=bQ;1,-4=wG2;1,-3=wQ;1,-1=bA2;1,2=bB1;2,2=bS2
6	32	0.664037	adjudicated	G1|w|32|16|16|0,-2=bA3;0,-1=bA1,wB1;0,0=wG1;0,1=bS1;0,2=bG1;0,3=wS1;0,4=bQ;0,5=wA1;1,-4=wG2;1,-3=wQ;1,-2=bA2;1,2=bB1;2,2=bS2
6	34	0.664037	adjudicated	G1|w|34|17|17|0,-2=bA3;0,-1=bA1,wB1;0,0=wG1;0,1=bS1;0,2=bG1;0,3=wS1;0,4=bQ;0,5=wA1;1,-3=wQ;1,-2=bA2;1,-1=wG2;1,2=bB1;2,2=bS2;3,2=bB2
6	36	0.664037	adjudicated	G1|w|36|18|18|-1,-3=bA2;0,-3=wQ;0,-2=bA3;0,-1=bA1,wB1;0,0=wG1;0,1=bS1;0,2=bG1;0,3=wS1;0,4=bQ;0,5=wA1;1,-1=wG2;1,2=bB1;2,2=bS2;3,2=bB2
6	38	0.664037	adjudicated	G1|w|38|19|19|-2,-3=bG2;-1,-3=bA2;0,-3=wQ;0,-2=bA3;0,-1=bA1,wB1;0,0=wG1;0,1=bS1;0,2=bG1;0,3=wS1;0,4=bQ;0,5=wA1;1,-1=wG2;1,2=bB1;2,-1=wS2;2,2=bS2;3,2=bB2
6	40	0.664037	adjudicated	G1|w|40|20|20|-1,-3=bA2;-1,-1=wB1;0,-3=wQ;0,-2=bA3;0,-1=bA1;0,0=wG1;0,1=bS1;0,2=bG1;0,3=wS1;0,4=bQ;0,5=wA1;1,-3=bG2;1,-1=wG2;1,2=bB1;2,-1=wS2;2,2=bS2;3,2=bB2
6	42	0.664037	adjudicated	G1|w|42|21|21|-1,-3=bA2;-1,-1=wB1;0,-3=wQ;0,-2=bA3;0,-1=bA1;0,0=wG1;0,1=bS1;0,2=bG1;0,3=wS1;0,4=bQ;0,5=wA1;1,-3=bG2;1,-1=wG2;1,2=bB1;2,-1=wS2;2,2=bS2;3,-1=wA2;3,2=bB2;4,1=bG3
6	44	0.664037	adjudicated	G1|w|44|22|22|-1,-1=wB1;-1,5=wA2;0,-4=bA2;0,-3=wQ;0,-2=bA3;0,-1=bA1;0,0=wG1;0,1=bS1;0,2=bG1;0,3=wS1;0,4=bQ;0,5=wA1;1,-3=bG2;1,-1=wG2;1,2=bB1;2,-1=wS2;2,2=bS2;3,2=bB2;4,1=bG3
6	46	0.664037	adjudicated	G1|w|46|23|23|-2,-1=wB2;-1,-1=wB1;-1,5=wA2;0,-3=wQ;0,-2=bA3;0,-1=bA1;0,0=wG1;0,1=bS1;0,2=bG1;0,3=wS1;0,4=bQ;0,5=wA1;1,-4=bA2;1,-3=bG2;1,-1=wG2;1,2=bB1;2,-1=wS2;2,2=bS2;3,2=bB2;4,1=bG3
6	48	0.664037	adjudicated	G1|w|48|24|24|-2,-1=wB2;-1,-1=wB1;-1,5=wA2;0,-4=wQ;0,-2=bA3;0,-1=bA1;0,0=wG1;0,1=bS1;0,2=bG1;0,3=wS1;0,4=bQ;0,5=wA1;1,-4=bA2;1,-3=bG2;1,-1=wG2;1,2=bB1;2,-1=wS2;2,2=bS2;2,3=bG3;3,2=bB2
6	50	0.664037	adjudicated	G1|w|50|25|25|-2,-1=wB2;-1,-1=wB1;-1,5=wA2;0,-4=wQ;0,-2=bA3;0,-1=bA1;0,0=wG1;0,1=bS1;0,2=bG1;0,3=wS1;0,4=bQ;0,5=wA1;1,-4=bA2;1,-3=bG2;1,-1=wG2;1,2=bB1;2,-1=wS2;2,2=bS2;3,-1=wG3;3,2=bB2;4,1=bG3
6	52	0.664037	adjudicated	G1|w|52|26|26|-2,-1=wB2;-1,-1=wB1;-1,4=wA2;0,-4=wQ;0,-2=bA3;0,-1=bA1;0,0=wG1;0,1=bS1;0,2=bG1;0,3=wS1;0,4=bQ;0,5=wA1;1,-4=bA2;1,-3=bG2;1,-1=wG2;1,2=bB1;2,-1=wS2;2,2=bS2;2,3=bG3;3,-1=wG3;3,2=bB2
6	54	0.664037	adjudicated	G1|w|54|27|27|-3,0=wA3;-2,-1=wB2;-1,-1=wB1;-1,4=wA2;0,-4=wQ;0,-2=bA3;0,-1=bA1;0,0=wG1;0,1=bS1;0,2=bG1;0,3=wS1;0,4=bQ;0,5=wA1;1,-4=bA2;1,-3=bG2;1,-1=wG2;1,2=bB1;2,-1=wS2;2,2=bS2;2,3=bG3,bB2;3,-1=wG3
6	56	0.664037	adjudicated	G1|w|56|28|28|-2,-1=wB2;-1,-1=wB1;-1,4=wA2;0,-4=wQ;0,-2=bA3;0,-1=bA1;0,0=wG1;0,1=bS1;0,2=bG1;0,3=wS1;0,4=bQ;0,5=wA1;1,-4=bA2;1,-3=bG2;1,-1=wG2;1,4=wA3;2,-1=wS2;2,2=bS2,bB1;2,3=bG3,bB2;3,-1=wG3
6	58	0.664037	adjudicated	G1|w|58|29|29|-2,-1=wB2;-1,-1=wB1;0,-5=wA2;0,-4=wQ;0,-2=bA3;0,-1=bA1;0,0=wG1;0,1=bS1;0,2=bG1;0,3=wS1;0,4=bQ;0,5=wA1;1,-4=bA2;1,-3=bG2;1,-1=wG2;1,4=wA3;2,-1=wS2;2,2=bS2,bB1;2,3=bG3;3,-1=wG3;3,3=bB2
6	60	0.664037	adjudicated	G1|w|60|30|30|-2,-1=wB2;-1,-1=wB1;-1,4=wA2;0,-4=wQ;0,-2=bA3;0,-1=bA1;0,0=wG1;0,1=bS1;0,2=bG1;0,3=wS1;0,4=bQ;0,5=wA1;1,-4=bA2;1,-3=bG2;1,-1=wG2;1,3=bB1;1,4=wA3;2,-1=wS2;2,2=bS2;2,3=bG3;3,-1=wG3;3,3=bB2
6	62	0.664037	adjudicated	G1|w|62|31|31|-2,-1=wB2;-1,-1=wB1;-1,4=wA2;-1,5=wA3;0,-4=wQ;0,-2=bA3;0,-1=bA1;0,0=wG1;0,1=bS1;0,2=bG1;0,3=wS1;0,4=bQ;0,5=wA1;1,-4=bA2;1,-3=bG2;1,-1=wG2;1,0=bS2;1,3=bB1;2,-1=wS2;2,3=bG3;3,-1=wG3;3,3=bB2
6	64	0.664037	adjudicated	G1|w|64|32|32|-2,-1=wB2;-1,-1=wB1;-1,4=wA2;-1,5=wA3;0,-4=wQ;0,-2=bA3;0,-1=bA1;0,1=bS1;0,2=bG1;0,3=wS1;0,4=bQ;0,5=wA1;0,6=wG1;1,-4=bA2;1,-3=bG2;1,-1=wG2;1,0=bS2;1,3=bB1;2,-1=wS2;2,3=bG3;2,4=bB2;3,-1=wG3
6	66	0.664037	adjudicated	G1|w|66|33|33|-1,-1=wB1,wB2;-1,4=wA2;-1,5=wA3;0,-4=wQ;0,-2=bA3;0,-1=bA1;0,1=bS1;0,2=bG1;0,3=wS1;0,4=bQ;0,5=wA1;0,6=wG1;1,-4=bA2;1,-3=bG2;1,-1=wG2;1,0=bS2;1,3=bB1;2,-1=wS2;2,3=bG3;3,-1=wG3;3,3=bB2
6	68	0.664037	adjudicated	G1|w|68|34|34|-1,-3=bG2;-1,-1=wB1,wB2;-1,4=wA2;-1,5=wA3;0,-3=wQ;0,-2=bA3;0,-1=bA1;0,1=bS1;0,2=bG1;0,3=wS1;0,4=bQ;0,5=wA1;0,6=wG1;1,-4=bA2;1,-1=wG2;1,0=bS2;1,3=bB1;2,-1=wS2;2,3=bG3;3,-1=wG3;3,3=bB2
6	70	0.664037	adjudicated	G1|w|70|35|35|-1,-3=bG2;-1,-1=wB1,wB2;-1,4=wA2;0,-3=wQ;0,-2=bA3;0,-1=bA1;0,1=bS1;0,2=bG1;0,3=wS1;0,4=bQ;0,5=wA1;0,6=wG1;1,-4=bA2;1,-1=wG2;1,0=bS2;1,4=wA3;2,-1=wS2;2,2=bB1;2,3=bG3;3,-1=wG3;3,3=bB2
6	72	0.664037	adjudicated	G1|w|72|36|36|-1,-1=wB1,wB2;0,-3=wQ;0,-2=bA3;0,-1=bA1;0,0=wA2;0,1=bS1;0,2=bG1;0,3=wS1;0,4=bQ;0,5=wA1;0,6=wG1;1,-4=bA2;1,-3=bG2;1,-1=wG2;1,0=bS2;1,4=wA3;2,-1=wS2;2,2=bB1;2,3=bG3;3,-1=wG3;3,3=bB2
6	74	0.664037	adjudicated	G1|w|74|37|37|-1,-1=wB1,wB2;0,-4=wQ;0,-2=bA3;0,-1=bA1;0,0=wA2;0,1=bS1;0,2=bG1;0,3=wS1;0,4=bQ;0,5=wA1;0,6=wG1;1,-4=bA2;1,-3=bG2;1,-1=wG2;1,0=bS2;1,4=wA3;2,-1=wS2;2,3=bG3,bB1;3,-1=wG3;3,3=bB2
6	76	0.664037	adjudicated	G1|w|76|38|38|-1,-1=wB1,wB2;0,-4=wQ;0,-2=bA3;0,-1=bA1;0,1=bS1;0,2=bG1;0,3=wS1;0,4=bQ;0,5=wA1;0,6=wG1;1,-4=bA2;1,-3=bG2;1,-1=wG2;1,0=bS2;1,4=wA3,bB1;2,-1=wS2;2,3=bG3;3,-2=wA2;3,-1=wG3;3,3=bB2
6	78	0.664037	adjudicated	G1|w|78|39|39|-1,-1=wB1,wB2;-1,5=wA2;0,-4=wQ;0,-2=bA3;0,-1=bA1;0,1=bS1;0,2=bG1;0,3=wS1;0,4=bQ;0,5=wA1;0,6=wG1;1,-4=bA2;1,-3=bG2;1,-1=wG2;1,0=bS2;1,4=wA3;2,-1=wS2;2,3=bG3;2,4=bB1;3,-1=wG3;3,3=bB2
6	80	0.664037	adjudicated	G1|w|80|40|40|-1,-1=wB1,wB2;-1,0=wA2;0,-4=wQ;0,-2=bA3;0,-1=bA1;0,1=bS1;0,2=bG1;0,3=wS1;0,4=bQ;0,5=wA1;0,6=wG1;1,-4=bA2;1,-3=bG2;1,-1=wG2;1,0=bS2;1,4=wA3;2,-1=wS2;2,3=bG3;2,4=bB1,bB2;3,-1=wG3
6	82	0.664037	adjudicated	G1|w|82|41|41|-1,-1=wB1,wB2;-1,4=bQ;0,-4=wQ;0,-2=bA3;0,-1=bA1;0,1=bS1;0,2=bG1;0,3=wS1;0,5=wA1;0,6=wG1;1,-4=bA2;1,-3=bG2;1,-1=wG2;1,0=bS2;1,3=wA2;1,4=wA3;2,-1=wS2;2,3=bG3;2,4=bB1,bB2;3,-1=wG3
6	84	0.664037	adjudicated	G1|w|84|42|42|-1,-1=wB1,wB2;-1,4=bQ;-1,6=bG3;0,-4=wQ;0,-2=bA3;0,-1=bA1;0,1=bS1;0,2=bG1;0,3=wS1;0,4=wG1;0,5=wA1;1,-4=bA2;1,-3=bG2;1,-1=wG2;1,0=bS2;1,3=wA2;1,4=wA3;2,-1=wS2;2,4=bB1,bB2;3,-1=wG3
6	86	0.664037	adjudicated	G1|w|86|43|43|-1,-1=wB1,wB2;-1,5=bQ;-1,6=bG3;0,-4=wQ;0,-2=bA3;0,-1=bA1;0,1=bS1;0,2=bG1;0,3=wS1;0,4=wG1;0,5=wA1;1,-5=wA2;1,-4=bA2;1,-3=bG2;1,-1=wG2;1,0=bS2;1,4=wA3;2,-1=wS2;2,4=bB1,bB2;3,-1=wG3
6	88	0.664037	adjudicated	G1|w|88|44|44|-2,6=bQ;-1,-1=wB1,wB2;-1,6=bG3;0,-4=wQ;0,-2=bA3;0,-1=bA1;0,1=bS1;0,2=bG1;0,3=wS1;0,4=wG1;0,5=wA1;1,-4=bA2;1,-3=bG2;1,-1=wG2;1,0=bS2;1,3=wA2;1,4=wA3;2,-1=wS2;2,4=bB1,bB2;3,-1=wG3
6	90	0.664037	adjudicated	G1|w|90|45|45|-3,6=wA2;-2,6=bQ;-1,-1=wB1,wB2;-1,6=bG3;0,-4=wQ;0,-2=bA3;0,-1=bA1;0,1=bS1;0,2=bG1;0,3=wS1;0,4=wG1;0,5=wA1;1,-4=bA2;1,-3=bG2;1,-1=wG2;1,0=bS2;1,4=wA3;1,5=bB2;2,-1=wS2;2,4=bB1;3,-1=wG3
6	92	0.664037	adjudicated	G1|w|92|46|46|-3,6=wA2;-2,6=bQ;-1,-1=wB1,wB2;-1,4=bG3;-1,5=wA3;0,-4=wQ;0,-2=bA3;0,-1=bA1;0,1=bS1;0,2=bG1;0,3=wS1;0,4=wG1;0,5=wA1;1,-4=bA2;1,-3=bG2;1,-1=wG2;1,0=bS2;1,5=bB2;2,-1=wS2;2,4=bB1;3,-1=wG3
6	94	0.664037	adjudicated	G1|w|94|47|47|-3,6=wA2;-3,7=wG1;-2,6=bQ;-1,-1=wB1,wB2;-1,4=bG3;-1,5=wA3;0,-4=wQ;0,-2=bA3;0,-1=bA1;0,1=bS1;0,2=bG1;0,3=wS1;0,5=wA1;1,-4=bA2;1,-3=bG2;1,-1=wG2;1,0=bS2;1,5=bB2,bB1;2,-1=wS2;3,-1=wG3
6	96	0.664037	adjudicated	G1|w|96|48|48|-3,6=wA2;-3,7=wG1;-2,6=bQ;-1,-1=wB1;-1,4=bG3;-1,5=wA3;0,-4=wQ;0,-2=bA3,wB2;0,-1=bA1;0,1=bS1;0,2=bG1;0,3=wS1;0,5=wA1;1,-4=bA2;1,-3=bG2;1,-1=wG2;1,0=bS2;1,4=bB1;1,5=bB2;2,-1=wS2;3,-1=wG3
7	0	1.000000	terminal	G1|w|0|0|0|
7	7	1.000000	terminal	G1|b|7|4|3|-2,1=bS1;-2,2=bG1;-1,1=bB1;0,-1=wG1;0,0=wA1;1,0=wB1;2,0=wQ
7	9	1.000000	terminal	G1|b|9|5|4|-2,0=bQ;-2,1=bS1;-2,2=bG1;-1,1=bB1;0,-1=wG1;0,0=wA1;1,-1=wS1;1,0=wB1;2,0=wQ
7	11	1.000000	terminal	G1|b|11|6|5|-2,0=bQ;-2,1=bS1;-2,2=bG1;-2,3=bB2;-1,1=bB1;0,-1=wG1;0,0=wA1;1,-1=wS1;1,0=wB1;2,0=wQ;3,-1=wG2
7	13	1.000000	terminal	G1|b|13|7|6|-3,3=bB2;-2,0=bQ;-2,1=bS1;-2,2=bG1;-1,1=bB1;0,-1=wG1;0,0=wA1;1,-1=wS1;1,0=wB1;2,0=wQ;3,-2=wS2;3,-1=wG2
7	15	1.000000	terminal	G1|b|15|8|7|-3,3=bB2;-3,4=bA1;-2,0=bQ;-2,1=bS1;-2,2=bG1;-1,-1=wS1;-1,1=bB1;0,-1=wG1;0,0=wA1;1,0=wB1;2,0=wQ;3,-2=wS2;3,-1=wG2
7	17	1.000000	terminal	G1|b|17|9|8|-3,0=wS1;-3,1=bQ;-3,3=bB2;-3,4=bA1;-2,1=bS1;-2,2=bG1;-1,1=bB1;0,-1=wG1;0,0=wA1;1,0=wB1;2,0=wQ;3,-2=wS2;3,-1=wG2
7	19	1.000000	terminal	G1|b|19|10|9|-3,0=wS1;-3,1=bQ;-3,3=bB2;-2,1=bS1;-2,2=bG1;-1,1=bB1;0,-1=wG1;0,0=wA1;1,0=wB1;1,1=bA1;2,0=wQ;3,-2=wS2;3,-1=wG2;4,-3=wB2
7	21	1.000000	terminal	G1|b|21|11|10|-3,0=wS1;-3,1=bQ;-3,3=bB2;-2,1=bS1;-2,2=bG1;-1,1=bB1;0,-1=wG1;0,0=wA1;0,2=bS2;1,0=wB1;1,1=bA1;2,0=wQ;3,-2=wS2;3,-1=wG2;4,-3=wB2;5,-4=wA2
7	23	1.000000	terminal	G1|b|23|12|11|-4,2=wA2;-3,0=wS1;-3,1=bQ;-3,3=bB2;-2,1=bS1;-2,2=bG1;-1,1=bB1;0,-1=wG1;0,0=wA1;1,0=wB1;1,1=bA1;2,0=wQ;3,-2=wS2;3,-1=wG2;3,0=bS2;4,-3=wB2
7	25	1.000000	terminal	G1|b|25|13|12|-4,2=wA2;-3,0=wS1;-3,1=bQ;-3,3=bB2;-2,1=bS1;-2,2=bG1;-1,1=bB1;0,-1=wG1;0,0=wA1;1,0=wB1;1,1=bA1;2,0=wQ;3,-2=wS2;3,-1=wG2;3,0=bS2;3,1=bG2;4,-3=wB2;4,-2=wA3
7	27	1.000000	terminal	G1|b|27|14|13|-4,2=wA2;-3,0=wS1;-3,1=bQ;-3,2=wA3;-2,1=bS1;-2,2=bG1,bB2;-1,1=bB1;0,-1=wG1;0,0=wA1;1,0=wB1;1,1=bA1;2,0=wQ;3,-2=wS2;3,-1=wG2;3,0=bS2;3,1=bG2;4,-3=wB2
7	29	1.000000	terminal	G1|b|29|15|14|-4,2=wA2;-3,0=wS1;-3,1=bQ;-3,2=wA3,bB2;-2,1=bS1;-2,2=bG1;-1,1=bB1;0,-2=wG3;0,-1=wG1;0,0=wA1;1,0=wB1;1,1=bA1;2,0=wQ;3,-2=wS2;3,-1=wG2;3,0=bS2;3,1=bG2;4,-3=wB2
7	31	1.000000	terminal	G1|b|31|16|15|-3,0=wS1;-3,1=bQ;-3,2=wA3,bB2;-2,0=wA2;-2,2=bG1;-1,-2=bS1;-1,1=bB1;0,-2=wG3;0,-1=wG1;0,0=wA1;1,0=wB1;1,1=bA1;2,0=wQ;3,-2=wS2;3,-1=wG2;3,0=bS2;3,1=bG2;4,-3=wB2
7	33	1.000000	terminal	G1|b|33|17|16|-4,1=wA2;-4,3=bB2;-3,0=wS1;-3,1=bQ;-3,2=wA3;-2,2=bG1;-1,-2=bS1;-1,1=bB1;0,-2=wG3;0,-1=wG1;0,0=wA1;1,0=wB1;1,1=bA1;2,0=wQ;3,-2=wS2;3,-1=wG2;3,0=bS2;3,1=bG2;4,-3=wB2
7	35	1.000000	terminal	G1|b|35|18|17|-4,1=wA2;-3,0=wS1;-3,1=bQ;-3,2=wA3,bB2;-2,2=bG1;-1,-2=bS1;-1,1=bB1;0,-2=wG3;0,-1=wG1;0,0=wA1;1,0=wB1;1,1=bA1;2,0=wQ;3,-2=wS2,wB2;3,-1=wG2;3,0=bS2;3,1=bG2
7	37	1.000000	terminal	G1|b|37|19|18|-4,1=wA2;-4,3=bG3;-3,0=wS1;-3,1=bQ;-3,2=wA3,bB2;-2,2=bG1;-1,-2=bS1;-1,1=bB1;0,-2=wG3;0,-1=wG1;0,0=wA1;1,0=wB1;1,1=bA1;2,0=wQ;3,-2=wS2;3,-1=wG2;3,0=bS2;3,1=bG2;4,-2=wB2
7	39	1.000000	terminal	G1|b|39|20|19|-4,2=wA2;-4,3=bG3;-3,0=wS1;-3,1=bQ,bB2;-3,2=wA3;-2,2=bG1;-1,-2=bS1;-1,1=bB1;0,-2=wG3;0,-1=wG1;0,0=wA1;1,0=wB1;1,1=bA1;2,0=wQ;3,-2=wS2;3,-1=wG2;3,0=bS2;3,1=bG2;4,-2=wB2
7	41	1.000000	terminal	G1|b|41|21|20|-4,2=wA2;-4,3=bG3;-3,0=wS1;-3,1=bQ,bB2;-3,2=wA3;-2,2=bG1;-1,-2=bS1;-1,1=bB1;-1,2=bA2;0,-2=wG3;0,-1=wG1;0,0=wA1;1,-2=wS2;1,0=wB1;1,1=bA1;2,0=wQ;3,-1=wG2;3,0=bS2;3,1=bG2;4,-2=wB2
7	43	1.000000	terminal	G1|b|43|22|21|-4,2=wA2;-4,3=bG3;-3,0=wS1;-3,1=bQ,bB2;-3,2=wA3;-2,2=bG1;-1,-3=wS2;-1,-2=bS1;-1,1=bB1;0,-2=wG3;0,-1=wG1;0,0=wA1;1,0=wB1;1,1=bA1;2,0=wQ;2,1=bA2;3,-1=wG2;3,0=bS2;3,1=bG2;4,-2=wB2
7	45	1.000000	terminal	G1|b|45|23|22|-4,2=wA2;-4,3=bG3;-3,0=wS1,bB2;-3,1=bQ;-3,2=wA3;-2,0=wS2;-2,2=bG1;-1,-2=bS1;-1,1=bB1;0,-2=wG3;0,-1=wG1;0,0=wA1;1,0=wB1;1,1=bA1;2,0=wQ;2,1=bA2;3,-1=wG2;3,0=bS2;3,1=bG2;4,-2=wB2
7	47	1.000000	terminal	G1|b|47|24|23|-4,2=wA2;-4,3=bG3;-3,0=wS1,bB2;-3,1=bQ;-3,2=wA3;-2,0=wS2;-2,2=bG1;-1,-2=bS1;-1,1=bB1;0,-2=wG3;0,-1=wG1;0,0=wA1;1,0=wB1;2,-1=bA1;2,0=wQ;2,1=bA2;3,-2=wB2;3,-1=wG2;3,0=bS2;3,1=bG2
7	49	1.000000	terminal	G1|b|49|25|24|-5,4=bA2;-4,2=wA2;-4,3=bG3;-3,0=wS1,bB2;-3,1=bQ;-3,2=wA3;-2,0=wS2;-2,2=bG1;-1,-2=bS1;-1,1=bB1;0,-2=wG3;0,-1=wG1;0,0=wA1;1,0=wB1;1,1=wQ;2,-1=bA1;3,-2=wB2;3,-1=wG2;3,0=bS2;3,1=bG2
7	51	1.000000	terminal	G1|b|51|26|25|-4,2=wA2;-4,3=bG3;-3,0=wS1,bB2;-3,1=bQ;-3,2=wA3;-2,0=wS2;-2,2=bG1;-1,-2=bS1;-1,1=bB1;0,-2=wG3;0,-1=wG1;0,0=wA1;0,1=bA2;0,2=wQ;1,0=wB1;2,-1=bA1;3,-2=wB2;3,-1=wG2;3,0=bS2;3,1=bG2
7	53	1.000000	terminal	G1|b|53|27|26|-4,1=wA2;-4,3=bG3;-3,0=wS1,bB2;-3,1=bQ;-3,2=wA3;-2,0=wS2;-2,2=bG1;-2,3=bA3;-1,-2=bS1;-1,1=bB1;0,-2=wG3;0,-1=wG1;0,0=wA1;0,1=bA2;0,2=wQ;1,0=wB1;2,-1=bA1;3,-2=wB2;3,-1=wG2;3,0=bS2;3,1=bG2
7	55	1.000000	terminal	G1|b|55|28|27|-4,1=wA2;-4,3=bG3;-3,0=wS1,bB2;-3,1=bQ;-3,2=wA3;-2,0=wS2;-2,2=bG1;-1,-2=bS1;-1,1=bB1;0,-2=wG3;0,-1=wG1;0,0=wA1;0,1=bA2;0,2=wQ;1,0=wB1;1,2=bA3;2,-2=wB2;2,-1=bA1;3,-1=wG2;3,0=bS2;3,1=bG2
7	57	1.000000	terminal	G1|b|57|29|28|-4,1=wA2;-4,3=bG3;-3,-1=bS1;-3,0=wS1,bB2;-3,1=bQ;-3,2=wA3;-2,0=wS2;-2,2=bG1;-1,1=bB1;0,-2=wG3;0,-1=wG1;0,0=wA1;0,1=bA2;0,2=wQ;1,0=wB1;1,2=bA3;2,-1=bA1;3,-2=wB2;3,-1=wG2;3,0=bS2;3,1=bG2
7	59	1.000000	terminal	G1|b|59|30|29|-5,2=bS1;-4,1=wA2;-4,3=bG3;-3,0=wS1,bB2;-3,1=bQ;-3,2=wA3;-2,0=wS2;-2,2=bG1;-1,1=bB1;0,-2=wG3;0,-1=wG1;0,0=wA1;0,1=bA2;0,2=wQ;1,0=wB1;1,2=bA3;2,-1=bA1;3,-1=wG2;3,0=bS2;3,1=bG2;4,-2=wB2
7	61	1.000000	terminal	G1|b|61|31|30|-5,2=bS1;-4,1=wA2;-4,3=bG3;-3,0=wS1,bB2;-3,1=bQ;-3,2=wA3;-2,0=wS2;-2,2=bG1;-1,1=bB1;-1,2=bA3;-1,3=wQ;0,-2=wG3;0,-1=wG1;0,0=wA1;0,1=bA2;1,0=wB1;2,-1=bA1;3,-1=wG2;3,0=bS2;3,1=bG2;4,-2=wB2
7	63	1.000000	terminal	G1|b|63|32|31|-5,2=bS1;-4,1=wA2;-4,3=bG3;-3,0=wS1,bB2;-3,1=bQ;-3,2=wA3;-2,0=wS2;-2,2=bG1;-1,1=bB1;-1,2=bA3;-1,3=wQ;0,-1=wG1;0,0=wA1;0,1=wG3;0,3=bA2;1,0=wB1;2,-1=bA1;3,-1=wG2;3,0=bS2;3,1=bG2;4,-2=wB2
7	65	1.000000	terminal	G1|b|65|33|32|-5,2=bS1;-4,1=wA2;-4,3=bG3;-3,0=wS1,bB2;-3,1=bQ;-3,2=wA3;-2,0=wS2;-2,1=wG3;-2,2=bG1;-1,1=bB1;-1,2=bA3;-1,3=wQ;0,-1=wG1;0,0=wA1;0,2=bA2;1,0=wB1;2,-1=bA1;3,-1=wG2;3,0=bS2;3,1=bG2;4,-2=wB2
7	67	1.000000	terminal	G1|b|67|34|33|-5,2=bS1;-4,0=bB2;-4,1=wA2;-4,3=bG3;-3,1=bQ;-3,2=wA3;-2,0=wS2;-2,1=wG3;-2,2=bG1;-1,1=bB1;-1,2=bA3;-1,3=wQ;0,-2=wS1;0,-1=wG1;0,0=wA1;0,2=bA2;1,0=wB1;2,-1=bA1;3,-1=wG2;3,0=bS2;3,1=bG2;4,-2=wB2
7	69	1.000000	terminal	G1|b|69|35|34|-5,2=bS1;-4,0=bB2;-4,1=wA2;-4,3=bG3;-3,0=wS1;-3,1=bQ;-3,2=wA3;-2,0=wS2;-2,1=wG3;-2,2=bG1;-1,1=bB1;-1,2=bA3;-1,3=wQ;0,-1=wG1;0,0=wA1;0,2=bA2;1,0=wB1;2,-1=bA1;3,-2=bG2;3,-1=wG2;3,0=bS2;4,-2=wB2
7	71	1.000000	terminal	G1|b|71|36|35|-5,4=bS1;-4,0=bB2;-4,1=wA2;-4,3=bG3;-3,0=wS1;-3,1=bQ;-3,2=wA3;-2,0=wS2;-2,1=wG3;-2,2=bG1;-1,1=bB1;-1,2=bA3;0,-1=wG1;0,0=wA1;0,2=bA2;0,3=wQ;1,0=wB1;2,-1=bA1;3,-2=bG2;3,-1=wG2;3,0=bS2;4,-2=wB2
7	73	1.000000	terminal	G1|b|73|37|36|-5,4=bS1;-4,0=bB2;-4,1=wA2;-4,3=bG3;-3,0=wS1;-3,1=bQ;-3,2=wA3;-2,0=wS2;-2,1=wG3;-2,2=bG1;-1,1=bB1;-1,2=bA3;0,-1=wG1;0,0=wA1;0,2=bA2;1,0=wB1;1,2=wQ;2,-1=bA1;3,-1=wG2;3,0=bS2;3,1=bG2;4,-2=wB2
7	75	1.000000	terminal	G1|b|75|38|37|-5,4=bS1;-4,0=bB2;-4,1=wA2;-4,3=bG3;-3,0=wS1;-3,1=bQ;-3,2=wA3;-2,0=wS2;-2,1=wG3;-1,1=bB1;-1,2=bA3;0,-1=wG1;0,0=wA1;0,2=bA2;0,3=wQ;1,0=wB1;2,-1=bA1;2,2=bG1;3,-1=wG2;3,0=bS2;3,1=bG2;4,-2=wB2
7	77	1.000000	terminal	G1|b|77|39|38|-5,2=bS1;-4,0=bB2;-4,1=wA2;-4,3=bG3;-3,0=wS1;-3,1=bQ;-3,2=wA3;-2,0=wS2;-2,1=wG3;-1,1=bB1;-1,2=bA3;0,-1=wG1;0,0=wA1;0,2=bA2;0,3=wQ;1,0=wB1;2,-1=bA1;2,2=bG1;3,-1=wG2;3,0=bS2;3,1=bG2;4,-1=wB2
7	79	1.000000	terminal	G1|b|79|40|39|-5,2=bS1;-4,0=bB2;-4,1=wA2;-4,3=bG3;-3,0=wS1;-3,1=bQ;-3,2=wA3;-2,0=wS2;-2,1=wG3;-1,1=bB1;-1,2=bA3;0,0=wA1;0,1=wG1;0,2=bA2;0,3=wQ;1,0=wB1;2,-1=bA1;3,-1=wG2;3,0=bS2;3,1=bG2;4,-1=wB2;4,0=bG1
7	81	1.000000	terminal	G1|b|81|41|40|-5,2=bS1;-4,0=bB2;-4,1=wA2;-4,3=bG3;-3,0=wS1;-3,1=bQ;-3,2=wA3;-2,0=wS2;-2,1=wG3;-1,1=bB1;-1,3=bA3;0,0=wA1;0,1=wG1;0,2=bA2;1,0=wB1;1,2=wQ;2,-1=bA1;3,-1=wG2;3,0=bS2;3,1=bG2;4,-1=wB2;4,0=bG1
7	83	1.000000	terminal	G1|b|83|42|41|-5,2=bS1;-5,3=wA1;-4,0=bB2;-4,1=wA2;-4,3=bG3;-3,0=wS1;-3,1=bQ;-3,2=wA3;-2,0=wS2;-2,1=wG3;-1,1=bB1;0,1=wG1;0,2=bA2;1,0=wB1;1,2=wQ;1,3=bA3;2,-1=bA1;3,-1=wG2;3,0=bS2;3,1=bG2;4,-1=wB2;4,0=bG1
7	85	1.000000	terminal	G1|b|85|43|42|-5,2=bS1;-5,3=wA1;-4,0=bB2;-4,1=wA2;-4,3=bG3;-3,0=wS1;-3,1=bQ;-3,2=wA3;-2,0=wS2;-2,1=wG3;-1,1=bB1;0,1=wG1;0,2=bA2;1,0=wB1;1,2=wQ;1,3=bA3;2,-1=bA1;2,1=bS2;3,-1=wG2;3,1=bG2;4,0=bG1,wB2
7	87	1.000000	terminal	G1|b|87|44|43|-5,1=bB2;-5,2=bS1;-4,1=wA2;-4,3=bG3;-3,0=wS1;-3,1=bQ;-3,2=wA3;-2,0=wS2;-2,1=wG3;-1,1=bB1;-1,3=wA1;0,1=wG1;0,2=bA2;1,0=wB1;1,2=wQ;1,3=bA3;2,-1=bA1;2,1=bS2;3,-1=wG2;3,1=bG2;4,0=bG1,wB2
7	89	1.000000	terminal	G1|b|89|45|44|-5,1=bB2;-5,2=bS1;-4,1=wA2;-4,3=bG3;-3,0=wS1;-3,1=bQ;-3,2=wA3;-2,0=wS2;-2,1=wG3;-1,1=bB1;0,1=wG1;0,2=bA2;0,3=bA3;1,-1=wA1;1,0=wB1;1,2=wQ;2,-1=bA1;2,1=bS2;3,-1=wG2;3,1=bG2;4,0=bG1,wB2
7	91	1.000000	terminal	G1|b|91|46|45|-5,0=bS1;-5,1=bB2;-4,1=wA2;-4,2=wA1;-4,3=bG3;-3,0=wS1;-3,1=bQ;-3,2=wA3;-2,0=wS2;-2,1=wG3;-1,1=bB1;0,1=wG1;0,2=bA2;0,3=bA3;1,0=wB1;1,2=wQ;2,-1=bA1;2,1=bS2;3,-1=wG2;3,1=bG2;4,0=bG1,wB2
8	0	0.921669	adjudicated	G1|w|0|0|0|
8	6	0.921669	adjudicated	G1|w|6|3|3|-3,2=bB1;-2,2=bG1;-1,1=bA1;0,0=wA1;1,-1=wS1;2,-2=wQ
8	8	0.921669	adjudicated	G1|w|8|4|4|-3,2=bB1;-3,3=bQ;-2,2=bG1;-1,1=bA1;0,-1=wB1;0,0=wA1;1,-1=wS1;2,-2=wQ
8	10	0.921669	adjudicated	G1|w|10|5|5|-3,3=bQ;-2,2=bG1,bB1;-1,1=bA1;0,-2=wS2;0,-1=wB1;0,0=wA1;1,-1=wS1;2,-2=wQ
8	12	0.921669	adjudicated	G1|w|12|6|6|-3,3=bQ;-2,1=bB1;-2,2=bG1;-1,-1=wA2;-1,1=bA1;0,-2=wS2;0,-1=wB1;0,0=wA1;1,-1=wS1;2,-2=wQ
8	14	0.921669	adjudicated	G1|w|14|7|7|-3,4=bQ;-2,1=bB1;-2,2=bG1;-2,3=wA2;-1,1=bA1;0,-2=wS2;0,-1=wB1;0,0=wA1;1,-1=wS1;2,-2=wQ
8	16	0.921669	adjudicated	G1|w|16|8|8|-3,4=bQ;-2,0=bA2;-2,1=bB1;-2,2=bG1;-2,3=wA2;-1,-2=wB2;-1,1=bA1;0,-2=wS2;0,-1=wB1;0,0=wA1;1,-1=wS1;2,-2=wQ
8	18	0.921669	adjudicated	G1|w|18|9|9|-4,5=bA2;-3,4=bQ;-2,1=bB1;-2,2=bG1;-2,3=wA2;-1,-1=wB2;-1,1=bA1;0,-2=wS2;0,-1=wB1;0,0=wA1;1,-1=wS1;2,-2=wQ
8	20	0.921669	adjudicated	G1|w|20|10|10|-3,4=bQ;-2,1=bB1;-2,2=bG1;-2,3=wA2;-1,-1=wB2;-1,1=bA1;0,-2=wS2;0,-1=wB1;0,0=wA1;1,-1=wS1;2,-2=bA2;2,-1=wQ
8	22	0.921669	adjudicated	G1|w|22|11|11|-3,4=bQ;-2,1=bB1;-2,2=bG1;-2,3=wA2;-1,-1=wB2;-1,1=bA1;0,-2=wS2;0,-1=wB1;0,0=wA1;1,-1=wS1;2,-3=bG2;2,-2=bA2;3,-2=wQ
8	24	0.921669	adjudicated	G1|w|24|12|12|-3,4=bQ;-2,1=bB1;-2,2=bG1;-2,3=wA2;-1,-1=wB2;-1,1=bA1;-1,3=wG1;0,-2=wS2;0,-1=wB1;0,0=wA1;1,-1=wS1;2,-3=bG2;2,-2=bA2;3,-4=bG3;3,-2=wQ
8	26	0.921669	adjudicated	G1|w|26|13|13|-3,2=bS1;-3,4=bQ;-2,1=bB1;-2,2=bG1;-2,3=wA2;-1,-1=wB2;-1,1=bA1;-1,3=wG1;0,-2=wS2;0,-1=wB1;0,0=wA1;1,-1=wS1;2,-3=bG2;2,-2=bA2;3,-4=bG3;3,-2=wQ;3,-1=wG2
8	28	0.921669	adjudicated	G1|w|28|14|14|-4,5=bA3;-3,2=bS1;-3,3=wG1;-3,4=bQ;-2,1=bB1;-2,2=bG1;-2,3=wA2;-1,-1=wB2;-1,1=bA1;0,-2=wS2;0,-1=wB1;0,0=wA1;1,-1=wS1;2,-3=bG2;2,-2=bA2;3,-4=bG3;3,-2=wQ;3,-1=wG2
8	30	0.921669	adjudicated	G1|w|30|15|15|-4,5=bA3;-3,2=bS1;-3,3=wG1;-3,4=bQ;-2,1=bB1;-2,2=bG1;-2,3=wA2;-1,0=wB2;0,-2=wS2;0,-1=wB1;0,0=wA1;1,-1=wS1;2,-3=bG2;2,-2=bA2;2,-1=bA1;3,-4=bG3;3,-2=wQ;3,-1=wG2
8	32	0.921669	adjudicated	G1|w|32|16|16|-3,2=bS1;-3,3=wG1;-3,4=bQ;-2,1=bB1;-2,2=bG1;-2,3=wA2;-1,0=wB2;0,-2=wS2;0,-1=wB1;0,0=wA1;1,-1=wS1;2,-3=bG2;2,-2=bA2;2,-1=bA1;3,-4=bG3;3,-1=wG2;4,-2=wQ;5,-2=bA3
8	34	0.921669	adjudicated	G1|w|34|17|17|-4,4=bQ;-3,2=bS1;-3,3=wG1;-2,1=bB1;-2,2=bG1;-2,3=wA2;-1,0=wB2;0,-2=wS2;0,-1=wB1;1,-1=wS1;2,-3=bG2;2,-2=bA2;2,-1=bA1;3,-4=bG3;3,-1=wG2;4,-2=wQ;4,-1=wA1;5,-2=bA3
8	36	0.921669	adjudicated	G1|w|36|18|18|-5,5=wA1;-4,4=bQ;-3,2=bS1;-3,3=wG1;-2,0=bG1;-2,1=bB1;-2,3=wA2;-1,0=wB2;0,-2=wS2;0,-1=wB1;1,-1=wS1;2,-3=bG2;2,-2=bA2;2,-1=bA1;3,-4=bG3;3,-1=wG2;4,-2=wQ;5,-2=bA3
8	38	0.921669	adjudicated	G1|w|38|19|19|-5,4=wA2;-5,5=wA1;-4,4=bQ;-3,2=bS1;-3,3=wG1;-2,0=bG1;-2,1=bB1;-1,0=wB2;0,-2=wS2;0,-1=wB1;1,-1=wS1;2,-3=bG2;2,-2=bA2;2,-1=bA1;3,-4=bG3;3,-1=wG2;4,-4=bA3;4,-2=wQ
8	40	0.921669	adjudicated	G1|w|40|20|20|-6,4=wA3;-5,4=wA2;-5,5=wA1;-4,4=bQ;-3,2=bS1;-3,3=wG1;-2,0=bG1;-2,1=bB1;-1,0=wB2;0,-2=wS2;0,-1=wB1;1,-1=wS1;2,-3=bG2;2,-2=bA2;2,-1=bA1;3,-4=bG3;3,-2=bA3;3,-1=wG2;4,-2=wQ
8	42	0.921669	adjudicated	G1|w|42|21|21|-6,4=wA3;-5,4=wA2;-5,5=wA1;-4,4=bQ;-3,2=bS1;-3,3=wG1;-2,0=bG1;-2,1=bB1;-1,-1=wG2;-1,0=wB2;0,-2=wS2;0,-1=wB1;1,-1=wS1;2,-3=bG2;2,-2=bA2;3,-4=bG3;3,-2=bA3;4,-2=wQ;4,-1=bA1
8	44	0.921669	adjudicated	G1|w|44|22|22|-5,4=wA2;-5,5=wA1;-4,4=bQ;-4,5=wA3;-3,2=bS1;-3,3=wG1;-2,0=bG1;-2,1=bB1;-1,-1=wG2;-1,0=wB2;0,-2=wS2;0,-1=wB1;1,-1=wS1;2,-3=bG2;2,-2=bA2;3,-4=bG3;3,-2=bA3;4,-4=bB2;4,-2=wQ;4,-1=bA1
8	46	0.921669	adjudicated	G1|w|46|23|23|-5,4=wA2;-5,5=wA1;-4,4=bQ;-4,5=wA3;-3,1=bA1;-3,2=bS1;-3,3=wG1;-2,0=bG1;-2,1=bB1;-1,-1=wG2;-1,0=wB2;0,-1=wB1;1,-1=wS1;2,-4=wS2;2,-3=bG2;2,-2=bA2;3,-4=bG3;3,-2=bA3;4,-4=bB2;4,-2=wQ
8	48	0.921669	adjudicated	G1|w|48|24|24|-6,6=wG3;-5,4=wA2;-5,5=wA1;-4,4=bQ;-4,5=wA3;-3,2=bS1;-3,3=wG1;-2,0=bG1;-2,1=bB1;-1,-1=wG2;-1,0=wB2;0,-1=wB1;1,-1=wS1;2,-4=wS2;2,-3=bG2;2,-2=bA2;3,-4=bG3;3,-2=bA3;4,-4=bB2;4,-2=wQ;4,-1=bA1
8	50	0.921669	adjudicated	G1|w|50|25|25|-6,6=wG3;-5,4=wA2;-5,5=wA1;-4,4=bQ;-4,5=wA3;-3,2=bS1;-3,3=wG1;-2,0=bG1;-2,1=bB1;-1,-1=wG2;-1,0=wB2;0,-1=wB1;1,-1=wS1;2,-3=bG2;2,-2=bA2;3,-4=bG3;3,-2=bA3;4,-4=bB2;4,-3=bA1;4,-2=wQ;5,-5=wS2
8	52	0.921669	adjudicated	G1|w|52|26|26|-6,6=wG3;-5,4=wA2;-5,5=wA1;-4,4=bQ;-4,5=wA3;-3,2=bS1;-3,3=wG1;-2,0=bG1;-2,1=bB1;-1,-1=wG2;-1,0=wB2;0,-1=wB1;1,-1=wS1;2,-3=bG2;2,-2=bA2;2,-1=bA1;3,-4=bG3;3,-2=bA3;3,-1=wQ;4,-4=bB2;5,-5=wS2
8	54	0.921669	adjudicated	G1|w|54|27|27|-6,6=wG3;-5,4=wA2;-5,5=wA1;-4,4=bQ;-4,5=wA3;-3,2=bS1;-3,3=wG1;-2,0=bG1;-2,1=bB1;-1,-1=wG2;-1,0=wB2;0,-1=wB1;1,-1=wS1;2,-3=bG2;2,-2=bA2;3,-4=bG3;3,-2=bA3;4,-4=bB2;4,-2=wQ;5,-5=wS2;5,-2=bA1
8	56	0.921669	adjudicated	G1|w|56|28|28|-6,6=wG3;-5,4=wA2;-5,5=wA1;-4,4=bQ;-4,5=wA3;-3,2=bS1;-3,3=wG1;-2,-1=bS2;-2,0=bG1;-2,1=bB1;-1,0=wB2;-1,1=wG2;0,-1=wB1;1,-1=wS1;2,-3=bG2;2,-2=bA2;3,-4=bG3;3,-2=bA3;4,-4=bB2;4,-2=wQ;5,-5=wS2;5,-2=bA1
8	58	0.921669	adjudicated	G1|w|58|29|29|-6,6=wG3;-5,5=wA1;-4,4=bQ;-4,5=wA3;-3,2=bS1;-3,3=wG1;-2,0=bG1;-2,1=bB1;-1,0=wB2;-1,1=wG2;0,-1=wB1;1,-2=bS2;1,-1=wS1;2,-3=bG2;2,-2=bA2;3,-4=bG3;3,-2=bA3;3,-1=wA2;4,-4=bB2;4,-2=wQ;5,-5=wS2;5,-2=bA1
8	60	0.921669	adjudicated	G1|w|60|30|30|-6,6=wG3;-5,5=wA1;-4,4=bQ;-3,2=bS1;-3,3=wG1;-2,0=bG1;-2,1=bB1;-1,0=wB2;-1,1=wG2;0,-2=bA1;0,-1=wB1;1,-2=bS2;1,-1=wS1;2,-3=bG2;2,-2=bA2;3,-4=bG3;3,-2=bA3;3,-1=wA2;4,-4=bB2;4,-2=wQ;5,-5=wS2;6,-5=wA3
8	62	0.921669	adjudicated	G1|w|62|31|31|-6,6=wG3;-5,5=wA1;-4,3=wA2;-4,4=bQ;-3,2=bS1;-3,3=wG1;-2,0=bG1;-2,1=bB1;-1,0=wB2;-1,1=wG2;0,-1=wB1;1,-2=bS2;1,-1=wS1;2,-3=bG2;2,-2=bA2;3,-4=bG3;3,-2=bA3;3,-1=bA1;4,-4=bB2;4,-2=wQ;5,-5=wS2;6,-5=wA3
8	64	0.921669	adjudicated	G1|w|64|32|32|-6,6=wG3;-5,5=wA1;-4,3=wA2;-4,4=bQ;-4,5=wA3;-3,2=bS1;-3,3=wG1;-2,0=bG1;-2,1=bB1;-1,0=wB2;-1,1=wG2;0,-1=wB1;1,-2=bS2;1,-1=wS1;2,-3=bG2;2,-2=bA2;3,-4=bG3;3,-2=bA3;4,-4=bB2;4,-3=bA1;4,-2=wQ;5,-5=wS2
8	66	0.921669	adjudicated	G1|w|66|33|33|-6,6=wG3;-5,5=wA1;-4,3=wA2;-4,4=bQ;-4,5=wA3;-3,2=bS1;-3,3=wG1;-2,0=bG1;-2,1=bB1;-1,0=wB2;-1,1=wG2;0,-1=wB1;1,-2=bS2;1,-1=wS1;2,-3=bG2;2,-2=bA2;3,-4=bG3;4,-4=bB2;4,-3=bA1;4,-2=bA3;5,-5=wS2;5,-3=wQ
8	68	0.921669	adjudicated	G1|w|68|34|34|-6,6=wG3;-5,5=wA1;-4,3=wA2;-4,4=bQ;-4,5=wA3;-3,2=bS1;-3,3=wG1;-2,0=bG1;-2,1=bB1;-1,0=wB2;-1,1=wG2;0,-1=wB1;1,-2=bS2;1,-1=wS1;2,-3=bG2;3,-4=bG3;4,-4=bB2;4,-3=bA1;4,-2=bA3;4,-1=bA2;5,-5=wS2;5,-2=wQ
8	70	0.921669	adjudicated	G1|w|70|35|35|-6,6=wG3;-5,5=wA1;-4,3=wA2;-4,4=bQ;-4,5=wA3;-3,2=bS1;-3,3=wG1;-2,1=bB1;-2,2=bG1;-1,0=wB2;-1,1=wG2;0,-1=wB1;1,-2=bS2;1,-1=wS1;2,-3=bG2;3,-4=bG3;4,-4=bB2;4,-3=bA1;4,-2=bA3;4,-1=bA2;5,-5=wS2;5,-1=wQ
8	72	0.921669	adjudicated	G1|w|72|36|36|-6,6=wG3;-5,5=wA1;-4,3=wA2;-4,4=bQ;-4,5=wA3;-3,2=bS1;-3,3=wG1;-2,0=bG1;-2,1=bB1;-1,0=wB2;-1,1=wG2;0,-1=wB1;1,-2=bS2;1,-1=wS1;2,-3=bG2;3,-4=bG3;4,-4=bB2;4,-3=bA1;4,-2=bA3;4,-1=bA2;4,0=wQ;5,-5=wS2
8	74	0.921669	adjudicated	G1|w|74|37|37|-6,6=wG3;-5,5=wA1;-4,3=wA2;-4,4=bQ;-4,5=wA3;-3,2=bS1;-3,3=wG1;-2,1=bB1;-2,2=bG1;-1,0=wB2;-1,1=wG2;-1,2=wS1;0,-1=wB1;1,-2=bS2;2,-3=bG2;3,-4=bG3;4,-4=bB2;4,-3=bA1;4,-2=bA3;4,-1=bA2;4,0=wQ;5,-5=wS2
8	76	0.921669	adjudicated	G1|w|76|38|38|-6,6=wG3;-5,5=wA1;-4,3=wA2;-4,4=bQ;-4,5=wA3;-3,2=bS1;-3,3=wG1;-2,2=bG1,bB1;-1,0=wB2;-1,1=wG2;-1,2=wS1;0,-1=wB1;1,-2=bS2;2,-3=bG2;3,-4=bG3;4,-4=bB2;4,-3=bA1;4,-2=bA3;4,-1=bA2;4,0=wQ;5,-2=wS2
8	78	0.921669	adjudicated	G1|w|78|39|39|-6,6=wG3;-5,5=wA1;-4,3=wA2;-4,4=bQ;-3,2=bS1;-3,3=wG1;-3,4=wA3;-2,2=bG1;-1,0=wB2;-1,1=wG2;-1,2=wS1,bB1;0,-1=wB1;1,-2=bS2;2,-3=bG2;3,-4=bG3;4,-4=bB2;4,-3=bA1;4,-2=bA3;4,-1=bA2;4,0=wQ;5,-2=wS2
8	80	0.921669	adjudicated	G1|w|80|40|40|-6,4=bS1;-6,6=wG3;-5,4=wA2;-5,5=wA1;-4,4=bQ;-3,3=wG1;-3,4=wA3;-2,2=bG1;-1,0=wB2;-1,1=wG2;-1,2=wS1,bB1;0,-1=wB1;1,-2=bS2;2,-3=bG2;3,-4=bG3;4,-4=bB2;4,-3=bA1;4,-2=bA3;4,-1=bA2;4,0=wQ;5,-2=wS2
8	82	0.921669	adjudicated	G1|w|82|41|41|-6,4=bS1;-6,6=wG3;-5,4=wA2;-5,5=wA1;-4,4=bQ;-3,3=wG1;-3,4=wA3;-2,2=bG1;-1,0=wB2;-1,1=wG2;-1,2=wS1;0,-1=wB1;0,1=bB1;1,-2=bS2;2,-3=bG2;3,-4=bG3;3,0=wQ;4,-4=bB2;4,-3=bA1;4,-2=bA3;4,-1=bA2;5,-2=wS2
8	84	0.921669	adjudicated	G1|w|84|42|42|-6,4=bS1;-6,6=wG3;-5,4=wA2;-5,5=wA1;-4,4=bQ;-3,3=wG1;-2,2=bG1;-1,0=wB2;-1,1=wG2;-1,2=wS1,bB1;0,-1=wB1;1,-2=bS2;2,-3=bG2;2,0=wA3;3,-4=bG3;3,0=wQ;4,-4=bB2;4,-3=bA1;4,-2=bA3;4,-1=bA2;5,-2=wS2
8	86	0.921669	adjudicated	G1|w|86|43|43|-6,4=bS1;-6,6=wG3;-5,4=wA2;-5,5=wA1;-4,4=bQ;-4,5=wA3;-3,3=wG1;-2,2=bG1;-2,3=bB1;-1,0=wB2;-1,1=wG2;-1,2=wS1;0,-1=wB1;1,-2=bS2;2,-3=bG2;3,-4=bG3;3,0=wQ;4,-4=bB2;4,-3=bA1;4,-2=bA3;4,-1=bA2;5,-2=wS2
8	88	0.921669	adjudicated	G1|w|88|44|44|-6,6=wG3;-5,4=wA2;-5,5=wA1;-4,4=bQ;-4,5=wA3;-3,2=bS1;-3,3=wG1;-3,4=wS1;-2,2=bG1;-2,3=bB1;-1,0=wB2;-1,1=wG2;0,-1=wB1;1,-2=bS2;2,-3=bG2;3,-4=bG3;3,0=wQ;4,-4=bB2;4,-3=bA1;4,-2=bA3;4,-1=bA2;5,-2=wS2
8	90	0.921669	adjudicated	G1|w|90|45|45|-6,6=wG3;-5,4=wA2;-5,5=wA1;-4,5=wA3;-3,1=wG1;-3,2=bS1;-3,3=bQ;-3,4=wS1;-2,2=bG1;-2,3=bB1;-1,0=wB2;-1,1=wG2;0,-1=wB1;1,-2=bS2;2,-3=bG2;3,-4=bG3;3,0=wQ;4,-4=bB2;4,-3=bA1;4,-2=bA3;4,-1=bA2;5,-2=wS2
8	92	0.921669	adjudicated	G1|w|92|46|46|-5,4=wA2;-5,5=wA1;-4,4=wG3;-4,5=wA3;-3,1=wG1;-3,2=bS1;-3,3=bQ;-3,4=wS1,bB1;-2,2=bG1;-1,0=wB2;-1,1=wG2;0,-1=wB1;1,-2=bS2;2,-3=bG2;3,-4=bG3;3,0=wQ;4,-4=bB2;4,-3=bA1;4,-2=bA3;4,-1=bA2;5,-2=wS2
8	94	0.921669	adjudicated	G1|w|94|47|47|-5,5=wA1;-4,3=wA2;-4,4=wG3,bB1;-4,5=wA3;-3,1=wG1;-3,2=bS1;-3,3=bQ;-3,4=wS1;-2,2=bG1;-1,0=wB2;-1,1=wG2;0,-1=wB1;1,-2=bS2;2,-3=bG2;3,-4=bG3;3,0=wQ;4,-4=bB2;4,-3=bA1;4,-2=bA3;4,-1=bA2;5,-2=wS2
8	96	0.921669	adjudicated	G1|w|96|48|48|-5,5=wA1;-4,3=wA2,bB1;-4,4=wG3;-3,1=wG1;-3,2=bS1;-3,3=bQ;-3,4=wS1;-2,2=bG1;-1,0=wB2;-1,1=wG2;0,-1=wB1;1,-2=bS2;2,-3=bG2;2,-2=wA3;3,-4=bG3;3,0=wQ;4,-4=bB2;4,-3=bA1;4,-2=bA3;4,-1=bA2;5,-2=wS2
9	0	0.379949	adjudicated	G1|w|0|0|0|
9	7	0.379949	adjudicated	G1|b|7|4|3|-1,-1=wQ;-1,0=wA1;0,0=wS1;0,1=bG1;0,2=bA1;0,3=bG2;1,-1=wS2
9	9	0.379949	adjudicated	G1|b|9|5|4|-1,-1=wQ;-1,0=wA1;0,0=wS1;0,1=bG1;0,2=bA1;0,3=bG2;0,4=bQ;1,-1=wS2;2,-1=wA2
9	11	0.379949	adjudicated	G1|b|11|6|5|-1,-1=wQ;-1,0=wA1;0,0=wS1;0,1=bG1;0,2=bA1;0,3=bG2;0,4=bQ;1,-1=wS2;1,2=bS1;1,4=wA2
9	13	0.379949	adjudicated	G1|b|13|7|6|-1,-1=wQ;-1,0=wA1;-1,2=bA2;0,0=wS1;0,1=bG1;0,2=bA1;0,3=bG2;0,4=bQ;1,-2=wG1;1,-1=wS2;1,2=bS1;1,4=wA2
9	15	0.379949	adjudicated	G1|b|15|8|7|-1,-1=wQ;0,-2=bA2;0,0=wS1;0,1=bG1;0,2=bA1;0,3=bG2;0,4=bQ;1,-2=wG1;1,-1=wS2;1,2=bS1;1,3=wA1;1,4=wA2
9	17	0.379949	adjudicated	G1|b|17|9|8|-1,-1=wQ;-1,4=bQ;0,-2=bA2;0,0=wS1;0,1=bG1;0,2=bA1;0,3=bG2;0,4=wA2;1,-2=wG1;1,-1=wS2;1,2=bS1;1,3=wA1
9	19	0.379949	adjudicated	G1|b|19|10|9|-2,5=bB1;-1,-1=wQ;-1,3=wA1;-1,4=bQ;0,-2=bA2;0,0=wS1;0,1=bG1;0,2=bA1;0,3=bG2;0,4=wA2;1,-2=wG1;1,-1=wS2;1,2=bS1
9	21	0.379949	adjudicated	G1|b|21|11|10|-2,5=bB1;-1,-2=wQ;-1,3=wA1;-1,4=bQ;0,-2=bA2;0,-1=bG2;0,0=wS1;0,1=bG1;0,2=bA1;0,4=wA2;1,-2=wG1;1,-1=wS2;1,2=bS1
9	23	0.379949	adjudicated	G1|b|23|12|11|-2,4=wA2;-2,5=bB1;-1,-2=wQ;-1,3=wA1;-1,4=bQ;0,-3=bG2;0,-2=bA2;0,0=wS1;0,1=bG1;0,2=bA1;1,-2=wG1;1,-1=wS2;1,2=bS1
9	25	0.379949	adjudicated	G1|b|25|13|12|-2,4=wA2;-2,5=bB1;-1,-3=wQ;-1,3=wA1;-1,5=bQ;0,-3=bG2;0,-2=bA2;0,0=wS1;0,1=bG1;0,2=bA1;1,-2=wG1;1,-1=wS2;1,2=bS1
9	27	0.379949	adjudicated	G1|b|27|14|13|-2,4=wA2;-2,5=bB1;-1,-3=wQ;-1,0=wA3;-1,3=wA1;-1,5=bQ;0,-3=bG2;0,-2=bA2;0,0=wS1;0,1=bG1;0,2=bA1;1,-2=wG1;1,-1=wS2;1,1=bS2;1,2=bS1
9	29	0.379949	adjudicated	G1|b|29|15|14|-2,4=wA2;-2,5=bB1;-1,-3=wQ;-1,2=wA3;-1,3=wA1;-1,5=bQ;0,-3=bG2;0,-2=bA2;0,0=wS1;0,1=bG1;0,2=bA1;1,-2=wG1;1,-1=wS2;1,1=bS2;1,2=bS1;2,2=bB2
9	31	0.379949	adjudicated	G1|b|31|16|15|-2,4=wA2;-2,5=bB1;-1,-3=wQ;-1,3=wA1;-1,5=bQ;0,-3=bG2;0,-2=bA2;0,0=wS1;0,1=bG1;0,2=bA1;0,5=wA3;1,-4=bG3;1,-2=wG1;1,-1=wS2;1,1=bS2;1,2=bS1;2,2=bB2
9	33	0.379949	adjudicated	G1|b|33|17|16|-2,4=wA2;-2,5=bB1;-1,-3=wQ;-1,3=wA1;-1,5=bQ;0,-3=bG2;0,-2=bA2;0,0=wS1;0,1=bG1;0,2=bA1;1,-6=wA3;1,-5=bA3;1,-4=bG3;1,-2=wG1;1,-1=wS2;1,1=bS2;1,2=bS1;2,2=bB2
9	35	0.379949	adjudicated	G1|b|35|18|17|-2,4=wA2;-2,5=bB1;-1,-3=wQ;-1,3=wA1;-1,4=wA3;-1,5=bQ;0,-3=bG2;0,-2=bA2;0,0=wS1;0,1=bG1;0,2=bA1;1,-5=bA3;1,-4=bG3;1,-2=wG1;1,-1=wS2;1,1=bS2;1,2=bS1;2,1=bB2
9	37	0.379949	adjudicated	G1|b|37|19|18|-2,4=wA2;-2,5=bB1;-1,-4=bA3;-1,-3=wQ;-1,3=wA1;-1,5=bQ;0,-4=wA3;0,-3=bG2;0,-2=bA2;0,0=wS1;0,1=bG1;0,2=bA1;1,-4=bG3;1,-2=wG1;1,-1=wS2;1,1=bS2;1,2=bS1;2,1=bB2
9	39	0.379949	adjudicated	G1|b|39|20|19|-2,-3=wQ;-2,4=wA2;-2,5=bB1;-1,-4=bA3;-1,-2=bG3;-1,3=wA1;-1,5=bQ;0,-4=wA3;0,-3=bG2;0,-2=bA2;0,0=wS1;0,1=bG1;0,2=bA1;1,-2=wG1;1,-1=wS2;1,1=bS2;1,2=bS1;2,1=bB2
9	41	0.379949	adjudicated	G1|b|41|21|20|-2,-3=wQ;-2,3=wG2;-2,4=wA2;-2,5=bB1;-1,-4=bA3;-1,3=wA1;-1,5=bQ;0,-4=wA3;0,-3=bG2;0,-2=bA2;0,0=wS1;0,1=bG1;0,2=bA1;1,-4=bG3;1,-2=wG1;1,-1=wS2;1,1=bS2;1,2=bS1;2,1=bB2
9	43	0.379949	adjudicated	G1|b|43|22|21|-3,-3=wQ;-2,-4=bG3;-2,3=wG2;-2,4=wA2;-2,5=bB1;-1,-4=bA3;-1,3=wA1;-1,5=bQ;0,-4=wA3;0,-3=bG2;0,-2=bA2;0,0=wS1;0,1=bG1;0,2=bA1;1,-2=wG1;1,-1=wS2;1,1=bS2;1,2=bS1;2,1=bB2
9	45	0.379949	adjudicated	G1|b|45|23|22|-4,-3=wB1;-3,-3=wQ;-2,-4=bG3;-2,3=wG2;-2,4=wA2;-2,5=bB1;-1,-4=bA3;-1,3=wA1;-1,5=bQ;0,-4=wA3;0,-3=bG2;0,-2=bA2;0,0=wS1;0,1=bG1;0,2=bA1;1,-2=wG1;1,-1=wS2;1,1=bS2;1,2=bS1,bB2
9	47	0.379949	adjudicated	G1|b|47|24|23|-4,-3=wB1;-3,-3=wQ;-2,-4=bG3;-2,4=wA2;-2,5=bB1;-2,6=wG2;-1,-4=bA3;-1,3=wA1;-1,5=bQ;0,-4=wA3;0,-3=bG2;0,-2=bA2;0,0=wS1;0,1=bG1;0,2=bA1;1,-2=wG1;1,-1=wS2;1,1=bS2;1,2=bS1;1,3=bB2
9	49	0.379949	adjudicated	G1|b|49|25|24|-3,-3=wQ,wB1;-2,-4=bG3;-2,4=wA2;-2,5=bB1;-2,6=wG2;-1,-4=bA3;-1,3=wA1;-1,6=bQ;0,-4=wA3;0,-3=bG2;0,-2=bA2;0,0=wS1;0,1=bG1;0,2=bA1;1,-2=wG1;1,-1=wS2;1,1=bS2;1,2=bS1;1,3=bB2
9	51	0.379949	adjudicated	G1|b|51|26|25|-3,-3=wQ,wB1;-2,-4=bG3;-2,4=wA2;-2,5=bB1;-2,6=wG2;-1,-4=bA3;-1,0=wB2;-1,3=wA1;-1,6=bQ;0,-4=wA3;0,-3=bG2;0,-2=bA2;0,0=wS1;0,1=bG1;0,2=bA1;0,3=bB2;1,-2=wG1;1,-1=wS2;1,1=bS2;1,2=bS1
9	53	0.379949	adjudicated	G1|b|53|27|26|-3,-3=wQ,wB1;-3,4=wG3;-2,-4=bG3;-2,4=wA2;-2,5=bB1;-2,6=wG2;-1,-4=bA3;-1,0=wB2;-1,3=wA1;-1,6=bQ;0,-4=wA3;0,-3=bG2;0,-2=bA2;0,0=wS1;0,1=bG1;0,2=bA1;0,3=bB2;1,-2=wG1;1,-1=wS2;1,0=bS1;1,1=bS2
9	55	0.379949	adjudicated	G1|b|55|28|27|-4,-3=wB1;-3,-3=wQ;-3,4=wG3;-2,-4=bG3;-2,4=wA2;-2,5=bB1;-2,6=wG2;-1,-4=bA3;-1,0=wB2;-1,3=wA1;-1,6=bQ;0,-4=wA3;0,-3=bG2;0,-2=bA2;0,0=wS1;0,1=bG1;0,2=bA1;0,3=bB2;1,-2=wG1;1,-1=wS2;1,0=bS1;2,-2=bS2
9	57	0.379949	adjudicated	G1|b|57|29|28|-3,-3=wQ,wB1;-3,4=wG3;-2,-4=bG3;-2,4=wA2;-2,5=bB1;-2,6=wG2;-1,-4=bA3;-1,0=wB2;-1,3=wA1;-1,6=bQ;0,-4=wA3;0,-3=bG2;0,-2=bA2;0,0=wS1;0,1=bG1;0,2=bA1,bB2;1,-2=wG1;1,-1=wS2;1,0=bS1;2,-2=bS2
9	59	0.379949	adjudicated	G1|b|59|30|29|-3,-3=wQ,wB1;-3,4=wG3;-2,-4=bG3;-2,4=wA2;-2,5=bB1;-2,6=wG2;-1,-4=bA3;-1,1=wB2;-1,2=bB2;-1,3=wA1;-1,6=bQ;0,-4=wA3;0,-3=bG2;0,-2=bA2;0,0=wS1;0,1=bG1;0,2=bA1;1,-2=wG1;1,-1=wS2;1,0=bS1;2,-2=bS2
9	61	0.379949	adjudicated	G1|b|61|31|30|-3,-3=wQ;-3,4=wG3;-2,-4=bG3;-2,-3=bA1,wB1;-2,4=wA2;-2,5=bB1;-2,6=wG2;-1,-4=bA3;-1,1=wB2;-1,2=bB2;-1,3=wA1;-1,6=bQ;0,-4=wA3;0,-3=bG2;0,-2=bA2;0,0=wS1;0,1=bG1;1,-2=wG1;1,-1=wS2;1,0=bS1;2,-2=bS2
9	63	0.379949	adjudicated	G1|b|63|32|31|-3,-4=wQ;-3,4=wG3;-2,-4=bG3;-2,-3=bA1,wB1;-2,4=wA2;-2,5=bB1;-2,6=wG2;-1,-4=bA3;-1,1=wB2;-1,2=bB2;-1,3=wA1;-1,6=bQ;0,-4=wA3;0,-3=bG2;0,-2=bA2;0,0=wS1;0,1=bG1;0,3=bS1;1,-2=wG1;1,-1=wS2;2,-2=bS2
9	65	0.379949	adjudicated	G1|b|65|33|32|-3,-4=wQ;-3,4=wG3;-2,-4=bG3,wB1;-2,-3=bA1;-2,4=wA2;-2,5=bB1;-2,6=wG2;-1,-4=bA3;-1,1=wB2;-1,2=bB2;-1,3=wA1;-1,6=bQ;0,-4=wA3;0,-3=bG2;0,-2=bA2;0,-1=bG1;0,0=wS1;0,3=bS1;1,-2=wG1;1,-1=wS2;2,-2=bS2
9	67	0.379949	adjudicated	G1|b|67|34|33|-3,-5=wQ;-3,4=wG3;-2,-5=bA1;-2,-4=bG3,wB1;-2,4=wA2;-2,5=bB1;-2,6=wG2;-1,-4=bA3;-1,1=wB2;-1,2=bB2;-1,3=wA1;-1,6=bQ;0,-4=wA3;0,-3=bG2;0,-2=bA2;0,-1=bG1;0,0=wS1;0,3=bS1;1,-2=wG1;1,-1=wS2;2,-2=bS2
9	69	0.379949	adjudicated	G1|b|69|35|34|-3,4=wG3;-2,-6=wQ;-2,-5=bA1;-2,-4=bG3,wB1;-2,4=wA2;-2,5=bB1;-2,6=wG2;-1,-4=bA3;-1,1=wB2;-1,2=bB2;-1,3=wA1;-1,6=bQ;0,-4=wA3;0,-3=bG2;0,-2=bA2;0,0=wS1;0,3=bS1;1,-2=wG1;1,-1=wS2;2,-2=bS2;2,-1=bG1
9	71	0.379949	adjudicated	G1|b|71|36|35|-3,-4=wB1;-3,4=wG3;-2,-6=wQ;-2,-5=bA1;-2,-4=bG3;-2,4=wA2;-2,5=bB1;-2,6=wG2;-1,-4=bA3;-1,1=wB2;-1,2=bB2;-1,3=wA1;-1,6=bQ;0,-4=wA3;0,-3=bG2;0,-2=bA2;0,0=wS1;1,-2=wG1;1,-1=wS2;1,0=bS1;2,-2=bS2;2,-1=bG1
9	73	0.379949	adjudicated	G1|b|73|37|36|-3,-4=wB1;-3,4=wG3;-2,-5=bA1;-2,-4=bG3;-2,4=wA2;-2,5=bB1;-2,6=wG2;-1,-6=wQ;-1,-4=bA3;-1,1=wB2;-1,2=bB2;-1,3=wA1;-1,6=bQ;0,-4=wA3;0,-3=bG2;0,-2=bA2;0,0=wS1;1,-2=wG1;1,-1=wS2;1,0=bS1;2,-3=bG1;2,-2=bS2
9	75	0.379949	adjudicated	G1|b|75|38|37|-3,4=wG3;-2,-5=bA1;-2,-4=bG3,wB1;-2,4=wA2;-2,5=bB1;-2,6=wG2;-1,-6=wQ;-1,-4=bA3;-1,1=wB2;-1,2=bB2;-1,3=wA1;-1,6=bQ;0,-4=wA3;0,-3=bG2;0,-2=bA2;0,0=wS1;0,3=bS1;1,-2=wG1;1,-1=wS2;2,-3=bG1;2,-2=bS2
9	77	0.379949	adjudicated	G1|b|77|39|38|-3,4=wG3;-2,-5=bA1;-2,-4=bG3,wB1;-2,4=wA2;-2,5=bB1;-2,6=wG2;-1,-6=wQ;-1,-4=bA3;-1,2=bB2,wB2;-1,3=wA1;-1,6=bQ;0,-4=wA3;0,-3=bG2;0,-2=bA2;0,0=wS1;0,1=bS2;0,3=bS1;1,-2=wG1;1,-1=wS2;2,-3=bG1
9	79	0.379949	adjudicated	G1|b|79|40|39|-3,4=wG3;-2,-5=bA1;-2,-4=bG3;-2,-3=wB1;-2,4=wA2;-2,5=bB1;-2,6=wG2;-1,-6=wQ;-1,-4=bA3;-1,2=bB2,wB2;-1,3=wA1;-1,6=bQ;0,-4=wA3;0,-3=bG2;0,-2=bA2;0,0=wS1;0,1=bS2;1,-2=wG1;1,-1=wS2;1,0=bS1;2,-3=bG1
9	81	0.379949	adjudicated	G1|b|81|41|40|-3,4=wG3;-2,-5=bA1;-2,-4=bG3;-2,-3=wB1;-2,4=wA2;-2,5=bB1;-2,6=wG2;-2,7=bQ;-1,-6=wQ;-1,-4=bA3;-1,2=bB2;-1,3=wA1;0,-4=wA3;0,-3=bG2;0,-2=bA2;0,0=wS1;0,1=bS2,wB2;1,-2=wG1;1,-1=wS2;1,0=bS1;2,-3=bG1
9	83	0.379949	adjudicated	G1|b|83|42|41|-3,4=wG3;-2,-5=bA1;-2,-4=bG3;-2,-3=wB1;-2,4=wA2;-2,5=bB1;-2,6=wG2;-1,-6=wQ;-1,-4=bA3;-1,2=bB2;-1,3=wA1;-1,6=bQ;0,-4=wA3;0,-3=bG2;0,-2=bA2;0,0=wS1;0,1=bS2;1,-2=wG1;1,-1=wS2;1,0=bS1;1,1=wB2;2,-3=bG1
9	85	0.379949	adjudicated	G1|b|85|43|42|-3,4=wG3;-2,-5=bA1;-2,-4=bG3;-2,-3=wB1;-2,4=wA2;-2,5=bB1;-2,6=wG2;-1,-6=wQ;-1,-4=bA3;-1,-2=wG1;-1,2=bB2;-1,3=wA1;-1,6=bQ;0,-4=wA3;0,-3=bG2;0,-2=bA2;0,-1=bG1;0,0=wS1;0,1=bS2;1,-1=wS2;1,0=bS1;1,1=wB2
9	87	0.379949	adjudicated	G1|b|87|44|43|-2,-5=bA1;-2,-4=bG3;-2,-3=wB1;-2,4=wA2;-2,5=bB1;-2,6=wG2;-1,-6=wQ;-1,-4=bA3;-1,-2=wG1;-1,2=bB2;-1,3=wA1;-1,4=wG3;-1,6=bQ;0,-4=wA3;0,-3=bG2;0,-2=bA2;0,-1=bG1;0,0=wS1;0,1=bS2;1,-1=wS2;1,1=wB2;1,2=bS1
9	89	0.379949	adjudicated	G1|b|89|45|44|-2,-5=bA1;-2,-4=bG3;-2,-3=wB1;-2,5=bB1;-2,6=wG2;-1,-6=wQ;-1,-4=bA3;-1,-2=wG1;-1,2=bB2;-1,3=wA1;-1,4=wG3;-1,5=bQ;-1,6=wA2;0,-4=wA3;0,-3=bG2;0,-2=bA2;0,-1=bG1;0,0=wS1;0,1=bS2;1,-1=wS2;1,1=wB2;1,2=bS1
9	91	0.379949	adjudicated	G1|b|91|46|45|-2,-5=bA1;-2,-4=bG3;-2,-3=wB1;-2,5=bB1;-2,6=wG2;-1,-6=wQ;-1,-4=bA3;-1,-2=wG1;-1,2=bB2;-1,3=wA1;-1,4=wG3;0,-4=wA3;0,-3=bG2;0,-2=bA2;0,-1=bG1;0,0=wS1;0,1=bS2;0,4=bQ;1,-1=wS2;1,1=wB2;1,2=bS1;1,4=wA2
9	93	0.379949	adjudicated	G1|b|93|47|46|-2,-5=bA1;-2,-4=bG3;-2,-3=wB1;-2,5=bB1;-2,6=wG2;-1,-6=wQ;-1,-4=bA3;-1,-2=wG1;-1,2=bB2;-1,3=wA1;-1,4=wG3;0,-4=wA3;0,-3=bG2;0,-2=bA2;0,-1=bG1;0,0=wS1;0,1=bS2;0,4=bQ;1,-1=wS2;1,0=bS1,wB2;1,4=wA2
9	95	0.379949	adjudicated	G1|b|95|48|47|-2,-5=bA1;-2,-4=bG3;-2,-3=wB1;-2,-1=wS1;-2,5=bB1;-2,6=wG2;-1,-6=wQ;-1,-4=bA3;-1,-2=wG1;-1,2=bB2;-1,3=wA1;-1,4=wG3;0,-4=wA3;0,-3=bG2;0,-2=bA2;0,-1=bG1;0,1=bS2;0,4=bQ;1,-1=wS2;1,0=bS1,wB2;1,4=wA2
10	0	-1.000000	terminal	G1|w|0|0|0|
10	6	-1.000000	terminal	G1|w|6|3|3|-2,2=bA1;-2,3=bS1;-1,1=bG1;0,-1=wG1;0,0=wB1;1,-2=wG2
10	8	-1.000000	terminal	G1|w|8|4|4|-3,4=bQ;-2,2=bA1;-2,3=bS1;-1,-1=wQ;-1,1=bG1;0,-1=wG1;0,0=wB1;1,-2=wG2
10	10	-1.000000	terminal	G1|w|10|5|5|-3,4=bQ;-2,2=bA1;-2,3=bS1;-1,-1=wQ;-1,1=bG1;-1,3=bB1;0,-1=wG1;0,0=wB1;1,-2=wG2;1,0=wA1
10	12	-1.000000	terminal	G1|w|12|6|6|-3,4=bQ;-2,2=bA1;-2,3=bS1;-1,-1=wQ;-1,1=bG1;-1,2=bA2;-1,3=bB1;0,-1=wG1;0,0=wB1;1,-2=wG2;1,-1=wB2;1,0=wA1
10	14	-1.000000	terminal	G1|w|14|7|7|-3,3=wA1;-3,4=bQ;-2,3=bS1;-1,-2=bA1;-1,-1=wQ;-1,1=bG1;-1,2=bA2;-1,3=bB1;0,-1=wG1;0,0=wB1;1,-2=wG2;1,-1=wB2
10	16	-1.000000	terminal	G1|w|16|8|8|-4,4=bQ;-3,3=wA1;-2,3=bS1;-1,-2=bA1;-1,-1=wQ;-1,1=bG1;-1,2=bA2;-1,3=bB1;0,-1=wG1;0,0=wB1;1,-2=wG2;1,-1=wB2;2,-3=wG3
10	18	-1.000000	terminal	G1|w|18|9|9|-4,4=bQ;-3,3=wA1;-2,3=bS1;-1,-2=bA1;-1,-1=wQ;-1,1=bG1;-1,2=bA2;-1,3=bB1;-1,4=bG2;0,-1=wG1;0,0=wB1;1,-3=wS1;1,-2=wG2;1,-1=wB2;2,-3=wG3
10	20	-1.000000	terminal	G1|w|20|10|10|-4,4=bQ;-3,3=wA1;-2,3=bS1;-1,-2=bA1;-1,-1=wQ;-1,0=bG2;-1,1=bG1;-1,2=bA2;-1,3=bB1;0,-1=wG1;0,0=wB1;1,-3=wS1;1,-2=wG2;1,-1=wB2;2,-3=wG3;3,-4=wA2
10	22	-1.000000	terminal	G1|w|22|11|11|-5,4=bQ;-4,3=wA2;-3,3=wA1;-2,3=bS1;-1,-2=bA1;-1,-1=wQ;-1,0=bG2;-1,1=bG1;-1,2=bA2;-1,3=bB1;0,-1=wG1;0,0=wB1;1,-3=wS1;1,-2=wG2;1,-1=wB2;2,-3=wG3
10	24	-1.000000	terminal	G1|w|24|12|12|-5,4=bQ;-4,3=wA2;-3,3=wA1;-2,1=bA3;-2,3=bS1;-1,-2=bA1;-1,-1=wQ;-1,0=bG2;-1,1=bG1;-1,2=bA2;-1,3=bB1;0,0=wB1;1,-3=wS1;1,-2=wG2;1,-1=wB2;2,-3=wG3;3,-4=wG1
10	26	-1.000000	terminal	G1|w|26|13|13|-5,4=bQ;-4,3=wA2;-3,3=wA1;-2,0=bA3;-2,3=bS1;-1,-2=bA1;-1,-1=wQ;-1,0=bG2;-1,1=bG1;-1,2=bA2;-1,3=bB1;0,0=wB1;1,-3=wS1;1,-2=wG2;1,-1=wB2;2,-3=wG3;3,-4=wG1;4,-5=wS2
10	28	-1.000000	terminal	G1|w|28|14|14|-5,4=bQ;-4,3=wA2;-3,3=wA1;-2,0=bA3;-2,3=bS1;-1,-3=bB2;-1,-2=bA1;-1,-1=wQ;-1,0=bG2;-1,1=bG1;-1,2=bA2;-1,3=bB1;0,0=wB1;1,-3=wS1;1,-2=wG2;1,-1=wB2;2,-3=wG3;3,-4=wG1;3,-3=wA3;4,-5=wS2
10	30	-1.000000	terminal	G1|w|30|15|15|-6,5=wA3;-5,4=bQ;-4,3=wA2;-3,3=wA1;-2,0=bA3;-2,1=bS2;-2,3=bS1;-1,-3=bB2;-1,-2=bA1;-1,-1=wQ;-1,0=bG2;-1,1=bG1;-1,2=bA2;-1,3=bB1;0,0=wB1;1,-3=wS1;1,-2=wG2;1,-1=wB2;2,-3=wG3;3,-4=wG1;4,-5=wS2
10	32	-1.000000	terminal	G1|w|32|16|16|-6,5=wA3;-5,4=bQ;-4,3=wA2;-3,3=wA1;-2,-1=bS2;-2,0=bA3;-2,3=bS1;-1,-3=bB2;-1,-2=bA1;-1,-1=wQ;-1,0=bG2;-1,1=bG1;-1,2=bA2;-1,3=bB1;0,0=wB1;1,-3=wS1;1,-2=wG2;1,-1=wB2;2,-3=wG3;2,-2=wS2;3,-4=wG1
10	34	-1.000000	terminal	G1|w|34|17|17|-6,5=wA3;-5,4=bQ;-4,3=wA2;-3,3=wA1;-2,-1=bS2;-2,3=bS1;-1,-3=bB2;-1,-2=bA1;-1,0=bG2;-1,1=bG1;-1,2=bA2;-1,3=bB1;0,-3=bA3;0,-2=wQ;0,0=wB1;1,-3=wS1;1,-2=wG2;1,-1=wB2;2,-3=wG3;2,-2=wS2;3,-4=wG1
10	36	-1.000000	terminal	G1|w|36|18|18|-6,5=wA3;-5,4=bQ;-4,3=wA2;-3,3=wA1;-2,-1=bS2;-2,3=bS1;-1,-2=bA1;-1,-1=wQ;-1,0=bG2;-1,1=bG1;-1,2=bA2;-1,3=bB1;0,-3=bA3,bB2;0,0=wB1;1,-3=wS1;1,-2=wG2;1,-1=wB2;2,-3=wG3;2,-2=wS2;3,-4=wG1
10	38	-1.000000	terminal	G1|w|38|19|19|-6,5=wA3;-5,4=bQ;-4,3=wA2;-3,3=wA1;-2,-1=bS2;-2,3=bS1;-1,-2=bA1;-1,-1=wQ;-1,0=bG2;-1,1=bG1;-1,2=bA2;-1,3=bB1;0,-3=bA3;0,-2=bB2;0,0=wB1;1,-3=wS1;1,-2=wG2;1,-1=wB2;2,-3=wG3;3,-4=wG1;4,-5=wS2
10	40	-1.000000	terminal	G1|w|40|20|20|-5,4=bQ;-4,3=wA2;-3,3=wA1;-2,-1=bS2;-2,0=bA3;-2,3=bS1;-1,-2=bA1;-1,-1=wQ;-1,0=bG2;-1,1=bG1;-1,2=bA2;-1,3=bB1;0,-2=bB2;0,0=wB1;1,-4=wA3;1,-3=wS1;1,-2=wG2;1,-1=wB2;2,-3=wG3;3,-4=wG1;4,-5=wS2
10	42	-1.000000	terminal	G1|w|42|21|21|-5,4=bQ;-5,5=wA3;-4,3=wA2;-3,3=wA1;-2,-1=bS2;-2,0=bA3;-2,3=bS1;-1,-2=bA1;-1,-1=wQ;-1,0=bG2;-1,1=bG1;-1,2=bA2,bB1;0,-2=bB2;0,0=wB1;1,-3=wS1;1,-2=wG2;1,-1=wB2;2,-3=wG3;3,-4=wG1;4,-5=wS2
10	44	-1.000000	terminal	G1|w|44|22|22|-5,4=bQ;-4,3=wA2;-3,3=wA1;-2,-1=bS2;-2,0=bA3;-2,2=bB1;-2,3=bS1;-1,-2=bA1;-1,-1=wQ;-1,0=bG2;-1,1=bG1;-1,2=bA2;0,-2=bB2;0,0=wB1;1,-3=wS1;1,-2=wG2;1,-1=wB2;2,-3=wG3;2,-2=wA3;3,-4=wG1;4,-5=wS2
10	46	-1.000000	terminal	G1|w|46|23|23|-5,4=bQ;-5,5=wA3;-4,3=wA2;-3,2=bB1;-3,3=wA1;-2,-1=bS2;-2,0=bA3;-2,3=bS1;-1,-2=bA1;-1,-1=wQ;-1,0=bG2;-1,1=bG1;-1,2=bA2;0,-2=bB2;0,0=wB1;1,-3=wS1;1,-2=wG2;1,-1=wB2;2,-3=wG3;3,-4=wG1;4,-5=wS2
10	48	-1.000000	terminal	G1|w|48|24|24|-5,4=bQ;-5,5=wA3;-4,3=wA2;-3,2=bB1;-3,3=wA1;-2,-1=bS2;-2,0=bA3;-2,3=bS1;-1,-1=wQ;-1,0=bG2;-1,1=bG1;-1,2=bA2;0,-2=bB2;0,0=wB1;0,1=bA1;1,-2=wG2;1,-1=wB2;2,-3=wG3;3,-4=wG1;4,-6=wS1;4,-5=wS2
10	50	-1.000000	terminal	G1|w|50|25|25|-5,4=bQ;-4,2=wA3;-4,3=wA2;-3,2=bB1;-3,3=wA1;-2,-1=bS2;-2,0=bA3;-2,3=bS1;-1,-2=bG1;-1,-1=wQ;-1,0=bG2;-1,2=bA2;0,-2=bB2;0,0=wB1;0,1=bA1;1,-2=wG2;1,-1=wB2;2,-3=wG3;3,-4=wG1;4,-6=wS1;4,-5=wS2
10	52	-1.000000	terminal	G1|w|52|26|26|-5,4=bQ;-5,5=wA3;-4,3=wA2;-3,2=bB1;-3,3=wA1;-2,-1=bS2;-2,3=bS1;-1,-2=bG1;-1,-1=wQ;-1,0=bG2;-1,2=bA2;0,-2=bB2;0,0=wB1;0,1=bA1;1,-2=wG2;1,-1=wB2;2,-3=wG3;2,-1=bA3;3,-4=wG1;4,-6=wS1;4,-5=wS2
10	54	-1.000000	terminal	G1|w|54|27|27|-5,4=bQ;-5,5=wA3;-4,3=wA2;-3,2=bB1;-3,3=wA1;-2,-1=bS2;-2,0=bA3;-2,3=bS1;-1,-2=bG1;-1,-1=wQ;-1,0=bG2;-1,2=bA2;0,-2=bB2;0,0=wB1;0,1=bA1;1,-3=wS1;1,-2=wG2;1,-1=wB2;2,-3=wG3;3,-4=wG1;4,-5=wS2
10	56	-1.000000	terminal	G1|w|56|28|28|-5,4=bQ;-5,5=wA3;-4,3=wA2;-3,2=bB1;-3,3=wA1;-2,-2=bG3;-2,-1=bS2;-2,0=bA3;-2,3=bS1;-1,-2=bG1;-1,-1=wQ;-1,0=bG2;-1,2=bA2;0,-2=bB2;0,0=wB1;0,1=bA1;1,-3=wS1;1,-2=wG2;2,-3=wG3;2,-2=wB2;3,-4=wG1;4,-5=wS2
10	58	-1.000000	terminal	G1|w|58|29|29|-6,4=bQ;-5,3=wA3;-4,3=wA2;-3,2=bB1;-3,3=wA1;-2,-2=bG3;-2,-1=bS2;-2,0=bA3;-2,3=bS1;-1,-2=bG1;-1,-1=wQ;-1,0=bG2;-1,2=bA2;0,-2=bB2;0,0=wB1;0,1=bA1;1,-3=wS1;1,-2=wG2;2,-3=wG3;2,-2=wB2;3,-4=wG1;4,-5=wS2
10	60	-1.000000	terminal	G1|w|60|30|30|-6,4=bQ;-5,3=wA3;-4,3=wA2;-3,3=wA1;-2,-3=wS1;-2,-2=bG3;-2,-1=bS2;-2,0=bA3;-2,2=bB1;-2,3=bS1;-1,-2=bG1;-1,-1=wQ;-1,0=bG2;-1,2=bA2;0,-2=bB2;0,0=wB1;0,1=bA1;1,-2=wG2;2,-3=wG3;2,-2=wB2;3,-4=wG1;4,-5=wS2
10	62	-1.000000	terminal	G1|w|62|31|31|-6,4=bQ;-5,3=wA3;-4,3=wA2;-3,3=wA1;-2,-3=wS1;-2,-2=bG3;-2,-1=bS2;-2,0=bA3;-2,3=bS1;-1,-2=bG1;-1,-1=wQ;-1,0=bG2;-1,1=bB1;-1,2=bA2;0,-2=bB2;0,0=wB1;0,1=bA1;1,-2=wG2;2,-3=wG3;2,-2=wB2;3,-4=wG1;3,-2=wS2
10	64	-1.000000	terminal	G1|w|64|32|32|-6,4=bQ;-5,3=wA3;-4,3=wA2;-3,3=wA1;-2,-3=wS1;-2,-2=bG3;-2,-1=bS2;-2,3=bS1;-1,-2=bG1;-1,-1=wQ;-1,0=bG2;-1,1=bB1;-1,2=bA2;0,-2=bB2;0,1=bA1,wB1;1,-3=bA3;1,-2=wG2;2,-3=wG3;2,-2=wB2;3,-4=wG1;3,-2=wS2
10	66	-1.000000	terminal	G1|w|66|33|33|-7,4=bA3;-6,4=bQ;-5,3=wA3;-4,3=wA2;-3,3=wA1;-2,-3=wS1;-2,-2=bG3;-2,-1=bS2;-2,3=bS1;-1,-2=bG1;-1,-1=wQ;-1,0=bG2;-1,1=bB1,wB1;-1,2=bA2;0,-2=bB2;0,1=bA1;1,-2=wG2;2,-3=wG3;2,-2=wB2;3,-4=wG1;3,-2=wS2
10	68	-1.000000	terminal	G1|w|68|34|34|-6,4=bQ;-5,3=wA3;-4,3=wA2;-3,3=wA1;-2,-3=wS1;-2,-2=bG3;-2,-1=bS2;-2,0=bA3;-2,3=bS1;-1,-2=bG1;-1,-1=wQ;-1,0=bG2;-1,1=bB1,wB1;-1,2=bA2;0,-2=bB2;0,-1=wG1;0,1=bA1;1,-2=wG2;2,-3=wG3;2,-2=wB2;3,-2=wS2
11	0	0.000000	adjudicated	G1|w|0|0|0|
11	7	0.000000	adjudicated	G1|b|7|4|3|-3,1=wQ;-2,1=wG1;-1,0=wA2;0,0=wA1;1,-2=bG1;1,-1=bA1;2,-2=bB1
11	9	0.000000	adjudicated	G1|b|9|5|4|-3,1=wQ;-2,1=wG1;-1,0=wA2;0,-2=bQ;0,0=wA1;0,1=wA3;1,-2=bG1;1,-1=bA1;2,-2=bB1
11	11	0.000000	adjudicated	G1|b|11|6|5|-3,1=wQ;-2,1=wG1;-1,-1=wA3;-1,0=wA2;0,-2=bQ;0,0=wA1;1,-2=bG1;1,-1=bA1;2,-2=bB1;2,-1=bG2
11	13	0.000000	adjudicated	G1|b|13|7|6|-3,1=wQ;-2,-1=wS1;-2,1=wG1;-1,-1=wA3;-1,0=wA2;0,-2=bQ;0,0=wA1;1,-1=bA1;1,0=bG1;2,-2=bB1;2,-1=bG2
11	15	0.000000	adjudicated	G1|b|15|8|7|-3,1=wQ;-3,2=bA1;-2,1=wG1;-1,-1=wA3;-1,0=wA2;0,-2=bQ;0,0=wA1;1,-3=wS1;1,0=bG1;2,-2=bB1;2,-1=bG2
11	17	0.000000	adjudicated	G1|b|17|9|8|-4,2=wQ;-3,2=bA1;-2,1=wG1;-1,-1=wA3;-1,0=wA2;0,-2=bQ;0,0=wA1;1,-3=wS1;1,0=bG1;2,-2=bB1;2,-1=bG2;2,0=bA2
11	19	0.000000	adjudicated	G1|b|19|10|9|-5,3=bA2;-4,2=wQ;-3,2=bA1;-2,0=wB1;-2,1=wG1;-1,-1=wA3;-1,0=wA2;0,-2=bQ;0,0=wA1;1,-3=wS1;1,0=bG1;2,-2=bB1;2,-1=bG2
11	21	0.000000	adjudicated	G1|b|21|11|10|-5,3=bA2;-4,2=wQ;-3,2=bA1;-2,0=wB1;-2,1=wG1;-1,-1=wA3;-1,0=wA2;0,-2=bQ;0,-1=wS1;0,0=wA1;1,0=bG1;2,-2=bB1;2,-1=bG2;3,-1=bA3
11	23	0.000000	adjudicated	G1|b|23|12|11|-5,3=bA2;-4,2=wQ;-4,3=bA3;-3,2=bA1;-2,0=wB1;-2,1=wG1;-2,2=wA3;-1,0=wA2;0,-2=bQ;0,-1=wS1;0,0=wA1;1,0=bG1;2,-2=bB1;2,-1=bG2
11	25	0.000000	adjudicated	G1|b|25|13|12|-5,2=wQ;-5,3=bA2;-4,3=bA3;-4,4=bS1;-3,2=bA1;-2,0=wB1;-2,1=wG1;-2,2=wA3;-1,0=wA2;0,-2=bQ;0,-1=wS1;0,0=wA1;1,0=bG1;2,-2=bB1;2,-1=bG2
11	27	0.000000	adjudicated	G1|b|27|14|13|-5,2=wQ;-5,3=bA2;-5,4=bS2;-4,3=bA3;-4,4=bS1;-3,2=bA1;-2,0=wB1;-2,1=wG1;-1,0=wA2;0,-2=bQ;0,-1=wS1;0,0=wA1;1,0=bG1;2,-2=bB1;2,-1=bG2;3,-1=wA3
11	29	0.000000	adjudicated	G1|b|29|15|14|-6,2=bS2;-5,2=wQ;-5,3=bA2;-4,3=bA3;-4,4=bS1;-3,2=bA1;-2,0=wB1;-2,1=wG1;-1,-1=wA3;-1,0=wA2;0,-2=bQ;0,-1=wS1;0,0=wA1;1,0=bG1;2,-2=bB1;2,-1=bG2
11	31	0.000000	adjudicated	G1|b|31|16|15|-6,2=bS2;-5,2=wQ;-5,3=bA2;-4,3=bA3;-4,4=bS1;-3,2=bA1;-2,-1=wB1;-2,1=wG1;-1,-2=bQ;-1,-1=wA3;-1,0=wA2;0,-1=wS1;0,0=wA1;1,0=bG1;2,-2=bB1;2,-1=bG2
11	33	0.000000	adjudicated	G1|b|33|17|16|-6,2=bS2;-5,2=wQ;-5,3=bA2;-4,3=bA3;-4,4=bS1;-3,2=bA1;-2,-2=bQ;-2,-1=wB1;-2,1=wG1;-1,-3=wS1;-1,-1=wA3;-1,0=wA2;0,0=wA1;1,0=bG1;2,-2=bB1;2,-1=bG2
11	35	0.000000	adjudicated	G1|b|35|18|17|-6,2=bS2;-6,3=bS1;-5,1=wQ;-5,3=bA2;-4,3=bA3;-3,2=bA1;-2,-2=bQ;-2,-1=wB1;-2,1=wG1;-1,-3=wS1;-1,-1=wA3;-1,0=wA2;0,0=wA1;1,0=bG1;2,-2=bB1;2,-1=bG2
11	37	0.000000	adjudicated	G1|b|37|19|18|-6,2=bS2;-6,3=bS1;-5,1=wQ;-5,3=bA2;-4,3=bA3;-4,4=bB2;-3,2=bA1;-2,-2=bQ;-2,-1=wB1;-2,1=wG1;-1,-3=wS1;-1,-1=wA3;-1,0=wA2;-1,1=wS2;0,0=wA1;1,0=bG1;2,-2=bB1;2,-1=bG2
11	39	0.000000	adjudicated	G1|b|39|20|19|-6,2=bS2;-6,3=bS1;-5,1=wQ;-5,3=bA2;-4,3=bA3;-4,4=bB2;-3,2=bA1;-2,-2=bQ;-2,-1=wB1;-2,1=wG1;-1,-3=wS1;-1,-1=wA3;-1,0=wA2;-1,1=wS2;0,-3=wB2;0,0=wA1;1,0=bG1;2,-2=bB1;2,-1=bG2;3,-2=bG3
11	41	0.000000	adjudicated	G1|b|41|21|20|-6,2=bS2;-6,3=bS1;-5,1=wQ;-5,3=bA2;-5,4=bB2;-4,3=bA3;-3,2=bA1;-2,-2=bQ;-2,-1=wB1;-2,1=wG1;-1,-3=wS1;-1,-2=wB2;-1,-1=wA3;-1,0=wA2;-1,1=wS2;0,0=wA1;1,0=bG1;2,-2=bB1;2,-1=bG2;3,-2=bG3
11	43	0.000000	adjudicated	G1|b|43|22|21|-6,2=bS2;-6,3=bS1;-5,1=wQ;-5,3=bA2;-5,4=bB2;-4,3=bA3;-3,-1=wS1;-3,2=bA1;-2,-2=bQ;-2,-1=wB1;-2,1=wG1;-1,-2=wB2;-1,-1=wA3;-1,0=wA2;-1,1=wS2;0,0=wA1;1,0=bG1;2,-1=bG2,bB1;3,-2=bG3
11	45	0.000000	adjudicated	G1|b|45|23|22|-6,2=bS2;-6,3=bS1;-5,1=wQ;-5,3=bA2;-5,4=bB2;-4,3=bA3;-3,-2=bQ;-3,-1=wS1;-3,2=bA1;-2,-2=wB2;-2,-1=wB1;-2,1=wG1;-1,-1=wA3;-1,0=wA2;-1,1=wS2;0,0=wA1;1,0=bG1;2,-1=bG2,bB1;3,-2=bG3
11	47	0.000000	adjudicated	G1|b|47|24|23|-6,2=bS2;-6,3=bS1;-5,1=wQ;-5,3=bA2;-5,4=bB2;-4,-1=bQ;-4,3=bA3;-3,-2=wB2;-3,-1=wS1;-3,2=bA1;-2,-1=wB1;-2,1=wG1;-1,-1=wA3;-1,0=wA2;-1,1=wS2;0,0=wA1;1,0=bG1;2,-1=bG2,bB1;3,-2=bG3
11	49	0.000000	adjudicated	G1|b|49|25|24|-6,2=bS2;-6,3=bS1;-5,1=wQ;-5,3=bA2;-5,4=bB2;-4,-2=bQ;-4,3=bA3;-3,-2=wB2;-3,-1=wS1;-3,2=bA1;-2,-1=wB1;-2,0=wG2;-2,1=wG1;-1,-1=wA3;-1,0=wA2;-1,1=wS2;0,0=wA1;1,0=bG1;2,-1=bG2,bB1;3,-2=bG3
11	51	0.000000	adjudicated	G1|b|51|26|25|-6,2=bS2;-6,3=bS1;-5,1=wQ;-5,3=bA2;-5,4=bB2;-4,-2=bQ;-4,-1=wA3;-4,3=bA3;-3,-2=wB2;-3,-1=wS1;-3,2=bA1;-2,-1=wB1;-2,0=wG2;-2,1=wG1;-1,0=wA2;-1,1=wS2;0,0=wA1;1,0=bG1;2,-1=bG2;2,0=bB1;3,-2=bG3
11	53	0.000000	adjudicated	G1|b|53|27|26|-6,-1=wA2;-6,2=bS2;-6,3=bS1;-5,-1=bQ;-5,1=wQ;-5,3=bA2;-5,4=bB2;-4,-1=wA3;-4,3=bA3;-3,-2=wB2;-3,-1=wS1;-3,2=bA1;-2,-1=wB1;-2,0=wG2;-2,1=wG1;-1,1=wS2;0,0=wA1;1,0=bG1;2,-1=bG2;2,0=bB1;3,-2=bG3
11	55	0.000000	adjudicated	G1|b|55|28|27|-6,-1=wA2;-6,2=bS2;-6,3=bS1;-5,-1=bQ;-5,1=wQ;-5,3=bA2;-5,4=bB2;-4,-2=wB2;-4,-1=wA3;-4,3=bA3;-3,-1=wS1;-3,2=bA1;-2,-1=wB1;-2,0=wG2;-2,1=wG1;-1,1=wS2;0,0=wA1;1,0=bG1;2,-1=bG2;3,-2=bG3;3,-1=bB1
11	57	0.000000	adjudicated	G1|b|57|29|28|-7,-1=wG3;-6,-1=wA2;-6,2=bS2;-6,3=bS1;-5,-1=bQ;-5,1=wQ;-5,3=bA2,bB2;-4,-2=wB2;-4,-1=wA3;-4,3=bA3;-3,-1=wS1;-3,2=bA1;-2,-1=wB1;-2,0=wG2;-2,1=wG1;-1,1=wS2;0,0=wA1;1,0=bG1;2,-1=bG2;3,-2=bG3;3,-1=bB1
11	59	0.000000	adjudicated	G1|b|59|30|29|-7,-1=wG3;-6,-1=wA2;-6,1=wQ;-6,2=bS2;-6,3=bS1;-5,-1=bQ;-5,2=bB2;-5,3=bA2;-4,-2=wB2;-4,-1=wA3;-4,3=bA3;-3,-1=wS1;-3,2=bA1;-2,-1=wB1;-2,0=wG2;-2,1=wG1;-1,1=wS2;0,0=wA1;1,0=bG1;2,-1=bG2;3,-2=bG3;3,-1=bB1
11	61	0.000000	adjudicated	G1|b|61|31|30|-7,-1=wG3;-7,1=bS1;-6,-1=wA2;-6,1=wQ;-6,2=bS2;-5,-2=wB2;-5,-1=bQ;-5,2=bB2;-5,3=bA2;-4,-1=wA3;-4,3=bA3;-3,-1=wS1;-3,2=bA1;-2,-1=wB1;-2,0=wG2;-2,1=wG1;-1,1=wS2;0,0=wA1;1,0=bG1;2,-1=bG2;3,-2=bG3;3,-1=bB1
11	63	0.000000	adjudicated	G1|b|63|32|31|-7,1=bS1;-6,-1=wA2;-6,1=wQ;-6,2=bS2;-5,-2=wB2;-5,-1=bQ;-5,2=bB2;-5,3=bA2;-4,-1=wA3;-4,3=bA3;-3,-1=wS1;-3,2=bA1;-2,-1=wB1;-2,0=wG2;-2,1=wG1;-1,-1=wG3;-1,1=wS2;0,0=wA1;1,0=bG1;2,-1=bG2;3,-1=bB1;3,0=bG3
11	65	0.000000	adjudicated	G1|b|65|33|32|-7,-1=wG3;-7,1=bS1;-6,-1=wA2;-6,1=wQ;-6,2=bS2;-5,-2=wB2;-5,-1=bQ;-5,2=bB2;-5,3=bA2;-4,-1=wA3;-4,3=bA3;-3,-1=wS1;-3,2=bA1;-2,-1=wB1;-2,0=wG2;-2,1=wG1;-1,1=wS2;0,0=wA1;1,0=bG1;2,-1=bG2;3,-2=bG3;3,-1=bB1
11	67	0.000000	adjudicated	G1|b|67|34|33|-7,-1=wG3;-7,1=bS1;-6,-1=wA2;-6,1=wQ;-6,2=bS2;-5,-1=bQ;-5,2=bB2;-5,3=bA2;-4,-2=wB2;-4,-1=wA3;-4,3=bA3;-3,-1=wS1;-3,2=bA1;-2,-1=wB1;-2,0=wG2;-2,1=wG1;-1,1=wS2;0,0=wA1;1,0=bG1;2,-1=bG2;2,0=bB1;3,-2=bG3
11	69	0.000000	adjudicated	G1|b|69|35|34|-7,-1=wG3;-7,1=bS1;-6,-1=wA2;-6,1=wQ;-6,2=bS2;-5,-2=wB2;-5,-1=bQ;-5,2=bB2;-5,3=bA2;-4,-1=wA3;-4,3=bA3;-3,-1=wS1;-3,2=bA1;-2,-1=wB1;-2,0=wG2;-2,1=wG1;-1,1=wS2;0,0=wA1;1,0=bG1;2,-1=bG2,bB1;3,-2=bG3
11	71	0.000000	adjudicated	G1|b|71|36|35|-7,-1=wG3;-7,1=bS1;-6,-1=wA2;-6,1=wQ;-6,2=bS2;-5,-2=wB2;-5,-1=bQ;-5,2=bB2;-5,3=bA2;-4,-2=wA1;-4,-1=wA3;-4,3=bA3;-3,-1=wS1;-3,2=bA1;-2,-1=wB1;-2,0=wG2;-2,1=wG1;-1,1=wS2;0,1=bG3;1,0=bG1;2,-1=bG2,bB1
11	73	0.000000	adjudicated	G1|b|73|37|36|-7,-1=wG3;-7,1=bS1;-6,-1=wA2;-6,1=wQ;-6,2=bS2;-5,-2=wB2;-5,0=bQ;-5,2=bB2;-5,3=bA2;-4,-2=wA1;-4,-1=wA3;-4,3=bA3;-3,-1=wS1;-3,2=bA1;-2,-2=wB1;-2,0=wG2;-2,1=wG1;-1,1=wS2;0,1=bG3;1,0=bG1;2,-1=bG2,bB1
11	75	0.000000	adjudicated	G1|b|75|38|37|-7,1=bS1;-6,-1=wA2;-6,1=wQ;-6,2=bS2;-5,-2=wB2;-5,-1=wG3;-5,0=bQ;-5,2=bB2;-5,3=bA2;-4,-2=wA1;-4,-1=wA3;-4,3=bA3;-3,-1=wS1;-3,2=bA1;-2,-2=wB1;-2,0=wG2;-2,1=wG1;-1,1=wS2;0,1=bG3;1,0=bG1;2,-1=bG2;2,0=bB1
11	77	0.000000	adjudicated	G1|b|77|39|38|-7,1=bS1;-6,1=wQ;-6,2=bS2;-5,-2=wB2;-5,-1=wG3;-5,0=bQ;-5,2=bB2;-5,3=bA2;-4,-2=wA1;-4,-1=wA3;-4,3=bA3;-3,-1=wS1;-3,2=bA1;-2,-2=wB1;-2,0=wG2;-2,1=wG1;-1,-3=wA2;-1,1=wS2;-1,2=bG2;0,1=bG3;1,0=bG1;2,0=bB1
11	79	0.000000	adjudicated	G1|b|79|40|39|-6,1=wQ;-6,2=bS2;-6,3=bS1;-5,-2=wB2;-5,-1=wG3;-5,0=bQ;-5,2=bB2;-5,3=bA2;-4,-1=wA3;-4,3=bA3;-3,-1=wS1;-3,2=bA1;-2,-2=wB1;-2,0=wG2;-2,1=wG1;-1,-3=wA2;-1,-2=wA1;-1,1=wS2;-1,2=bG2;0,1=bG3;1,0=bG1;2,0=bB1
11	81	0.000000	adjudicated	G1|b|81|41|40|-6,1=wQ;-6,2=bS2;-6,3=bS1,bB2;-5,-2=wB2;-5,-1=wG3;-5,0=bQ;-5,3=bA2;-4,-1=wA3;-4,3=bA3;-3,-1=wS1;-3,2=bA1;-2,-2=wB1;-2,0=wG2;-2,1=wG1;-1,-3=wA2;-1,1=wS2;-1,2=bG2;0,1=bG3;1,0=bG1;2,0=bB1;2,1=wA1
11	83	0.000000	adjudicated	G1|b|83|42|41|-6,-2=wA2;-6,1=wQ;-6,2=bS2;-6,3=bS1,bB2;-5,-2=wB2;-5,-1=wG3;-5,0=bQ;-5,3=bA2;-4,-1=wA3;-4,3=bA3;-3,-1=wS1;-3,2=bA1;-2,-2=wB1;-2,0=wG2;-2,1=wG1;-1,1=wS2;0,1=bG3;1,0=bG1;2,-1=bG2;2,0=bB1;2,1=wA1
11	85	0.000000	adjudicated	G1|b|85|43|42|-7,2=wA2;-6,1=wQ;-6,2=bS2;-6,3=bS1;-5,-2=wB2;-5,-1=wG3;-5,0=bQ;-5,2=bB2;-5,3=bA2;-4,-1=wA3;-4,3=bA3;-3,-1=wS1;-3,2=bA1;-2,-2=wB1;-2,0=wG2;-2,1=wG1;-1,1=wS2;0,1=bG3;1,0=bG1;2,-1=bG2;2,0=bB1;2,1=wA1
11	87	0.000000	adjudicated	G1|b|87|44|43|-6,-1=wA2;-6,1=wQ;-6,2=bS2,bB2;-6,3=bS1;-5,-2=wB2;-5,-1=wG3;-5,0=bQ;-5,3=bA2;-4,-1=wA3;-4,3=bA3;-3,-1=wS1;-3,2=bA1;-2,-2=wB1;-2,0=wG2;-2,1=wG1;-1,1=wS2;0,1=bG3;1,0=bG1;2,-1=bG2;2,0=bB1;2,1=wA1
11	89	0.000000	adjudicated	G1|b|89|45|44|-6,1=wQ;-6,2=bS2;-6,3=bS1,bB2;-5,-2=wB2;-5,-1=wG3;-5,0=bQ;-5,3=bA2;-4,-1=wA3;-4,3=bA3;-3,-1=wS1;-3,2=bA1;-2,-2=wB1;-2,0=wG2;-2,1=wG1;-1,1=wS2;0,1=bG3;1,0=bG1;1,2=wA2;2,-1=bG2;2,0=bB1;2,1=wA1
11	91	0.000000	adjudicated	G1|b|91|46|45|-7,3=bB2;-6,1=wQ;-6,2=bS2;-6,3=bS1;-5,-2=wB2;-5,-1=wG3;-5,0=bQ;-5,3=bA2;-4,-1=wA3;-4,3=bA3;-3,-1=wS1;-3,2=bA1;-2,-2=wB1;-2,0=wG2;-2,1=wG1;-1,1=wS2;0,1=bG3;1,0=bG1;2,-1=bG2;2,0=bB1;2,1=wA1;3,-1=wA2
11	93	0.000000	adjudicated	G1|b|93|47|46|-7,2=bB2;-7,4=wA1;-6,1=wQ;-6,2=bS2;-6,3=bS1;-5,-2=wB2;-5,-1=wG3;-5,0=bQ;-5,3=bA2;-4,-1=wA3;-4,3=bA3;-3,-1=wS1;-3,2=bA1;-2,-2=wB1;-2,0=wG2;-2,1=wG1;-1,1=wS2;0,1=bG3;1,0=bG1;2,-1=bG2;2,0=bB1;3,-1=wA2
11	95	0.000000	adjudicated	G1|b|95|48|47|-7,2=bB2;-7,4=wA1;-6,1=wQ;-6,2=bS2;-6,3=bS1;-5,-2=wB2;-5,-1=wG3;-5,0=bQ;-5,3=bA2;-4,-1=wA3;-4,3=bA3;-3,-1=wS1;-3,2=bA1;-2,-2=wB1;-2,0=wG2;-2,1=wG1;-1,1=wS2;0,1=bG3;1,-1=wA2;1,0=bG1;2,0=bB1;2,1=bG2
12	0	-1.000000	terminal	G1|w|0|0|0|
12	6	-1.000000	terminal	G1|w|6|3|3|-1,-1=bA1;-1,0=bG1;0,-2=bG2;0,0=wG1;1,0=wB1;2,0=wS1
12	8	-1.000000	terminal	G1|w|8|4|4|-2,0=bQ;-1,-1=bA1;-1,0=bG1;0,-2=bG2;0,0=wG1;1,0=wB1;2,0=wS1;3,-1=wQ
12	10	-1.000000	terminal	G1|w|10|5|5|-2,1=bQ;-1,-1=bA1;-1,0=bG1;0,-2=bG2;0,0=wG1;0,1=wB2;1,0=wB1;2,0=wS1;3,-1=wQ
12	12	-1.000000	terminal	G1|w|12|6|6|-2,2=bQ;-1,-1=bA1;-1,0=bG1;-1,1=wB2;0,-2=bG2;0,0=wG1;1,0=wB1;2,0=wS1;3,-1=wQ
12	14	-1.000000	terminal	G1|w|14|7|7|-2,2=bQ;-1,-1=bA1;-1,0=bG1;-1,1=wB2;0,-2=bG2;0,0=wG1;1,-3=bA2;1,0=wB1;2,0=wS1;3,-1=wQ;4,-2=wS2
12	16	-1.000000	terminal	G1|w|16|8|8|-2,2=bQ;-1,-1=bA1;-1,0=bG1;-1,1=wB2;0,-2=bG2;0,0=wG1;1,-1=wS2;1,0=wB1;2,0=wS1;3,-1=wQ;4,-2=bA2
12	18	-1.000000	terminal	G1|w|18|9|9|-2,0=bB1;-2,2=bQ;-1,-1=bA1;-1,0=bG1;-1,1=wB2;0,-2=bG2;0,0=wG1;1,-1=wS2;1,0=wB1;1,1=wA1;2,0=wS1;3,-1=wQ;4,-2=bA2
12	20	-1.000000	terminal	G1|w|20|10|10|-2,0=bB1;-2,2=bQ;-1,-1=bA1;-1,0=bG1;-1,1=wB2;0,-2=bG2;0,0=wG1;1,-1=wS2;1,0=wB1;1,1=wA1;1,2=wA2;2,0=wS1;3,-1=wQ;4,-2=bA2;5,-3=bA3
12	22	-1.000000	terminal	G1|w|22|11|11|-2,0=bB1;-2,2=bQ;-1,-1=bA1;-1,0=bG1;-1,1=wB2;-1,2=wA2;0,-2=bG2;0,0=wG1;1,-1=wS2;1,0=wB1;1,1=wA1;2,-1=bA3;2,0=wS1;3,-1=wQ;4,-2=bA2
12	24	-1.000000	terminal	G1|w|24|12|12|-3,3=wA1;-2,2=bQ;-1,-1=bA1;-1,0=bG1,bB1;-1,1=wB2;-1,2=wA2;0,-2=bG2;0,0=wG1;1,-1=wS2;1,0=wB1;2,-1=bA3;2,0=wS1;3,-1=wQ;4,-2=bA2
12	26	-1.000000	terminal	G1|w|26|13|13|-3,3=wA1;-2,2=bQ;-1,-1=bA1;-1,0=bG1,bB1;-1,1=wB2;-1,2=wA2;0,-2=bG2;0,0=wG1;0,2=wS1;1,-1=wS2;1,0=wB1;2,-1=bA3;3,-1=wQ;3,0=bA2
12	28	-1.000000	terminal	G1|w|28|14|14|-3,3=wA1;-2,2=bQ;-1,-1=bA1;-1,0=bG1,bB1;-1,1=wB2;-1,2=wA2;0,-2=bG2;0,0=wG1;0,1=wG2;0,2=wS1;1,-1=wS2;1,0=wB1;2,-1=bA3;3,-1=wQ;3,0=bA2;3,1=bB2
12	30	-1.000000	terminal	G1|w|30|15|15|-3,3=wA1;-2,1=wG2;-2,2=bQ;-1,-1=bA1;-1,0=bG1,bB1;-1,1=wB2;-1,2=wA2;0,-2=bG2;0,0=wG1;0,2=wS1;1,-1=wS2;1,0=wB1;2,-1=bA3;3,-1=wQ;3,0=bA2,bB2
12	32	-1.000000	terminal	G1|w|32|16|16|-3,3=wA1;-2,1=wG2;-2,2=bQ;-1,-1=bA1;-1,0=bG1,bB1;-1,1=wB2;-1,2=wA2;0,-2=bG2;0,0=wG1;0,1=wB1;0,2=wS1;1,-1=wS2;2,-1=bA3;3,-1=wQ;3,0=bA2;4,-1=bB2
12	34	-1.000000	terminal	G1|w|34|17|17|-2,1=wG2;-2,3=bQ;-1,-1=bA1;-1,0=bG1,bB1;-1,1=wB2;-1,2=wA2;0,-2=bG2;0,0=wG1;0,1=wB1;0,2=wS1;1,-1=wS2;2,-1=bA3;2,1=wA1;3,-1=wQ;3,0=bA2;4,-1=bB2
12	36	-1.000000	terminal	G1|w|36|18|18|-3,4=wS1;-2,-1=bS1;-2,1=wG2;-2,3=bQ;-1,-1=bA1;-1,0=bG1,bB1;-1,1=wB2;-1,2=wA2;0,-2=bG2;0,0=wG1;0,1=wB1;1,-1=wS2;2,-1=bA3;2,1=wA1;3,-1=wQ;3,0=bA2;4,-1=bB2
12	38	-1.000000	terminal	G1|w|38|19|19|-3,3=wA1;-3,4=wS1;-2,-1=bS1;-2,1=wG2;-2,3=bQ;-1,-1=bA1;-1,0=bG1,bB1;-1,1=wB2;-1,2=wA2;0,-2=bG2;0,0=wG1;0,1=wB1;1,-1=wS2;2,-1=bA3;3,-1=wQ;3,0=bA2;3,1=bS2;4,-1=bB2
12	40	-1.000000	terminal	G1|w|40|20|20|-4,5=wG3;-3,3=wA1;-3,4=wS1;-2,1=wG2;-2,3=bQ;-1,-1=bA1;-1,0=bG1,bB1;-1,1=wB2;-1,2=wA2;0,-2=bG2;0,0=wG1;0,1=wB1;1,-3=bS1;1,-1=wS2;2,-1=bA3;3,-1=wQ;3,0=bA2;3,1=bS2;4,-1=bB2
12	42	-1.000000	terminal	G1|w|42|21|21|-4,5=wG3;-3,3=wA1;-3,4=wS1;-2,1=wG2;-2,3=bQ;-1,-1=bA1;-1,0=bG1,bB1;-1,1=wB2,wB1;-1,2=wA2;0,-2=bG2;0,0=wG1;1,-1=wS2;2,-1=bA3;3,-2=bS1;3,-1=wQ;3,0=bA2;3,1=bS2;4,-1=bB2
12	44	-1.000000	terminal	G1|w|44|22|22|-4,5=wG3;-3,3=wA1;-3,4=wS1;-2,1=wG2;-2,2=wB1;-1,-1=bA1;-1,0=bG1,bB1;-1,1=wB2;-1,2=wA2;-1,3=bQ;0,-2=bG2;0,0=wG1;1,-1=wS2;2,-1=bA3;3,-2=bS1;3,-1=wQ;3,0=bA2;3,1=bS2;4,-1=bB2
12	46	-1.000000	terminal	G1|w|46|23|23|-4,5=wG3;-3,3=wA1;-3,4=wS1;-2,2=wB1;-2,3=wG2;-1,-1=bA1;-1,0=bG1,bB1;-1,1=wB2;-1,2=wA2;0,-2=bG2;0,0=wG1;0,2=bQ;1,-1=wS2;2,-1=bA3;3,-2=bS1;3,-1=wQ;3,0=bA2;3,1=bS2;4,-1=bB2
12	48	-1.000000	terminal	G1|w|48|24|24|-4,5=wG3;-3,3=wA1;-3,4=wS1;-2,2=wB1;-1,-1=bA1;-1,0=bG1,bB1;-1,1=wB2;-1,2=wA2;0,-2=bG2;0,0=wG1;0,1=wG2;0,2=bQ;1,-1=wS2;2,-1=bA3;3,-2=bS1;3,-1=wQ;3,0=bA2;3,1=bS2;3,2=bG3;4,-1=bB2
12	50	-1.000000	terminal	G1|w|50|25|25|-4,3=wA3;-4,5=wG3;-3,3=wA1;-3,4=wS1;-2,2=wB1;-1,-1=bA1;-1,0=bG1,bB1;-1,1=wB2;-1,2=wA2;0,-2=bG2;0,0=wG1;0,1=wG2;1,-1=wS2;1,1=bQ;2,-1=bA3;3,-2=bS1;3,-1=wQ;3,0=bA2;3,1=bS2;3,2=bG3;4,-1=bB2
12	52	-1.000000	terminal	G1|w|52|26|26|-4,3=wA3;-4,5=wG3;-3,3=wA1;-3,4=wS1;-2,2=wB1;-1,-1=bA1;-1,0=bG1,bB1;-1,1=wB2;0,-2=bG2;0,0=wG1;0,1=wG2;1,-1=wS2;1,2=bQ;2,-1=bA3;2,1=wA2;3,-2=bS1;3,-1=wQ;3,0=bA2;3,1=bS2;3,2=bG3;4,-1=bB2
12	54	-1.000000	terminal	G1|w|54|27|27|-4,5=wG3;-3,3=wA1;-3,4=wS1;-2,2=wB1;-1,-1=bA1;-1,0=bG1;-1,1=wB2,bB1;0,-2=bG2;0,0=wG1;0,1=wG2;1,-1=wS2;1,2=bQ;1,3=wA3;2,-1=bA3;2,1=wA2;3,-2=bS1;3,-1=wQ;3,0=bA2;3,1=bS2;3,2=bG3;4,-1=bB2
12	56	-1.000000	terminal	G1|w|56|28|28|-4,5=wG3;-3,3=wA1;-3,4=wS1;-2,2=wB1;-1,0=bG1;-1,1=wB2,bB1;0,-2=bG2;0,-1=wG2;0,0=wG1;1,-1=wS2;1,2=bQ;1,3=wA3;2,-1=bA3;2,1=wA2;3,-2=bS1;3,-1=wQ;3,0=bA2;3,1=bS2;3,2=bG3;4,-2=bA1;4,-1=bB2
12	58	-1.000000	terminal	G1|w|58|29|29|-4,5=wG3;-3,3=wA1;-3,4=wS1;-2,2=wB1;-1,0=bG1;-1,1=wB2,bB1;0,-2=bG2;0,-1=wG2;0,0=wG1;1,-1=wS2;1,1=bQ;2,-1=bA3;2,1=wA2;2,2=wA3;3,-2=bS1;3,-1=wQ;3,0=bA2;3,1=bS2;3,2=bG3;4,-2=bA1;4,-1=bB2
12	60	-1.000000	terminal	G1|w|60|30|30|-4,5=wG3;-3,3=wA1;-3,4=wS1;-2,2=wB1;-1,0=bG1;-1,1=wB2,bB1;0,-2=bG2;0,-1=wG2;0,0=wG1;0,2=wA3;1,-1=wS2;1,1=bQ;2,-1=bA3;2,1=wA2;3,-3=bG3;3,-2=bS1;3,-1=wQ;3,0=bA2;3,1=bS2;4,-2=bA1;4,-1=bB2
12	62	-1.000000	terminal	G1|w|62|31|31|-4,5=wG3;-3,3=wA1;-3,4=wS1;-2,2=wB1;-1,0=bG1;-1,1=wB2,bB1;0,-2=bG2;0,-1=wG2;0,0=wG1;1,-1=wS2;1,2=wA3;2,-1=bA3;2,0=bQ;2,1=wA2;3,-3=bG3;3,-2=bS1;3,-1=wQ;3,0=bA2;3,1=bS2;4,-2=bA1;4,-1=bB2
13	0	0.379949	adjudicated	G1|w|0|0|0|
13	7	0.379949	adjudicated	G1|b|7|4|3|-1,0=wG1;-1,1=wQ;0,-1=wA1;0,0=wB1;1,0=bB1;1,1=bB2;2,0=bA1
13	9	0.379949	adjudicated	G1|b|9|5|4|-1,1=wQ;0,-1=wA1;0,0=wB1;0,2=bQ;1,0=bB1;1,1=bB2;2,0=bA1;3,0=wG1
13	11	0.379949	adjudicated	G1|b|11|6|5|-2,2=wA1;-1,1=wQ;0,0=wB1;0,2=bQ;1,0=bB1;1,1=bB2;2,-1=bG1;2,0=bA1;3,0=wG1
13	13	0.379949	adjudicated	G1|b|13|7|6|-1,1=wQ;-1,3=wA1;0,0=wB1;0,2=bQ;1,0=bB1;1,1=bB2;2,-1=bG1;2,0=bA1;3,-2=bG2;3,0=wG1
13	15	0.379949	adjudicated	G1|b|15|8|7|-1,0=wQ;-1,3=wA1;0,0=wB1;0,2=bQ;1,0=bB1;1,1=bB2;2,-1=bG1;2,0=bA1;3,-2=bG2;3,0=wG1;4,-2=bS1
13	17	0.379949	adjudicated	G1|b|17|9|8|-1,0=wQ;0,0=wB1;0,2=bQ;0,3=wA1;1,0=bB1;1,1=bB2;2,-1=bG1;2,0=bA1;3,-2=bG2;3,0=wG1;4,-3=bG3;4,-2=bS1
13	19	0.379949	adjudicated	G1|b|19|10|9|-1,0=wQ;0,0=wB1;0,2=bQ;0,3=wA1;0,4=wB2;1,0=bB1;1,1=bB2;2,-1=bG1;2,0=bA1;3,-2=bG2;3,0=wG1;4,-3=bG3;4,0=bS1
13	21	0.379949	adjudicated	G1|b|21|11|10|-1,0=wQ;0,0=wB1;0,2=bQ;0,3=wA1,wB2;1,0=bB1;1,1=bB2;2,-1=bG1;2,0=bA1;3,-2=bG2;3,0=wG1;4,-3=bG3;4,-2=bS1
13	23	0.379949	adjudicated	G1|b|23|12|11|-1,0=wQ;0,0=wB1;0,2=bQ;0,3=wA1;1,0=bB1;1,1=bB2;1,2=wB2;2,-1=bG1;2,0=bA1;3,-2=bG2;3,0=wG1;4,-3=bG3;4,-2=bS1;5,-4=bA2
13	25	0.379949	adjudicated	G1|b|25|13|12|-1,3=bQ;0,-1=wQ;0,0=wB1;0,3=wA1;1,0=bB1;1,1=bB2;1,2=wB2;2,-1=bG1;2,0=bA1;3,-2=bG2;3,0=wG1;4,-3=bG3;4,-2=bS1;5,-4=bA2
13	27	0.379949	adjudicated	G1|b|27|14|13|-1,0=wQ;-1,3=bQ;0,0=wB1;0,3=wA1;1,-1=bA2;1,0=bB1;1,1=bB2;1,2=wB2;2,-1=bG1;2,0=bA1;3,-2=bG2;3,0=wG1;4,-3=bG3;4,-2=bS1
13	29	0.379949	adjudicated	G1|b|29|15|14|-2,0=bA2;-1,0=wQ;-1,3=bQ;0,0=wB1;0,3=wA1;1,0=bB1;1,1=bB2;1,2=wB2;2,-1=bG1;2,0=bA1;2,2=wG2;3,-2=bG2;3,0=wG1;4,-3=bG3;4,-2=bS1
13	31	0.379949	adjudicated	G1|b|31|16|15|-2,-1=bS2;-2,0=bA2;-1,0=wQ;-1,3=bQ;0,0=wB1;0,2=wG2;0,3=wA1;1,0=bB1;1,1=bB2;1,2=wB2;2,-1=bG1;2,0=bA1;3,-2=bG2;3,0=wG1;4,-3=bG3;4,-2=bS1
13	33	0.379949	adjudicated	G1|b|33|17|16|-2,-1=bS2;-2,0=bA2;-1,0=wQ;-1,4=bQ;0,0=wB1;0,3=wA1;0,4=wG2;1,0=bB1;1,1=bB2;1,2=wB2;2,-1=bG1;2,0=bA1;3,-2=bG2;3,0=wG1;4,-3=bG3;4,-2=bS1
13	35	0.379949	adjudicated	G1|b|35|18|17|-2,0=bA2;-2,1=bS2;-1,0=wQ;-1,4=bQ;0,0=wB1;0,3=wA1;0,4=wG2;1,0=bB1;1,1=bB2;1,2=wB2;1,3=wG3;2,-1=bG1;2,0=bA1;3,-2=bG2;3,0=wG1;4,-3=bG3;4,-2=bS1
13	37	0.379949	adjudicated	G1|b|37|19|18|-2,0=bA2;-2,1=bS2;-1,0=wQ;-1,3=bQ;0,0=wB1;0,2=wG2;0,3=wA1;1,0=bB1;1,1=bB2;1,2=wB2;1,3=wG3;2,-1=bG1;2,0=bA1;3,-2=bG2;3,0=wG1;4,-3=bG3;4,-2=bS1
13	39	0.379949	adjudicated	G1|b|39|20|19|-2,0=bA2;-2,1=bS2;-1,0=wQ;-1,3=wG3;-1,4=bQ;0,0=wB1;0,2=wG2;0,3=wA1;1,0=bB1;1,1=bB2;1,2=wB2;2,-1=bG1;2,0=bA1;3,-2=bG2;3,0=wG1;4,-3=bG3;4,-2=bS1
13	41	0.379949	adjudicated	G1|b|41|21|20|-2,1=bS2;-2,4=bA2;-1,0=wQ;-1,3=wG3;-1,4=bQ;0,0=wB1;0,3=wA1;0,4=wG2;1,0=bB1;1,1=bB2;1,2=wB2;2,-1=bG1;2,0=bA1;3,-2=bG2;3,0=wG1;4,-3=bG3;4,-2=bS1
13	43	0.379949	adjudicated	G1|b|43|22|21|-2,1=bS2;-2,4=bA2;-2,5=bQ;-1,0=wQ;-1,3=wG3;0,0=wB1;0,3=wA1;0,4=wG2;1,0=bB1;1,1=bB2;1,2=wB2;1,4=wS1;2,-1=bG1;2,0=bA1;3,-2=bG2;3,0=wG1;4,-3=bG3;4,-2=bS1
13	45	0.379949	adjudicated	G1|b|45|23|22|-2,1=bS2;-2,2=bA3;-2,4=bA2;-2,5=bQ;-2,6=wS1;-1,0=wQ;-1,3=wG3;0,0=wB1;0,3=wA1;0,4=wG2;1,0=bB1;1,1=bB2;1,2=wB2;2,-1=bG1;2,0=bA1;3,-2=bG2;3,0=wG1;4,-3=bG3;4,-2=bS1
13	47	0.379949	adjudicated	G1|b|47|24|23|-2,1=bS2;-2,4=bA2;-2,5=bQ;-2,6=wS1;-2,7=wS2;-1,0=wQ;-1,1=bA3;-1,3=wG3;0,0=wB1;0,3=wA1;0,4=wG2;1,0=bB1;1,1=bB2;1,2=wB2;2,-1=bG1;2,0=bA1;3,-2=bG2;3,0=wG1;4,-3=bG3;4,-2=bS1
13	49	0.379949	adjudicated	G1|b|49|25|24|-2,1=bS2;-2,4=bA2;-2,5=bQ;-2,6=wS1;-2,7=wS2;-1,1=bA3;-1,3=wG3;0,-1=wQ;0,0=wB1;0,3=wA1;0,4=wG2;1,0=bB1;1,1=bB2;1,2=wB2;2,-1=bG1;2,0=bA1;3,-2=bG2;3,0=wG1;4,-2=bS1;4,-1=bG3
13	51	0.379949	adjudicated	G1|b|51|26|25|-3,5=wS2;-2,1=bS2;-2,4=bA2;-2,5=bQ;-2,6=wS1;-1,1=bA3;-1,3=wG3;0,-1=wQ;0,0=wB1;0,3=wA1;0,4=wG2;1,0=bB1;1,1=bB2;1,2=wB2;2,0=bA1;2,1=bG1;3,-2=bG2;3,0=wG1;4,-2=bS1;4,-1=bG3
13	53	0.379949	adjudicated	G1|b|53|27|26|-3,5=wS2;-2,1=bS2;-2,4=bA2;-2,5=bQ;-2,6=wS1;-1,1=bA3;-1,3=wG3;0,-1=wQ;0,0=wB1;0,3=wA1;1,0=bB1;1,1=bB2;1,2=wB2;1,3=bA1;2,1=bG1;2,2=wG2;3,-2=bG2;3,0=wG1;4,-2=bS1;4,-1=bG3
13	55	0.379949	adjudicated	G1|b|55|28|27|-3,5=wS2;-2,1=bS2;-2,4=bA2;-2,5=bQ;-2,6=wS1;-1,-1=bA1;-1,1=bA3;-1,3=wG3;0,-1=wQ;0,0=wB1;0,3=wA1;1,0=bB1;1,1=bB2;1,2=wB2;2,1=bG1;2,2=wG2;2,3=wA2;3,-2=bG2;3,0=wG1;4,-2=bS1;4,-1=bG3
13	57	0.379949	adjudicated	G1|b|57|29|28|-3,5=wS2;-2,4=bA2;-2,5=bQ;-2,6=wS1;-1,-1=bA1;-1,1=bA3;-1,3=wG3;-1,5=wA2;0,-1=wQ;0,0=wB1;0,1=bS2;0,3=wA1;1,0=bB1;1,1=bB2;1,2=wB2;2,1=bG1;2,2=wG2;3,-2=bG2;3,0=wG1;4,-2=bS1;4,-1=bG3
13	59	0.379949	adjudicated	G1|b|59|30|29|-3,5=wS2;-2,4=bA2;-2,5=bQ;-2,6=wS1;-1,-1=bA1;-1,3=wG3;-1,4=wA2;0,-2=bA3;0,-1=wQ;0,0=wB1;0,1=bS2;0,3=wA1;1,0=bB1;1,1=bB2;1,2=wB2;2,1=bG1;2,2=wG2;3,-2=bG2;3,0=wG1;4,-2=bS1;4,-1=bG3
13	61	0.379949	adjudicated	G1|b|61|31|30|-3,5=wS2;-2,5=bQ;-2,6=wS1;-1,-1=bA1;-1,4=wA2;-1,5=wG3;0,-2=bA3;0,-1=wQ;0,0=wB1;0,1=bS2;0,3=wA1;1,-2=bA2;1,0=bB1;1,1=bB2;1,2=wB2;2,1=bG1;2,2=wG2;3,-2=bG2;3,0=wG1;4,-2=bS1;4,-1=bG3
13	63	0.379949	adjudicated	G1|b|63|32|31|-4,5=wG3;-3,5=wS2;-2,5=bQ;-2,6=wS1;-1,-1=bA1;-1,4=wA2;0,-2=bA3;0,-1=wQ;0,0=wB1;0,1=bS2;0,3=wA1;1,-2=bA2;1,-1=bB1;1,1=bB2;1,2=wB2;2,1=bG1;2,2=wG2;3,-2=bG2;3,0=wG1;4,-2=bS1;4,-1=bG3
13	65	0.379949	adjudicated	G1|b|65|33|32|-3,5=wS2;-2,5=bQ;-2,6=wS1;-1,-1=bA1;-1,0=bA3;-1,4=wA2;-1,5=wG3;0,-1=wQ;0,0=wB1;0,1=bS2;0,3=wA1;1,-2=bA2;1,-1=bB1;1,1=bB2;1,2=wB2;2,1=bG1;2,2=wG2;3,-2=bG2;3,0=wG1;4,-2=bS1;4,-1=bG3
13	67	0.379949	adjudicated	G1|b|67|34|33|-3,5=wS2;-2,5=bQ;-2,6=wS1;-1,-1=bA1;-1,0=bA3;-1,4=wA2;-1,5=wG3;0,-2=bA2;0,-1=wQ;0,0=wB1;0,1=bS2;0,3=wA1;1,-1=bB1;1,1=bB2;1,2=wB2;2,1=bG1;2,2=wG2;3,-2=bG2;3,0=wG1;3,2=wA3;4,-2=bS1;4,-1=bG3
13	69	0.379949	adjudicated	G1|b|69|35|34|-3,5=wS2;-3,6=wA3;-2,5=bQ;-2,6=wS1;-1,-1=bA1;-1,4=wA2;-1,5=wG3;0,-2=bA2;0,-1=wQ;0,0=wB1;0,1=bS2;0,3=wA1;0,5=bA3;1,-1=bB1;1,1=bB2;1,2=wB2;2,1=bG1;2,2=wG2;3,-2=bG2;3,0=wG1;4,-2=bS1;4,-1=bG3
13	71	0.379949	adjudicated	G1|b|71|36|35|-3,5=wS2;-3,6=wA3;-2,5=bQ;-2,6=wS1;-1,-1=bA1;-1,0=bA3;-1,4=wA2;-1,5=wG3;0,-2=bA2;0,-1=wQ;0,0=wB1;0,1=bS2;0,2=wG2;0,3=wA1;1,-1=bB1;1,1=bB2;1,2=wB2;2,1=bG1;3,-2=bG2;3,0=wG1;4,-2=bS1;4,-1=bG3
13	73	0.379949	adjudicated	G1|b|73|37|36|-3,5=wS2;-2,5=bQ;-2,6=wS1;-1,-1=bA1;-1,0=bA3;-1,3=wA3;-1,4=wA2;-1,5=wG3;0,-2=bA2;0,-1=wQ;0,0=wB1;0,1=bS2;0,2=wG2;0,3=wA1;1,-1=bB1;1,2=wB2,bB2;2,1=bG1;3,-2=bG2;3,0=wG1;4,-2=bS1;4,-1=bG3
13	75	0.379949	adjudicated	G1|b|75|38|37|-3,5=wS2;-2,5=bQ;-2,6=wS1;-1,0=bA3;-1,3=wA3;-1,4=wA2;-1,5=wG3;0,-2=bA2;0,-1=wQ;0,1=bS2,wB1;0,2=wG2;0,3=wA1;1,-1=bB1;1,2=wB2,bB2;2,-2=bA1;2,1=bG1;3,-2=bG2;3,0=wG1;4,-2=bS1;4,-1=bG3
13	77	0.379949	adjudicated	G1|b|77|39|38|-3,5=wS2;-3,6=wA1;-2,5=bQ;-2,6=wS1;-1,0=bA3;-1,3=wA3;-1,4=wA2;-1,5=wG3;0,-2=bA2;0,-1=wQ;0,1=bS2,wB1;0,2=wG2;1,-1=bB1;1,2=wB2;2,-2=bA1;2,1=bG1,bB2;3,-2=bG2;3,0=wG1;4,-2=bS1;4,-1=bG3
13	79	0.379949	adjudicated	G1|b|79|40|39|-3,5=wS2;-3,6=wA1;-2,5=bQ;-2,6=wS1;-1,-1=wQ;-1,3=wA3;-1,4=wA2;-1,5=wG3;0,-2=bA2;0,1=bS2,wB1;0,2=wG2;1,-2=bA3;1,-1=bB1;1,2=wB2;2,-2=bA1;2,1=bG1,bB2;3,-2=bG2;3,0=wG1;4,-2=bS1;4,-1=bG3
13	81	0.379949	adjudicated	G1|b|81|41|40|-3,5=wS2;-3,6=wA1;-2,5=bQ;-2,6=wS1;-1,0=wQ;-1,3=wA3;-1,4=wA2;-1,5=wG3;0,-2=bA2;0,-1=bB1;0,1=bS2,wB1;0,2=wG2;1,-2=bA3;1,2=wB2;2,-2=bA1;2,1=bG1,bB2;3,-2=bG2;3,0=wG1;4,-2=bS1;4,-1=bG3
13	83	0.379949	adjudicated	G1|b|83|42|41|-3,4=wA1;-3,5=wS2;-2,0=bA2;-2,5=bQ;-2,6=wS1;-1,0=wQ;-1,3=wA3;-1,4=wA2;-1,5=wG3;0,-1=bB1;0,1=bS2,wB1;0,2=wG2;1,-2=bA3;1,2=wB2;2,-2=bA1;2,1=bG1,bB2;3,-2=bG2;3,0=wG1;4,-2=bS1;4,-1=bG3
13	85	0.379949	adjudicated	G1|b|85|43|42|-4,5=bA2;-3,4=wA1;-3,5=wS2;-2,5=bQ;-2,6=wS1;-1,0=wQ;-1,3=wA3;-1,4=wA2;-1,5=wG3;0,-1=bB1;0,0=wB1;0,1=bS2;0,2=wG2;1,-2=bA3;1,2=wB2;2,-2=bA1;2,1=bG1,bB2;3,-2=bG2;3,0=wG1;4,-2=bS1;4,-1=bG3
13	87	0.379949	adjudicated	G1|b|87|44|43|-4,5=bA2;-3,5=wS2;-3,6=wA1;-2,1=bA1;-2,5=bQ;-2,6=wS1;-1,0=wQ;-1,3=wA3;-1,4=wA2;-1,5=wG3;0,-1=bB1;0,0=wB1;0,1=bS2;0,2=wG2;1,-2=bA3;1,2=wB2;2,1=bG1,bB2;3,-2=bG2;3,0=wG1;4,-2=bS1;4,-1=bG3
13	89	0.379949	adjudicated	G1|b|89|45|44|-4,5=bA2;-3,5=wS2;-2,1=bA1;-2,4=wA1;-2,5=bQ;-2,6=wS1;-1,-1=bA3;-1,0=wQ;-1,3=wA3;-1,4=wA2;-1,5=wG3;0,-1=bB1;0,0=wB1;0,1=bS2;0,2=wG2;1,2=wB2;2,1=bG1,bB2;3,-2=bG2;3,0=wG1;4,-2=bS1;4,-1=bG3
13	91	0.379949	adjudicated	G1|b|91|46|45|-3,1=wA1;-3,5=wS2;-2,1=bA1;-2,5=bQ;-2,6=wS1;-1,-1=bA3;-1,0=wQ;-1,1=bA2;-1,3=wA3;-1,4=wA2;-1,5=wG3;0,-1=bB1;0,0=wB1;0,1=bS2;0,2=wG2;1,2=wB2;2,1=bG1,bB2;3,-2=bG2;3,0=wG1;4,-2=bS1;4,-1=bG3
13	93	0.379949	adjudicated	G1|b|93|47|46|-3,1=wA1;-3,5=wS2;-2,1=bA1;-2,5=bQ;-2,6=wS1;-1,-1=bA3;-1,0=wQ;-1,1=bA2;-1,3=wA3;-1,4=wA2;-1,5=wG3;0,-1=bB1;0,1=bS2;0,2=wG2;1,-1=wB1;1,2=wB2;2,0=bB2;2,1=bG1;3,-2=bG2;3,0=wG1;4,-2=bS1;4,-1=bG3
13	95	0.379949	adjudicated	G1|b|95|48|47|-3,5=wS2;-2,1=bA1;-2,4=wA1;-2,5=bQ;-2,6=wS1;-1,-1=bA3;-1,0=wQ;-1,1=bA2;-1,3=wA3;-1,4=wA2;-1,5=wG3;0,-1=bB1;0,1=bS2;0,2=wG2;1,-1=wB1;1,1=bB2;1,2=wB2;2,1=bG1;3,-2=bG2;3,0=wG1;4,-2=bS1;4,-1=bG3
14	0	0.000000	adjudicated	G1|w|0|0|0|
14	6	0.000000	adjudicated	G1|w|6|3|3|-2,1=bB1;-2,2=bS2;-1,1=bS1;0,0=wB1;1,-1=wB2;1,0=wG1
14	8	0.000000	adjudicated	G1|w|8|4|4|-2,0=bQ;-2,1=bB1;-2,2=bS2;-1,1=bS1;0,0=wB1;1,-1=wB2;1,0=wG1;2,-2=wQ
14	10	0.000000	adjudicated	G1|w|10|5|5|-3,2=bB2;-2,0=bQ;-2,1=bB1;-2,2=bS2;-1,0=wG1;-1,1=bS1;0,0=wB1;1,-1=wB2;2,-2=wQ
14	12	0.000000	adjudicated	G1|w|12|6|6|-3,2=bB2,bB1;-2,0=bQ;-2,2=bS2;-1,0=wG1;-1,1=bS1;0,0=wB1;1,-1=wB2;1,0=wS1;2,-2=wQ
14	14	0.000000	adjudicated	G1|w|14|7|7|-3,2=bB2,bB1;-2,0=bQ;-2,2=bS2;-2,3=bG1;-1,0=wG1;-1,1=bS1;0,0=wB1;1,-1=wB2;1,0=wS1;1,1=wA1;2,-2=wQ
14	16	0.000000	adjudicated	G1|w|16|8|8|-3,2=bB2,bB1;-3,3=bG2;-2,-1=wA1;-2,0=bQ;-2,2=bS2;-2,3=bG1;-1,0=wG1;-1,1=bS1;0,0=wB1;1,-1=wB2;1,0=wS1;2,-2=wQ
14	18	0.000000	adjudicated	G1|w|18|9|9|-4,4=wA1;-3,2=bB2,bB1;-3,3=bG2;-2,0=bQ;-2,2=bS2;-2,3=bG1;-1,0=wG1;-1,1=bS1;-1,3=bG3;0,0=wB1;1,-1=wB2;1,0=wS1;2,-2=wQ
14	20	0.000000	adjudicated	G1|w|20|10|10|-4,4=wA1;-3,2=bB2,bB1;-3,3=bG2;-2,0=bQ;-2,2=bS2;-2,3=bG1;-1,0=wG1;-1,1=bS1;-1,3=bG3;-1,4=bA1;0,0=wB1;1,-1=wB2;1,0=wS1;2,-2=wQ;2,-1=wA2
14	22	0.000000	adjudicated	G1|w|22|11|11|-4,4=wA1;-3,2=bB2,bB1;-3,3=bG2;-2,0=bQ;-2,2=bS2;-2,3=bG1;-1,-1=wA2;-1,0=wG1;-1,1=bS1;-1,3=bG3;0,0=wB1;1,-1=wB2;1,0=wS1;2,-2=wQ;3,-2=bA1
14	24	0.000000	adjudicated	G1|w|24|12|12|-3,0=bQ;-3,2=bB2,bB1;-3,3=bG2;-2,-1=wA1;-2,2=bS2;-2,3=bG1;-1,-1=wA2;-1,0=wG1;-1,1=bS1;-1,3=bG3;0,0=wB1;1,-1=wB2;1,0=wS1;2,-2=wQ;3,-2=bA1
14	26	0.000000	adjudicated	G1|w|26|13|13|-3,0=bQ;-3,2=bB2,bB1;-2,-1=wA1;-2,2=bS2;-2,3=bG1;-1,-1=wA2;-1,0=wG1;-1,1=bS1;-1,3=bG3;0,0=wB1;0,2=wS1;1,-1=wB2;2,-2=wQ;3,-3=bG2;3,-2=bA1
14	28	0.000000	adjudicated	G1|w|28|14|14|-3,0=bQ;-3,2=bB2,bB1;-3,4=bA2;-2,-1=wA1;-2,2=bS2;-2,3=bG1;-1,-1=wA2;-1,0=wG1;-1,1=bS1;-1,3=bG3;0,0=wB1;0,2=wS1;1,-1=wB2;1,0=wA3;2,-2=wQ;3,-3=bG2;3,-2=bA1
14	30	0.000000	adjudicated	G1|w|30|15|15|-3,-1=bQ;-3,1=wA3;-3,2=bB2,bB1;-3,4=bA2;-2,-1=wA1;-2,2=bS2;-2,3=bG1;-1,-1=wA2;-1,0=wG1;-1,1=bS1;-1,3=bG3;0,0=wB1;0,2=wS1;1,-1=wB2;2,-2=wQ;3,-3=bG2;3,-2=bA1
14	32	0.000000	adjudicated	G1|w|32|16|16|-4,-1=wA3;-3,-1=bQ;-3,2=bB2,bB1;-2,-1=wA1;-2,2=bS2;-2,3=bG1;-1,-1=wA2;-1,0=wG1;-1,1=bS1;-1,3=bG3;0,0=wB1;0,2=wS1;1,-2=bA2;1,-1=wB2;2,-2=wQ;3,-3=bG2;3,-2=bA1
14	34	0.000000	adjudicated	G1|w|34|17|17|-3,-1=bQ;-3,2=bB2,bB1;-2,-2=wA3;-2,-1=wA1;-2,2=bS2;-2,3=bG1;-1,-1=wA2;-1,0=wG1;-1,1=bS1;-1,3=bG3;0,0=wB1;0,2=wS1;1,-2=bA2;1,-1=wB2;1,2=bA1;2,-2=wQ;3,-3=bG2
14	36	0.000000	adjudicated	G1|w|36|18|18|-3,-1=bQ;-3,0=wA3;-3,2=bB2,bB1;-2,-1=wA1;-2,2=bS2;-2,3=bG1;-1,-1=wA2;-1,0=wG1;-1,1=bS1;-1,3=bG3;0,0=wB1;0,2=wS1;1,-2=bA2;1,-1=wB2;2,-2=wQ;3,-3=bG2;3,-2=bA1
14	38	0.000000	adjudicated	G1|w|38|19|19|-4,0=bQ;-3,0=wA3;-3,2=bB2,bB1;-2,-1=wA1;-2,2=bS2;-2,3=bG1;-1,-1=wA2;-1,0=wG1;-1,1=bS1;-1,3=bG3;0,0=wB1;0,2=wS1;1,-2=bA2;1,-1=wB2;1,1=wS2;2,-2=wQ;3,-3=bG2;3,-2=bA1
14	40	0.000000	adjudicated	G1|w|40|20|20|-4,0=bQ;-3,0=wA3;-3,2=bB2,bB1;-2,-1=wA1;-2,2=bS2;-2,3=bG1;-1,-1=wA2;-1,0=wG1;-1,1=bS1;-1,3=bG3;-1,4=bA3;0,0=wB1;0,2=wS1;1,-2=bA2;1,-1=wB2;1,0=wG2;1,1=wS2;2,-2=wQ;3,-3=bG2;3,-2=bA1
14	42	0.000000	adjudicated	G1|w|42|21|21|-4,0=bQ;-3,0=wA3;-3,2=bB2,bB1;-2,-1=wA1;-2,0=wG2;-2,2=bS2;-2,3=bG1;-1,-1=wA2;-1,0=wG1;-1,1=bS1;-1,3=bG3;0,0=wB1;0,2=wS1;1,-2=bA2;1,-1=wB2;1,1=wS2;2,-2=wQ;2,-1=bA3;3,-3=bG2;3,-2=bA1
14	44	0.000000	adjudicated	G1|w|44|22|22|-4,0=bQ;-4,1=wA1;-3,0=wA3;-3,2=bB2,bB1;-3,4=bA1;-2,0=wG2;-2,2=bS2;-2,3=bG1;-1,-1=wA2;-1,0=wG1;-1,1=bS1;-1,3=bG3;0,0=wB1;0,2=wS1;1,-2=bA2;1,-1=wB2;1,1=wS2;2,-2=wQ;2,-1=bA3;3,-3=bG2
14	46	0.000000	adjudicated	G1|w|46|23|23|-5,1=wA2;-4,1=wA1;-3,-1=bQ;-3,0=wA3;-3,2=bB2,bB1;-3,4=bA1;-2,0=wG2;-2,2=bS2;-2,3=bG1;-1,0=wG1;-1,1=bS1;-1,3=bG3;0,0=wB1;0,2=wS1;1,-2=bA2;1,-1=wB2;1,1=wS2;2,-2=wQ;2,-1=bA3;3,-3=bG2
14	48	0.000000	adjudicated	G1|w|48|24|24|-4,0=wA2;-4,1=wA1;-3,-1=bQ;-3,0=wA3;-3,2=bB2,bB1;-2,0=wG2;-2,2=bS2;-2,3=bG1;-1,0=wG1;-1,1=bS1;-1,3=bG3;0,0=wB1;0,2=wS1;1,-2=bA2;1,-1=wB2;1,1=wS2;2,-2=wQ;2,-1=bA3;3,-3=bG2;3,-2=bA1
14	50	0.000000	adjudicated	G1|w|50|25|25|-4,0=wA2;-3,-1=bQ;-3,0=wA3;-3,2=bB2,bB1;-2,-2=wA1;-2,-1=bA1;-2,0=wG2;-2,2=bS2;-2,3=bG1;-1,0=wG1;-1,1=bS1;-1,3=bG3;0,0=wB1;0,2=wS1;1,-2=bA2;1,-1=wB2;1,1=wS2;2,-2=wQ;2,-1=bA3;3,-3=bG2
14	52	0.000000	adjudicated	G1|w|52|26|26|-4,0=wA2;-3,-1=bQ;-3,0=wA3;-3,2=bB2,bB1;-2,0=wG2;-2,2=bS2;-2,3=bG1;-1,0=wG1;-1,1=bS1;-1,3=bG3;0,-2=wA1;0,0=wB1;0,2=wS1;1,-2=bA2;1,-1=wB2;1,1=wS2;2,-2=wQ;2,-1=bA3;3,-3=bG2;3,-2=bA1
14	54	0.000000	adjudicated	G1|w|54|27|27|-4,-1=bQ;-4,0=wA2;-3,0=wA3;-3,2=bB2,bB1;-2,-1=wA1;-2,0=wG2;-2,2=bS2;-2,3=bG1;-1,0=wG1;-1,1=bS1;-1,3=bG3;0,0=wB1;0,2=wS1;1,-2=bA2;1,-1=wB2;1,1=wS2;2,-2=wQ;2,-1=bA3;3,-3=bG2;3,-2=bA1
14	56	0.000000	adjudicated	G1|w|56|28|28|-5,-1=wA1;-4,-1=bQ;-4,0=wA2;-3,0=wA3;-3,2=bB2,bB1;-2,0=wG2;-2,2=bS2;-2,3=bG1;-1,0=wG1;-1,1=bS1;-1,3=bG3;0,0=wB1;0,2=wS1;1,-1=wB2;1,1=wS2;2,-3=bA2;2,-2=wQ;2,-1=bA3;3,-3=bG2;3,-2=bA1
14	58	0.000000	adjudicated	G1|w|58|29|29|-4,-2=wA1;-4,-1=bQ;-4,0=wA2;-4,3=bB1;-3,0=wA3;-3,2=bB2;-2,0=wG2;-2,2=bS2;-2,3=bG1;-1,0=wG1;-1,1=bS1;-1,3=bG3;0,0=wB1;0,2=wS1;1,-1=wB2;1,1=wS2;2,-3=bA2;2,-2=wQ;2,-1=bA3;3,-3=bG2;3,-2=bA1
14	60	0.000000	adjudicated	G1|w|60|30|30|-5,-1=bQ;-5,0=wA1;-4,0=wA2;-4,3=bB1;-3,0=wA3;-3,2=bB2;-2,0=wG2;-2,2=bS2;-2,3=bG1;-1,0=wG1;-1,1=bS1;-1,3=bG3;0,0=wB1;0,2=wS1;1,-1=wB2;1,1=wS2;2,-3=bA2;2,-2=wQ;2,-1=bA3;3,-3=bG2;3,-2=bA1
14	62	0.000000	adjudicated	G1|w|62|31|31|-5,-1=bQ;-5,0=wA1;-4,0=wA2;-3,0=wA3;-3,2=bB2,bB1;-2,0=wG2;-2,2=bS2;-2,3=bG1;-1,0=wG1;-1,1=bS1;-1,3=bG3;-1,4=wS2;0,0=wB1;0,2=wS1;1,-1=wB2;2,-3=bA2;2,-2=wQ;2,-1=bA3;3,-3=bG2;3,-2=bA1
14	64	0.000000	adjudicated	G1|w|64|32|32|-5,-1=bQ;-5,0=wA1;-4,0=wA2;-3,0=wA3;-3,2=bB2;-3,3=bB1;-2,0=wG2;-2,2=bS2;-2,3=bG1;-1,0=wG1;-1,1=bS1;-1,3=bG3;0,0=wB1;0,2=wS1;1,-1=wB2;1,1=wS2;2,-3=bA2;2,-2=wQ;2,-1=bA3;3,-3=bG2;3,-2=bA1
14	66	0.000000	adjudicated	G1|w|66|33|33|-5,-1=bQ;-5,0=wA1;-4,0=wA2;-3,0=wA3;-3,3=bB1,bB2;-2,0=wG2;-2,2=bS2;-2,3=bG1;-1,0=wG1;-1,1=bS1;-1,3=bG3;-1,4=wS2;0,0=wB1;0,2=wS1;1,-1=wB2;2,-3=bA2;2,-2=wQ;2,-1=bA3;3,-3=bG2;3,-2=bA1
14	68	0.000000	adjudicated	G1|w|68|34|34|-5,-1=bQ;-5,0=wA1;-4,0=wA2;-3,0=wA3;-3,3=bB1;-3,4=bB2;-2,0=wG2;-2,2=bS2;-2,3=bG1;-2,5=wG3;-1,0=wG1;-1,1=bS1;-1,3=bG3;-1,4=wS2;0,0=wB1;0,2=wS1;1,-1=wB2;2,-3=bA2;2,-2=wQ;2,-1=bA3;3,-3=bG2;3,-2=bA1
14	70	0.000000	adjudicated	G1|w|70|35|35|-5,-1=bQ;-5,0=wA1;-4,0=wA2;-3,0=wA3;-3,3=bB1;-2,0=wG2;-2,2=bS2;-2,3=bG1;-2,4=bB2;-2,5=wG3;-1,0=wG1;-1,1=bS1;-1,3=bG3;-1,4=wS2;0,0=wB1;1,-1=wB2;1,0=wS1;2,-3=bA2;2,-2=wQ;2,-1=bA3;3,-3=bG2;3,-2=bA1
14	72	0.000000	adjudicated	G1|w|72|36|36|-5,-1=bQ;-5,0=wA1;-4,0=wA2;-3,0=wA3;-3,3=bB1;-3,5=bG3;-2,0=wG2;-2,2=bS2;-2,3=bG1;-2,4=bB2;-2,5=wG3;-1,0=wG1;-1,1=bS1;-1,4=wS2;0,0=wB1;1,0=wS1;2,-3=bA2;2,-2=wQ;2,-1=bA3,wB2;3,-3=bG2;3,-2=bA1
14	74	0.000000	adjudicated	G1|w|74|37|37|-5,-1=bQ;-5,0=wA1;-4,0=wA2;-3,0=wA3;-3,2=bB1;-3,5=bG3;-2,0=wG2;-2,2=bS2;-2,3=bG1;-2,4=bB2;-2,5=wG3;-1,0=wG1;-1,1=bS1;-1,4=wS2;0,0=wB1;1,-2=wQ;1,0=wS1;2,-3=bA2;2,-1=bA3,wB2;3,-3=bG2;3,-2=bA1
14	76	0.000000	adjudicated	G1|w|76|38|38|-6,0=bQ;-5,0=wA1;-4,0=wA2;-4,5=wG3;-3,0=wA3;-3,2=bB1;-3,5=bG3;-2,0=wG2;-2,2=bS2;-2,3=bG1;-2,4=bB2;-1,0=wG1;-1,1=bS1;-1,4=wS2;0,0=wB1;1,-2=wQ;1,0=wS1;2,-3=bA2;2,-1=bA3,wB2;3,-3=bG2;3,-2=bA1
14	78	0.000000	adjudicated	G1|w|78|39|39|-6,0=bQ;-5,0=wA1;-4,0=wA2;-4,5=wG3;-3,0=wA3;-3,3=bB1;-3,5=bG3;-2,0=wG2;-2,2=bS2;-2,3=bG1;-2,4=bB2;-1,0=wG1;-1,1=bS1;-1,4=wS2;0,0=wB1;1,-2=wQ;1,0=wS1,wB2;2,-3=bA2;2,-1=bA3;3,-3=bG2;3,-2=bA1
14	80	0.000000	adjudicated	G1|w|80|40|40|-6,0=bQ;-5,0=wA1;-4,0=wA2;-4,5=wG3;-4,6=wS2;-3,0=wA3;-3,5=bG3;-2,0=wG2;-2,2=bS2,bB1;-2,3=bG1;-2,4=bB2;-1,0=wG1;-1,1=bS1;0,0=wB1;1,-2=wQ;1,0=wS1,wB2;2,-3=bA2;2,-1=bA3;3,-3=bG2;3,-2=bA1
14	82	0.000000	adjudicated	G1|w|82|41|41|-6,0=bQ;-5,0=wA1;-4,0=wA2;-4,5=wG3;-4,6=wS2;-3,0=wA3;-3,5=bG3;-2,0=wG2;-2,2=bS2;-2,3=bG1,bB1;-2,4=bB2;-1,0=wG1;-1,1=bS1;0,0=wB1;1,-2=wQ;1,0=wS1;1,1=wB2;2,-3=bA2;2,-1=bA3;3,-3=bG2;3,-2=bA1
14	84	0.000000	adjudicated	G1|w|84|42|42|-6,0=bQ;-5,0=wA1;-4,0=wA2;-4,4=wS2;-4,5=wG3;-3,0=wA3;-3,5=bG3;-2,0=wG2;-2,2=bS2;-2,3=bG1;-2,4=bB2;-1,0=wG1;-1,1=bS1;-1,3=bB1;0,0=wB1;1,-2=wQ;1,0=wS1;1,1=wB2;2,-3=bA2;2,-1=bA3;3,-3=bG2;3,-2=bA1
14	86	0.000000	adjudicated	G1|w|86|43|43|-5,-1=bQ;-5,0=wA1;-4,0=wA2;-4,5=wG3;-3,0=wA3;-3,2=wS2;-3,5=bG3;-2,0=wG2;-2,2=bS2;-2,3=bG1;-2,4=bB2;-1,0=wG1;-1,1=bS1;-1,3=bB1;0,0=wB1;1,-2=wQ;1,0=wS1;1,1=wB2;2,-3=bA2;2,-1=bA3;3,-3=bG2;3,-2=bA1
14	88	0.000000	adjudicated	G1|w|88|44|44|-5,-1=bQ;-5,0=wA1;-4,0=wA2;-4,5=wG3;-3,0=wA3;-3,2=wS2;-3,5=bG3;-2,0=wG2;-2,2=bS2;-2,3=bG1;-2,4=bB2;-1,0=wG1;-1,1=bS1;-1,2=bB1;0,0=wB1;0,1=wB2;1,-2=wQ;1,0=wS1;2,-3=bA2;2,-1=bA3;3,-3=bG2;3,-2=bA1
14	90	0.000000	adjudicated	G1|w|90|45|45|-6,0=bQ;-5,0=wA1;-4,0=wA2;-4,5=wG3;-3,0=wA3;-3,2=wS2;-3,5=bG3;-2,0=wG2;-2,2=bS2;-2,3=bG1;-2,4=bB2;-1,0=wG1;-1,1=bS1;-1,2=bB1;0,0=wB1;0,2=wB2;1,-2=wQ;1,0=wS1;2,-3=bA2;2,-1=bA3;3,-3=bG2;3,-2=bA1
14	92	0.000000	adjudicated	G1|w|92|46|46|-6,0=bQ;-5,0=wA1;-4,0=wA2;-4,5=wG3;-3,0=wA3;-3,2=wS2;-3,5=bG3;-2,0=wG2;-2,2=bS2;-2,3=bG1;-2,4=bB2;-1,0=wG1;-1,1=bS1,bB1;0,0=wB1;0,1=wB2;1,-2=wQ;1,0=wS1;2,-3=bA2;2,-1=bA3;3,-3=bG2;3,-2=bA1
14	94	0.000000	adjudicated	G1|w|94|47|47|-6,0=bQ;-5,0=wA1;-4,0=wA2;-4,5=wG3;-3,0=wA3;-3,2=wS2;-3,5=bG3;-2,0=wG2;-2,2=bS2;-2,3=bG1;-2,4=bB2;-1,0=wG1;-1,1=bS1;-1,2=bB1;0,0=wB1,wB2;1,-2=wQ;1,0=wS1;2,-3=bA2;2,-1=bA3;3,-3=bG2;3,-2=bA1
14	96	0.000000	adjudicated	G1|w|96|48|48|-6,0=bQ;-5,0=wA1;-4,0=wA2;-4,4=wS2;-4,5=wG3;-3,0=wA3;-3,5=bG3;-2,0=wG2;-2,2=bS2;-2,3=bG1;-2,4=bB2;-1,0=wG1;-1,1=bS1;-1,3=bB1;0,0=wB1,wB2;1,-2=wQ;1,0=wS1;2,-3=bA2;2,-1=bA3;3,-3=bG2;3,-2=bA1
15	0	-0.379949	adjudicated	G1|w|0|0|0|
15	7	-0.379949	adjudicated	G1|b|7|4|3|-1,-2=bS2;0,-2=bA1;0,-1=bS1;0,0=wG1;1,0=wG2;1,1=wA1;1,2=wQ
15	9	-0.379949	adjudicated	G1|b|9|5|4|-1,-3=bQ;-1,-2=bS2;0,-2=bA1;0,-1=bS1;0,0=wG1;1,0=wG2;1,1=wA1;1,2=wQ;2,0=wB1
15	11	-0.379949	adjudicated	G1|b|11|6|5|-2,-1=bG1;-1,-3=bQ;-1,-2=bS2;0,-2=bA1;0,-1=bS1;0,0=wG1;1,0=wG2;1,1=wA1;1,2=wQ;2,1=wB1
15	13	-0.379949	adjudicated	G1|b|13|7|6|-2,-1=bG1;-1,-3=bQ;-1,-2=bS2;0,-2=bA1;0,-1=bS1;0,0=wG1;1,-2=bA2;1,0=wG2;1,1=wA1;2,1=wB1;2,2=wQ
15	15	-0.379949	adjudicated	G1|b|15|8|7|-2,-1=bG1;-1,-3=bQ;-1,-2=bS2;0,-2=bA1;0,-1=bS1;0,0=wG1;1,0=wG2;1,1=wA1;2,1=wB1;3,1=bA2;3,2=wQ
15	17	-0.379949	adjudicated	G1|b|17|9|8|-2,-1=bG1;-1,-3=bQ;-1,-2=bS2;-1,1=wG3;0,-2=bA1;0,-1=bS1;0,0=wG1;1,-3=bB1;1,0=wG2;1,1=wA1;2,1=wB1;3,1=bA2;3,2=wQ
15	19	-0.379949	adjudicated	G1|b|19|10|9|-2,-3=bG2;-2,-1=bG1;-2,2=wS1;-1,-3=bQ;-1,-2=bS2;-1,1=wG3;0,-2=bA1;0,-1=bS1;0,0=wG1;1,-3=bB1;1,0=wG2;1,1=wA1;2,1=wB1;3,1=bA2;3,2=wQ
15	21	-0.379949	adjudicated	G1|b|21|11|10|-3,2=wS2;-2,-3=bG2;-2,-1=bG1;-2,2=wS1;-1,-3=bQ;-1,-2=bS2;-1,1=wG3;0,-2=bA1;0,-1=bS1;0,0=wG1;1,-3=bB1;1,-2=bB2;1,0=wG2;1,1=wA1;2,1=wB1;3,1=bA2;3,2=wQ
15	23	-0.379949	adjudicated	G1|b|23|12|11|-4,3=wB2;-3,2=wS2;-2,-3=bG2;-2,-1=bG1;-2,2=wS1;-1,-3=bQ;-1,-2=bS2;-1,1=wG3;0,-2=bA1;0,-1=bS1;0,0=wG1;1,-4=bA3;1,-3=bB1;1,-2=bB2;1,0=wG2;1,1=wA1;2,1=wB1;3,1=bA2;3,2=wQ
15	25	-0.379949	adjudicated	G1|b|25|13|12|-4,3=wB2;-3,2=wS2;-3,3=wA2;-2,-3=bG2;-2,-1=bG1;-2,2=wS1;-1,-3=bQ;-1,-2=bS2;-1,1=wG3;0,-2=bA1;0,-1=bS1;0,0=wG1;1,-3=bB1;1,-2=bB2;1,0=wG2;1,1=wA1;2,1=wB1;2,3=bA3;3,1=bA2;3,2=wQ
15	27	-0.379949	adjudicated	G1|b|27|14|13|-4,3=wB2;-3,-2=bG3;-3,2=wS2;-2,-3=bG2;-2,-1=bG1;-2,2=wS1;-1,-3=bQ;-1,-2=bS2;-1,1=wG3;0,-3=wA2;0,-2=bA1;0,-1=bS1;0,0=wG1;1,-3=bB1;1,-2=bB2;1,0=wG2;1,1=wA1;2,1=wB1;2,3=bA3;3,1=bA2;3,2=wQ
15	29	-0.379949	adjudicated	G1|b|29|15|14|-4,2=wA3;-4,3=wB2;-3,-2=bG3;-3,2=wS2;-2,-3=bG2;-2,-1=bG1;-2,2=wS1;-1,-3=bQ;-1,-2=bS2;-1,1=wG3;0,-3=wA2;0,-2=bA1;0,-1=bS1,bB2;0,0=wG1;1,-3=bB1;1,0=wG2;1,1=wA1;2,1=wB1;2,3=bA3;3,1=bA2;3,2=wQ
15	31	-0.379949	adjudicated	G1|b|31|16|15|-4,3=wB2;-3,-2=bG3;-3,2=wS2;-2,-3=bG2;-2,-1=bG1;-2,2=wS1;-1,-4=wA3;-1,-3=bQ;-1,-2=bS2;-1,1=wG3;0,-3=wA2;0,-2=bA1,bB2;0,-1=bS1;0,0=wG1;1,-3=bB1;1,0=wG2;1,1=wA1;2,1=wB1;2,3=bA3;3,1=bA2;3,2=wQ
15	33	-0.379949	adjudicated	G1|b|33|17|16|-4,2=wB2;-3,-2=bG3;-3,2=wS2;-2,-3=bG2;-2,-1=bG1;-2,2=wS1;-1,-4=wA3;-1,-3=bQ;-1,-2=bS2;-1,1=wG3;0,-3=wA2;0,-2=bA1;0,-1=bS1;0,0=wG1;1,-3=bB1;1,-2=bB2;1,0=wG2;1,1=wA1;2,1=wB1;2,3=bA3;3,1=bA2;3,2=wQ
15	35	-0.379949	adjudicated	G1|b|35|18|17|-4,3=wB2;-3,-2=bG3;-3,2=wS2;-2,-3=bG2;-2,-1=bG1;-2,2=wS1;-1,-4=wA3;-1,-3=bQ;-1,-2=bS2;-1,1=wG3;0,-3=wA2;0,-2=bA1;0,-1=bS1;0,0=wG1;1,-3=bB1;1,-1=bB2;1,0=wG2;1,1=wA1;2,1=wB1;2,3=bA3;3,1=bA2;3,2=wQ
15	37	-0.379949	adjudicated	G1|b|37|19|18|-4,3=wB2;-3,-2=bG3;-3,2=wS2;-2,-3=bG2;-2,-1=bG1;-2,2=wS1;-1,-3=bQ;-1,-2=bS2;-1,1=wG3;0,-4=wA3;0,-3=wA2;0,-2=bA1;0,-1=bS1;0,0=wG1;1,-3=bB1;1,-1=bB2;1,0=wG2;1,1=wA1;2,-3=bA3;2,1=wB1;3,1=bA2;3,2=wQ
15	39	-0.379949	adjudicated	G1|b|39|20|19|-4,3=wB2;-3,-2=bG3;-3,2=wS2;-2,-3=bG2;-2,-1=bG1;-2,2=wS1;-1,-3=bQ;-1,-2=bS2;-1,1=wG3;0,-4=wA3;0,-3=wA2;0,-2=bA1;0,-1=bS1;0,0=wG1;1,-3=bB1;1,-1=bB2;1,0=wG2;1,1=wA1;2,1=wB1;2,2=bA3;2,3=wQ;3,1=bA2
15	41	-0.379949	adjudicated	G1|b|41|21|20|-4,2=wB2;-3,-2=bG3;-3,2=wS2;-2,-3=bG2;-2,-1=bG1;-2,2=wS1;-1,-3=bQ;-1,-2=bS2;-1,1=wG3;0,-4=wA3;0,-3=wA2;0,-2=bA1;0,-1=bS1;0,0=wG1;1,-3=bB1;1,-1=bB2;1,0=wG2;1,1=wA1;1,4=bA2;2,1=wB1;2,2=bA3;2,3=wQ
15	43	-0.379949	adjudicated	G1|b|43|22|21|-3,-2=bG3;-3,2=wS2,wB2;-2,-3=bG2;-2,-1=bG1;-2,2=wS1;-1,-3=bQ;-1,-2=bS2;-1,1=wG3;0,-4=wA3;0,-3=wA2;0,-2=bA1;0,-1=bS1,bB2;0,0=wG1;1,-3=bB1;1,0=wG2;1,1=wA1;1,4=bA2;2,1=wB1;2,2=bA3;2,3=wQ
15	45	-0.379949	adjudicated	G1|b|45|23|22|-3,-2=bG3;-3,2=wS2;-2,-3=bG2;-2,-1=bG1;-2,1=wB2;-2,2=wS1;-1,-3=bQ;-1,-2=bS2;-1,1=wG3;0,-4=wA3;0,-3=wA2;0,-2=bA1;0,-1=bS1,bB2;0,0=wG1;1,-2=bB1;1,0=wG2;1,1=wA1;1,4=bA2;2,1=wB1;2,2=bA3;2,3=wQ
15	47	-0.379949	adjudicated	G1|b|47|24|23|-3,-2=bG3;-3,2=wS2;-2,-3=bG2;-2,-1=bG1;-2,2=wS1;-1,-3=bQ;-1,-2=bS2;-1,1=wG3,wB2;0,-4=wA3;0,-3=wA2;0,-2=bA1;0,-1=bS1,bB2;0,0=wG1;1,-2=bB1;1,0=wG2;1,1=wA1;2,1=wB1;2,2=bA3;2,3=wQ;3,3=bA2
15	49	-0.379949	adjudicated	G1|b|49|25|24|-3,-2=bG3;-3,2=wS2;-2,-3=bG2;-2,-1=bG1;-2,2=wS1;-1,-4=wA3;-1,-3=bQ;-1,-2=bS2;-1,1=wG3,wB2;0,-3=wA2;0,-2=bA1;0,-1=bS1,bB2;0,0=wG1;1,-2=bB1;1,0=wG2;1,1=wA1;1,4=bA2;2,1=wB1;2,2=bA3;2,3=wQ
15	51	-0.379949	adjudicated	G1|b|51|26|25|-3,-2=bG3;-3,2=wS2;-2,-3=bG2;-2,-1=bG1;-2,2=wS1;-1,-3=bQ;-1,-2=bS2;-1,1=wG3,wB2;0,-4=wA3;0,-3=wA2;0,-2=bA1;0,-1=bS1,bB2;0,0=wG1;1,-2=bB1;1,0=wG2;1,1=wA1;2,1=wB1;2,2=bA3;2,3=wQ;3,3=bA2
15	53	-0.379949	adjudicated	G1|b|53|27|26|-3,-2=bG3;-3,2=wS2;-2,-3=bG2;-2,-1=bG1;-2,2=wS1;-1,-3=bQ;-1,-2=bS2;-1,1=wG3,wB2;0,-4=wA3;0,-3=wA2;0,-2=bA1;0,-1=bS1,bB2;0,0=wG1;1,-2=bB1;1,0=wG2;1,1=wA1;1,3=wQ;2,1=wB1;2,2=bA3;3,2=bA2
15	55	-0.379949	adjudicated	G1|b|55|28|27|-3,-2=bG3;-3,2=wS2;-2,-3=bG2;-2,-1=bG1;-2,2=wS1;-1,-4=wA2;-1,-3=bQ;-1,-2=bS2;-1,1=wG3,wB2;0,-4=wA3;0,-2=bA1;0,-1=bS1,bB2;0,0=wG1;0,3=bA2;1,-2=bB1;1,0=wG2;1,1=wA1;1,3=wQ;2,1=wB1;2,2=bA3
15	57	-0.379949	adjudicated	G1|b|57|29|28|-3,-2=bG3;-3,2=wS2;-2,-3=bG2;-2,-1=bG1;-2,2=wS1;-1,-4=wA2;-1,-3=bQ;-1,-2=bS2;-1,1=wG3;0,-4=wA3;0,-2=bA1;0,-1=bS1,bB2,bB1;0,0=wG1;0,1=wB2;0,3=bA2;1,0=wG2;1,1=wA1;1,3=wQ;2,1=wB1;2,2=bA3
15	59	-0.379949	adjudicated	G1|b|59|30|29|-3,-2=bG3;-3,2=wS2;-2,-3=bG2;-2,-1=bG1;-2,2=wS1;-1,-4=wA2;-1,-3=bQ;-1,-2=bS2;-1,1=wG3;-1,2=wB2;0,-4=wA3;0,-2=bA1;0,-1=bS1,bB2,bB1;0,0=wG1;0,4=bA2;1,0=wG2;1,1=wA1;1,3=wQ;2,1=wB1;2,2=bA3
15	61	-0.379949	adjudicated	G1|b|61|31|30|-3,2=wS2;-2,-3=bG2;-2,-2=wA2;-2,-1=bG1;-2,2=wS1;-1,-3=bQ;-1,-2=bS2;-1,1=wG3;-1,2=wB2;0,-5=bG3;0,-4=wA3;0,-2=bA1;0,-1=bS1,bB2,bB1;0,0=wG1;0,4=bA2;1,0=wG2;1,1=wA1;1,3=wQ;2,1=wB1;2,2=bA3
15	63	-0.379949	adjudicated	G1|b|63|32|31|-3,2=wS2;-2,-3=bG2;-2,-2=wA2;-2,-1=bG1;-2,2=wS1;-2,3=wB2;-1,-3=bQ;-1,-2=bS2;-1,1=wG3;0,-5=bG3;0,-4=wA3;0,-2=bA1;0,-1=bS1,bB2,bB1;0,0=wG1;1,0=wG2;1,1=wA1;1,3=wQ;2,1=wB1;2,2=bA3;3,2=bA2
15	65	-0.379949	adjudicated	G1|b|65|33|32|-3,2=wS2;-2,-3=bG2;-2,-1=bG1;-2,2=wS1;-2,3=wB2;-1,-3=bQ;-1,-2=bS2;-1,1=wG3;0,-5=bG3;0,-4=wA3;0,-3=wA2;0,-2=bA1;0,-1=bS1,bB2,bB1;0,0=wG1;1,0=wG2;1,1=wA1;1,3=wQ;1,4=bA2;2,1=wB1;2,2=bA3
15	67	-0.379949	adjudicated	G1|b|67|34|33|-2,-1=bG1;-2,2=wS1;-2,3=wB2;-2,4=wS2;-1,-3=bQ;-1,-2=bS2;-1,1=wG3;0,-5=bG3;0,-4=wA3;0,-3=wA2;0,-2=bA1;0,-1=bS1,bB2,bB1;0,0=wG1;1,-3=bG2;1,0=wG2;1,1=wA1;1,3=wQ;1,4=bA2;2,1=wB1;2,2=bA3
15	69	-0.379949	adjudicated	G1|b|69|35|34|-2,-1=bG1;-2,2=wS1;-2,3=wB2;-1,-4=bQ;-1,-2=bS2;-1,1=wG3;0,-5=bG3;0,-4=wA3;0,-3=wA2;0,-2=bA1;0,-1=bS1,bB2,bB1;0,0=wG1;0,1=wS2;1,-3=bG2;1,0=wG2;1,1=wA1;1,3=wQ;1,4=bA2;2,1=wB1;2,2=bA3
15	71	-0.379949	adjudicated	G1|b|71|36|35|-3,3=wB2;-2,-1=bG1;-2,2=wS1;-1,-4=bQ;-1,-2=bS2;-1,1=wG3;0,-4=wA3;0,-3=wA2;0,-2=bA1;0,-1=bS1,bB2,bB1;0,0=wG1;0,1=wS2;0,2=bG3;1,-3=bG2;1,0=wG2;1,1=wA1;1,3=wQ;1,4=bA2;2,1=wB1;2,2=bA3
15	73	-0.379949	adjudicated	G1|b|73|37|36|-3,3=wB2;-2,2=wS1;-1,-4=bQ;-1,-2=bS2;-1,1=wG3;-1,2=wG2;0,-4=wA3;0,-3=wA2;0,-2=bA1;0,-1=bS1,bB2,bB1;0,0=wG1;0,1=wS2;0,2=bG3;1,-4=bG1;1,-3=bG2;1,1=wA1;1,3=wQ;1,4=bA2;2,1=wB1;2,2=bA3
15	75	-0.379949	adjudicated	G1|b|75|38|37|-3,3=wB2;-2,2=wS1;-1,-4=bQ;-1,-2=bS2;-1,2=wG2;-1,3=wG3;0,-4=wA3;0,-3=wA2;0,-2=bA1;0,-1=bS1,bB2,bB1;0,0=wG1;0,1=wS2;1,-4=bG1;1,-3=bG2;1,1=wA1;1,3=wQ;1,4=bA2;2,0=bG3;2,1=wB1;2,2=bA3
15	77	-0.379949	adjudicated	G1|b|77|39|38|-3,3=wB2;-2,2=wS1;-1,-4=bQ;-1,-2=bS2;-1,2=wG2;-1,3=wG3;0,-4=wA3;0,-3=wA2;0,-2=bA1;0,-1=bS1,bB2,bB1;0,0=wG1;0,1=wS2;0,4=wQ;1,-4=bG1;1,-3=bG2;1,1=wA1;1,4=bA2;2,1=wB1;2,2=bA3;2,3=bG3
15	79	-0.379949	adjudicated	G1|b|79|40|39|-2,-4=bG1;-2,2=wS1;-2,3=wB2;-1,-4=bQ;-1,-2=bS2;-1,2=wG2;-1,3=wG3;0,-4=wA3;0,-3=wA2;0,-2=bA1;0,-1=bS1,bB2,bB1;0,0=wG1;0,1=wS2;0,4=wQ;1,-3=bG2;1,1=wA1;1,4=bA2;2,1=wB1;2,2=bA3;2,3=bG3
15	81	-0.379949	adjudicated	G1|b|81|41|40|-3,3=wB2;-2,2=wS1;-1,-4=bQ;-1,-2=bS2;-1,2=wG2;-1,3=wG3;0,-4=wA3;0,-3=wA2;0,-2=bA1;0,-1=bS1,bB2,bB1;0,0=wG1;0,1=wS2;0,4=wQ;1,-4=bG1;1,-3=bG2;1,1=wA1;1,4=bA2;2,1=wB1;2,2=bA3;2,3=bG3
15	83	-0.379949	adjudicated	G1|b|83|42|41|-3,3=wB2;-2,2=wS1;-1,-4=bQ;-1,-2=bS2;-1,0=bB1;-1,1=wG3;-1,2=wG2;0,-4=wA3;0,-3=wA2;0,-2=bA1;0,-1=bS1,bB2;0,0=wG1;0,1=wS2;0,4=wQ;1,-4=bG1;1,-3=bG2;1,1=wA1;1,4=bA2;2,1=wB1;2,2=bA3;2,3=bG3
15	85	-0.379949	adjudicated	G1|b|85|43|42|-3,3=wB2;-2,2=wS1;-1,-2=bS2;-1,0=bB1;-1,1=wG3;-1,2=wG2;0,-6=wG1;0,-5=bQ;0,-4=wA3;0,-3=wA2;0,-2=bA1;0,-1=bS1,bB2;0,1=wS2;0,4=wQ;1,-4=bG1;1,-3=bG2;1,1=wA1;1,4=bA2;2,1=wB1;2,2=bA3;2,3=bG3
15	87	-0.379949	adjudicated	G1|b|87|44|43|-3,2=wG2;-3,3=wB2;-2,2=wS1;-1,-3=bG2;-1,-2=bS2;-1,0=bB1;-1,1=wG3;0,-6=wG1;0,-5=bQ;0,-4=wA3;0,-3=wA2;0,-2=bA1;0,-1=bS1,bB2;0,1=wS2;0,4=wQ;1,-4=bG1;1,1=wA1;1,4=bA2;2,1=wB1;2,2=bA3;2,3=bG3
15	89	-0.379949	adjudicated	G1|b|89|45|44|-3,2=wG2;-3,3=wB2;-2,1=bS2;-2,2=wS1;-1,-3=bG2;-1,0=bB1;-1,1=wG3;0,-6=wG1;0,-5=bQ;0,-4=wA3;0,-3=wA2;0,-2=bA1;0,-1=bS1,bB2;0,1=wS2;1,-4=bG1;1,1=wA1;1,3=wQ;1,4=bA2;2,1=wB1;2,2=bA3;2,3=bG3
15	91	-0.379949	adjudicated	G1|b|91|46|45|-3,3=wB2;-2,1=bS2;-2,2=wS1;-1,-3=bG2;-1,0=bB1;-1,1=wG3;-1,2=wG2;0,-6=wG1;0,-5=bQ;0,-4=wA3;0,-3=wA2;0,-2=bA1;0,-1=bS1,bB2;0,1=wS2;0,3=bG3;1,-4=bG1;1,1=wA1;1,3=wQ;1,4=bA2;2,1=wB1;2,2=bA3
15	93	-0.379949	adjudicated	G1|b|93|47|46|-3,2=wB2;-2,1=bS2;-2,2=wS1;-1,-3=bG2;-1,0=bB1;-1,1=wG3;-1,2=wG2;0,-6=wG1;0,-5=bQ;0,-4=wA3;0,-3=wA2;0,-2=bA1;0,-1=bS1,bB2;0,1=wS2;0,3=bG3;1,-5=bA2;1,-4=bG1;1,1=wA1;1,3=wQ;2,1=wB1;2,2=bA3
15	95	-0.379949	adjudicated	G1|b|95|48|47|-2,1=bS2;-2,2=wS1,wB2;-1,-3=bG2;-1,0=bB1;-1,1=wG3;-1,2=wG2;0,-6=wG1;0,-5=bQ;0,-4=wA3;0,-3=wA2;0,-2=bA1;0,-1=bS1,bB2;0,1=wS2;0,3=bG3;1,-4=bG1;1,0=bA2;1,1=wA1;1,3=wQ;2,1=wB1;2,2=bA3
16	0	1.000000	terminal	G1|w|0|0|0|
16	6	1.000000	terminal	G1|w|6|3|3|-2,0=bS1;-1,-1=bB1;-1,0=bA1;0,0=wG1;1,-1=wS1;2,-2=wA1
16	8	1.000000	terminal	G1|w|8|4|4|-2,0=bS1;-2,1=bQ;-1,-1=bB1;-1,0=bA1;0,0=wG1;0,1=wQ;1,-1=wS1;2,-2=wA1
16	10	1.000000	terminal	G1|w|10|5|5|-2,1=bQ;-2,2=wA1;-1,-1=bB1;-1,0=bA1;0,-2=bS1;0,0=wG1;0,1=wQ;1,-1=wS1
16	12	1.000000	terminal	G1|w|12|6|6|-2,1=bQ;-2,2=wA1;-2,3=wG2;-1,-1=bB1;-1,0=bA1;0,-2=bS1;0,0=wG1;0,1=wQ;1,-3=bG1;1,-1=wS1
16	14	1.000000	terminal	G1|w|14|7|7|-2,0=wG2;-2,1=bQ;-2,2=wA1;-1,-2=bG2;-1,-1=bB1;-1,0=bA1;0,-2=bS1;0,0=wG1;0,1=wQ;1,-3=bG1;1,-1=wS1
16	16	1.000000	terminal	G1|w|16|8|8|-3,2=bQ;-2,0=wG2;-2,2=wA1;-1,-2=bG2;-1,-1=bB1;-1,0=bA1;-1,2=wG3;0,-2=bS1;0,0=wG1;0,1=wQ;1,-3=bG1;1,-1=wS1
16	18	1.000000	terminal	G1|w|18|9|9|-3,2=bQ;-2,0=wG2;-2,2=wA1;-1,-3=bA2;-1,-2=bG2;-1,-1=bB1;-1,0=bA1;-1,2=wG3;0,-2=bS1;0,0=wG1;0,1=wQ;0,2=wS1;1,-3=bG1
16	20	1.000000	terminal	G1|w|20|10|10|-3,2=bQ;-3,3=wS1;-2,0=wG2;-2,2=wA1;-1,-2=bG2;-1,-1=bB1;-1,0=bA1;-1,2=wG3;0,-2=bS1;0,0=wG1;0,1=wQ;0,2=bA2;1,-3=bG1
16	22	1.000000	terminal	G1|w|22|11|11|-4,3=bQ;-3,3=wS1;-3,4=wA2;-2,0=wG2;-2,2=wA1;-1,-2=bG2;-1,-1=bB1;-1,0=bA1;-1,2=wG3;0,-2=bS1;0,0=wG1;0,1=wQ;0,2=bA2;1,-3=bG1
16	24	1.000000	terminal	G1|w|24|12|12|-5,3=wA2;-4,3=bQ;-3,3=wS1;-2,0=wG2;-2,2=wA1;-1,-1=bB1;-1,0=bA1;-1,1=bG2;-1,2=wG3;0,-2=bS1;0,0=wG1;0,1=wQ;0,2=bA2;1,-3=bG1
16	26	1.000000	terminal	G1|w|26|13|13|-5,3=wA2;-4,3=bQ;-3,3=wS1;-2,0=wG2;-2,2=wA1;-1,-1=bB1;-1,0=bA1;-1,1=bG2;-1,2=wG3;0,-2=bS1;0,0=wG1;0,2=bA2;1,-3=bG1;1,-2=bS2;1,1=wQ
16	28	1.000000	terminal	G1|w|28|14|14|-5,3=wA2;-4,3=bQ;-4,4=wG1;-3,3=wS1;-2,0=wG2;-2,2=wA1;-1,-1=bB1;-1,0=bA1;-1,1=bG2;-1,2=wG3;0,-2=bS1;0,1=bS2;0,2=bA2;1,-3=bG1;1,1=wQ
16	30	1.000000	terminal	G1|w|30|15|15|-5,3=wA2;-4,3=bQ;-4,4=wG1;-3,3=wS1;-2,0=wG2;-2,2=wA1;-1,-1=bB1;-1,0=bA1;-1,1=bG2;-1,2=wG3;0,-2=bS1;0,1=bS2;1,-3=bG1;1,0=wQ;2,0=bA2
16	32	1.000000	terminal	G1|w|32|16|16|-5,3=wA2;-4,3=bQ;-4,4=wG1;-3,2=wG3;-3,3=wS1;-2,0=wG2;-2,2=wA1;-1,-1=bB1;-1,0=bA1;-1,1=bG2;0,-2=bS1;0,1=bS2;1,-3=bG1;1,0=wQ;2,0=bA2;3,-1=bA3
16	34	1.000000	terminal	G1|w|34|17|17|-6,4=wS2;-5,3=wA2;-4,3=bQ;-4,4=wG1;-3,2=wG3;-3,3=wS1;-2,0=wG2;-2,2=wA1;-1,-1=bB1;-1,0=bA1;-1,1=bG2;0,-2=bS1;0,1=bS2;1,-3=bG1;1,0=wQ;2,-1=bA3;2,0=bA2
16	36	1.000000	terminal	G1|w|36|18|18|-5,3=wA2;-4,2=wS2;-4,3=bQ;-4,4=wG1;-3,2=wG3;-3,3=wS1;-2,0=wG2;-2,2=wA1;-1,-1=bB1;-1,0=bA1;-1,1=bG2;0,-2=bS1;0,1=bS2;1,-3=bG1;1,0=wQ;2,-3=bG3;2,-1=bA3;2,0=bA2
16	38	1.000000	terminal	G1|w|38|19|19|-6,3=wB1;-5,3=wA2;-4,2=wS2;-4,3=bQ;-4,4=wG1;-3,2=wG3;-3,3=wS1;-2,0=wG2;-2,2=wA1;-1,-1=bB1;-1,0=bA1;-1,1=bG2;0,-2=bS1;0,1=bS2;1,-3=bG1;1,0=wQ;2,-3=bG3;2,-1=bA3;2,0=bA2;3,0=bB2
16	40	1.000000	terminal	G1|w|40|20|20|-6,3=wB1;-5,3=wA2;-5,5=wA3;-4,2=wS2;-4,3=bQ;-4,4=wG1;-3,2=wG3;-3,3=wS1;-2,0=wG2;-2,2=wA1;-1,-1=bB1;-1,0=bA1;-1,1=bG2;0,-2=bS1;0,0=bA3;0,1=bS2;1,-3=bG1;1,0=wQ;2,-3=bG3;2,0=bA2;3,0=bB2
17	0	-1.000000	terminal	G1|w|0|0|0|
17	7	-1.000000	terminal	G1|b|7|4|3|0,-3=wQ;0,-2=wA2;0,-1=wG1;0,0=wA1;1,0=bS1;2,0=bB1;3,-1=bA1
17	9	-1.000000	terminal	G1|b|9|5|4|0,-2=wA2;0,-1=wG1;0,0=wA1;1,-3=wQ;1,0=bS1;2,0=bB1;2,1=bQ;3,-1=bA1
17	11	-1.000000	terminal	G1|b|11|6|5|-1,1=wG2;0,-2=wA2;0,-1=wG1;0,0=wA1;1,-3=wQ;1,0=bS1;2,0=bB1;2,1=bQ;3,-1=bA1;4,-1=bB2
17	13	-1.000000	terminal	G1|b|13|7|6|-1,0=wS1;-1,1=wG2;0,-2=wA2;0,-1=wG1;0,0=wA1;1,-3=wQ;1,0=bS1;2,0=bB1;2,1=bQ;2,2=bS2;3,-1=bA1;4,-1=bB2
17	15	-1.000000	terminal	G1|b|15|8|7|-1,0=wS1;0,-2=wA2;0,-1=wG1;0,0=wA1;0,1=bS2;1,-3=wQ;1,0=bS1;1,1=wG2;2,0=bB1;2,1=bQ;3,-1=bA1;4,-1=bB2
17	17	-1.000000	terminal	G1|b|17|9|8|-1,-2=wA3;-1,0=wS1;0,-2=wA2;0,-1=wG1;0,0=wA1;0,1=bS2;1,-3=wQ;1,1=wG2;2,-3=bS1;2,0=bB1;2,1=bQ;3,-1=bA1;4,-1=bB2
17	19	-1.000000	terminal	G1|b|19|10|9|-1,0=wS1;0,-2=wA2;0,-1=wG1;0,0=wA1;0,1=bS2;1,-3=wQ;1,1=wG2;1,2=bQ;1,3=wA3;2,-3=bS1;2,0=bB1;3,-1=bA1;4,-1=bB2
17	21	-1.000000	terminal	G1|b|21|11|10|-1,0=wS1;0,-3=wG3;0,-2=wA2;0,-1=wG1;0,0=wA1;0,1=bS2;1,-3=wQ;1,1=wG2;1,2=bQ;1,3=wA3;2,-3=bS1;2,-2=bG1;2,0=bB1;3,-1=bA1;4,-1=bB2
17	23	-1.000000	terminal	G1|b|23|12|11|-1,0=wS1;0,-2=wA2;0,-1=wG1;0,0=wA1;0,1=bS2;0,2=wG3;1,-3=wQ;1,1=wG2;1,2=bQ;1,3=wA3;2,-4=bG1;2,-3=bS1;2,0=bB1;3,-1=bA1;4,-1=bB2
17	25	-1.000000	terminal	G1|b|25|13|12|-1,0=wS1;0,-2=wA2;0,-1=wG1;0,0=wA1;0,1=bS2;0,2=wG3;1,-3=wQ;1,1=wG2;1,2=bQ;2,-5=bG2;2,-4=bG1;2,-3=bS1;2,0=bB1;2,2=wA3;3,-1=bA1;4,-1=bB2
17	27	-1.000000	terminal	G1|b|27|14|13|-1,0=wS1;0,-2=wA2;0,-1=wG1;0,0=wA1;0,1=bS2;0,2=wG3;1,-3=wQ;1,1=wG2;1,2=bQ;2,-5=bG2;2,-4=bG1;2,-3=bS1;2,-1=bA2;2,0=bB1;2,2=wA3;3,-1=bA1;3,2=wB1;4,-1=bB2
17	29	-1.000000	terminal	G1|b|29|15|14|-1,0=wS1;0,-3=bA2;0,-2=wA2;0,-1=wG1;0,0=wA1;0,1=bS2;0,2=wG3;1,-3=wQ;1,1=wG2;1,2=bQ;2,-5=bG2;2,-4=bG1;2,-3=bS1;2,0=bB1;2,2=wA3;3,-1=bA1;3,1=wS2;3,2=wB1;4,-1=bB2
17	31	-1.000000	terminal	G1|b|31|16|15|-1,0=wS1;-1,3=wB2;0,-3=bA2;0,-2=wA2;0,-1=wG1;0,0=wA1;0,1=bS2;0,2=wG3;1,-3=wQ;1,1=wG2;1,2=bQ;2,-5=bG2;2,-4=bG1;2,-3=bS1;2,0=bB1;2,2=wA3;3,-1=bA1,bB2;3,1=wS2;3,2=wB1
17	33	-1.000000	terminal	G1|b|33|17|16|-1,0=wS1;0,-3=bA2;0,-2=wA2;0,-1=wG1;0,0=wA1;0,1=bS2;0,2=wG3;0,3=wB2;1,-3=wQ;1,1=wG2;1,2=bQ;2,-5=bG2;2,-4=bG1;2,-3=bS1;2,0=bB1;2,2=wA3;3,-2=bG3;3,-1=bA1,bB2;3,1=wS2;3,2=wB1
17	35	-1.000000	terminal	G1|b|35|18|17|-1,0=wS1;0,-3=bA2;0,-2=wA2;0,-1=wG1;0,0=wA1;0,1=bS2;0,2=wG3;0,3=wB2;1,-3=wQ;1,1=wG2;1,2=bQ;2,-5=bG2;2,-4=bG1;2,-3=bS1;2,0=bB1;2,2=wA3;3,-4=bA3;3,-2=bG3;3,-1=bA1,bB2;3,1=wS2;4,1=wB1
17	37	-1.000000	terminal	G1|b|37|19|18|-1,0=wS1;0,-2=wA2;0,-1=wG1;0,0=wA1;0,1=bS2;0,2=wG3;0,3=wB2;0,4=bA2;1,-3=wQ;1,1=wG2;1,2=bQ;2,-5=bG2;2,-4=bG1;2,-3=bS1;2,0=bB1;2,2=wA3;3,-4=bA3;3,-2=bG3;3,-1=bA1,bB2;3,1=wS2;4,0=wB1
17	39	-1.000000	terminal	G1|b|39|20|19|-1,3=wS1;0,-2=wA2;0,-1=wG1;0,0=wA1;0,1=bS2;0,2=wG3;0,3=wB2;0,4=bA2;1,-4=bA3;1,-3=wQ;1,1=wG2;1,2=bQ;2,-5=bG2;2,-4=bG1;2,-3=bS1;2,0=bB1;2,2=wA3;3,-2=bG3;3,-1=bA1,bB2;3,1=wS2;4,0=wB1
17	41	-1.000000	terminal	G1|b|41|21|20|0,-2=wA2;0,-1=wG1;0,0=wA1;0,1=bS2;0,2=wG3;0,3=wB2;1,-4=bA3;1,-3=wQ;1,1=wG2;1,2=bQ;1,3=wS1;2,-5=bG2;2,-4=bG1;2,-3=bS1;2,0=bB1;2,2=wA3;3,-2=bG3;3,-1=bA1,bB2;3,1=wS2;4,0=wB1;4,1=bA2
17	43	-1.000000	terminal	G1|b|43|22|21|0,-3=bG2;0,-2=wA2;0,-1=wG1;0,0=wA1;0,1=bS2;0,2=wG3;0,3=wB2;1,-4=bA3;1,-3=wQ;1,1=wG2;1,2=bQ;1,3=wS1;2,-4=bG1;2,-3=bS1;2,0=bB1;2,2=wA3;3,-2=bG3;3,-1=bA1,bB2;3,0=wB1;3,1=wS2;4,1=bA2
17	45	-1.000000	terminal	G1|b|45|23|22|0,-3=bG2;0,-2=wA2;0,-1=wG1;0,0=wA1;0,1=bS2;0,3=wB2;1,-4=bA3;1,-3=wQ;1,1=wG2;1,2=bQ;1,3=wS1;2,-4=bG1;2,-3=bS1;2,0=bB1;2,2=wA3;3,-1=bA1,bB2;3,0=wB1;3,1=wS2;3,2=bG3;4,1=bA2;4,2=wG3
18	0	0.379949	adjudicated	G1|w|0|0|0|
18	6	0.379949	adjudicated	G1|w|6|3|3|-1,2=bG1;0,0=wG1;0,1=bB1;1,-1=wS1;1,1=bA1;2,-2=wG2
18	8	0.379949	adjudicated	G1|w|8|4|4|-2,3=bQ;-1,2=bG1;0,0=wG1;0,1=bB1;1,-1=wS1;1,1=bA1;2,-2=wG2;3,-3=wQ
18	10	0.379949	adjudicated	G1|w|10|5|5|-2,3=bQ;-1,0=wA1;-1,2=bG1;0,0=wG1;0,1=bB1;1,-1=wS1;2,-2=wG2;3,-3=wQ;4,-4=bA1
18	12	0.379949	adjudicated	G1|w|12|6|6|-2,2=wA1;-1,2=bG1;-1,3=bQ;0,0=wG1;0,1=bB1;1,-1=wS1;2,-2=wG2;3,-3=wQ;4,-4=bA1
18	14	0.379949	adjudicated	G1|w|14|7|7|-1,3=bQ;0,0=wG1;0,1=bB1;0,2=wA1;1,-1=wS1;1,0=bG1;2,-2=wG2;3,-3=wQ;4,-4=bA1
18	16	0.379949	adjudicated	G1|w|16|8|8|-1,4=bQ;0,1=bB1;0,2=wA1;0,3=wG1;1,-1=wS1;1,0=bG1;2,-2=wG2;3,-3=wQ;4,-4=bA1
18	18	0.379949	adjudicated	G1|w|18|9|9|0,1=bB1;0,2=wA1;0,3=wG1;0,4=bQ;1,-2=wA2;1,-1=wS1;1,0=bG1;2,-2=wG2;3,-3=wQ;4,-4=bA1
18	20	0.379949	adjudicated	G1|w|20|10|10|-1,5=wA2;0,1=bB1;0,2=wA1;0,3=wG1;0,4=bQ;1,-1=wS1;1,0=bG1;2,-2=wG2;2,0=bA2;3,-3=wQ;4,-4=bA1
18	22	0.379949	adjudicated	G1|w|22|11|11|-1,5=wA2;0,1=bB1;0,2=wA1;0,3=wG1;0,4=bQ;1,-1=wS1;1,0=bG1;1,2=wG3;2,-2=wG2;3,-4=bA2;3,-3=wQ;4,-4=bA1
18	24	0.379949	adjudicated	G1|w|24|12|12|-1,1=bG2;-1,5=wA2;-1,6=wS2;0,1=bB1;0,2=wA1;0,3=wG1;0,4=bQ;1,-1=wS1;1,0=bG1;1,2=wG3;2,-2=wG2;3,-4=bA2;3,-3=wQ;4,-4=bA1
18	26	0.379949	adjudicated	G1|w|26|13|13|-1,1=bG2;-1,4=wS2;-1,5=wA2;0,1=bB1;0,2=wA1;0,3=wG1;0,5=bQ;1,-1=wS1;1,0=bG1;1,2=wG3;2,-2=wG2;3,-4=bA2;3,-3=wQ;4,-4=bA1
18	28	0.379949	adjudicated	G1|w|28|14|14|-1,1=bG2;-1,4=wS2;-1,5=wA2;0,1=bB1;0,2=wA1;0,3=wG1;0,5=bQ;1,-1=wS1;1,0=bG1;1,2=wG3;2,-2=wG2;3,-5=bB2;3,-4=bA2;3,-3=wQ;3,-2=wA3;4,-4=bA1
18	30	0.379949	adjudicated	G1|w|30|15|15|-1,1=bG2;-1,4=wS2;-1,5=wA2;0,1=bB1;0,2=wA1;0,3=wG1;0,5=bQ;0,6=wA3;1,-1=wS1;1,0=bG1;1,2=wG3;2,-2=wG2;3,-5=bB2;3,-4=bA2;3,-3=wQ;4,-4=bA1;5,-4=bS1
18	32	0.379949	adjudicated	G1|w|32|16|16|-1,1=bG2;-1,4=wS2;-1,5=wA2;0,1=bB1;0,2=wA1;0,3=wG1;0,5=bQ;1,-1=wS1;1,0=bG1;1,2=wG3;1,5=wA3;2,-2=wG2;3,-5=bB2;3,-4=bA2;3,-3=wQ;4,-6=bG3;4,-4=bA1;5,-4=bS1
18	34	0.379949	adjudicated	G1|w|34|17|17|-1,1=bG2;-1,4=wS2;-1,5=wA2;0,1=bB1;0,2=wA1;0,3=wG1;0,5=bQ;1,-1=wS1;1,0=bG1;1,2=wG3;2,-2=wG2;3,-6=wA3;3,-5=bB2;3,-4=bA2;3,-3=wQ;4,-6=bG3;4,-4=bA1;5,-4=bS1;6,-4=bA3
18	36	0.379949	adjudicated	G1|w|36|18|18|-1,1=bG2;-1,4=wS2;-1,5=wA2;0,1=bB1;0,2=wA1;0,3=wG1;0,5=bQ;1,-1=wS1;1,0=bG1;1,2=wG3;1,4=wA3;2,-2=wG2;3,-5=bB2;3,-4=bA2;3,-3=wQ;3,-2=bA3;4,-6=bG3;4,-4=bA1;5,-4=bS1
18	38	0.379949	adjudicated	G1|w|38|19|19|-1,1=bG2;-1,3=wB1;-1,4=wS2;-1,5=wA2;0,1=bB1;0,2=wA1;0,3=wG1;0,5=bQ;1,-1=wS1;1,0=bG1;1,2=wG3;1,4=wA3;2,-3=bA3;2,-2=wG2;3,-5=bB2;3,-4=bA2;3,-3=wQ;4,-6=bG3;4,-4=bA1;5,-4=bS1
18	40	0.379949	adjudicated	G1|w|40|20|20|-2,1=bS2;-1,1=bG2;-1,3=wB1;-1,4=wS2;-1,5=wA2;0,1=bB1;0,2=wA1;0,3=wG1;0,5=bQ;1,-1=wS1;1,0=bG1;1,2=wG3;2,-3=bA3;2,-2=wG2;3,-5=bB2;3,-4=bA2;3,-3=wQ;4,-6=bG3;4,-4=bA1;5,-7=wA3;5,-4=bS1
18	42	0.379949	adjudicated	G1|w|42|21|21|-2,1=bS2;-1,1=bG2;-1,3=wB1;-1,4=wS2;-1,5=wA2;0,1=bB1;0,2=wA1;0,3=wG1;0,5=bQ;1,-1=wS1;1,0=bG1;1,2=wG3;2,-3=bA3;2,-2=wG2;3,-5=bB2;3,-4=bA2;3,-2=wQ;3,-1=bS1;4,-6=bG3;4,-4=bA1;5,-7=wA3
18	44	0.379949	adjudicated	G1|w|44|22|22|-2,1=bS2;-1,1=bG2;-1,3=wB1;-1,4=wS2;-1,5=wA2;0,1=bB1;0,2=wA1;0,3=wG1;0,4=wA3;1,-1=wS1;1,0=bG1;1,2=wG3;1,4=bQ;2,-3=bA3;2,-2=wG2;3,-5=bB2;3,-4=bA2;3,-2=wQ;3,-1=bS1;4,-6=bG3;4,-4=bA1
18	46	0.379949	adjudicated	G1|w|46|23|23|-2,1=bS2;-2,3=wG1;-1,1=bG2;-1,3=wB1;-1,4=wS2;-1,5=wA2;0,1=bB1;0,2=wA1;0,4=wA3;1,-1=wS1;1,0=bG1;1,2=wG3;1,3=bA1;1,4=bQ;2,-3=bA3;2,-2=wG2;3,-5=bB2;3,-4=bA2;3,-2=wQ;3,-1=bS1;4,-6=bG3
18	48	0.379949	adjudicated	G1|w|48|24|24|-2,1=bS2;-2,3=wG1;-1,1=bG2;-1,3=wB1;-1,4=wS2;0,1=bB1;0,2=wA1;0,4=wA3;1,-1=wS1;1,0=bG1;1,2=wG3;1,4=bQ;1,5=wA2;2,-3=bA3;2,-2=wG2;3,-5=bB2;3,-4=bA2;3,-3=bA1;3,-2=wQ;3,-1=bS1;4,-6=bG3
18	50	0.379949	adjudicated	G1|w|50|25|25|-2,1=bS2;-2,3=wG1;-1,1=bG2;-1,3=wB1;-1,4=wS2;0,1=bB1;0,2=wA1;0,4=wA3;1,-1=wS1;1,0=bG1;1,2=wG3;1,4=bQ;1,5=wA2;2,-2=wG2;2,2=wB2;3,-5=bB2;3,-4=bA2;3,-3=bA1;3,-2=wQ;3,-1=bS1;4,-6=bG3;4,-3=bA3
18	52	0.379949	adjudicated	G1|w|52|26|26|-2,1=bS2;-2,3=wG1;-1,1=bG2;-1,3=wB1;-1,4=wS2;0,1=bB1;0,2=wA1;0,4=wA3;1,-1=wS1;1,0=bG1;1,1=bA3;1,2=wG3;1,3=wB2;1,4=bQ;1,5=wA2;2,-2=wG2;3,-5=bB2;3,-4=bA2;3,-3=bA1;3,-2=wQ;3,-1=bS1;4,-6=bG3
18	54	0.379949	adjudicated	G1|w|54|27|27|-2,1=bS2;-2,3=wG1;-1,1=bG2;-1,2=wG3;-1,3=wB1;-1,4=wS2;-1,5=bA3;0,1=bB1;0,2=wA1;0,4=wA3;1,-1=wS1;1,0=bG1;1,3=wB2;1,4=bQ;1,5=wA2;2,-2=wG2;3,-5=bB2;3,-4=bA2;3,-3=bA1;3,-2=wQ;3,-1=bS1;4,-6=bG3
18	56	0.379949	adjudicated	G1|w|56|28|28|-2,1=bS2;-2,3=wG1;-1,1=bG2;-1,2=wG3;-1,3=wB1;-1,4=wS2;0,1=bB1;0,4=wA3;1,-1=wS1;1,0=bG1;1,3=wB2;1,4=bQ;1,5=wA2;2,-2=wG2;3,-5=bB2;3,-4=bA2;3,-3=bA1;3,-2=wQ;3,-1=bS1;4,-6=bG3;4,-4=wA1;4,-2=bA3
18	58	0.379949	adjudicated	G1|w|58|29|29|-2,1=bS2;-2,3=wG1;-1,1=bG2;-1,2=wG3;-1,3=wB1;-1,4=wS2;0,1=bB1;0,3=wB2;0,4=wA3;1,-1=wS1;1,0=bG1;1,4=bQ;1,5=wA2;2,-2=wG2;3,-5=bB2;3,-4=bA2;3,-3=bA1;3,-2=wQ;3,-1=bS1;4,-6=bG3;4,-4=wA1;4,-3=bA3
18	60	0.379949	adjudicated	G1|w|60|30|30|-2,1=bS2;-2,3=wG1;-1,1=bG2;-1,2=wG3;-1,3=wB1;-1,4=wS2;0,1=bB1;0,3=wB2;0,4=wA3;1,-1=wS1;1,0=bG1;1,3=wA1;1,4=bQ;1,5=wA2;2,-4=bG3;2,-2=wG2;3,-5=bB2;3,-4=bA2;3,-3=bA1;3,-2=wQ;3,-1=bS1;4,-3=bA3
18	62	0.379949	adjudicated	G1|w|62|31|31|-2,1=bS2;-1,1=bG2;-1,2=wG3;-1,3=wB1;-1,4=wS2;0,1=bB1;0,3=wB2;0,4=wA3;1,-1=wS1;1,0=bG1;1,3=wA1;1,4=bQ;1,5=wA2;2,-4=bG3;2,-2=wG2;2,3=wG1;3,-4=bA2,bB2;3,-3=bA1;3,-2=wQ;3,-1=bS1;4,-3=bA3
18	64	0.379949	adjudicated	G1|w|64|32|32|-2,1=bS2;-1,1=bG2;-1,2=wG3;-1,3=wB1;-1,4=wS2;0,1=bB1;0,3=wB2;0,5=wA3;1,-1=wS1;1,0=bG1;1,3=wA1;1,4=bQ;1,5=wA2;2,-4=bG3,bB2;2,-2=wG2;2,3=wG1;3,-4=bA2;3,-3=bA1;3,-2=wQ;3,-1=bS1;4,-3=bA3
18	66	0.379949	adjudicated	G1|w|66|33|33|-2,4=bS2;-1,1=bG2;-1,2=wG3;-1,3=wB1;-1,6=wS2;0,1=bB1;0,3=wB2;0,5=wA3;1,-1=wS1;1,0=bG1;1,3=wA1;1,4=bQ;1,5=wA2;2,-4=bG3,bB2;2,-2=wG2;2,3=wG1;3,-4=bA2;3,-3=bA1;3,-2=wQ;3,-1=bS1;4,-3=bA3
18	68	0.379949	adjudicated	G1|w|68|34|34|-2,4=bS2;-1,1=bG2;-1,2=wG3;-1,3=wB1;-1,6=wS2;0,1=bB1;0,3=wB2;0,5=wA3;1,-1=wS1;1,0=bG1;1,3=wA1;1,4=bQ;2,-4=bG3,bB2;2,-2=wG2;2,3=wG1;2,4=wA2;3,-4=bA2;3,-3=bA1;3,-2=wQ;3,-1=bS1;4,-2=bA3
18	70	0.379949	adjudicated	G1|w|70|35|35|-2,4=bS2;-1,1=bG2;-1,2=wG3;-1,3=wB1;0,1=bB1;0,3=wB2;0,5=wA3;1,-3=bB2;1,-1=wS1;1,0=bG1;1,3=wA1;1,4=bQ;2,-4=bG3;2,-2=wG2;2,3=wG1;2,4=wA2;2,5=wS2;3,-4=bA2;3,-3=bA1;3,-2=wQ;3,-1=bS1;4,-2=bA3
18	72	0.379949	adjudicated	G1|w|72|36|36|-2,4=bS2;-1,1=bG2;-1,2=wG3;-1,3=wB1;-1,6=wS2;0,1=bB1;0,3=wB2;0,5=wA3;1,-3=bB2;1,-1=wS1;1,0=bG1;1,3=wA1;1,4=bQ;2,-4=bG3;2,-2=wG2;2,3=wG1;2,4=wA2;3,-4=bA2;3,-3=bA1;3,-2=wQ;3,-1=bS1;4,-3=bA3
18	74	0.379949	adjudicated	G1|w|74|37|37|-2,4=bS2;-2,5=wA2;-1,1=bG2;-1,2=wG3;-1,3=wB1;-1,6=wS2;0,1=bB1;0,3=wB2;0,5=wA3;1,-4=bB2;1,-1=wS1;1,0=bG1;1,3=wA1;1,4=bQ;2,-4=bG3;2,-2=wG2;2,3=wG1;3,-4=bA2;3,-3=bA1;3,-2=wQ;3,-1=bS1;4,-3=bA3
18	76	0.379949	adjudicated	G1|w|76|38|38|-2,1=bS2;-1,1=bG2;-1,2=wG3;-1,3=wB1;-1,6=wS2;0,1=bB1;0,3=wB2;0,5=wA3;1,-4=bB2;1,-1=wS1;1,0=bG1;1,3=wA1;1,4=bQ;1,5=wA2;2,-4=bG3;2,-2=wG2;2,3=wG1;3,-4=bA2;3,-3=bA1;3,-2=wQ;3,-1=bS1;4,-3=bA3
18	78	0.379949	adjudicated	G1|w|78|39|39|-2,1=bS2;-1,1=bG2;-1,2=wG3;-1,3=wB1;-1,6=wS2;0,1=bB1;0,3=wB2;0,4=wA2;0,5=wA3;1,-4=bB2;1,-1=wS1;1,0=bG1;1,3=wA1;1,4=bQ;2,-4=bG3;2,-2=wG2;2,3=wG1;3,-4=bA2;3,-3=bA1;3,-2=wQ;3,-1=bS1;4,-4=bA3
18	80	0.379949	adjudicated	G1|w|80|40|40|-2,1=bS2;-1,1=bG2;-1,2=wG3;-1,3=wB1;0,1=bB1;0,3=wB2;0,4=wA2;0,5=wA3;1,-4=bB2;1,-1=wS1;1,0=bG1;1,3=wA1;1,4=bQ;2,-4=bG3;2,-2=wG2;2,3=wG1;2,4=wS2;3,-4=bA2;3,-3=bA1;3,-2=wQ;3,-1=bS1;4,-3=bA3
18	82	0.379949	adjudicated	G1|w|82|41|41|-2,1=bS2;-1,1=bG2;-1,2=wG3;-1,3=wB1;0,1=bB1;0,3=wB2;0,4=wA2;1,-4=bB2;1,-1=wS1;1,0=bG1;1,3=wA1;1,5=bQ;2,-4=bG3;2,-2=wG2;2,3=wG1;2,4=wS2;3,-4=bA2;3,-3=bA1;3,-2=wQ;3,-1=bS1;3,0=wA3;4,-3=bA3
18	84	0.379949	adjudicated	G1|w|84|42|42|-2,1=bS2;-1,1=bG2;-1,2=wG3;-1,3=wB1;0,1=bB1;0,3=wB2;0,5=bQ;1,-4=bB2;1,-1=wS1;1,0=bG1;1,3=wA1;1,4=wA2;2,-4=bG3;2,-2=wG2;2,3=wG1;2,4=wS2;3,-4=bA2;3,-3=bA1;3,-2=wQ;3,-1=bS1;3,0=wA3;4,-3=bA3
18	86	0.379949	adjudicated	G1|w|86|43|43|-2,1=bS2;-1,1=bG2;-1,2=wG3;-1,3=wB1;-1,5=wA3;0,1=bB1;0,3=wB2;0,5=bQ;1,-4=bB2;1,-1=wS1;1,0=bG1;1,3=wA1;1,4=wA2;2,-4=bG3;2,-2=wG2;2,3=wG1;2,4=wS2;3,-4=bA2;3,-3=bA1;3,-2=wQ;3,-1=bS1;3,0=bA3
18	88	0.379949	adjudicated	G1|w|88|44|44|-2,1=bS2;-1,1=bG2;-1,2=wG3;-1,3=wB1;-1,5=wA3;-1,6=wS2;0,1=bB1;0,3=wB2;0,5=bQ;1,-4=bB2;1,-1=wS1;1,0=bG1;1,3=wA1;1,4=wA2;2,-4=bG3;2,-2=wG2;2,3=wG1;3,-4=bA2;3,-3=bA1;3,-2=wQ;3,-1=bS1;4,-2=bA3
18	90	0.379949	adjudicated	G1|w|90|45|45|-1,1=bG2;-1,2=wG3;-1,3=wB1;-1,6=wS2;0,-1=bS2;0,1=bB1;0,3=wB2;0,5=bQ;1,-4=bB2;1,-1=wS1;1,0=bG1;1,3=wA1;1,4=wA2;1,5=wA3;2,-4=bG3;2,-2=wG2;2,3=wG1;3,-4=bA2;3,-3=bA1;3,-2=wQ;3,-1=bS1;4,-2=bA3
18	92	0.379949	adjudicated	G1|w|92|46|46|-2,1=bS2;-2,3=wG1;-1,1=bG2;-1,2=wG3;-1,3=wB1;-1,6=wS2;0,1=bB1;0,3=wB2;0,5=bQ;1,-4=bB2;1,-1=wS1;1,0=bG1;1,3=wA1;1,4=wA2;1,5=wA3;2,-4=bG3;2,-2=wG2;3,-4=bA2;3,-3=bA1;3,-2=wQ;3,-1=bS1;4,-2=bA3
18	94	0.379949	adjudicated	G1|w|94|47|47|-2,1=bS2;-2,3=wG1;-1,1=bG2;-1,2=wG3;-1,3=wB1;-1,6=wS2;0,1=bB1;0,3=wB2;0,4=wA3;0,5=bQ;1,-1=wS1;1,0=bG1;1,3=wA1;1,4=wA2;2,-4=bG3,bB2;2,-2=wG2;3,-4=bA2;3,-3=bA1;3,-2=wQ;3,-1=bS1;4,-2=bA3
18	96	0.379949	adjudicated	G1|w|96|48|48|-2,1=bS2;-2,3=wG1;-1,1=bG2;-1,2=wG3;-1,3=wB1;-1,5=wA1;-1,6=wS2;0,1=bB1;0,3=wB2;0,4=wA3;0,5=bQ;1,-1=wS1;1,0=bG1;1,4=wA2;2,-4=bG3,bB2;2,-2=wG2;2,3=bA3;3,-4=bA2;3,-3=bA1;3,-2=wQ;3,-1=bS1
19	0	-0.379949	adjudicated	G1|w|0|0|0|
19	7	-0.379949	adjudicated	G1|b|7|4|3|-1,-1=wQ;-1,0=wS1;-1,1=wG1;0,0=wB1;1,-2=bA1;1,-1=bG1;2,-2=bA2
19	9	-0.379949	adjudicated	G1|b|9|5|4|-1,-2=wG2;-1,-1=wQ;-1,0=wS1;-1,1=wG1;0,0=wB1;1,-3=bQ;1,-2=bA1;1,-1=bG1;2,-2=bA2
19	11	-0.379949	adjudicated	G1|b|11|6|5|-2,-1=bA2;-1,-3=wA1;-1,-2=wG2;-1,-1=wQ;-1,0=wS1;-1,1=wG1;0,0=wB1;1,-3=bQ;1,-2=bA1;1,-1=bG1
19	13	-0.379949	adjudicated	G1|b|13|7|6|-2,-1=bA2;-1,-2=wG2;-1,-1=wQ;-1,0=wS1;-1,1=wG1;0,0=wB1;1,-2=bA1;1,-1=bG1;1,0=wA1;2,-3=bQ
19	15	-0.379949	adjudicated	G1|b|15|8|7|-3,0=bB1;-2,-1=bA2;-1,-2=wG2;-1,-1=wQ;-1,0=wS1;-1,1=wG1;0,0=wB1;1,-2=bA1;1,-1=bG1;2,-4=wA1;2,-3=bQ
19	17	-0.379949	adjudicated	G1|b|17|9|8|-2,-1=bA2;-2,0=bB1;-1,-2=wG2;-1,0=wS1;-1,1=wG1;0,-2=wQ;0,0=wB1;1,-2=bA1;1,-1=bG1;2,-4=wA1;2,-3=bQ
19	19	-0.379949	adjudicated	G1|b|19|10|9|-2,0=bB1;-1,-2=wG2;-1,0=wS1;-1,1=wG1;0,-3=bA2;0,-2=wQ;0,0=wB1;1,-2=bA1;1,-1=bG1;2,-3=bQ;3,-3=wA1
19	21	-0.379949	adjudicated	G1|b|21|11|10|-2,0=bB1;-1,0=wS1;-1,1=wG1;0,-2=wQ;0,0=wB1;1,-2=bA1;1,-1=bG1;1,0=bA2;2,-3=bQ;2,-2=wG2;3,-3=wA1
19	23	-0.379949	adjudicated	G1|b|23|12|11|-2,0=bB1;-1,0=wS1;-1,1=wG1;0,-3=wQ;0,0=wB1;1,-3=bA2;1,-2=bA1;1,-1=bG1;2,-3=bQ;2,-2=wG2;3,-3=wA1
19	25	-0.379949	adjudicated	G1|b|25|13|12|-2,0=bB1;-1,0=wS1;-1,1=wG1;0,-3=wQ;0,0=wB1;1,-3=bA2;1,-2=bA1;1,-1=bG1;2,-4=bQ;2,-3=wA1;2,-2=wG2
19	27	-0.379949	adjudicated	G1|b|27|14|13|-3,0=bA1;-2,0=bB1;-2,2=wG3;-1,0=wS1;-1,1=wG1;0,-3=wQ;0,0=wB1;1,-3=bA2;1,-1=bG1;2,-4=bQ;2,-3=wA1;2,-2=wG2
19	29	-0.379949	adjudicated	G1|b|29|15|14|-3,1=bA1;-2,0=bB1;-2,2=wG3;-1,0=wS1;-1,1=wG1;0,-3=wQ;0,0=wB1;1,-3=bA2;1,-1=bG1;2,-4=bQ;2,-3=wA1;2,-2=wG2;3,-3=wB2
19	31	-0.379949	adjudicated	G1|b|31|16|15|-2,0=bB1;-2,2=wG3;-2,3=bA1;-1,0=wS1;-1,1=wG1;0,-3=wQ;0,0=wB1;1,-3=bA2;1,-1=bG1;2,-4=bQ;2,-3=wA1;2,-2=wG2;3,-4=wB2
19	33	-0.379949	adjudicated	G1|b|33|17|16|-2,0=bB1;-2,2=wG3;-2,3=bA1;-1,0=wS1;-1,1=wG1;0,-3=wQ;0,0=wB1;1,-3=bA2;1,-1=bG1;2,-3=wA1;2,-2=wG2;3,-5=bQ;3,-4=wB2;4,-4=wA2
19	35	-0.379949	adjudicated	G1|b|35|18|17|-2,0=bB1;-2,2=wG3;-1,0=wS1;-1,1=wG1;0,-4=bA1;0,-3=wQ;0,0=wB1;1,-3=bA2;1,-1=bG1;2,-4=wA2;2,-3=wA1;2,-2=wG2;3,-5=bQ;3,-4=wB2
19	37	-0.379949	adjudicated	G1|b|37|19|18|-2,0=bB1;-2,2=wG3;-1,-2=wS2;-1,0=wS1;-1,1=wG1;0,-4=bA1;0,-3=wQ;0,0=wB1;1,-3=bA2;1,-1=bG1;2,-4=wA2;2,-3=wA1;2,-2=wG2;3,-4=wB2;4,-5=bQ
19	39	-0.379949	adjudicated	G1|b|39|20|19|-3,0=bS1;-2,0=bB1;-2,2=wG3;-1,-2=wS2;-1,0=wS1;-1,1=wG1;0,-4=bA1;0,-3=wQ;0,0=wB1;1,-3=bA2;1,-1=bG1;2,-3=wA1;2,-2=wG2;3,-5=wA2;3,-4=wB2;4,-5=bQ
19	41	-0.379949	adjudicated	G1|b|41|21|20|-3,0=bS1;-3,1=bA1;-2,0=bB1;-2,2=wG3;-1,0=wS1;-1,1=wG1;0,-3=wQ;0,-1=wS2;0,0=wB1;1,-3=bA2;1,-1=bG1;2,-3=wA1;2,-2=wG2;3,-5=wA2;3,-4=wB2;4,-5=bQ
19	43	-0.379949	adjudicated	G1|b|43|22|21|-3,0=bS1;-2,0=bB1;-2,2=wG3;-1,-1=wA2;-1,0=wS1;-1,1=wG1;0,-3=wQ;0,-1=wS2;0,0=wB1;1,-4=bA1;1,-3=bA2;1,-1=bG1;2,-3=wA1;2,-2=wG2;3,-4=wB2;4,-5=bQ
19	45	-0.379949	adjudicated	G1|b|45|23|22|-4,0=bG2;-3,0=bS1;-2,0=bB1;-2,2=wG3;-1,0=wS1;-1,1=wG1;0,-3=wQ;0,-1=wS2;0,0=wB1;1,-4=bA1;1,-3=bA2;1,-1=bG1;2,-3=wA1;2,-2=wG2;3,-5=wA2;3,-4=wB2;4,-5=bQ
19	47	-0.379949	adjudicated	G1|b|47|24|23|-4,0=bG2;-3,0=bS1;-2,0=bB1;-2,2=wG3;-1,0=wS1;-1,1=wG1;0,-4=wQ;0,-1=wS2;0,0=wB1;1,-4=bA1;1,-3=bA2;1,-1=bG1;2,-3=wA1;2,-2=wG2;3,-5=wA2;3,-4=wB2;4,-6=bQ
19	49	-0.379949	adjudicated	G1|b|49|25|24|-4,0=bG2;-3,-1=bA3;-3,0=bS1;-2,0=bB1;-2,2=wG3;-1,0=wS1;-1,1=wG1;0,-4=wQ;0,-1=wS2;1,-4=bA1;1,-3=bA2;1,-1=bG1,wB1;2,-3=wA1;2,-2=wG2;3,-5=wA2;3,-4=wB2;4,-6=bQ
19	51	-0.379949	adjudicated	G1|b|51|26|25|-4,0=bG2;-3,0=bS1;-2,0=bB1;-2,2=wG3;-1,0=wS1;-1,1=wG1;0,-5=bA3;0,-4=wQ;0,-1=wS2;1,-4=bA1;1,-3=bA2;1,-1=bG1;1,0=wB1;2,-3=wA1;2,-2=wG2;3,-5=wA2;3,-4=wB2;4,-6=bQ
19	53	-0.379949	adjudicated	G1|b|53|27|26|-4,0=bG2;-3,-1=bS2;-3,0=bS1;-2,0=bB1;-2,2=wG3;-1,0=wS1;-1,1=wG1;0,-5=bA3;0,-4=wQ;0,-1=wS2;1,-4=bA1;1,-3=bA2;1,-1=bG1;1,0=wB1;2,-3=wA1;2,-2=wG2;3,-5=wA2;3,-4=wB2;3,-3=wA3;4,-6=bQ
19	55	-0.379949	adjudicated	G1|b|55|28|27|-4,0=bG2;-3,-1=bS2;-3,0=bS1;-2,-2=bG3;-2,0=bB1;-2,2=wG3;-1,0=wS1;-1,1=wG1;0,-5=bA3;0,-4=wQ;0,-1=wS2;1,-4=bA1;1,-3=bA2;1,-1=bG1;1,0=wB1;2,-3=wA1;2,-2=wG2;3,-5=wA2;3,-4=wB2;4,-6=bQ;4,-5=wA3
19	57	-0.379949	adjudicated	G1|b|57|29|28|-3,-1=bS2;-3,0=bS1;-2,-2=bG3;-2,0=bB1;-2,2=wG3;-1,-3=bG2;-1,0=wS1;-1,1=wG1;0,-5=bA3;0,-4=wQ;0,-1=wS2;0,0=wB1;1,-4=bA1;1,-3=bA2;1,-1=bG1;2,-3=wA1;2,-2=wG2;3,-5=wA2;3,-4=wB2;4,-6=bQ;4,-5=wA3
19	59	-0.379949	adjudicated	G1|b|59|30|29|-3,-1=bS2;-3,0=bS1;-2,-2=bG3;-2,0=bB1;-2,2=wG3;-1,-3=bG2;-1,0=wS1;-1,1=wG1;0,-5=bA3;0,-4=wQ;0,-1=wS2;0,0=wB1;1,-4=bA1;1,-3=bA2;1,-1=bG1;2,-3=wA1;2,-2=wG2;3,-4=wB2;4,-5=wA3;5,-7=wA2;5,-6=bQ
19	61	-0.379949	adjudicated	G1|b|61|31|30|-3,-1=bS2;-3,0=bS1;-2,0=bB1;-2,2=wG3;-1,-3=bG2;-1,0=wS1;-1,1=wG1;0,-5=bA3;0,-4=wQ;0,-1=wS2;0,0=wB1;1,-5=bG3;1,-4=bA1;1,-3=bA2;1,-1=bG1;2,-3=wA1;2,-2=wG2;3,-4=wB2;4,-5=wA3;5,-6=bQ;6,-6=wA2
19	63	-0.379949	adjudicated	G1|b|63|32|31|-3,-1=bS2;-3,0=bS1;-2,0=bB1;-2,2=wG3;-1,-3=bG2;-1,0=wS1;-1,1=wG1;0,-5=wQ;0,-3=bA3;0,-1=wS2;0,0=wB1;1,-5=bG3;1,-4=bA1;1,-3=bA2;1,-1=bG1;2,-3=wA1;2,-2=wG2;3,-4=wB2;4,-5=wA3;5,-6=bQ;6,-6=wA2
19	65	-0.379949	adjudicated	G1|b|65|33|32|-3,-1=bS2;-3,0=bS1;-3,1=bB2;-3,3=wA2;-2,0=bB1;-2,2=wG3;-1,-3=bG2;-1,0=wS1;-1,1=wG1;0,-5=wQ;0,-3=bA3;0,-1=wS2;0,0=wB1;1,-5=bG3;1,-4=bA1;1,-3=bA2;1,-1=bG1;2,-3=wA1;2,-2=wG2;3,-4=wB2;4,-5=wA3;5,-6=bQ
19	67	-0.379949	adjudicated	G1|b|67|34|33|-3,-1=bS2;-3,0=bS1,bB2;-2,0=bB1;-2,2=wG3;-1,-3=bG2;-1,0=wS1;-1,1=wG1;0,-5=wQ;0,-3=bA3;0,-1=wS2;0,0=wB1;1,-5=bG3;1,-4=bA1;1,-3=bA2;1,-1=bG1;2,-3=wA1;2,-2=wG2;3,-4=wB2;4,-5=wA3;5,-7=wA2;5,-6=bQ
19	69	-0.379949	adjudicated	G1|b|69|35|34|-3,0=bS1,bB2;-3,3=wG2;-2,0=bB1;-2,2=wG3;-1,-3=bG2;-1,0=wS1;-1,1=wG1;0,-5=wQ;0,-3=bA3;0,-2=bS2;0,-1=wS2;0,0=wB1;1,-5=bG3;1,-4=bA1;1,-3=bA2;1,-1=bG1;2,-3=wA1;3,-4=wB2;4,-5=wA3;5,-7=wA2;5,-6=bQ
19	71	-0.379949	adjudicated	G1|b|71|36|35|-3,0=bS1;-3,1=bB2;-3,3=wG2;-2,0=bB1;-2,2=wG3;-1,-3=bG2;-1,0=wS1,wB1;-1,1=wG1;0,-5=wQ;0,-3=bA3;0,-2=bS2;0,-1=wS2;1,-5=bG3;1,-4=bA1;1,-3=bA2;1,-1=bG1;2,-3=wA1;3,-4=wB2;4,-5=wA3;5,-7=wA2;5,-6=bQ
19	73	-0.379949	adjudicated	G1|b|73|37|36|-4,1=bB2;-3,0=bS1;-2,0=bB1;-2,2=wG3;-1,-3=bG2;-1,0=wS1,wB1;-1,1=wG1;0,-5=wQ;0,-3=bA3;0,-2=bS2;0,-1=wS2;0,0=wG2;1,-5=bG3;1,-4=bA1;1,-3=bA2;1,-1=bG1;2,-3=wA1;3,-4=wB2;4,-5=wA3;5,-7=wA2;5,-6=bQ
19	75	-0.379949	adjudicated	G1|b|75|38|37|-3,0=bS1,bB2;-2,0=bB1;-2,1=wB1;-2,2=wG3;-1,-3=bG2;-1,0=wS1;-1,1=wG1;0,-5=wQ;0,-3=bA3;0,-2=bS2;0,-1=wS2;0,0=wG2;1,-5=bG3;1,-4=bA1;1,-3=bA2;1,-1=bG1;2,-3=wA1;3,-4=wB2;4,-5=wA3;5,-7=wA2;5,-6=bQ
19	77	-0.379949	adjudicated	G1|b|77|39|38|-3,0=bS1,bB2;-3,3=bG1;-2,0=bB1;-2,2=wG3,wB1;-1,-3=bG2;-1,0=wS1;-1,1=wG1;0,-5=wQ;0,-3=bA3;0,-2=bS2;0,-1=wS2;0,0=wG2;1,-5=bG3;1,-4=bA1;1,-3=bA2;2,-3=wA1;3,-4=wB2;4,-5=wA3;5,-7=wA2;5,-6=bQ
19	79	-0.379949	adjudicated	G1|b|79|40|39|-3,0=bS1,bB2;-2,0=bB1;-2,2=wG3,wB1;-1,-3=bG2;-1,0=wS1;-1,1=wG1;0,-5=wQ;0,-3=bA3;0,-2=bS2;0,-1=wS2;0,0=wG2;1,-5=bG3;1,-4=bA1;1,-3=bA2;1,-1=bG1;2,-3=wA1;3,-4=wB2;4,-5=wA3;5,-6=bQ;6,-6=wA2
19	81	-0.379949	adjudicated	G1|b|81|41|40|-3,-1=bB2;-3,0=bS1;-2,0=bB1;-2,2=wG3,wB1;-1,-3=bG2;-1,0=wS1;-1,1=wG1;0,-5=wQ;0,-3=bA3;0,-2=bS2;0,-1=wS2;0,0=wG2;1,-5=bG3;1,-4=bA1;1,-3=bA2;1,-1=bG1;2,-3=wA1;3,-4=wB2;4,-6=wA2;4,-5=wA3;5,-6=bQ
19	83	-0.379949	adjudicated	G1|b|83|42|41|-3,-1=bB2;-3,0=bS1;-2,0=bB1;-2,2=wG3,wB1;-1,-3=bG2;-1,0=wS1;-1,1=wG1;0,-5=wQ;0,-3=bA3;0,-2=bS2;0,-1=wS2;0,0=wG2;1,-5=bG3;1,-4=bA1;1,-3=bA2;1,-1=bG1;2,-3=wA1;3,-4=wB2;4,-5=wA3;5,-5=bQ;6,-5=wA2
19	85	-0.379949	adjudicated	G1|b|85|43|42|-3,0=bS1;-2,-1=bB2;-2,0=bB1;-2,2=wG3,wB1;-1,-3=bG2;-1,0=wS1;-1,1=wG1;0,-5=wQ;0,-3=bA3;0,-2=bS2;0,-1=wS2;0,0=wG2;1,-5=bG3;1,-4=bA1;1,-3=bA2;1,-1=bG1;2,-3=wA1;3,-4=wB2;4,-5=wA3;5,-6=wA2;5,-5=bQ
19	87	-0.379949	adjudicated	G1|b|87|44|43|-3,0=bS1;-2,-1=bB2;-2,0=bB1;-2,2=wG3;-1,-3=bG2;-1,0=wS1;-1,1=wG1,wB1;0,-5=wQ;0,-3=bA3;0,-2=bS2;0,-1=wS2;0,0=wG2;1,-5=bG3;1,-4=bA1;1,-3=bA2;1,-1=bG1;2,-3=wA1;3,-4=wB2;4,-5=wA3;5,-6=wA2;6,-6=bQ
19	89	-0.379949	adjudicated	G1|b|89|45|44|-4,0=wG2;-3,0=bS1;-2,0=bB1,bB2;-2,2=wG3;-1,-3=bG2;-1,0=wS1;-1,1=wG1,wB1;0,-5=wQ;0,-3=bA3;0,-2=bS2;0,-1=wS2;1,-5=bG3;1,-4=bA1;1,-3=bA2;1,-1=bG1;2,-3=wA1;3,-4=wB2;4,-5=wA3;5,-6=wA2;6,-6=bQ
19	91	-0.379949	adjudicated	G1|b|91|46|45|-4,0=wG2;-3,0=bS1;-2,0=bB1;-2,1=wB1;-2,2=wG3;-1,-3=bG2;-1,0=wS1,bB2;-1,1=wG1;0,-5=wQ;0,-3=bA3;0,-2=bS2;0,-1=wS2;1,-5=bG3;1,-4=bA1;1,-3=bA2;1,-1=bG1;2,-3=wA1;3,-4=wB2;4,-5=wA3;5,-6=wA2;6,-6=bQ
19	93	-0.379949	adjudicated	G1|b|93|47|46|-4,0=wG2;-3,0=bS1;-2,0=bB1;-2,2=wG3,wB1;-1,0=wS1,bB2;-1,1=wG1;0,-5=wQ;0,-3=bA3;0,-2=bS2;0,-1=wS2;1,-5=bG3;1,-4=bA1;1,-3=bA2;1,-1=bG1;2,-3=wA1;3,-4=wB2;3,-3=bG2;4,-5=wA3;5,-6=wA2;6,-6=bQ
19	95	-0.379949	adjudicated	G1|b|95|48|47|-3,0=bS1;-2,0=bB1;-2,2=wG3,wB1;-1,0=wS1,bB2;-1,1=wG1;0,-6=bA3;0,-5=wQ;0,-2=bS2;0,-1=wS2;0,0=wG2;1,-5=bG3;1,-4=bA1;1,-3=bA2;1,-1=bG1;2,-3=wA1;3,-4=wB2;3,-3=bG2;4,-5=wA3;5,-6=wA2;6,-6=bQ
20	0	-1.000000	terminal	G1|w|0|0|0|
20	6	-1.000000	terminal	G1|w|6|3|3|-2,0=bS1;-2,1=bG2;-1,0=bG1;0,0=wA1;1,0=wA2;2,-1=wA3
20	8	-1.000000	terminal	G1|w|8|4|4|-3,0=bQ;-2,0=bS1;-2,1=bG2;-1,0=bG1;0,0=wA1;1,0=wA2;2,-2=wQ;2,-1=wA3
20	10	-1.000000	terminal	G1|w|10|5|5|-3,0=bQ;-3,2=bS2;-2,0=bS1;-2,1=bG2;-1,0=bG1;0,0=wA1;1,0=wA2;1,1=wG1;2,-2=wQ;2,-1=wA3
20	12	-1.000000	terminal	G1|w|12|6|6|-3,0=bQ;-3,2=bS2;-3,3=bG3;-2,0=bS1;-2,1=bG2;-1,0=bG1;0,0=wA1;1,0=wA2;1,1=wG1;1,2=wS1;2,-2=wQ;2,-1=wA3
20	14	-1.000000	terminal	G1|w|14|7|7|-3,0=bQ;-3,2=bS2;-3,3=bG3;-2,0=bS1;-2,1=bG2;-1,-1=bA1;-1,0=bG1;0,0=wA1;1,0=wA2;1,1=wG1;1,2=wS1;2,-2=wQ;2,-1=wA3;2,0=wB1
20	16	-1.000000	terminal	G1|w|16|8|8|-3,0=bQ;-3,2=bS2;-3,3=bG3;-3,4=bA2;-2,0=bS1;-2,1=bG2;-1,-1=bA1;-1,0=bG1;0,0=wA1;1,0=wA2;1,1=wG1;1,2=wS1;2,-2=wQ;2,-1=wA3;2,0=wB1;3,0=wB2
20	18	-1.000000	terminal	G1|w|18|9|9|-3,0=bQ;-3,2=bS2;-3,3=bG3;-3,4=bA2;-2,-1=bA1;-2,0=bS1;-2,1=bG2;-1,0=bG1;0,0=wA1;1,0=wA2;1,1=wG1;1,2=wS1;2,-2=wQ;2,-1=wA3;2,0=wB1;3,0=wB2;4,-1=wG2
20	20	-1.000000	terminal	G1|w|20|10|10|-3,0=bQ;-3,2=bS2;-3,3=bG3;-3,4=bA2;-2,0=bS1;-2,1=bG2;-1,0=bG1;0,0=wA1;1,0=wA2;1,1=wG1;1,2=wS1;2,-3=bA1;2,-2=wQ;2,-1=wA3;2,0=wB1;2,2=wG3;3,0=wB2;4,-1=wG2
20	22	-1.000000	terminal	G1|w|22|11|11|-3,0=bQ;-3,2=bS2;-3,3=bG3;-2,0=bS1;-2,1=bG2;-1,0=bG1;0,0=wA1;1,-2=bA2;1,0=wA2;1,1=wG1;1,2=wS1;2,-3=bA1;2,-2=wQ;2,-1=wA3;2,0=wB1;2,2=wG3;3,0=wB2;4,-1=wG2;5,-1=wS2
20	24	-1.000000	terminal	G1|w|24|12|12|-4,3=bA3;-3,0=bQ;-3,2=bS2;-3,3=bG3;-2,0=bS1;-2,1=bG2;-1,0=bG1;0,0=wA1;1,-2=bA2;1,0=wA2;1,1=wG1;1,2=wS1;2,-3=bA1;2,-2=wQ;2,-1=wA3;2,0=wB1;2,2=wG3;3,0=wB2;3,2=wS2;4,-1=wG2
20	26	-1.000000	terminal	G1|w|26|13|13|-4,3=bA3;-3,0=bQ;-3,2=bS2;-3,3=bG3;-2,0=bS1;-2,1=bG2;-1,0=bG1;0,0=wA1;0,3=bA2;1,0=wA2;1,1=wG1;1,2=wS1;2,-3=bA1;2,-2=wQ;2,-1=wA3;2,0=wB1;2,1=wG2;2,2=wG3;3,0=wB2;3,2=wS2
20	28	-1.000000	terminal	G1|w|28|14|14|-3,0=bQ;-3,2=bS2;-3,3=bG3;-2,0=bS1;-2,1=bG2;-1,0=bG1;0,0=wA1;0,3=bA2;0,4=wS2;1,0=wA2;1,1=wG1;1,2=wS1;2,-3=bA1;2,-2=wQ;2,-1=wA3;2,0=wB1;2,1=wG2;2,2=wG3;3,0=wB2;4,0=bA3
20	30	-1.000000	terminal	G1|w|30|15|15|-3,0=bQ;-3,2=bS2;-3,3=bG3;-2,0=bS1;-2,1=bG2;-1,0=bG1;0,0=wA1;0,3=bA2;0,4=wS2;1,0=wA2;1,1=wG1;1,2=wS1;2,-4=wG2;2,-3=bA1;2,-2=wQ;2,-1=wA3;2,0=wB1;2,2=wG3;3,0=wB2;4,-1=bA3
20	32	-1.000000	terminal	G1|w|32|16|16|-4,4=bA3;-3,0=bQ;-3,2=bS2;-3,3=bG3;-2,0=bS1;-2,1=bG2;-1,0=bG1;0,0=wA1;0,2=wG3;0,3=bA2;0,4=wS2;1,0=wA2;1,1=wG1;1,2=wS1;2,-4=wG2;2,-3=bA1;2,-2=wQ;2,-1=wA3;2,0=wB1;3,0=wB2
20	34	-1.000000	terminal	G1|w|34|17|17|-3,0=bQ;-3,2=bS2;-3,3=bG3;-2,0=bS1;-2,1=bG2;-1,0=bG1;0,0=wA1;0,2=wG3;0,3=bA2;0,4=wS2;1,0=wA2;1,1=wG1;1,2=wS1;2,-4=wG2;2,-3=bA1;2,-2=wQ;2,-1=wA3;2,0=wB1;2,1=wB2;3,-3=bA3
20	36	-1.000000	terminal	G1|w|36|18|18|-3,0=bQ;-3,2=bS2;-3,3=bG3;-2,0=bS1;-2,1=bG2;-1,0=bG1;0,0=wA1;0,2=wG3;0,3=bA2;0,4=wS2;1,0=wA2;1,1=wG1;1,2=wS1,wB2;2,-4=wG2;2,-3=bA1;2,-2=wQ;2,-1=wA3;2,0=wB1;3,-3=bA3;4,-4=bB1
20	38	-1.000000	terminal	G1|w|38|19|19|-3,0=bQ;-3,1=bG3;-3,2=bS2;-2,0=bS1;-2,1=bG2;-1,0=bG1;0,0=wA1;0,3=bA2;0,4=wS2;1,0=wA2;1,1=wG1;1,2=wS1,wB2;2,-4=wG2;2,-3=bA1;2,-2=wQ;2,-1=wA3;2,0=wB1;3,-3=bA3;3,-1=wG3;4,-4=bB1
20	40	-1.000000	terminal	G1|w|40|20|20|-3,0=bQ;-3,1=bG3;-3,2=bS2;-2,1=bG2;-1,0=bG1;0,0=wA1;0,3=bA2;0,4=wS2;1,-1=bS1;1,0=wA2;1,1=wG1;1,2=wS1,wB2;2,-4=wG2;2,-3=bA1;2,-2=wQ;2,-1=wA3;3,-3=bA3;3,-1=wG3;3,0=wB1;4,-4=bB1
20	42	-1.000000	terminal	G1|w|42|21|21|-3,0=bQ;-3,1=bG3;-3,2=bS2;-2,1=bG2;-1,0=bG1;0,0=wA1;0,2=wS2;1,-2=bA2;1,-1=bS1;1,0=wA2;1,1=wG1;1,2=wS1,wB2;2,-4=wG2;2,-3=bA1;2,-2=wQ;2,-1=wA3;3,-3=bA3;3,-1=wG3;3,0=wB1;4,-4=bB1
20	44	-1.000000	terminal	G1|w|44|22|22|-3,0=bQ;-3,1=bG3;-3,2=bS2;-2,1=bG2;-1,0=bG1;0,0=wA1;0,2=wS2;1,-2=bA2;1,-1=bS1;1,0=wA2;1,1=wG1;1,2=wS1,wB2;2,-4=wG2;2,-3=bA1;2,-2=wQ;2,-1=wA3;2,0=wB1;3,-3=bA3;3,-1=wG3;4,-4=bB1;4,-3=bB2
20	46	-1.000000	terminal	G1|w|46|23|23|-3,0=bQ;-3,1=bG3;-3,2=bS2;-2,1=bG2;-1,0=bG1;0,0=wA1;0,2=wS2;1,-2=bA2;1,-1=bS1;1,0=wA2;1,1=wG1;1,2=wS1,wB2;2,-4=wG2;2,-3=bA1;2,-2=wQ;2,-1=wA3;2,1=wB1;3,-3=bA3;3,-2=bB2;3,-1=wG3;4,-4=bB1
21	0	-1.000000	terminal	G1|w|0|0|0|
21	7	-1.000000	terminal	G1|b|7|4|3|-2,0=bB2;-2,1=bS1;-1,0=bB1;0,0=wS1;1,-1=wG1;1,0=wS2;2,-2=wQ
21	9	-1.000000	terminal	G1|b|9|5|4|-3,2=bQ;-2,0=bB2;-2,1=bS1;-1,0=bB1;0,0=wS1;1,-1=wG1;1,0=wS2;1,1=wA1;2,-2=wQ
21	11	-1.000000	terminal	G1|b|11|6|5|-2,0=bB2;-2,1=bS1;-2,2=bQ;-2,3=wA1;-1,0=bB1;0,0=wS1;1,-1=wG1;1,0=wS2;2,-2=wQ
21	13	-1.000000	terminal	G1|b|13|7|6|-2,0=bB2;-2,1=bS1;-2,2=bQ;-2,3=wA1;-1,-1=bS2;-1,0=bB1;-1,2=wS2;0,0=wS1;1,-1=wG1;2,-2=wQ
21	15	-1.000000	terminal	G1|b|15|8|7|-2,0=bB2;-2,1=bS1;-2,2=bQ;-2,3=wA1;-1,0=bB1;-1,2=wS2;0,0=wS1;0,1=wA2;1,-1=wG1;2,-3=bS2;2,-2=wQ
21	17	-1.000000	terminal	G1|b|17|9|8|-3,3=bQ;-2,0=bB2;-2,1=bS1;-2,3=wA1;-1,0=bB1;-1,2=wS2;0,0=wS1;0,1=wA2;0,2=wB1;1,-1=wG1;2,-3=bS2;2,-2=wQ
21	19	-1.000000	terminal	G1|b|19|10|9|-3,3=bQ;-2,1=bS1;-2,3=wA1;-1,-1=bB2;-1,0=bB1;-1,2=wS2;0,0=wS1;0,1=wA2;0,2=wB1;0,3=wB2;1,-1=wG1;2,-3=bS2;2,-2=wQ
21	21	-1.000000	terminal	G1|b|21|11|10|-3,3=bQ;-2,0=bG1;-2,1=bS1;-2,3=wA1;-1,-1=bB2;-1,0=bB1;-1,2=wS2;0,0=wS1;0,1=wA2;0,2=wB1;0,3=wB2;0,4=wA3;1,-1=wG1;2,-3=bS2;2,-2=wQ
21	23	-1.000000	terminal	G1|b|23|12|11|-4,4=wA3;-3,3=bQ;-2,0=bG1;-2,1=bS1;-2,3=wA1;-1,-1=bB2;-1,0=bB1;-1,2=wS2;0,0=wS1;0,1=wA2;0,2=wB1;0,3=wB2;1,-1=wG1;2,-3=bS2;2,-2=wQ;3,-4=bG2
21	25	-1.000000	terminal	G1|b|25|13|12|-4,4=wA3;-3,3=bQ;-2,0=bG1;-2,1=bS1;-2,3=wA1;-1,-1=bB2;-1,0=bB1;-1,2=wS2;0,0=wS1;0,1=wA2;0,2=wB1;0,3=wB2;1,-2=bG2;1,-1=wG1;2,-3=bS2;2,-1=wQ
21	27	-1.000000	terminal	G1|b|27|14|13|-4,4=wA3;-3,3=bQ;-2,0=bG1;-2,1=bS1;-2,3=wA1;-1,-1=bB2;-1,0=bB1;-1,2=wS2;-1,4=wG2;0,0=wS1;0,1=wA2;0,2=wB1;0,3=wB2;1,-2=bG2;1,-1=wG1;2,-1=wQ;3,-1=bS2
21	29	-1.000000	terminal	G1|b|29|15|14|-4,4=wA3;-3,3=bQ;-2,1=bS1;-2,3=wA1;-1,-1=bB2;-1,0=bB1;-1,2=wS2;0,0=wS1;0,1=wA2;0,2=wB1;0,3=wB2;1,-2=bG2;1,-1=wG1;1,0=bG1;1,2=wG2;2,-1=wQ;3,-1=bS2
21	31	-1.000000	terminal	G1|b|31|16|15|-4,4=wA3;-3,3=bQ;-2,1=bS1;-2,2=wG2;-2,3=wA1;-1,-1=bB2;-1,0=bB1;-1,2=wS2;0,0=wS1;0,1=wA2;0,2=wB1;0,3=wB2;1,-2=bG2;1,-1=wG1;1,0=bG1;2,-1=wQ;3,-1=bS2;4,-1=bG3
21	33	-1.000000	terminal	G1|b|33|17|16|-4,4=wA3;-3,2=wA1;-3,3=bQ;-2,1=bS1;-2,2=wG2;-1,-1=bB2;-1,0=bB1;-1,2=wS2;0,0=wS1;0,1=wA2;0,2=wB1;0,3=wB2;1,-2=bG2;1,-1=wG1;1,0=bG1;2,-1=wQ;3,-1=bS2;4,-1=bG3;5,-1=bA1
21	35	-1.000000	terminal	G1|b|35|18|17|-4,4=wA3;-3,3=bQ;-2,1=bS1;-2,2=wG2;-2,3=wA1;-1,-1=bB2;-1,0=bB1;-1,2=wS2;-1,3=bA1;0,0=wS1;0,1=wA2;0,2=wB1;0,3=wB2;1,-2=bG2;1,-1=wG1;1,0=bG1;2,-1=wQ;3,-1=bS2;4,-1=bG3
21	37	-1.000000	terminal	G1|b|37|19|18|-4,4=wA3;-3,3=bQ;-2,1=bS1;-2,2=wG2;-2,3=wA1;-1,-1=bB2;-1,0=bB1;-1,2=wS2;0,0=wS1;0,1=wA2;0,2=wB1,wB2;1,-2=bG2;1,-1=wG1;1,0=bG1;2,-1=wQ;3,-2=bA1;3,-1=bS2;4,-1=bG3
21	39	-1.000000	terminal	G1|b|39|20|19|-4,4=wA3;-3,3=bQ;-2,1=bS1;-2,2=wG2;-2,3=wA1;-1,-1=bB2;-1,0=bB1;-1,2=wS2;0,0=wS1;0,1=wA2;0,2=wB1,wB2;1,-2=bG2;1,0=bG1;1,1=wG1;2,-2=bA1;2,-1=wQ;3,-1=bS2;4,-1=bG3
21	41	-1.000000	terminal	G1|b|41|21|20|-4,4=wA3;-3,3=bQ;-2,1=bS1;-2,2=wG2;-2,3=wA1;-1,-1=bB2;-1,0=bB1;-1,2=wS2;0,0=wS1;0,1=wA2;0,2=wB1;1,0=bG1;1,1=wG1;1,2=wB2;2,-2=bA1;2,-1=wQ;3,-2=bG2;3,-1=bS2;4,-1=bG3
21	43	-1.000000	terminal	G1|b|43|22|21|-4,4=wA3;-3,3=bQ;-2,1=bS1;-2,2=wG2;-1,-1=bB2;-1,0=bB1;-1,2=wS2;0,0=wS1;0,1=wA2;0,2=wB1;1,-1=bG3;1,0=bG1;1,1=wG1;1,2=wB2;2,-2=bA1;2,-1=wQ;2,1=wA1;3,-2=bG2;3,-1=bS2
21	45	-1.000000	terminal	G1|b|45|23|22|-5,4=bS1;-4,4=wA3;-3,2=wA1;-3,3=bQ;-2,2=wG2;-1,-1=bB2;-1,0=bB1;-1,2=wS2;0,0=wS1;0,1=wA2;0,2=wB1;1,-1=bG3;1,0=bG1;1,1=wG1;1,2=wB2;2,-2=bA1;2,-1=wQ;3,-2=bG2;3,-1=bS2
21	47	-1.000000	terminal	G1|b|47|24|23|-5,4=bS1;-4,4=wA3;-3,3=bQ;-2,2=wG2;-1,-1=bB2;-1,0=bB1;-1,2=wS2;0,0=wS1;0,1=wA2;0,2=wB1;1,-1=bG3;1,0=bG1;1,1=wG1;1,2=wB2;2,-3=wA1;2,-2=bA1;2,-1=wQ;3,-2=bG2;3,-1=bS2;3,0=bA2
22	0	-1.000000	terminal	G1|w|0|0|0|
22	6	-1.000000	terminal	G1|w|6|3|3|-1,0=wB1;0,-2=bA1;0,0=wS1;0,1=wG1;1,-2=bG1;1,-1=bS1
22	8	-1.000000	terminal	G1|w|8|4|4|-2,0=wQ;-1,0=wB1;0,-2=bA1;0,0=wS1;0,1=wG1;1,-2=bG1;1,-1=bS1;2,-3=bQ
22	10	-1.000000	terminal	G1|w|10|5|5|-2,-1=bA1;-2,0=wQ;-1,0=wB1;-1,2=wB2;0,0=wS1;0,1=wG1;1,-2=bG1;1,-1=bS1;2,-3=bQ
22	12	-1.000000	terminal	G1|w|12|6|6|-2,-1=bA1;-2,0=wQ;-1,0=wB1;-1,2=wB2;-1,3=wG2;0,0=wS1;0,1=wG1;1,-2=bG1;1,-1=bS1;2,-3=bQ;2,-1=bS2
22	14	-1.000000	terminal	G1|w|14|7|7|-2,-1=bA1;-2,0=wQ;-2,3=wG3;-1,-2=bG2;-1,0=wB1;-1,2=wB2;-1,3=wG2;0,0=wS1;0,1=wG1;1,-2=bG1;1,-1=bS1;2,-3=bQ;2,-1=bS2
22	16	-1.000000	terminal	G1|w|16|8|8|-3,0=bG2;-3,3=wS2;-2,-1=bA1;-2,0=wQ;-2,3=wG3;-1,0=wB1;-1,2=wB2;-1,3=wG2;0,0=wS1;0,1=wG1;1,-2=bG1;1,-1=bS1;2,-3=bQ;2,-1=bS2
22	18	-1.000000	terminal	G1|w|18|9|9|-4,0=bG3;-3,0=bG2;-3,2=wA1;-3,3=wS2;-2,-1=bA1;-2,0=wQ;-2,3=wG3;-1,0=wB1;-1,2=wB2;-1,3=wG2;0,0=wS1;0,1=wG1;1,-2=bG1;1,-1=bS1;2,-3=bQ;2,-1=bS2
22	20	-1.000000	terminal	G1|w|20|10|10|-4,0=bG3;-3,0=bG2;-3,3=wS2;-2,-1=bA1;-2,0=wQ;-2,3=wG3;-1,0=wB1;-1,2=wB2;-1,3=wG2;0,0=wS1;0,1=wG1;1,-2=bG1;1,-1=bS1;2,-4=wA1;2,-3=bQ;2,-1=bS2;2,0=bB1
22	22	-1.000000	terminal	G1|w|22|11|11|-4,0=bG3;-3,-1=bB2;-3,0=bG2;-3,3=wS2;-2,-1=bA1;-2,0=wQ;-2,3=wG3;-2,4=wA2;-1,0=wB1;-1,2=wB2;-1,3=wG2;0,0=wS1;0,1=wG1;1,-2=bG1;1,-1=bS1;2,-4=wA1;2,-3=bQ;2,-1=bS2;2,0=bB1
22	24	-1.000000	terminal	G1|w|24|12|12|-4,0=bG3;-3,-1=bB2;-3,0=bG2;-3,3=wS2;-2,-1=bA1;-2,0=wQ;-2,3=wG3;-1,0=wB1;-1,2=wB2;-1,3=wG2;0,0=wS1;0,1=wG1;1,-3=wA2;1,-2=bG1;1,-1=bS1;2,-4=wA1;2,-1=bS2;2,0=bB1;3,-4=bQ
22	26	-1.000000	terminal	G1|w|26|13|13|-4,0=bG3;-3,-1=bB2;-3,0=bG2;-3,3=wS2;-2,-1=bA1;-2,0=wQ;-2,3=wG3;-1,0=wB1;-1,1=wA3;-1,2=wB2;-1,3=wG2;0,0=wS1;0,1=wG1;1,-3=wA2;1,-2=bG1;1,-1=bS1;2,-4=wA1;2,-1=bS2;3,-4=bQ;3,-1=bB1
22	28	-1.000000	terminal	G1|w|28|14|14|-4,0=bG3;-3,-1=bB2;-3,0=bG2;-3,3=wS2;-2,-1=bA1;-2,0=wQ;-2,3=wG3;-1,0=wB1;-1,2=wB2;-1,3=wG2;0,0=wS1;0,1=wG1;1,-3=wA2;1,-2=bG1;1,-1=bS1;2,-4=wA1;2,-2=bA2;2,-1=bS2;3,-4=bQ;3,-1=bB1;4,-4=wA3
22	30	-1.000000	terminal	G1|w|30|15|15|-4,0=bG3;-3,-1=bB2;-3,0=bG2;-3,3=wS2;-2,-1=bA1;-2,0=wQ;-2,1=bA2;-2,3=wG3;-1,0=wB1;-1,2=wB2;-1,3=wG2;0,0=wS1;0,1=wG1;1,-3=wA2;1,-2=bG1;1,-1=bS1;1,0=wA3;2,-4=wA1;2,-1=bS2;3,-4=bQ;3,-1=bB1
22	32	-1.000000	terminal	G1|w|32|16|16|-4,0=bG3;-3,0=bG2;-3,3=wS2;-2,-2=bB2;-2,-1=bA1;-2,0=wQ;-2,1=bA2;-2,3=wG3;-1,0=wB1;-1,2=wB2;-1,3=wG2;0,0=wS1;0,1=wG1;1,-3=wA2;1,-2=bG1;1,-1=bS1;2,-4=wA1;2,-1=bS2;3,-4=bQ;3,-1=bB1;4,-4=wA3
22	34	-1.000000	terminal	G1|w|34|17|17|-4,0=bG3;-4,3=wG2;-3,0=bG2;-3,3=wS2;-2,-2=bB2;-2,-1=bA1;-2,0=wQ;-2,1=bA2;-2,3=wG3;-1,0=wB1;-1,2=wB2;0,0=wS1;0,1=wG1;1,-3=wA2;1,-2=bG1;1,-1=bS1;2,-4=wA1;2,-1=bS2;2,0=bB1;3,-4=bQ;4,-4=wA3
22	36	-1.000000	terminal	G1|w|36|18|18|-4,0=bG3;-3,0=bG2;-3,3=wS2;-2,-2=bB2;-2,-1=bA1;-2,0=wQ;-2,1=bA2;-2,3=wG3;-1,0=wB1;-1,2=wB2;-1,3=wG2;0,0=wS1;0,1=wG1;1,-3=wA2;1,-2=bG1;1,-1=bS1;2,-4=wA1;2,-1=bS2,bB1;3,-4=bQ;4,-4=wA3
22	38	-1.000000	terminal	G1|w|38|19|19|-4,0=bG3;-3,0=bG2;-3,3=wS2;-2,-1=bA1,bB2;-2,0=wQ;-2,1=bA2;-2,3=wG3;-1,0=wB1;-1,2=wB2;-1,3=wG2;0,0=wS1;0,1=wG1;1,-3=wA2;1,-2=bG1;1,-1=bS1;2,-4=wA1;2,-1=bS2,bB1;3,-4=bQ;4,-5=wA3
22	40	-1.000000	terminal	G1|w|40|20|20|-4,0=bG3;-3,0=bG2,bB2;-3,3=wS2;-2,-1=bA1;-2,0=wQ;-2,1=bA2;-2,3=wG3;-1,0=wB1;-1,2=wB2;-1,3=wG2;0,0=wS1;0,1=wG1;1,-3=wA2;1,-2=bG1;1,-1=bS1;2,-4=wA1;2,-1=bS2,bB1;3,-4=bQ;3,-3=wA3
22	42	-1.000000	terminal	G1|w|42|21|21|-4,0=bG3;-3,0=bG2;-3,1=bB2;-3,3=wS2;-2,-1=bA1;-2,0=wQ;-2,1=bA2;-2,3=wG3;-1,0=wB1;-1,2=wB2;-1,3=wG2;0,0=wS1;0,1=wG1;1,-3=wA2;1,-2=bG1;1,-1=bS1;2,-4=wA1;2,-1=bS2,bB1;3,-4=bQ;4,-5=wA3
22	44	-1.000000	terminal	G1|w|44|22|22|-4,0=bG3;-3,-1=bA3;-3,0=bG2;-3,1=bB2;-3,3=wS2;-2,-1=bA1;-2,0=wQ;-2,1=bA2;-2,3=wG3;-1,0=wB1;-1,2=wB2;-1,3=wG2;0,0=wS1;0,1=wG1;1,-3=wA2;1,-2=bG1;1,-1=bS1;2,-4=wA1;2,-1=bS2,bB1;3,-4=bQ;3,-3=wA3
22	46	-1.000000	terminal	G1|w|46|23|23|-4,0=bG3;-4,3=wG2;-3,0=bG2;-3,1=bB2;-3,3=wS2;-2,-1=bA1;-2,0=wQ;-2,1=bA2;-2,3=wG3;-1,-1=bA3;-1,0=wB1;-1,2=wB2;0,0=wS1;0,1=wG1;1,-3=wA2;1,-2=bG1;1,-1=bS1;2,-4=wA1;2,-1=bS2,bB1;3,-4=bQ;3,-3=wA3
23	0	1.000000	terminal	G1|w|0|0|0|
23	7	1.000000	terminal	G1|b|7|4|3|-2,0=bB1;-1,-1=bS1;-1,0=bA1;0,0=wS1;1,-2=wQ;1,-1=wG1;1,0=wA1
23	9	1.000000	terminal	G1|b|9|5|4|-3,0=wA1;-3,1=bQ;-2,0=bB1;-1,-1=bS1;-1,0=bA1;0,0=wS1;1,-2=wQ;1,-1=wG1
23	11	1.000000	terminal	G1|b|11|6|5|-3,1=bQ;-2,0=bB1;-1,0=bA1;0,-1=wA1;0,0=wS1;1,-3=bS1;1,-2=wQ;1,-1=wG1
23	13	1.000000	terminal	G1|b|13|7|6|-4,2=wA1;-3,1=bQ;-2,0=bB1;-1,0=bA1;0,0=wS1;1,-4=bA2;1,-3=bS1;1,-2=wQ;1,-1=wG1
23	15	1.000000	terminal	G1|b|15|8|7|-4,2=wA1;-3,1=bQ;-2,0=bB1;-1,0=bA1;0,0=wS1;0,1=wS2;1,-3=bS1;1,-2=wQ;1,-1=wG1;2,-2=bA2
23	17	1.000000	terminal	G1|b|17|9|8|-4,2=wA1;-3,1=bQ;-3,2=wS2;-2,0=bB1;-1,0=bA1;0,-3=bA3;0,0=wS1;1,-3=bS1;1,-2=wQ;1,-1=wG1;2,-2=bA2
23	19	1.000000	terminal	G1|b|19|10|9|-3,0=bS2;-3,1=bQ;-3,2=wS2;-2,0=bB1;-1,0=bA1;0,-3=bA3;0,0=wS1;1,-3=bS1;1,-2=wQ;1,-1=wG1;2,-2=bA2;3,-2=wA1
23	21	1.000000	terminal	G1|b|21|11|10|-3,1=bQ;-3,2=wS2;-2,0=bB1;-1,0=bA1;0,-3=bA3;0,-1=bS2;0,0=wS1;1,-3=bS1;1,-2=wQ;2,-2=bA2;3,-3=wG1;3,-2=wA1
23	23	1.000000	terminal	G1|b|23|12|11|-4,2=wA1;-3,1=bQ;-3,2=wS2;-2,0=bB1;-1,0=bA1;0,-2=bA3;0,-1=bS2;0,0=wS1;1,-3=bS1;1,-2=wQ;2,-2=bA2;3,-3=wG1
23	25	1.000000	terminal	G1|b|25|13|12|-4,2=wA1;-3,1=bQ;-3,2=wS2;-2,-1=bG1;-2,0=bB1;-1,0=bA1;0,-2=bA3;0,-1=bS2;0,0=wS1;1,-3=bS1;1,-2=wQ;2,-2=bA2;3,-4=wA2;3,-3=wG1
23	27	1.000000	terminal	G1|b|27|14|13|-4,2=wA1;-3,-1=bG2;-3,0=wA2;-3,1=bQ;-3,2=wS2;-2,-1=bG1;-2,0=bB1;-1,0=bA1;0,-2=bA3;0,-1=bS2;0,0=wS1;1,-3=bS1;1,-2=wQ;2,-2=bA2;3,-3=wG1
23	29	1.000000	terminal	G1|b|29|15|14|-5,2=wA3;-4,2=wA1;-3,-1=bG2;-3,0=wA2;-3,1=bQ;-3,2=wS2;-2,-1=bG1;-2,0=bB1;-1,0=bA1;0,-2=bA3;0,-1=bS2;0,0=wS1;1,-3=bS1;1,-2=wQ;2,-2=bA2;2,-1=bB2;3,-3=wG1
23	31	1.000000	terminal	G1|b|31|16|15|-4,2=wA1;-3,-1=bG2;-3,0=wA2;-3,1=bQ;-3,2=wS2;-2,-1=bG1;-2,0=bB1;-2,1=wA3;-1,0=bA1;0,-2=bA3;0,-1=bS2;0,0=wS1;1,-3=bS1;1,-2=wQ;1,-1=bB2;2,-2=bA2;3,-3=wG1
24	0	1.000000	terminal	G1|w|0|0|0|
24	6	1.000000	terminal	G1|w|6|3|3|-3,2=bG1;-2,1=bB1;-1,0=bS1;0,0=wS1;1,0=wB1;2,-1=wA1
24	8	1.000000	terminal	G1|w|8|4|4|-4,3=bQ;-3,2=bG1;-2,1=bB1;-1,0=bS1;0,0=wS1;1,0=wB1;1,1=wQ;2,-1=wA1
24	10	1.000000	terminal	G1|w|10|5|5|-5,3=wA1;-4,3=bQ;-3,1=bG2;-3,2=bG1;-2,1=bB1;-1,0=bS1;0,0=wS1;1,0=wB1;1,1=wQ
24	12	1.000000	terminal	G1|w|12|6|6|-6,4=wA2;-5,3=wA1;-4,3=bQ;-3,0=bG3;-3,1=bG2;-3,2=bG1;-2,1=bB1;-1,0=bS1;0,0=wS1;1,0=wB1;1,1=wQ
24	14	1.000000	terminal	G1|w|14|7|7|-5,3=wA1;-5,4=bQ;-4,2=wA2;-3,0=bG3;-3,1=bG2;-3,2=bG1;-2,1=bB1;-1,0=bS1;0,0=wS1;1,0=wB1;1,1=wQ
24	16	1.000000	terminal	G1|w|16|8|8|-5,2=wA3;-5,3=wA1;-5,4=bQ;-4,2=wA2;-3,0=bG3;-3,1=bG2;-3,2=bG1;-2,1=bB1;-2,2=bB2;-1,0=bS1;0,0=wS1;1,0=wB1;1,1=wQ
24	18	1.000000	terminal	G1|w|18|9|9|-6,5=bG1;-5,3=wA1;-5,4=bQ;-4,2=wA2;-4,3=wA3;-3,0=bG3;-3,1=bG2;-2,1=bB1;-2,2=bB2;-1,0=bS1;0,0=wS1;1,0=wB1;1,1=wQ
24	20	1.000000	terminal	G1|w|20|10|10|-7,5=bS2;-6,5=bG1;-5,2=wG1;-5,3=wA1;-5,4=bQ;-4,2=wA2;-4,3=wA3;-3,0=bG3;-3,1=bG2;-2,1=bB1;-2,2=bB2;-1,0=bS1;0,0=wS1;1,0=wB1;1,1=wQ
24	22	1.000000	terminal	G1|w|22|11|11|-7,5=bS2;-6,5=bG1;-5,3=wA1;-5,4=bQ;-5,5=wG1;-4,2=wA2;-4,3=wA3;-3,0=bG3;-3,1=bG2;-2,-1=bA1;-2,1=bB1;-2,2=bB2;-1,0=bS1;0,0=wS1;1,0=wB1;1,1=wQ
24	24	1.000000	terminal	G1|w|24|12|12|-7,5=bS2;-6,5=bG1;-5,3=wA1;-5,4=bQ;-5,5=wG1;-4,2=wA2;-4,3=wA3;-3,0=bG3;-3,1=bG2;-2,1=bB1;-2,2=bB2;-1,0=bS1;0,0=wS1;1,-1=wG2;1,0=wB1;1,1=wQ;2,0=bA1
24	26	1.000000	terminal	G1|w|26|13|13|-7,5=bS2;-6,5=bG1;-5,3=wA1;-5,4=bQ;-5,5=wG1;-4,2=wA2;-4,3=wA3;-3,0=bG3;-3,1=bG2;-2,1=bB1;-2,2=bB2;-1,0=bS1;-1,2=bA2;0,0=wS1;1,-1=wG2;1,0=wB1;2,0=bA1;2,1=wQ
24	28	1.000000	terminal	G1|w|28|14|14|-7,5=bS2;-6,5=bG1;-5,2=wB2;-5,3=wA1;-5,4=bQ;-5,5=wG1;-4,2=wA2;-4,3=wA3;-3,0=bG3;-3,1=bG2;-2,1=bB1;-2,2=bB2;-1,0=bS1;0,0=wS1;1,-1=wG2;1,0=wB1;1,2=bA2;2,0=bA1;2,1=wQ
24	30	1.000000	terminal	G1|w|30|15|15|-7,5=bS2;-6,5=bG1;-5,3=wA1;-5,4=bQ;-5,5=wG1;-4,1=wB2;-4,2=wA2;-4,3=wA3;-3,0=bG3;-3,1=bG2;-2,1=bB1;-2,2=bB2;-1,0=bS1;0,0=wS1;1,-1=wG2;1,0=wB1;1,2=bA2;1,3=bA3;2,0=bA1;2,1=wQ
24	32	1.000000	terminal	G1|w|32|16|16|-7,5=bS2;-6,3=wS2;-6,5=bG1;-5,3=wA1;-5,4=bQ;-5,5=wG1;-4,1=wB2;-4,2=wA2;-4,3=wA3;-3,0=bG3;-3,1=bG2;-2,1=bB1;-2,2=bB2;-1,0=bS1;0,0=wS1;1,-1=wG2;1,0=wB1;1,2=bA2;2,0=bA1;2,1=wQ;3,1=bA3
24	34	1.000000	terminal	G1|w|34|17|17|-7,5=bS2;-6,3=wS2;-6,5=bG1;-5,2=wB2;-5,3=wA1;-5,4=bQ;-5,5=wG1;-4,2=wA2;-4,3=wA3;-3,0=bG3;-3,1=bG2;-2,1=bB1;-2,2=bB2;-1,0=bS1;0,0=wS1;1,-1=wG2;1,0=wB1;2,0=bA1;2,1=wQ;2,2=bA2;3,1=bA3
24	36	1.000000	terminal	G1|w|36|18|18|-7,5=bS2;-6,3=wS2;-6,5=bG1;-5,2=wB2;-5,3=wA1;-5,4=bQ;-5,5=wG1;-4,2=wA2;-4,4=wA3;-3,0=bG3;-3,1=bG2;-2,1=bB1;-2,2=bB2;-1,0=bS1;0,0=wS1;1,-1=wG2;1,0=wB1;2,0=bA1;2,1=wQ;2,2=bA2;3,0=bA3
24	38	1.000000	terminal	G1|w|38|19|19|-7,5=bS2;-6,3=wS2;-6,5=bG1;-5,2=wB2;-5,3=wA1;-5,4=bQ;-5,5=wG1;-5,6=wG3;-4,2=wA2;-4,4=wA3;-3,0=bG3;-3,1=bG2;-2,1=bB1,bB2;-1,0=bS1;0,0=wS1;1,-1=wG2;1,0=wB1;2,0=bA1;2,1=wQ;2,2=bA2;3,0=bA3
24	40	1.000000	terminal	G1|w|40|20|20|-7,5=bS2;-6,3=wS2;-6,5=bG1;-5,3=wA1;-5,4=bQ;-5,5=wG1;-5,6=wG3;-4,1=wB2;-4,2=wA2;-4,4=wA3;-3,0=bG3;-3,1=bG2;-2,1=bB1;-1,0=bS1,bB2;0,0=wS1;1,-1=wG2;1,0=wB1;2,0=bA1;2,1=wQ;2,2=bA2;3,0=bA3
24	42	1.000000	terminal	G1|w|42|21|21|-7,5=bS2;-6,3=wS2;-6,5=bG1;-5,3=wA1;-5,4=bQ;-5,5=wG1;-5,6=wG3;-4,1=wB2;-4,2=wA2;-4,4=wA3;-3,0=bG3;-3,1=bG2;-2,1=bB1;-1,0=bS1,bB2;-1,1=wG2;0,0=wS1;1,0=wB1;1,2=bA3;2,0=bA1;2,1=wQ;2,2=bA2
24	44	1.000000	terminal	G1|w|44|22|22|-7,5=bS2;-6,3=wS2;-6,5=bG1;-5,3=wA1;-5,4=bQ;-5,5=wG1;-5,6=wG3;-4,1=wB2;-4,2=wA2;-4,4=wA3;-3,0=bG3;-3,1=bG2;-2,1=bB1;-1,-1=wG2;-1,0=bS1;0,-1=bB2;0,0=wS1;1,0=wB1;1,2=bA3;2,0=bA1;2,1=wQ;2,2=bA2
24	46	1.000000	terminal	G1|w|46|23|23|-7,5=bS2;-6,3=wS2;-6,5=bG1;-5,3=wA1;-5,4=bQ;-5,5=wG1;-5,6=wG3;-4,1=wB2;-4,2=wA2;-4,3=wA3;-3,1=bG2;-3,2=bG3;-2,1=bB1;-1,-1=wG2;-1,0=bS1;0,-1=bB2;0,0=wS1;1,0=wB1;1,2=bA3;2,0=bA1;2,1=wQ;2,2=bA2
24	48	1.000000	terminal	G1|w|48|24|24|-7,5=bS2;-6,3=wS2;-6,5=bG1;-5,2=bG3;-5,3=wA1;-5,4=bQ;-5,5=wG1;-5,6=wG3;-4,1=wB2;-4,2=wA2;-3,1=bG2;-2,1=bB1;-1,-1=wG2;-1,0=bS1;0,-1=bB2;0,0=wS1;1,0=wB1;1,1=wA3;1,2=bA3;2,0=bA1;2,1=wQ;2,2=bA2
24	50	1.000000	terminal	G1|w|50|25|25|-7,5=bS2;-6,3=wS2;-6,5=bG1;-5,2=bG3;-5,3=wA1;-5,4=bQ;-5,5=wG1;-5,6=wG3;-4,1=wB2;-4,2=wA2;-3,1=bG2;-2,1=bB1;-1,-1=wG2;-1,0=bS1;0,-1=bB2;0,0=wS1;1,0=wB1;1,1=wA3;1,2=bA3;2,0=bA1;3,-1=bA2;3,0=wQ
24	52	1.000000	terminal	G1|w|52|26|26|-7,5=bS2;-6,3=wS2;-6,5=bG1;-5,2=bG3;-5,3=wA1;-5,4=bQ;-5,5=wG1;-5,6=wG3;-4,1=wB2;-4,3=wA2;-3,1=bG2;-3,3=bA3;-2,1=bB1;-1,-1=wG2;-1,0=bS1;0,-1=bB2;0,0=wS1;1,0=wB1;1,1=wA3;2,0=bA1;3,-1=bA2;3,0=wQ
24	54	1.000000	terminal	G1|w|54|27|27|-7,5=bS2;-6,3=wS2;-6,5=bG1;-5,2=bG3;-5,3=wA1;-5,4=bQ;-5,5=wG1;-5,6=wG3;-4,1=wB2;-4,3=wA2;-3,1=bG2;-2,1=bB1;-1,-1=wG2;-1,0=bS1;0,-1=bB2;0,0=wS1;1,0=wB1;1,1=wA3;2,0=bA1;3,-1=bA2;4,-2=bA3;4,-1=wQ
24	56	1.000000	terminal	G1|w|56|28|28|-7,5=bS2;-6,3=wS2;-6,5=bG1;-5,2=bG3;-5,3=wA1;-5,4=bQ;-5,5=wG1;-5,6=wG3;-4,1=wB2;-4,3=wA2;-4,4=wA3;-4,5=bA3;-3,1=bG2;-2,1=bB1;-1,-1=wG2;-1,0=bS1;0,-1=bB2;0,0=wS1;1,0=wB1;2,0=bA1;3,-1=bA2;4,-1=wQ
24	58	1.000000	terminal	G1|w|58|29|29|-7,5=bS2;-6,3=wS2;-6,5=bG1;-5,1=wG3;-5,2=bG3;-5,3=wA1;-5,4=bQ;-5,5=wG1;-4,1=wB2;-4,3=wA2;-4,4=wA3;-3,1=bG2;-2,1=bB1;-1,-1=wG2;-1,0=bS1;0,-1=bB2;0,0=wS1;1,0=wB1;2,0=bA1;3,-1=bA2;4,-1=wQ;5,-1=bA3
24	60	1.000000	terminal	G1|w|60|30|30|-7,5=bS2;-6,5=bG1;-5,0=wS2;-5,1=wG3;-5,2=bG3;-5,3=wA1;-5,4=bQ;-5,5=wG1;-4,1=wB2;-4,3=wA2;-4,4=wA3;-3,1=bG2;-2,1=bB1;-1,-1=wG2,bB2;-1,0=bS1;0,0=wS1;1,0=wB1;2,0=bA1;3,-1=bA2;4,-1=wQ;5,-1=bA3
24	62	1.000000	terminal	G1|w|62|31|31|-7,5=bS2;-6,3=wS2;-6,5=bG1;-5,1=wG3;-5,2=bG3;-5,3=wA1;-5,4=bQ;-5,5=wG1;-4,1=wB2;-4,3=wA2;-4,4=wA3;-3,1=bG2;-2,-1=bB2;-2,1=bB1;-1,-1=wG2;-1,0=bS1;0,0=wS1;1,0=wB1;2,0=bA1;3,-1=bA2;4,-1=wQ;5,-1=bA3
24	64	1.000000	terminal	G1|w|64|32|32|-7,5=bS2;-6,3=wS2;-6,5=bG1;-5,2=bG3;-5,3=wA1;-5,4=bQ;-5,5=wG1;-5,6=wG3;-4,1=wB2;-4,3=wA2;-4,4=wA3;-3,1=bG2;-2,-1=bB2;-2,1=bB1;-1,-1=wG2;-1,0=bS1;0,0=wS1;1,0=wB1;2,0=bA1;3,-1=bA2;4,-2=bA3;4,-1=wQ
24	66	1.000000	terminal	G1|w|66|33|33|-7,5=bS2;-6,3=wS2;-6,5=bG1;-5,2=bG3;-5,3=wA1;-5,4=bQ;-5,5=wG1;-5,6=wG3;-4,1=wB2;-4,3=wA2;-4,4=wA3;-3,1=bG2;-2,0=bB2;-2,1=bB1;-1,-1=wG2;-1,0=bS1;0,0=wS1;1,0=wB1;2,0=bA1;3,-1=bA2;4,-2=bA3;5,-2=wQ
24	68	1.000000	terminal	G1|w|68|34|34|-7,5=bS2;-6,3=wS2;-6,5=bG1;-5,2=bG3;-5,3=wA1;-5,4=bQ;-5,5=wG1;-5,6=wG3;-4,1=wB2;-4,2=wG2;-4,3=wA2;-4,4=wA3;-3,1=bG2;-2,1=bB1;-1,0=bS1,bB2;0,0=wS1;1,0=wB1;2,0=bA1;3,-1=bA2;4,-2=bA3;5,-2=wQ
25	0	1.000000	terminal	G1|w|0|0|0|
25	7	1.000000	terminal	G1|b|7|4|3|-3,3=bA2;-2,2=bA1;-1,1=bS1;0,-1=wG2;0,0=wG1;1,-2=wS1;2,-3=wQ
25	9	1.000000	terminal	G1|b|9|5|4|-3,3=bA2;-3,4=bQ;-2,2=bA1;-1,1=bS1;0,-1=wG2;0,0=wG1;1,-3=wQ;1,-2=wS1
25	11	1.000000	terminal	G1|b|11|6|5|-3,3=bA2;-3,4=bQ;-2,2=bA1;-1,1=bS1;-1,2=bB1;0,-1=wG2;0,0=wG1;1,-3=wQ;1,-2=wS1;1,-1=wG3
25	13	1.000000	terminal	G1|b|13|7|6|-4,4=wG3;-3,2=bB2;-3,3=bA2;-3,4=bQ;-2,2=bA1;-1,1=bS1;-1,2=bB1;0,-1=wG2;0,0=wG1;1,-3=wQ;1,-2=wS1
25	15	1.000000	terminal	G1|b|15|8|7|-5,4=wS2;-4,4=wG3;-4,5=bQ;-3,2=bB2;-3,3=bA2;-2,2=bA1;-1,1=bS1;-1,2=bB1;0,-1=wG2;0,0=wG1;1,-3=wQ;1,-2=wS1
25	17	1.000000	terminal	G1|b|17|9|8|-4,4=wG3;-3,2=bB2;-3,3=bA2;-3,4=bQ;-3,5=wS2;-2,2=bA1;-1,1=bS1;-1,2=bB1;0,-1=wG2;0,0=wG1;1,-3=wQ;1,-2=wS1
25	19	1.000000	terminal	G1|b|19|10|9|-4,4=wG3;-3,2=bB2;-3,3=bA2;-3,4=bQ;-3,5=wS2;-3,6=wB1;-2,2=bA1;-1,1=bS1;-1,2=bB1;0,-1=wG2;0,0=wG1;0,2=bS2;1,-3=wQ;1,-2=wS1
25	21	1.000000	terminal	G1|b|21|11|10|-4,2=bA3;-4,4=wG3;-3,2=bB2;-3,3=bA2;-3,4=bQ;-3,5=wS2;-3,6=wB1;-2,2=bA1;-1,1=bS1;-1,2=bB1;0,-1=wG2;0,0=wG1;0,2=bS2;1,-3=wQ;1,-2=wS1;1,0=wB2
25	23	1.000000	terminal	G1|b|23|12|11|-4,4=wG3;-3,2=bB2;-3,3=bA2;-3,4=bQ;-3,5=wS2;-3,6=wB1;-2,2=bA1;-1,1=bS1;-1,2=bB1;0,-3=wQ;0,-2=bA3;0,-1=wG2;0,0=wG1;0,2=bS2;1,-2=wS1;1,0=wB2
25	25	1.000000	terminal	G1|b|25|13|12|-4,4=wG3;-3,1=bG1;-3,2=bB2;-3,3=bA2;-3,4=bQ;-3,5=wS2;-3,6=wB1;-2,2=bA1;-2,5=wA1;-1,1=bS1;-1,2=bB1;0,-3=wQ;0,-2=bA3;0,-1=wG2;0,0=wG1;0,2=bS2;1,-2=wS1;1,0=wB2
25	27	1.000000	terminal	G1|b|27|14|13|-4,4=wG3;-3,2=bB2;-3,3=bA2;-3,4=bQ;-3,5=wS2;-3,6=wB1;-3,7=bG1;-2,2=bA1;-2,3=wA1;-1,1=bS1;-1,2=bB1;0,-3=wQ;0,-2=bA3;0,-1=wG2;0,0=wG1;0,2=bS2;1,-2=wS1;1,0=wB2
25	29	1.000000	terminal	G1|b|29|15|14|-4,4=wG3;-3,3=bA2;-3,4=bQ;-3,5=wS2;-3,6=wB1;-3,7=bG1;-2,1=bB2;-2,2=bA1;-2,3=wA1;-1,1=bS1;-1,2=bB1;0,-3=wQ;0,-2=bA3;0,-1=wG2;0,0=wG1;0,1=wB2;0,2=bS2;1,-2=wS1
25	31	1.000000	terminal	G1|b|31|16|15|-4,4=wG3;-4,6=wA2;-3,4=bQ;-3,5=wS2;-3,6=wB1;-3,7=bG1;-2,1=bB2;-2,2=bA1;-2,3=wA1;-1,1=bS1;-1,2=bB1;0,-3=wQ;0,-2=bA3;0,-1=wG2;0,0=wG1;0,1=wB2;0,2=bS2;1,-4=bA2;1,-2=wS1
25	33	1.000000	terminal	G1|b|33|17|16|-4,4=wG3;-4,6=wA2;-3,4=bQ;-3,5=wS2;-3,6=wB1;-3,7=bG1;-2,1=bB2;-2,3=wA1;-1,1=bS1;-1,2=bB1;0,-4=wQ;0,-2=bA3;0,-1=wG2;0,0=wG1;0,1=wB2;0,2=bS2;1,-4=bA2;1,-3=bA1;1,-2=wS1
25	35	1.000000	terminal	G1|b|35|18|17|-4,4=wG3;-3,4=bQ;-3,5=wS2;-3,6=wB1;-3,7=bG1;-2,1=bB2;-2,3=wA1;-2,4=wA2;-1,1=bS1;-1,2=bB1;0,-4=wQ;0,-1=wG2;0,0=wG1;0,1=wB2;0,2=bS2;1,-5=bA3;1,-4=bA2;1,-3=bA1;1,-2=wS1
25	37	1.000000	terminal	G1|b|37|19|18|-5,4=bA3;-4,4=wG3;-4,6=wA3;-3,4=bQ;-3,5=wS2;-3,6=wB1;-3,7=bG1;-2,1=bB2;-2,3=wA1;-2,4=wA2;-1,1=bS1;-1,2=bB1;0,-4=wQ;0,-1=wG2;0,0=wG1;0,1=wB2;0,2=bS2;1,-4=bA2;1,-3=bA1;1,-2=wS1
25	39	1.000000	terminal	G1|b|39|20|19|-4,4=wG3;-3,3=wA3;-3,4=bQ;-3,5=wS2;-3,6=wB1;-3,7=bG1;-2,1=bB2;-2,3=wA1;-2,4=wA2;-1,1=bS1;-1,2=bB1;0,-4=wQ;0,-3=bA3;0,-1=wG2;0,0=wG1;0,1=wB2;0,2=bS2;1,-4=bA2;1,-3=bA1;1,-2=wS1
25	41	1.000000	terminal	G1|b|41|21|20|-4,4=wG3;-3,3=wA3;-3,4=bQ;-3,5=wS2;-3,6=wB1;-3,7=bG1;-2,1=bB2;-2,3=wA1;-2,4=wA2;-1,1=bS1;-1,2=bB1;-1,4=bA3;0,-4=wQ;0,-1=wG2;0,0=wG1,wB2;0,2=bS2;1,-4=bA2;1,-3=bA1;1,-2=wS1
25	43	1.000000	terminal	G1|b|43|22|21|-4,4=wG3;-3,3=wA3;-3,4=bQ;-3,5=wS2;-3,6=wB1;-3,7=bG1;-2,1=bB2;-2,3=wA1;-1,-3=wA2;-1,1=bS1;-1,2=bB1;0,-4=wQ;0,-3=bA3;0,-1=wG2;0,0=wG1,wB2;0,2=bS2;1,-4=bA2;1,-3=bA1;1,-2=wS1
25	45	1.000000	terminal	G1|b|45|23|22|-4,4=wG3;-3,3=wA3;-3,4=bQ;-3,5=wS2;-3,6=wB1;-3,7=bG1;-2,1=bB2;-2,3=wA1;-2,4=wA2;-1,-4=bA2;-1,1=bS1;-1,2=bB1;0,-4=wQ;0,-3=bA3;0,-1=wG2;0,0=wG1,wB2;0,2=bS2;1,-3=bA1;1,-2=wS1
25	47	1.000000	terminal	G1|b|47|24|23|-4,4=wG3;-3,1=bG2;-3,3=wA3;-3,4=bQ;-3,5=wS2;-3,6=wB1;-3,7=bG1;-2,1=bB2;-2,3=wA1;-2,4=wA2;-1,-4=bA2;-1,1=bS1;-1,2=bB1;0,-4=wQ;0,-3=bA3;0,-1=wG2;0,0=wG1;0,2=bS2;1,-3=bA1;1,-2=wS1;1,0=wB2
25	49	1.000000	terminal	G1|b|49|25|24|-4,4=wG3;-3,1=bG2;-3,3=wA3;-3,4=bQ;-3,5=wS2;-3,6=wB1;-3,7=bG1;-2,1=bB2;-2,3=wA1;-2,4=wA2;-1,-4=bA2;-1,1=bS1;-1,2=bB1;0,-4=wQ;0,-3=bA3;0,-1=wG2;0,0=wG1,wB2;0,2=bS2;1,-3=bA1;1,-2=wS1;1,2=bG3
25	51	1.000000	terminal	G1|b|51|26|25|-4,4=wG3;-3,1=bG2;-3,3=wA3;-3,4=bQ;-3,5=wS2;-3,6=wB1;-3,7=bG1;-2,1=bB2;-2,3=wA1;-2,4=wA2;-1,1=bS1;-1,2=bB1;0,-5=bA2;0,-4=wQ;0,-3=bA3;0,-1=wG2,wB2;0,0=wG1;0,2=bS2;1,-3=bA1;1,-2=wS1;1,2=bG3
25	53	1.000000	terminal	G1|b|53|27|26|-4,4=wG3;-3,1=bG2;-3,3=wA3;-3,4=bQ;-3,5=wS2;-3,6=wB1;-3,7=bG1;-2,1=bB2;-2,2=bG3;-2,3=wA1;-2,4=wA2;-1,1=bS1;-1,2=bB1;0,-5=bA2;0,-4=wQ;0,-3=bA3;0,-1=wG2;0,0=wG1,wB2;0,2=bS2;1,-3=bA1;1,-2=wS1
25	55	1.000000	terminal	G1|b|55|28|27|-4,4=wG3;-3,1=bG2;-3,3=wA3;-3,4=bQ;-3,5=wS2;-3,6=wB1;-3,7=bG1;-2,1=bB2;-2,3=wA1;-2,4=wA2;-1,1=bS1;-1,2=bB1;0,-5=bA2;0,-4=wQ;0,-3=bA3;0,-1=wG2,wB2;0,0=wG1;0,2=bS2;1,-3=bA1;1,-2=wS1;1,-1=bG3
25	57	1.000000	terminal	G1|b|57|29|28|-4,4=wG3;-4,5=wA2;-3,1=bG2;-3,3=wA3;-3,4=bQ;-3,5=wS2;-3,6=wB1;-3,7=bG1;-2,1=bB2;-2,3=wA1;-1,1=bS1;-1,2=bB1;0,-5=bA2;0,-4=wQ;0,-3=bA3;0,-1=wG2,wB2;0,0=wG1;0,2=bS2;1,-4=bG3;1,-3=bA1;1,-2=wS1
25	59	1.000000	terminal	G1|b|59|30|29|-4,4=wG3;-3,1=bG2;-3,3=wA3;-3,4=bQ;-3,5=wS2;-3,6=wB1;-3,7=bG1;-2,1=bB2;-2,3=wA1;-1,-4=bA3;-1,1=bS1;-1,2=bB1;0,-5=bA2;0,-4=wQ;0,-1=wG2,wB2;0,0=wG1;0,2=bS2;1,-4=bG3;1,-3=bA1;1,-2=wS1;2,-5=wA2
25	61	1.000000	terminal	G1|b|61|31|30|-4,4=wG3;-4,5=bA2;-3,1=bG2;-3,3=wA3;-3,4=bQ;-3,5=wS2;-3,6=wB1;-3,7=bG1;-2,1=bB2;-2,3=wA1;-2,4=wA2;-1,-4=bA3;-1,1=bS1;-1,2=bB1;0,-4=wQ;0,-1=wG2,wB2;0,0=wG1;0,2=bS2;1,-4=bG3;1,-3=bA1;1,-2=wS1
26	0	-1.000000	terminal	G1|w|0|0|0|
26	6	-1.000000	terminal	G1|w|6|3|3|-1,2=bA2;-1,3=bA3;0,0=wA1;0,1=bA1;1,-1=wB1;2,-1=wA2
26	8	-1.000000	terminal	G1|w|8|4|4|-2,2=bQ;-1,2=bA2;-1,3=bA3;0,0=wA1;0,1=bA1;1,-1=wB1;2,-1=wA2;3,-1=wQ
26	10	-1.000000	terminal	G1|w|10|5|5|-2,2=bQ;-1,2=bA2;0,0=wA1;0,1=bA1;1,-1=wB1;1,1=bA3;2,-1=wA2;2,0=wQ
26	12	-1.000000	terminal	G1|w|12|6|6|-2,1=wA2;-2,2=bQ;-1,2=bA2;0,0=wA1;0,1=bA1;0,2=bG1;1,-1=wB1;1,1=bA3;2,0=wQ
26	14	-1.000000	terminal	G1|w|14|7|7|-2,0=wB2;-2,1=wA2;-2,2=bQ;-1,2=bA2;0,0=wA1;0,1=bA1;1,-1=wB1;1,1=bA3;2,0=wQ;3,-1=bG1
26	16	-1.000000	terminal	G1|w|16|8|8|-3,1=wS1;-2,0=wB2;-2,1=wA2;-2,2=bQ;-1,2=bA2;0,0=wA1;0,1=bA1;1,-1=wB1;1,1=bA3;1,2=bG2;2,0=wQ;3,-1=bG1
26	18	-1.000000	terminal	G1|w|18|9|9|-2,0=wB2;-2,1=wA2;-2,2=bQ;-2,3=wS1;-1,2=bA2;0,0=wA1;0,1=bA1;1,-1=wB1;1,1=bA3;1,2=bG2;2,0=wQ;3,-1=bG1;4,-1=bB1
26	20	-1.000000	terminal	G1|w|20|10|10|-2,0=wB2;-2,1=wA2;-2,2=bQ;-2,3=wS1;-1,2=bA2;0,0=wA1;0,1=bA1;1,-1=wB1;1,1=bA3;1,2=bG2;2,-2=wS2;2,0=wQ;3,-1=bG1;3,0=bB1
26	22	-1.000000	terminal	G1|w|22|11|11|-2,0=wB2;-2,1=wA2;-2,2=bQ;-2,3=wS1;-2,4=wG1;-1,2=bA2;0,0=wA1;0,1=bA1;1,-1=wB1;1,1=bA3;1,2=bG2;2,-2=wS2;2,0=wQ;3,-1=bG1;3,0=bB1;4,0=bB2
26	24	-1.000000	terminal	G1|w|24|12|12|-3,1=wG2;-2,0=wB2;-2,1=wA2;-2,2=bQ;-2,3=wS1;-2,4=wG1;-1,2=bA2;0,0=wA1;0,1=bA1;1,-1=wB1;1,0=bG2;1,1=bA3;2,-2=wS2;2,0=wQ;3,-1=bG1;3,0=bB1;4,0=bB2
26	26	-1.000000	terminal	G1|w|26|13|13|-3,1=wG2;-3,3=bQ;-2,0=wB2;-2,1=wA2;-2,3=wS1;-2,4=wG1;-1,1=wA1;-1,2=bA2;0,1=bA1;1,-1=wB1;1,0=bG2;1,1=bA3;2,-2=wS2;2,0=wQ;3,-1=bG1;3,0=bB1;4,0=bB2
26	28	-1.000000	terminal	G1|w|28|14|14|-3,1=wG2;-3,3=bQ;-2,0=wB2;-2,1=wA2;-2,3=wS1;-2,4=wG1;-1,1=wA1;-1,2=bA2;0,-1=wA3;0,1=bA1;1,-1=wB1;1,0=bG2;1,1=bA3;2,-2=wS2;2,0=wQ;3,-1=bG1;3,0=bB1;4,0=bB2;5,-1=bG3
26	30	-1.000000	terminal	G1|w|30|15|15|-3,1=wG2;-3,3=bQ;-2,0=wB2;-2,1=wA2;-2,2=wG1;-2,3=wS1;-1,1=wA1;-1,2=bA2;0,-1=wA3;0,1=bA1;1,-1=wB1;1,0=bG2;1,1=bA3;2,-2=wS2;2,0=wQ;3,-1=bG1;3,0=bB1;4,-1=bS1;4,0=bB2;5,-1=bG3
26	32	-1.000000	terminal	G1|w|32|16|16|-3,1=wG2;-3,2=wA3;-3,4=bQ;-2,0=wB2;-2,1=wA2;-2,2=wG1;-2,3=wS1;-1,1=wA1;-1,2=bA2;0,1=bA1;1,-1=wB1;1,0=bG2;1,1=bA3;2,-2=wS2;2,0=wQ;3,-1=bG1;3,0=bB1;4,-1=bS1;4,0=bB2;5,-1=bG3
26	34	-1.000000	terminal	G1|w|34|17|17|-3,1=wG2;-3,3=wA3;-2,0=wB2;-2,1=wA2;-2,2=wG1;-2,3=wS1;-2,4=bQ;-1,1=wA1;-1,2=bA2;0,1=bA1;1,-1=wB1;1,0=bG2;1,1=bA3;2,-2=wS2;2,0=wQ;3,-1=bG1;3,0=bB1;4,-1=bS1;4,0=bB2;5,-1=bG3
26	36	-1.000000	terminal	G1|w|36|18|18|-3,1=wG2;-3,3=wA3;-3,4=wA1;-3,5=bQ;-2,0=wB2;-2,1=wA2;-2,2=wG1;-2,3=wS1;-1,2=bA2;0,1=bA1;1,-1=wB1;1,0=bG2;1,1=bA3;2,-2=wS2;2,0=wQ;3,-1=bG1;3,0=bB1;4,-1=bS1;4,0=bB2;5,-1=bG3
26	38	-1.000000	terminal	G1|w|38|19|19|-4,6=wA3;-3,1=wG2;-3,4=wA1;-3,5=bQ;-2,0=wB2;-2,1=wA2;-2,2=wG1;-2,3=wS1;-1,2=bA2;0,1=bA1;1,-1=wB1;1,0=bG2;1,1=bA3;2,-2=wS2;2,-1=bG3;2,0=wQ;3,-1=bG1;3,0=bB1;4,-1=bS1;4,0=bB2
26	40	-1.000000	terminal	G1|w|40|20|20|-4,6=wA3;-3,1=wG2;-3,4=wA1;-3,5=bQ;-2,0=wB2;-2,1=wA2;-2,2=wG1;-2,3=wS1;-1,0=wG3;-1,2=bA2;0,1=bA1;1,-1=wB1;1,0=bG2;1,1=bA3;2,-2=wS2;2,-1=bG3;2,0=wQ;3,-1=bG1;3,0=bB1;4,0=bB2;4,1=bS1
26	42	-1.000000	terminal	G1|w|42|21|21|-3,1=wG2;-3,4=wA1;-3,5=bQ;-2,0=wB2;-2,1=wA2;-2,2=wG1;-2,3=wS1;-2,5=wA3;-1,0=wG3;-1,2=bA2;0,1=bA1;1,-1=wB1;1,0=bG2;1,1=bA3;2,-2=wS2;2,-1=bG3;2,0=wQ;3,-1=bG1;3,0=bB1;4,0=bB2;4,1=bS1;4,2=bS2
26	44	-1.000000	terminal	G1|w|44|22|22|-3,1=wG2;-3,4=wA1;-3,5=bQ;-2,0=wB2;-2,1=wA2;-2,2=wG1;-2,3=wS1;-2,5=wA3;-1,0=wG3;0,0=wB1;0,1=bA1;1,0=bG2;1,1=bA3;2,-2=wS2;2,-1=bG3;2,0=wQ;2,1=bA2;3,-1=bG1;3,0=bB1;4,0=bB2;4,1=bS1;4,2=bS2
27	0	-0.379949	adjudicated	G1|w|0|0|0|
27	7	-0.379949	adjudicated	G1|b|7|4|3|-1,1=wS1;-1,2=wG2;0,-2=bB2;0,-1=bA1;0,0=wG1;1,-2=bB1;1,0=wQ
27	9	-0.379949	adjudicated	G1|b|9|5|4|-2,2=wB1;-1,1=wS1;-1,2=wG2;0,-3=bQ;0,-2=bB2;0,-1=bA1;0,0=wG1;1,-2=bB1;1,0=wQ
27	11	-0.379949	adjudicated	G1|b|11|6|5|-2,2=wB1;-1,1=wS1;-1,2=wG2;0,-3=bQ;0,-2=bB2;0,-1=bA1;0,0=wG1;1,-1=bB1;2,-1=wQ
27	13	-0.379949	adjudicated	G1|b|13|7|6|-2,1=wG3;-2,2=wB1;-1,1=wS1;-1,2=wG2;0,-3=bQ;0,-2=bB2;0,-1=bA1;0,0=wG1;1,-2=bG1;1,-1=bB1;2,-1=wQ
27	15	-0.379949	adjudicated	G1|b|15|8|7|-2,2=wB1;-2,3=wG3;-1,-1=bS1;-1,1=wS1;-1,2=wG2;0,-3=bQ;0,-2=bB2;0,-1=bA1;0,0=wG1;1,-2=bG1;1,-1=bB1;2,-1=wQ
27	17	-0.379949	adjudicated	G1|b|17|9|8|-2,2=wB1;-2,3=wG3;-1,-1=bS1;-1,1=wS1;-1,2=wG2;0,-3=bQ;0,-2=bB2;0,-1=bA1;0,0=wG1;1,-1=bB1;1,0=bG1;2,0=wQ
27	19	-0.379949	adjudicated	G1|b|19|10|9|-2,2=wB1;-2,3=wG3;-1,-1=bS1;-1,1=wS1;-1,2=wG2;0,-3=bQ;0,-2=bB2;0,-1=bA1;0,0=wG1;1,0=bG1;2,-1=bB1;3,-1=wQ
27	21	-0.379949	adjudicated	G1|b|21|11|10|-3,2=wG2;-2,2=wB1;-2,3=wG3;-1,-1=bS1;-1,1=wS1;0,-3=bQ;0,-2=bB2;0,-1=bA1;0,0=wG1;1,-2=bG2;1,0=bG1;2,-1=bB1;3,-1=wQ
27	23	-0.379949	adjudicated	G1|b|23|12|11|-3,2=wG2;-2,2=wB1;-2,3=wG3;-1,-1=bS1;-1,1=wS1;0,-4=bG3;0,-3=bQ;0,-2=bB2;0,-1=bA1;0,0=wG1;1,-2=bG2;1,0=bG1;2,-1=bB1;3,-1=wQ;4,-2=wA1
27	25	-0.379949	adjudicated	G1|b|25|13|12|-3,2=wG2;-2,2=wB1;-2,3=wG3;-1,-2=wA1;-1,-1=bS1;-1,1=wS1;0,-3=bQ;0,-2=bB2;0,-1=bA1;0,0=wG1;0,1=bG3;1,-2=bG2;1,0=bG1;2,-1=bB1;3,-1=wQ
27	27	-0.379949	adjudicated	G1|b|27|14|13|-3,2=wG2;-2,2=wB1;-2,3=wG3;-1,-2=wA1,bB2;-1,-1=bS1;-1,1=wS1;-1,3=wA2;0,-3=bQ;0,-1=bA1;0,0=wG1;0,1=bG3;1,-2=bG2;1,0=bG1;2,-1=bB1;3,-1=wQ
27	29	-0.379949	adjudicated	G1|b|29|15|14|-3,2=wG2;-2,2=wB1;-2,3=wG3;-1,-2=wA1,bB2;-1,-1=bS1;-1,1=wS1;0,-4=wA2;0,-3=bQ;0,-2=bG3;0,-1=bA1;0,0=wG1;1,-2=bG2;1,0=bG1;2,-1=bB1;3,-1=wQ
27	31	-0.379949	adjudicated	G1|b|31|16|15|-3,2=wG2;-3,4=wS2;-2,2=wB1;-2,3=wG3;-1,-2=wA1,bB2;-1,-1=bS1;-1,1=wS1;0,-4=wA2;0,-3=bQ;0,-2=bG3;0,-1=bA1;0,0=wG1;1,-3=bS2;1,-2=bG2;1,0=bG1;2,-1=bB1;3,-1=wQ
27	33	-0.379949	adjudicated	G1|b|33|17|16|-4,5=wB2;-3,2=wG2;-3,4=wS2;-2,2=wB1;-2,3=wG3;-1,-2=wA1,bB2;-1,-1=bS1;-1,1=wS1;0,-4=wA2;0,-3=bQ;0,-2=bG3;0,-1=bA1;0,0=wG1;1,-3=bS2;1,-2=bG2;1,0=bG1;2,-4=bA2;2,-1=bB1;3,-1=wQ
27	35	-0.379949	adjudicated	G1|b|35|18|17|-4,3=bA2;-4,5=wB2;-3,2=wG2;-3,4=wS2;-3,5=wA3;-2,2=wB1;-2,3=wG3;-1,-2=wA1,bB2;-1,-1=bS1;-1,1=wS1;0,-4=wA2;0,-3=bQ;0,-2=bG3;0,-1=bA1;0,0=wG1;1,-3=bS2;1,-2=bG2;1,0=bG1;2,-1=bB1;3,-1=wQ
27	37	-0.379949	adjudicated	G1|b|37|19|18|-4,3=bA2;-4,5=wB2;-3,2=wG2;-3,4=wS2;-2,2=wB1;-2,3=wG3;-1,-3=wA3;-1,-2=wA1,bB2;-1,-1=bS1;-1,1=wS1;0,-4=wA2;0,-3=bQ;0,-2=bG3;0,-1=bA1;0,0=wG1;1,-2=bG2;1,0=bG1;2,-1=bB1;3,-2=bS2;3,-1=wQ
27	39	-0.379949	adjudicated	G1|b|39|20|19|-4,3=bA2;-4,5=wB2;-3,2=wG2;-3,4=wS2;-2,2=wB1;-2,3=wG3;-1,-3=wA3;-1,-2=wA1,bB2;-1,-1=bS1;-1,1=wS1;0,-4=wA2;0,-2=bG3;0,-1=bA1;0,0=wG1;1,-4=bQ;1,-2=bG2;1,0=bG1;2,-1=bB1;3,-2=bS2;4,-2=wQ
27	41	-0.379949	adjudicated	G1|b|41|21|20|-4,3=bA2;-3,2=wG2;-3,4=wS2,wB2;-2,2=wB1;-2,3=wG3;-1,-3=wA3;-1,-2=wA1,bB2;-1,-1=bS1;-1,1=wS1;0,-4=wA2;0,-2=bG3;0,-1=bA1;0,0=wG1;1,-4=bQ;1,-2=bG2;1,0=bG1;2,-1=bB1;2,0=bA3;3,-2=bS2;4,-2=wQ
27	43	-0.379949	adjudicated	G1|b|43|22|21|-4,3=bA2;-3,2=wG2;-3,4=wS2,wB2;-2,2=wB1;-2,3=wG3;-1,-3=wA3;-1,-2=wA1,bB2;-1,-1=bS1;-1,1=wS1;0,-4=wA2;0,-2=bG3;0,-1=bA1;0,0=wG1;1,-4=bQ;1,-2=bG2;1,0=bG1;2,-1=bB1;3,-2=bS2;4,-3=bA3;5,-3=wQ
27	45	-0.379949	adjudicated	G1|b|45|23|22|-4,5=wB2;-3,2=wG2;-3,4=wS2;-2,2=wB1;-2,3=wG3;-1,-3=wA3;-1,-2=wA1,bB2;-1,-1=bS1;-1,1=wS1;0,-4=wA2;0,-2=bG3;0,-1=bA1;0,0=wG1;1,-4=bQ;1,-2=bG2;1,0=bG1;2,-1=bB1;3,-2=bS2;4,-3=bA3;5,-3=wQ;6,-4=bA2
27	47	-0.379949	adjudicated	G1|b|47|24|23|-4,4=wB2;-3,2=wG2;-3,4=wS2;-2,2=wB1;-2,3=wG3;-1,-3=wA3;-1,-2=wA1,bB2;-1,-1=bS1;-1,1=wS1;0,-4=wA2;0,-1=bA1;0,0=wG1;0,1=bG3;1,-4=bQ;1,-2=bG2;1,0=bG1;2,-1=bB1;3,-2=bS2;4,-3=bA3;5,-3=wQ;6,-4=bA2
27	49	-0.379949	adjudicated	G1|b|49|25|24|-4,4=wB2;-3,2=wG2;-3,4=wS2;-2,2=wB1;-2,3=wG3;-1,-3=wA3;-1,-2=wA1,bB2;-1,-1=bS1;-1,1=wS1;0,-4=wA2;0,-1=bA1;0,0=wG1;1,-4=bQ;1,-2=bG2;1,0=bG1;2,-1=bB1;3,-2=bS2;4,-3=bA3;5,-4=bG3;6,-4=bA2;6,-3=wQ
27	51	-0.379949	adjudicated	G1|b|51|26|25|-4,5=wB2;-3,2=wG2;-3,4=wS2;-2,2=wB1;-2,3=wG3;-1,-3=wA3;-1,-2=wA1,bB2;-1,-1=bS1;-1,0=bG2;-1,1=wS1;0,-4=wA2;0,-1=bA1;0,0=wG1;1,-4=bQ;1,0=bG1;2,-1=bB1;3,-2=bS2;4,-3=bA3;5,-4=bG3;6,-4=bA2;6,-3=wQ
27	53	-0.379949	adjudicated	G1|b|53|27|26|-4,5=wB2;-3,4=wS2;-2,2=wB1;-2,3=wG3;-1,-3=wA3;-1,-2=wA1,bB2;-1,-1=bS1;-1,0=bG2;-1,1=wS1;-1,2=wG2;0,-4=wA2;0,0=wG1;1,-4=bQ;1,0=bG1;2,-1=bB1;3,-2=bS2;4,-3=bA3;5,-4=bG3;6,-4=bA2;6,-3=wQ;7,-3=bA1
27	55	-0.379949	adjudicated	G1|b|55|28|27|-4,5=wB2;-3,4=wS2;-2,3=wG3;-1,-3=wA3,bB2;-1,-2=wA1;-1,-1=bS1;-1,0=bG2;-1,1=wS1,wB1;-1,2=wG2;0,-4=wA2;0,0=wG1;1,-4=bQ;1,0=bG1;2,-1=bB1;3,-2=bS2;4,-3=bA3;5,-4=bG3;6,-4=bA2;6,-3=wQ;7,-3=bA1
27	57	-0.379949	adjudicated	G1|b|57|29|28|-4,5=wB2;-3,4=wS2;-2,2=wB1;-2,3=wG3;-1,-3=wA3,bB2;-1,-2=wA1;-1,-1=bS1;-1,0=bG2;-1,1=wS1;-1,2=wG2;0,-4=wA2;0,0=wG1;1,-4=bQ;1,0=bG1;2,-5=bA1;2,-1=bB1;3,-2=bS2;4,-3=bA3;5,-4=bG3;6,-4=bA2;6,-3=wQ
27	59	-0.379949	adjudicated	G1|b|59|30|29|-4,5=wB2;-3,2=wG2;-3,4=wS2;-2,2=wB1;-2,3=wG3;-1,-3=wA3,bB2;-1,-2=wA1;-1,-1=bS1;-1,0=bG2;-1,1=wS1;0,-4=wA2;0,0=wG1;1,-4=bQ;1,0=bG1;2,-1=bB1;3,-2=bS2;4,-3=bA3;5,-4=bG3;6,-4=bA2;6,-3=wQ;7,-3=bA1
27	61	-0.379949	adjudicated	G1|b|61|31|30|-4,5=wB2;-3,2=wG2;-3,4=wS2;-2,2=wB1;-2,3=wG3;-1,-3=wA3,bB2;-1,-2=wA1;-1,-1=bS1;-1,0=bG2;-1,1=wS1;0,-4=wA2;0,0=wG1;1,-4=bQ;1,0=bG1;2,-1=bB1;3,-2=bS2;4,-3=bA3;5,-4=bG3;5,-3=bA1;5,-2=wQ;6,-4=bA2
27	63	-0.379949	adjudicated	G1|b|63|32|31|-3,2=wG2;-3,4=wS2,wB2;-2,2=wB1;-2,3=wG3;-1,-3=wA3,bB2;-1,-2=wA1;-1,-1=bS1;-1,0=bG2;-1,1=wS1;0,-4=wA2;0,0=wG1;1,-4=bQ;1,0=bG1;2,-1=bB1;3,-2=bS2;4,-3=bA3;5,-4=bG3;5,-3=bA1;5,-2=wQ;6,-2=bA2
27	65	-0.379949	adjudicated	G1|b|65|33|32|-3,4=wS2,wB2;-2,2=wB1;-2,3=wG3;-1,-3=wA3,bB2;-1,-2=wA1;-1,-1=bS1;-1,0=bG2;-1,1=wS1;-1,2=wG2;0,-5=bA2;0,-4=wA2;0,0=wG1;1,-4=bQ;1,0=bG1;2,-1=bB1;3,-2=bS2;4,-3=bA3;5,-4=bG3;5,-3=bA1;5,-2=wQ
27	67	-0.379949	adjudicated	G1|b|67|34|33|-3,2=wG2;-3,4=wS2,wB2;-2,2=wB1;-2,3=wG3;-1,-3=wA3,bB2;-1,-2=wA1;-1,-1=bS1;-1,0=bG2;-1,1=wS1;0,-4=wA2;0,0=wG1;1,-4=bQ;1,0=bG1;2,-1=bB1;3,-2=bS2;4,-3=bA3;5,-4=bG3;5,-3=bA1;5,-2=wQ;5,-1=bA2
27	69	-0.379949	adjudicated	G1|b|69|35|34|-3,2=wG2;-3,4=wS2;-2,2=wB1;-2,3=wG3;-2,4=wB2;-1,-3=wA3;-1,-2=wA1;-1,-1=bS1;-1,0=bG2;-1,1=wS1;0,-4=wA2,bB2;0,0=wG1;1,-4=bQ;1,0=bG1;2,-1=bB1;3,-2=bS2;4,-3=bA3;5,-4=bG3;5,-3=bA1;5,-2=wQ;5,-1=bA2
27	71	-0.379949	adjudicated	G1|b|71|36|35|-3,4=wS2;-2,2=wB1;-2,3=wG3;-2,4=wB2;-1,-3=wA3,bB2;-1,-2=wA1;-1,-1=bS1;-1,0=bG2;-1,1=wS1;-1,2=wG2;0,-4=wA2;0,0=wG1;1,-4=bQ;1,0=bG1;2,-1=bB1;3,-2=bS2;4,-3=bA3;5,-4=bG3;5,-3=bA1;5,-2=wQ;5,-1=bA2
27	73	-0.379949	adjudicated	G1|b|73|37|36|-3,3=wG1;-3,4=wS2;-2,2=wB1;-2,3=wG3;-2,4=wB2;-1,-3=wA3,bB2;-1,-2=wA1;-1,-1=bS1;-1,0=bG2;-1,1=wS1;-1,2=wG2;0,-4=wA2;0,1=bA2;1,-4=bQ;1,0=bG1;2,-1=bB1;3,-2=bS2;4,-3=bA3;5,-4=bG3;5,-3=bA1;5,-2=wQ
27	75	-0.379949	adjudicated	G1|b|75|38|37|-3,2=wS2;-3,3=wG1;-2,2=wB1;-2,3=wG3;-2,4=wB2;-1,-3=wA3,bB2;-1,-2=wA1;-1,-1=bS1;-1,0=bG2;-1,1=wS1;-1,2=wG2;0,-4=wA2;0,1=bA2;1,-4=bQ;1,0=bG1;2,-1=bB1;3,-2=bS2;4,-3=bA3;5,-3=bA1;5,-2=wQ;5,-1=bG3
27	77	-0.379949	adjudicated	G1|b|77|39|38|-3,2=wS2;-3,3=wG1;-2,2=wB1;-2,3=wG3;-1,-3=wA3;-1,-2=wA1;-1,-1=bS1;-1,0=bG2;-1,1=wS1;-1,2=wG2;-1,3=wB2;0,-4=wA2,bB2;0,1=bA2;1,-4=bQ;1,0=bG1;2,-1=bB1;3,-2=bS2;4,-3=bA3;5,-3=bA1;5,-2=wQ;5,-1=bG3
27	79	-0.379949	adjudicated	G1|b|79|40|39|-3,2=wS2;-2,2=wB1;-2,3=wG3;-1,-4=bB2;-1,-3=wA3;-1,-2=wA1;-1,-1=bS1;-1,0=bG2;-1,1=wS1;-1,2=wG2;-1,3=wB2;0,-4=wA2;0,1=bA2;0,3=wG1;1,-4=bQ;1,0=bG1;2,-1=bB1;3,-2=bS2;4,-3=bA3;5,-3=bA1;5,-2=wQ;5,-1=bG3
27	81	-0.379949	adjudicated	G1|b|81|41|40|-4,2=wG2;-3,2=wS2;-2,2=wB1;-2,3=wG3;-1,-3=wA3;-1,-2=wA1;-1,-1=bS1;-1,0=bG2;-1,1=wS1;-1,3=wB2;0,-5=bB2;0,-4=wA2;0,1=bA2;0,3=wG1;1,-4=bQ;1,0=bG1;2,-1=bB1;3,-2=bS2;4,-3=bA3;5,-3=bA1;5,-2=wQ;5,-1=bG3
27	83	-0.379949	adjudicated	G1|b|83|42|41|-4,2=wG2;-3,2=wS2;-3,3=wG1;-2,2=wB1;-2,3=wG3;-1,-3=wA3;-1,-2=wA1;-1,-1=bS1;-1,0=bG2;-1,1=wS1;-1,3=wB2;0,-4=wA2,bB2;0,1=bA2;1,-4=bQ;1,0=bG1;2,-1=bB1;3,-2=bS2;4,-3=bA3;5,-3=bA1;5,-2=wQ;5,-1=bG3
27	85	-0.379949	adjudicated	G1|b|85|43|42|-4,2=wG2;-3,1=wG1;-3,2=wS2;-2,2=wB1;-2,3=wG3;-1,-3=wA3;-1,-2=wA1;-1,-1=bS1;-1,0=bG2;-1,1=wS1;-1,3=wB2;0,-4=wA2;0,1=bA2;1,-4=bQ,bB2;1,0=bG1;2,-1=bB1;3,-2=bS2;4,-3=bA3;5,-3=bA1;5,-2=wQ;5,-1=bG3
27	87	-0.379949	adjudicated	G1|b|87|44|43|-4,2=wG2;-3,1=wG1;-3,2=wS2;-2,2=wB1;-2,3=wG3;-1,-3=wA3;-1,-2=wA1;-1,-1=bS1;-1,0=bG2;-1,1=wS1;-1,2=wB2;0,-4=wA2,bB2;0,1=bA2;1,-4=bQ;1,0=bG1;2,-1=bB1;3,-2=bS2;4,-3=bA3;5,-3=bA1;5,-2=wQ;5,-1=bG3
27	89	-0.379949	adjudicated	G1|b|89|45|44|-4,2=wG2;-3,1=wG1;-3,2=wS2;-2,2=wB1;-2,3=wG3;-1,-4=bB2;-1,-3=wA3;-1,-2=wA1;-1,-1=bS1;-1,0=bG2;-1,1=wS1;0,-4=wA2;0,1=bA2,wB2;1,-4=bQ;1,0=bG1;2,-1=bB1;3,-2=bS2;4,-3=bA3;5,-3=bA1;5,-2=wQ;5,-1=bG3
27	91	-0.379949	adjudicated	G1|b|91|46|45|-4,2=wG2;-3,1=wG1;-3,2=wS2;-2,2=wB1;-2,3=wG3;-1,-3=wA3,bB2;-1,-2=wA1;-1,-1=bS1;-1,0=bG2;-1,1=wS1;0,-4=wA2;0,1=bA2;0,2=wB2;1,-4=bQ;1,0=bG1;2,-1=bB1;3,-2=bS2;4,-3=bA3;5,-3=bA1;5,-2=wQ;5,-1=bG3
27	93	-0.379949	adjudicated	G1|b|93|47|46|-5,3=wG1;-4,2=wG2;-3,2=wS2;-2,-3=bB2;-2,2=wB1;-2,3=wG3;-1,-3=wA3;-1,-2=wA1;-1,-1=bS1;-1,0=bG2;-1,1=wS1;0,-4=wA2;0,1=bA2;0,2=wB2;1,-4=bQ;1,0=bG1;2,-1=bB1;3,-2=bS2;4,-3=bA3;5,-3=bA1;5,-2=wQ;5,-1=bG3
27	95	-0.379949	adjudicated	G1|b|95|48|47|-5,3=wG1;-4,2=wG2;-3,2=wS2;-2,2=wB1;-2,3=wG3;-1,-4=bB2;-1,-3=wA3;-1,-2=wA1;-1,-1=bS1;-1,0=bG2;-1,1=wS1;0,-4=wA2;0,1=bA2;1,-4=bQ;1,0=bG1;1,1=wB2;2,-1=bB1;3,-2=bS2;4,-3=bA3;5,-3=bA1;5,-2=wQ;5,-1=bG3
28	0	1.000000	terminal	G1|w|0|0|0|
28	6	1.000000	terminal	G1|w|6|3|3|-1,-1=bS1;0,-1=bB1;0,0=wA1;0,1=wA2;1,-2=bB2;1,0=wB1
28	8	1.000000	terminal	G1|w|8|4|4|-1,-1=bS1;0,-1=bB1;0,0=wA1;0,1=wA2;0,2=wQ;1,-2=bB2;1,0=wB1;2,-2=bQ
28	10	1.000000	terminal	G1|w|10|5|5|-1,-1=bS1;0,-1=bB1,bB2;0,0=wA1;0,1=wA2;0,2=wQ;1,-1=wB1;2,-2=bQ
28	12	1.000000	terminal	G1|w|12|6|6|-1,-1=bS1;0,-2=bG1;0,-1=bB1,bB2;0,0=wA1;0,1=wA2;0,2=wQ;1,-1=wB1;1,0=wG1;2,-2=bQ
28	14	1.000000	terminal	G1|w|14|7|7|-1,-1=bS1;-1,0=bG2;0,-2=bG1;0,-1=bB1,bB2;0,1=wA2;0,2=wQ;1,-1=wB1;1,0=wG1;2,-2=bQ;3,-3=wA1
28	16	1.000000	terminal	G1|w|16|8|8|-1,-1=bS1;-1,0=bG2;0,-2=bG1,bB2;0,-1=bB1;0,1=wA2;0,2=wQ;1,-1=wB1;1,0=wG1;2,-2=bQ;3,-4=wA3;3,-3=wA1
28	18	1.000000	terminal	G1|w|18|9|9|-2,0=bG3;-1,-1=bS1;-1,0=bG2;0,-2=bG1,bB2;0,-1=bB1;0,1=wA2;0,2=wQ;1,-1=wB1;1,0=wG1;2,-2=bQ;3,-3=wA1;3,-2=wA3
28	20	1.000000	terminal	G1|w|20|10|10|-2,0=bG3;-1,-1=bS1;-1,0=bG2;0,-2=bG1;0,-1=bB1,bB2;0,1=wA2;0,2=wQ;1,-1=wB1;1,0=wG1;2,-2=bQ;3,-3=wA1;3,-2=wA3;4,-3=wS1
28	22	1.000000	terminal	G1|w|22|11|11|-2,0=bG3;-2,1=bS2;-1,-1=bS1;-1,0=bG2;0,-2=bG1;0,-1=bB1,bB2;0,1=wA2;0,2=wQ;1,-1=wB1;1,0=wG1;2,-3=wS1;2,-2=bQ;3,-3=wA1;3,-2=wA3
28	24	1.000000	terminal	G1|w|24|12|12|-2,0=bG3;-1,-1=bS1;-1,0=bG2;-1,3=bS2;0,-2=bG1;0,-1=bB1,bB2;0,1=wA2;0,2=wQ;1,-1=wB1;1,0=wG1;2,-3=wS1;2,-2=bQ;3,-3=wA1;3,-2=wA3;4,-2=wS2
28	26	1.000000	terminal	G1|w|26|13|13|-2,0=bG3;-1,-1=bS1;-1,0=bG2;-1,3=bS2;0,-2=bG1,bB2;0,-1=bB1;0,1=wA2;0,2=wQ;1,-1=wB1;1,0=wG1;2,-3=wS1;2,-2=bQ;3,-4=wB2;3,-3=wA1;3,-2=wA3;4,-2=wS2
28	28	1.000000	terminal	G1|w|28|14|14|-1,-1=bS1;-1,0=bG2;-1,3=bS2;0,-2=bG1,bB2;0,-1=bB1;0,1=wA2;0,2=wQ;1,-3=bG3;1,-1=wB1;1,0=wG1;1,2=wA1;2,-3=wS1;2,-2=bQ;3,-4=wB2;3,-2=wA3;4,-2=wS2
28	30	1.000000	terminal	G1|w|30|15|15|-1,-1=bS1;-1,0=bG2;0,-2=bG1,bB2;0,-1=bB1;0,1=wA2;0,2=wQ;1,-3=bG3;1,-1=wB1;1,0=wG1;1,1=bS2;2,-3=wS1;2,-2=bQ;2,-1=wA1;3,-4=wB2;3,-2=wA3;4,-2=wS2
28	32	1.000000	terminal	G1|w|32|16|16|-1,-2=bB2;-1,-1=bS1;-1,0=bG2;0,-2=bG1;0,-1=bB1;0,2=wQ;1,-3=bG3;1,-1=wB1;1,0=wG1;1,1=bS2;2,-3=wS1;2,-2=bQ;2,-1=wA1;3,-4=wB2;3,-3=wA2;3,-2=wA3;4,-2=wS2
28	34	1.000000	terminal	G1|w|34|17|17|-1,-2=bB2;-1,0=bG2;-1,1=bS1;0,-2=bG1;0,-1=bB1;0,2=wQ;1,-3=bG3;1,-1=wB1;1,0=wG1;1,1=bS2;2,-3=wS1;2,-2=bQ;2,-1=wA1;3,-4=wB2;3,-3=wA2;3,-2=wA3;4,-4=wG2;4,-2=wS2
28	36	1.000000	terminal	G1|w|36|18|18|-1,-2=bB2;-1,0=bG2;-1,2=bS1;0,-2=bG1;0,-1=bB1;0,2=wQ;1,-3=bG3;1,-1=wB1;1,0=wG1;1,1=bS2;2,-3=wS1;2,-2=bQ;2,-1=wA1;3,-5=wG3;3,-4=wB2;3,-3=wA2;3,-2=wA3;4,-4=wG2;4,-2=wS2
28	38	1.000000	terminal	G1|w|38|19|19|-2,1=wA1;-1,-2=bB2;-1,0=bG2;-1,2=bS1;0,-2=bG1;0,-1=bB1;0,2=wQ;1,-1=wB1;1,0=wG1;1,1=bS2;2,-3=wS1;2,-2=bQ;3,-5=wG3;3,-4=wB2;3,-3=wA2;3,-2=wA3;4,-4=wG2;4,-3=bG3;4,-2=wS2
28	40	1.000000	terminal	G1|w|40|20|20|-1,-2=bB2;-1,0=bG2;-1,2=bS1;0,-2=bG1;0,-1=bB1;0,1=bG3;0,2=wQ;1,-1=wB1;1,0=wG1;1,1=bS2;2,-3=wS1;2,-2=bQ;2,-1=wA1;3,-5=wG3;3,-4=wB2;3,-3=wA2;3,-2=wA3;4,-4=wG2;4,-2=wS2
28	42	1.000000	terminal	G1|w|42|21|21|-2,3=bA1;-1,-2=bB2;-1,0=bG2;-1,2=bS1;0,-2=bG1;0,-1=bB1;0,1=bG3;1,-1=wB1;1,0=wG1;1,1=bS2;1,2=wQ;2,-3=wS1;2,-2=bQ;2,-1=wA1;3,-5=wG3;3,-4=wB2;3,-3=wA2;3,-2=wA3;4,-4=wG2;4,-2=wS2
28	44	1.000000	terminal	G1|w|44|22|22|-1,-2=bB2;-1,0=bG2;-1,2=bS1;0,-2=bG1;0,-1=bB1;0,1=bG3;0,3=bA1;1,-1=wB1;1,0=wG1;1,1=bS2;1,2=wQ;2,-3=wS1;2,-2=bQ;2,-1=wA1;3,-5=wG3;3,-4=wB2;3,-3=wA2;3,-2=wA3;4,-4=wG2;5,-5=wS2
28	46	1.000000	terminal	G1|w|46|23|23|-1,0=bG2;-1,2=bS1;0,-2=bG1,bB2;0,-1=bB1;0,1=bG3;0,3=bA1;1,-1=wB1;1,0=wG1;1,1=bS2;1,2=wQ;2,-3=wS1;2,-2=bQ;2,2=wA1;3,-5=wG3;3,-4=wB2;3,-3=wA2;3,-2=wA3;4,-4=wG2;5,-5=wS2
28	48	1.000000	terminal	G1|w|48|24|24|-1,0=bG2;-1,2=bS1;-1,4=bA2;0,-2=bG1,bB2;0,-1=bB1;0,1=bG3;0,3=bA1;1,-1=wB1;1,0=wG1;1,1=bS2;1,2=wQ;2,-3=wS1;2,-2=bQ;2,-1=wA1;3,-5=wG3;3,-4=wB2;3,-3=wA2;3,-2=wA3;4,-4=wG2;5,-5=wS2
28	50	1.000000	terminal	G1|w|50|25|25|-1,0=bG2;-1,2=bS1;0,-2=bG1,bB2;0,-1=bB1;0,1=bG3;0,3=bA1;1,-1=wB1;1,0=wG1;1,1=bS2;1,2=wQ;1,3=bA2;2,-3=wS1;2,-2=bQ;2,-1=wA1;3,-4=wB2;3,-3=wA2;3,-2=wA3;3,-1=wG3;4,-4=wG2;5,-5=wS2
28	52	1.000000	terminal	G1|w|52|26|26|-1,0=bG2;-1,1=bA3;-1,2=bS1;0,-2=bG1,bB2;0,-1=bB1;0,1=bG3;0,3=bA1;1,-1=wB1;1,0=wG1;1,1=bS2;1,2=wQ;1,3=bA2;2,-3=wS1;2,-2=bQ;2,-1=wA1;3,-3=wA2,wB2;3,-2=wA3;3,-1=wG3;4,-4=wG2;5,-5=wS2
29	0	-1.000000	terminal	G1|w|0|0|0|
29	7	-1.000000	terminal	G1|b|7|4|3|-1,-1=wQ;-1,2=bG1;-1,3=bA1;0,-1=wA2;0,0=wS1;0,1=bB1;1,-1=wA1
29	9	-1.000000	terminal	G1|b|9|5|4|-1,-1=wQ;-1,2=bG1;-1,3=bA1;0,-1=wA2;0,0=wS1;0,1=bB1;0,2=wA1;1,1=bQ
29	11	-1.000000	terminal	G1|b|11|6|5|-2,-1=bA1;-1,-1=wQ;-1,2=bG1;0,-1=wA2;0,0=wS1;0,1=bB1;1,1=bQ;2,0=wA1
29	13	-1.000000	terminal	G1|b|13|7|6|-3,-1=bS1;-2,-1=bA1;-1,-1=wQ;-1,2=bG1;0,-1=wA2;0,0=wS1;0,1=bB1;1,1=bQ;2,-1=wG1;2,0=wA1
29	15	-1.000000	terminal	G1|b|15|8|7|-2,-1=bA1;-1,-1=wQ;-1,2=bG1;0,-2=bS1;0,-1=wA2;0,0=wS1;0,1=bB1;1,1=bQ;2,0=wA1;2,1=wG1
29	17	-1.000000	terminal	G1|b|17|9|8|-2,-1=bA1;-2,2=bB2;-1,-1=wQ;-1,2=bG1;0,-2=bS1;0,-1=wA2;0,0=wS1;0,1=bB1;1,1=bQ;2,0=wA1;2,1=wG1;2,2=wA3
29	19	-1.000000	terminal	G1|b|19|10|9|-2,-1=bA1;-2,2=bB2;-1,-1=wQ;-1,2=bG1;-1,3=bA2;0,-2=bS1;0,-1=wA2;0,0=wS1;0,1=bB1;1,0=wA3;1,1=bQ;2,0=wA1;2,1=wG1
29	21	-1.000000	terminal	G1|b|21|11|10|-2,-1=bA1;-2,2=bB2;-1,-1=wQ;-1,2=bG1;-1,3=bA2;0,-2=bS1;0,-1=wA2;0,0=wS1;0,1=bB1;1,0=wA3;1,2=bQ;2,0=wA1;2,1=wG1;3,-1=wG2
29	23	-1.000000	terminal	G1|b|23|12|11|-2,-1=bA1;-2,0=bA2;-2,2=bB2;-1,-1=wQ;-1,2=bG1;0,-2=bS1;0,-1=wA2;0,0=wS1;0,1=bB1;1,0=wA3;1,1=wG2;1,2=bQ;2,0=wA1;2,1=wG1
29	25	-1.000000	terminal	G1|b|25|13|12|-2,-1=bA1;-2,0=bA2;-2,2=bB2;-1,-1=wQ;-1,2=bG1;0,-2=bS1;0,-1=wA2;0,0=wS1;0,1=bB1;1,1=wG2;2,0=wA1;2,1=wG1;2,2=bQ;3,2=wA3
29	27	-1.000000	terminal	G1|b|27|14|13|-2,-1=bA1;-2,0=bA2;-2,2=bB2;-1,-1=wQ;-1,2=bG1;0,-3=bA3;0,-2=bS1;0,-1=wA2;0,0=wS1;0,1=bB1;1,1=wG2;2,1=wG1;2,2=bQ;3,1=wA1;3,2=wA3
29	29	-1.000000	terminal	G1|b|29|15|14|-2,-1=bA1;-2,0=bA2;-2,2=bB2;-1,-1=wQ;-1,2=bG1;0,-3=bA3;0,-2=bS1;0,-1=wA2;0,0=wS1;0,1=bB1;1,1=wG2;1,2=wG3;2,1=wG1;2,3=bQ;3,1=wA1;3,2=wA3
29	31	-1.000000	terminal	G1|b|31|16|15|-2,-1=bA1;-2,0=bA2;-2,2=bB2;-1,-2=bA3;-1,-1=wQ;-1,2=bG1;0,-2=bS1;0,-1=wA2;0,0=wS1;0,1=bB1;1,1=wG2;1,2=wG3;2,1=wG1;2,3=bQ;3,1=wA1;3,2=wA3;4,2=wS2
29	33	-1.000000	terminal	G1|b|33|17|16|-2,-1=bA1;-2,0=bA2;-2,2=bB2;-1,-2=bA3;-1,-1=wQ;-1,2=bG1;0,-3=bG2;0,-2=bS1;0,-1=wA2;0,0=wS1;0,1=bB1;1,1=wG2;1,2=wG3;1,4=wS2;2,1=wG1;2,3=bQ;3,1=wA1;3,2=wA3
29	35	-1.000000	terminal	G1|b|35|18|17|-3,2=bG3;-2,-1=bA1;-2,0=bA2;-2,2=bB2;-1,-2=bA3;-1,-1=wQ;-1,2=bG1;0,-3=bG2;0,-2=bS1;0,-1=wA2;0,0=wS1;0,1=bB1;1,-1=wB1;1,1=wG2;1,2=wG3;1,4=wS2;2,1=wG1;2,3=bQ;3,1=wA1;3,2=wA3
29	37	-1.000000	terminal	G1|b|37|19|18|-3,1=bS2;-3,2=bG3;-2,-1=bA1;-2,0=bA2;-2,2=bB2;-1,-2=bA3;-1,-1=wQ;-1,2=bG1;0,-3=bG2;0,-2=bS1;0,-1=wA2;0,0=wS1;0,1=bB1;1,-1=wB1;1,0=wG3;1,1=wG2;1,4=wS2;2,1=wG1;2,3=bQ;3,1=wA1;3,2=wA3
29	39	-1.000000	terminal	G1|b|39|20|19|-3,1=bS2;-3,2=bG3;-2,-1=bA1;-2,0=bA2;-2,2=bB2;-1,-2=bA3;-1,-1=wQ;-1,2=bG1,bB1;0,-3=bG2;0,-2=bS1;0,-1=wA2;0,0=wS1;1,-1=wB1;1,0=wG3;1,1=wG2;1,4=wS2;2,1=wG1;2,3=bQ;3,0=wB2;3,1=wA1;3,2=wA3
29	41	-1.000000	terminal	G1|b|41|21|20|-3,1=bS2;-3,2=bG3;-2,-1=bA1;-2,0=bA2;-2,2=bB2;-1,-2=bA3;-1,-1=wQ;-1,2=bG1;0,-3=bG2;0,-2=bS1;0,-1=wA2;0,0=wS1,wB1;0,1=bB1;1,0=wG3;1,1=wG2;1,4=wS2;2,1=wG1;2,3=bQ;3,0=wB2;3,1=wA1;3,2=wA3
29	43	-1.000000	terminal	G1|b|43|22|21|-3,1=bS2;-2,-1=bA1;-2,0=bA2;-2,2=bB2;-1,-2=bA3;-1,-1=wQ;-1,2=bG1;0,-3=bG2;0,-2=bS1;0,-1=wA2;0,0=wS1;0,1=bB1,wB1;0,2=bG3;1,0=wG3;1,1=wG2;1,4=wS2;2,1=wG1;2,3=bQ;3,0=wB2;3,1=wA1;3,2=wA3
30	0	1.000000	terminal	G1|w|0|0|0|
30	6	1.000000	terminal	G1|w|6|3|3|-3,2=bA2;-2,1=bS1;-1,-1=wA2;-1,1=bA1;0,-1=wS1;0,0=wA1
30	8	1.000000	terminal	G1|w|8|4|4|-3,2=bA2;-2,1=bS1;-1,-1=wA2;-1,1=bA1;-1,2=bQ;0,-1=wS1;0,0=wA1;1,0=wQ
30	10	1.000000	terminal	G1|w|10|5|5|-2,1=bS1;-2,3=wA2;-1,1=bA1;-1,2=bQ;0,-1=wS1;0,0=wA1;1,0=wQ;2,-1=bA2
30	12	1.000000	terminal	G1|w|12|6|6|-3,2=bG1;-2,1=bS1;-2,3=wA2;-1,1=bA1;-1,2=bQ;0,-1=wS1;0,0=wA1;1,-2=wA3;1,0=wQ;2,-1=bA2
30	14	1.000000	terminal	G1|w|14|7|7|-3,2=bG1;-2,0=bG2;-2,1=bS1;-2,3=wA2;-1,1=bA1;-1,2=bQ;-1,3=wA3;0,-1=wS1;0,0=wA1;1,0=wQ;2,-1=bA2
30	16	1.000000	terminal	G1|w|16|8|8|-3,2=bG1;-3,3=wA2;-2,0=bG2;-2,1=bS1;-1,1=bA1;-1,2=bQ;-1,3=wA3;0,-1=wS1;0,0=wA1;1,0=wQ;2,-1=bA2;3,-2=bS2
30	18	1.000000	terminal	G1|w|18|9|9|-3,2=bG1;-3,3=wA2;-3,4=wB1;-2,0=bG2;-2,1=bS1;-1,1=bA1;-1,2=bQ;-1,3=wA3;0,-1=wS1;0,0=wA1;1,0=wQ;2,-1=bA2;3,-2=bS2;4,-2=bA3
30	20	1.000000	terminal	G1|w|20|10|10|-3,2=bG1;-3,3=wA2;-3,4=wB1;-2,0=bG2;-2,1=bS1;-1,-1=wA3;-1,1=bA1;-1,2=bQ;0,-1=wS1;0,0=wA1;1,0=wQ;2,-1=bA2;2,0=bA3;3,-2=bS2
30	22	1.000000	terminal	G1|w|22|11|11|-3,2=bG1;-3,3=wA2;-3,4=wB1;-2,0=bG2;-2,1=bS1;-1,1=bA1;-1,2=bQ;0,-1=wS1;0,0=wA1;1,0=wQ;1,1=bA2;2,0=bA3;3,-2=bS2;3,-1=wA3
30	24	1.000000	terminal	G1|w|24|12|12|-3,1=bB1;-3,2=bG1;-3,3=wA2;-2,0=bG2;-2,1=bS1;-2,3=wB1;-1,1=bA1;-1,2=bQ;0,-1=wS1;0,0=wA1;1,0=wQ;1,1=bA2;2,0=bA3;3,-2=bS2;3,-1=wA3
30	26	1.000000	terminal	G1|w|26|13|13|-3,1=bB1;-3,2=bG1;-2,0=bG2;-2,1=bS1;-2,3=wB1;-1,1=bA1;-1,2=bQ;0,-1=wS1;0,0=wA1;0,2=wA2;1,-2=bS2;1,0=wQ;1,1=bA2;2,0=bA3;3,-1=wA3
30	28	1.000000	terminal	G1|w|28|14|14|-3,1=bB1;-3,2=bG1;-2,0=bG2;-2,1=bS1;-2,3=wB1;-1,1=bA1;-1,2=bQ;-1,3=wA3;0,-1=wS1;0,0=wA1;0,2=wA2;1,-2=bS2;1,0=wQ;1,1=bA2;2,0=bA3;2,1=bB2
30	30	1.000000	terminal	G1|w|30|15|15|-3,1=bB1;-3,2=bG1;-2,0=bG2;-2,1=bS1;-2,3=wB1;-1,1=bA1;-1,2=bQ;-1,3=wA3;0,-1=wS1;0,0=wA1;0,2=wA2;1,1=bA2;2,-1=wQ;2,0=bA3;2,1=bB2;3,-2=bS2
30	32	1.000000	terminal	G1|w|32|16|16|-3,1=bB1;-3,2=bG1;-3,4=wB2;-2,0=bG2;-2,1=bS1;-2,3=wB1;-1,1=bA1;-1,2=bQ;-1,3=wA3;0,-1=wS1;0,0=wA1;0,2=wA2;1,1=bA2,bB2;2,-1=wQ;2,0=bA3;3,-2=bS2
30	34	1.000000	terminal	G1|w|34|17|17|-4,5=wS2;-3,1=bB1;-3,2=bG1;-3,4=wB2;-2,0=bG2;-2,1=bS1;-2,3=wB1;-1,1=bA1;-1,2=bQ;-1,3=wA3;0,-1=wS1;0,0=wA1;0,2=wA2;1,0=bB2;1,1=bA2;2,-1=wQ;2,0=bA3;3,-2=bS2
30	36	1.000000	terminal	G1|w|36|18|18|-5,6=wG1;-4,5=wS2;-3,1=bB1;-3,2=bG1;-3,4=wB2;-2,0=bG2;-2,1=bS1;-2,3=wB1;-1,1=bA1;-1,2=bQ;-1,3=wA3;0,-1=wS1;0,0=wA1;0,2=wA2;1,0=bB2;2,-2=bA2;2,-1=wQ;2,0=bA3;3,-2=bS2
30	38	1.000000	terminal	G1|w|38|19|19|-4,5=wS2;-3,1=bB1;-3,2=bG1;-3,4=wB2;-2,0=bG2;-2,1=bS1;-2,3=wB1;-1,1=bA1;-1,2=bQ;-1,3=wA3;0,-1=wS1;0,0=wA1;0,1=wG1;0,2=wA2;1,0=bB2;2,-3=bA3;2,-2=bA2;2,-1=wQ;3,-2=bS2
30	40	1.000000	terminal	G1|w|40|20|20|-4,5=wS2;-3,1=bB1;-3,2=bG1;-3,4=wB2;-2,0=bG2;-2,1=bS1;-2,3=wB1;-1,1=bA1;-1,2=bQ;-1,3=wA3;0,-2=wG2;0,-1=wS1;0,0=wA1;0,1=wG1;0,2=wA2;1,0=bB2;2,-2=bA2;2,-1=wQ;3,-2=bS2;3,-1=bA3
30	42	1.000000	terminal	G1|w|42|21|21|-4,5=wS2;-3,1=bB1;-3,2=bG1;-3,4=wB2;-2,0=bG2;-2,1=bS1;-2,3=wB1;-1,1=bA1;-1,2=bQ;0,-2=wG2;0,-1=wS1;0,0=wA1;0,1=wG1;0,2=wA2;1,-3=wA3;1,0=bB2;2,-2=bA2;2,-1=wQ;3,-2=bS2;3,-1=bA3;4,-2=bG3
30	44	1.000000	terminal	G1|w|44|22|22|-3,1=bB1;-3,2=bG1;-3,4=wB2;-2,0=bG2;-2,1=bS1;-2,3=wB1;-1,1=bA1;-1,2=bQ;-1,3=wS2;0,-2=wG2;0,-1=wS1;0,0=wA1;0,1=wG1;0,2=wA2;1,-3=wA3;1,0=bB2;2,-2=bA2;2,-1=wQ;2,0=bG3;3,-2=bS2;3,-1=bA3
30	46	1.000000	terminal	G1|w|46|23|23|-3,0=bG1;-3,1=bB1;-3,4=wB2;-2,0=bG2;-2,1=bS1;-2,3=wB1;-1,1=bA1;-1,2=bQ;-1,3=wS2;0,-2=wG2;0,-1=wS1;0,0=wA1;0,1=wG1;0,2=wA2;1,-2=wA3;1,0=bB2;2,-2=bA2;2,-1=wQ;2,0=bG3;3,-2=bS2;3,-1=bA3
30	48	1.000000	terminal	G1|w|48|24|24|-3,0=bG1,bB1;-3,4=wB2;-2,0=bG2;-2,1=bS1;-2,3=wB1;-1,1=bA1;-1,2=bQ;-1,3=wS2;-1,4=wG3;0,-2=wG2;0,-1=wS1;0,0=wA1;0,1=wG1;0,2=wA2;1,-2=wA3;1,0=bB2;2,-2=bA2;2,-1=wQ;2,0=bG3;3,-2=bS2;3,-1=bA3
30	50	1.000000	terminal	G1|w|50|25|25|-3,0=bG1,bB1;-3,4=wB2;-2,0=bG2;-2,1=bS1;-2,3=wB1;-1,1=bA1;-1,2=bQ;-1,3=wS2;-1,4=wG3;-1,5=bA2;0,-2=wG2;0,-1=wS1;0,0=wA1;0,1=wG1;1,-2=wA3;1,0=bB2;2,-1=wQ;2,0=bG3;3,-2=bS2;3,-1=bA3;3,0=wA2
30	52	1.000000	terminal	G1|w|52|26|26|-3,0=bG1,bB1;-3,4=wB2;-2,0=bG2;-2,1=bS1;-2,3=wB1;-1,1=bA1;-1,2=bQ;-1,3=wS2;-1,4=wG3;0,-2=wG2;0,-1=wS1;0,0=wA1;0,1=wG1;1,-2=wA3;1,0=bB2;2,-3=bA2;2,-2=wQ;2,0=bG3;3,-2=bS2;3,-1=bA3;3,0=wA2
30	54	1.000000	terminal	G1|w|54|27|27|-3,0=bG1,bB1;-3,4=wB2;-2,0=bG2;-2,1=bS1;-2,3=wB1;-1,1=bA1;-1,2=bQ;-1,3=wS2;-1,4=wG3;0,-1=wS1;0,0=wA1;0,1=wG1;0,2=wG2;1,-2=wA3;2,-3=bA2;2,-2=wQ;2,-1=bB2;2,0=bG3;3,-2=bS2;3,-1=bA3;3,0=wA2
31	0	-1.000000	terminal	G1|w|0|0|0|
31	7	-1.000000	terminal	G1|b|7|4|3|-1,2=bA1;0,0=wA1;0,1=bB1;1,-1=wG1;1,1=bB2;2,-3=wQ;2,-2=wB1
31	9	-1.000000	terminal	G1|b|9|5|4|-1,2=bA1;0,-1=wA2;0,0=wA1;0,1=bB1;1,-1=wG1;1,1=bB2;2,-3=wQ;2,-2=wB1;2,1=bQ
31	11	-1.000000	terminal	G1|b|11|6|5|-1,2=bA1;0,0=wA1;0,1=bB1;1,-1=wG1;1,1=bB2;2,-3=wQ;2,-2=wB1;2,0=wA2;2,1=bQ;2,2=bA2
31	13	-1.000000	terminal	G1|b|13|7|6|-1,2=bA1;0,0=wA1;0,1=bB1;1,-2=wB2;1,-1=wG1;1,1=bB2;2,-3=wQ;2,-2=wB1;2,0=wA2;2,1=bQ;3,-4=bA2
31	15	-1.000000	terminal	G1|b|15|8|7|-1,2=bA1;0,0=wA1;0,1=bB1;1,-2=wB2;1,-1=wG1,wB1;1,1=bB2;1,2=bA3;2,-3=wQ;2,0=wA2;2,1=bQ;3,-4=bA2
31	17	-1.000000	terminal	G1|b|17|9|8|-1,2=bA1;0,-2=wS1;0,0=wA1;0,1=bB1;1,-2=wB2;1,-1=wG1,wB1;1,1=bB2;2,-3=wQ;2,0=wA2;2,1=bQ;3,-4=bA2;3,-1=bA3
31	19	-1.000000	terminal	G1|b|19|10|9|-1,-1=wS2;-1,2=bA1;0,-2=wS1;0,0=wA1;0,1=bB1;1,-2=wB2;1,-1=wG1,wB1;1,1=bB2;1,2=bQ;2,-3=wQ;2,0=wA2;3,-4=bA2;3,-1=bA3
31	21	-1.000000	terminal	G1|b|21|11|10|-1,-1=wS2;-1,2=bA1;0,-2=wS1;0,0=wA1;0,1=bB1;0,3=wA2;1,-3=bA3;1,-2=wB2;1,-1=wG1,wB1;1,1=bB2;1,2=bQ;2,-3=wQ;3,-4=bA2
31	23	-1.000000	terminal	G1|b|23|12|11|-1,-1=wS2;0,-2=wS1;0,0=wA1,wB1;0,1=bB1;0,3=wA2;1,-3=bA3;1,-2=wB2;1,-1=wG1;1,1=bB2;1,2=bQ;2,-3=wQ;3,-4=bA2;3,-3=bA1
31	25	-1.000000	terminal	G1|b|25|13|12|-1,-1=wS2;-1,1=bA2;-1,3=wA3;0,-2=wS1;0,0=wA1,wB1;0,1=bB1;0,3=wA2;1,-3=bA3;1,-2=wB2;1,-1=wG1;1,1=bB2;1,2=bQ;2,-3=wQ;3,-3=bA1
31	27	-1.000000	terminal	G1|b|27|14|13|-1,-1=wS2;-1,3=wA3;0,-2=wS1;0,0=wA1,wB1;0,1=bB1;0,3=wA2;1,-3=bA3;1,-2=wB2;1,-1=wG1;1,1=bB2;1,2=bQ;2,-2=bA2;3,-4=wQ;3,-3=bA1
31	29	-1.000000	terminal	G1|b|29|15|14|-1,-1=wS2;0,-2=wS1;0,0=wA1,wB1;0,1=bB1;0,3=wA2;1,-2=wB2;1,-1=wG1;1,1=bB2;1,2=bQ;2,-2=bA2;3,-4=wQ;3,-3=bA1;4,-6=wA3;4,-5=bA3
31	31	-1.000000	terminal	G1|b|31|16|15|-1,-1=wS2;0,-2=wS1;0,0=wA1,wB1;0,1=bB1;0,3=wA2;1,-2=wB2;1,-1=wG1;1,1=bB2;1,2=bQ;2,-2=bA2;2,2=wA3;3,-4=wQ;3,-3=bA1;3,-2=bS1;4,-5=bA3
31	33	-1.000000	terminal	G1|b|33|17|16|0,-2=wS1;0,0=wA1,wB1;0,1=bB1;0,3=wA2;1,-3=wS2;1,-2=wB2;1,-1=wG1;1,1=bB2;1,2=bQ;2,-2=bA2;2,2=wA3;3,-4=wQ;3,-3=bA1;3,-2=bS1;3,2=bA3
31	35	-1.000000	terminal	G1|b|35|18|17|0,-2=wS1;0,0=wA1,wB1;0,1=bB1;0,3=wA2;1,-3=wS2;1,-2=wB2;1,-1=wG1;1,1=bB2;1,2=bQ;2,-2=bA2;2,1=wA3;3,-5=bA3;3,-4=wQ;3,-3=bA1;3,-2=bS1
31	37	-1.000000	terminal	G1|b|37|19|18|-1,4=wG2;0,-2=wS1;0,0=wA1,wB1;0,1=bB1;0,3=wA2;1,-3=wS2;1,-2=wB2;1,-1=wG1;1,1=bB2;1,2=bQ;2,-2=bA2;2,1=wA3;3,-5=bA3;3,-4=wQ;3,-3=bA1;4,-5=bS1
31	39	-1.000000	terminal	G1|b|39|20|19|-1,0=bA3;-1,4=wG2;0,-2=wS1;0,0=wA1,wB1;0,1=bB1;0,3=wA2;1,-3=wS2;1,-2=wB2;1,-1=wG1;1,1=bB2;1,2=bQ;1,3=wA3;2,-2=bA2;3,-4=wQ;3,-3=bA1;4,-5=bS1
31	41	-1.000000	terminal	G1|b|41|21|20|0,-2=wS1;0,0=wA1,wB1;0,1=bB1;0,3=wA2;1,-3=wS2;1,-2=wB2;1,-1=wG1;1,1=bB2;1,2=bQ;1,3=wA3;2,-2=bA2;2,1=wG2;3,-5=bA3;3,-4=wQ;3,-3=bA1;4,-5=bS1
31	43	-1.000000	terminal	G1|b|43|22|21|0,-2=wS1;0,0=wA1,wB1;0,1=bB1;0,3=wA2;1,-3=wS2;1,-2=wB2;1,-1=wG1;1,1=bB2;1,2=bQ;1,3=wA3;2,-2=bA2;2,1=wG2;2,3=wG3;3,-4=wQ;3,-3=bA1;3,0=bA3;4,-5=bS1
31	45	-1.000000	terminal	G1|b|45|23|22|0,-2=wS1;0,0=wA1,wB1;0,1=bB1;0,2=wA2;1,-3=wS2;1,-2=wB2;1,-1=wG1;1,1=bB2;1,2=bQ;1,3=wA3;2,-2=bA2;2,1=wG2;2,3=wG3;3,-5=bA3;3,-4=wQ;3,-3=bA1;4,-5=bS1
31	47	-1.000000	terminal	G1|b|47|24|23|0,-2=wS1;0,0=wA1,wB1;0,1=bB1;0,2=wA2;0,3=wG3;1,-3=wS2;1,-2=wB2;1,-1=wG1;1,2=bQ;1,3=wA3;2,-2=bA2;2,0=bB2;2,1=wG2;3,-5=bA3;3,-4=wQ;3,-3=bA1;4,-5=bS1
31	49	-1.000000	terminal	G1|b|49|25|24|0,-2=wS1;0,0=wA1,wB1;0,1=bB1;0,2=wA2;1,-3=wS2;1,-2=wB2;1,-1=wG1;1,2=bQ;1,3=wA3;2,-2=bA2;2,0=bB2;2,1=wG2;2,3=wG3;3,-5=bA3;3,-4=wQ;3,-3=bA1;4,-5=bS1;5,-6=bG1
31	51	-1.000000	terminal	G1|b|51|26|25|0,-2=wS1;0,0=wA1,wB1;0,1=bB1;0,2=wA2;0,3=wG3;1,-3=wS2;1,-2=wB2;1,-1=wG1;1,2=bQ;1,3=wA3;2,-3=bG1;2,-2=bA2;2,0=bB2;2,1=wG2;3,-5=bA3;3,-4=wQ;3,-3=bA1;4,-5=bS1
31	53	-1.000000	terminal	G1|b|53|27|26|0,-2=wS1;0,0=wA1,wB1;0,1=bB1;0,2=wA2;0,3=wG3;1,-2=wB2;1,-1=wG1;1,2=bQ;1,3=wA3;2,-3=bG1;2,0=bB2;2,1=wG2;3,-6=wS2;3,-5=bA3;3,-4=wQ;3,-3=bA1;4,-5=bS1;4,-4=bA2
31	55	-1.000000	terminal	G1|b|55|28|27|-1,1=wB1;0,-2=wS1;0,0=wA1;0,1=bB1;0,2=wA2;0,3=wG3;1,-2=wB2;1,-1=wG1;1,2=bQ;1,3=wA3;2,-4=bA1;2,-3=bG1;2,0=bB2;2,1=wG2;3,-6=wS2;3,-5=bA3;3,-4=wQ;4,-5=bS1;4,-4=bA2
31	57	-1.000000	terminal	G1|b|57|29|28|0,-2=wS1;0,0=wA1;0,1=bB1,wB1;0,2=wA2;0,3=wG3;1,-2=wB2;1,-1=wG1;1,2=bQ;1,3=wA3;2,-4=bA1;2,-3=bG1;2,0=bB2;2,1=wG2;3,-6=wS2;3,-5=bA3;3,-4=wQ;3,-1=bS2;4,-5=bS1;4,-4=bA2
32	0	-0.379949	adjudicated	G1|w|0|0|0|
32	6	-0.379949	adjudicated	G1|w|6|3|3|-2,2=wG1;-1,-1=bA2;-1,1=wS1;0,-2=bG1;0,-1=bA1;0,0=wB1
32	8	-0.379949	adjudicated	G1|w|8|4|4|-3,2=wQ;-2,2=wG1;-1,-1=bA2;-1,1=wS1;0,-2=bG1;0,-1=bA1;0,0=wB1;1,-3=bQ
32	10	-0.379949	adjudicated	G1|w|10|5|5|-3,1=bA2;-3,2=wQ;-2,2=wG1;-2,3=wG2;-1,1=wS1;0,-2=bG1;0,-1=bA1;0,0=wB1;1,-3=bQ
32	12	-0.379949	adjudicated	G1|w|12|6|6|-3,1=bA2;-3,2=wQ;-2,2=wG1;-2,3=wG2;-1,-1=bG2;-1,1=wS1;-1,2=wB2;0,-2=bG1;0,-1=bA1;0,0=wB1;1,-3=bQ
32	14	-0.379949	adjudicated	G1|w|14|7|7|-4,3=bA2;-3,2=wQ;-3,4=wG3;-2,2=wG1;-2,3=wG2;-1,-1=bG2;-1,1=wS1;-1,2=wB2;0,-2=bG1;0,-1=bA1;0,0=wB1;1,-3=bQ
32	16	-0.379949	adjudicated	G1|w|16|8|8|-5,3=bG3;-4,3=bA2;-3,2=wQ;-3,4=wG3;-2,2=wG1;-2,3=wG2;-1,-1=bG2;-1,1=wS1;-1,2=wB2;0,-2=bG1;0,-1=bA1;0,0=wB1;0,1=wA1;1,-3=bQ
32	18	-0.379949	adjudicated	G1|w|18|9|9|-4,3=bA2;-3,2=wQ;-3,3=bG3;-3,4=wG3;-2,2=wG1;-2,3=wG2;-1,-1=bG2;-1,1=wS1;-1,2=wB2;0,-2=bG1;0,-1=bA1;0,0=wB1;1,-3=bQ;2,-4=wA1
32	20	-0.379949	adjudicated	G1|w|20|10|10|-4,3=bA2;-3,2=wQ;-3,3=bG3;-3,4=wG3;-2,-1=bB1;-2,2=wG1;-2,3=wG2;-2,4=wA2;-1,-1=bG2;-1,1=wS1;-1,2=wB2;0,-2=bG1;0,-1=bA1;0,0=wB1;1,-3=bQ;2,-4=wA1
32	22	-0.379949	adjudicated	G1|w|22|11|11|-4,2=wQ;-4,3=bA2;-3,0=bB2;-3,3=bG3;-3,4=wG3;-2,-1=bB1;-2,2=wG1;-2,3=wG2;-2,4=wA2;-1,-1=bG2;-1,1=wS1;-1,2=wB2;0,-2=bG1;0,-1=bA1;0,0=wB1;1,-3=bQ;2,-4=wA1
32	24	-0.379949	adjudicated	G1|w|24|12|12|-4,2=wQ;-4,3=bA2;-3,0=bB2;-3,3=bG3;-3,4=wG3;-2,-1=bB1;-2,0=bG1;-2,2=wG1;-2,3=wG2;-1,-1=bG2;-1,1=wS1;-1,2=wB2;0,-1=bA1;0,0=wB1;1,-3=bQ;1,-2=wA2;2,-4=wA1
32	26	-0.379949	adjudicated	G1|w|26|13|13|-4,2=wQ;-4,3=bA2;-3,1=bB2;-3,3=bG3;-3,4=wG3;-2,-1=bB1;-2,0=bG1;-2,2=wG1;-2,3=wG2;-1,-1=bG2;-1,1=wS1;-1,3=wB2;0,-1=bA1;0,0=wB1;1,-3=bQ;1,-2=wA2;2,-4=wA1
32	28	-0.379949	adjudicated	G1|w|28|14|14|-5,3=wQ;-4,3=bA2;-3,0=bB1;-3,1=bB2;-3,3=bG3;-3,4=wG3;-2,0=bG1;-2,2=wG1;-2,3=wG2;-1,-1=bG2;-1,1=wS1;-1,3=wB2;0,-1=bA1;0,0=wB1;1,-3=bQ;1,-2=wA2;2,-4=wA1
32	30	-0.379949	adjudicated	G1|w|30|15|15|-5,4=wQ;-4,0=bA3;-4,3=bA2;-3,0=bB1;-3,1=bB2;-3,3=bG3;-3,4=wG3;-2,0=bG1;-2,2=wG1;-2,3=wG2;-1,-1=bG2;-1,1=wS1;-1,3=wB2;0,-1=bA1;0,0=wB1;1,-3=bQ;1,-2=wA2;2,-4=wA1
32	32	-0.379949	adjudicated	G1|w|32|16|16|-6,5=bA3;-5,4=wQ;-4,3=bA2;-3,0=bB1;-3,1=bB2;-3,3=bG3;-3,4=wG3;-2,0=bG1;-2,2=wG1;-2,3=wG2;-2,4=wA3;-1,-1=bG2;-1,1=wS1;-1,3=wB2;0,-1=bA1;0,0=wB1;1,-3=bQ;1,-2=wA2;2,-4=wA1
32	34	-0.379949	adjudicated	G1|w|34|17|17|-5,4=wQ;-4,3=bA2;-3,0=bB1;-3,1=bB2;-3,3=bG3;-3,4=wG3;-2,0=bG1;-2,2=wG1;-2,3=wG2;-1,-1=bG2;-1,1=wS1;-1,3=wB2;0,-2=bA3;0,-1=bA1;0,0=wB1;1,-4=wA3;1,-3=bQ;1,-2=wA2;2,-4=wA1
32	36	-0.379949	adjudicated	G1|w|36|18|18|-5,3=bA3;-5,4=wQ;-4,3=bA2;-3,0=bB1;-3,1=bB2;-3,3=bG3;-3,4=wG3;-2,0=bG1;-2,2=wG1;-2,3=wG2;-2,4=wB2;-1,-1=bG2;-1,1=wS1;0,-1=bA1;0,0=wB1;1,-4=wA3;1,-3=bQ;1,-2=wA2;2,-4=wA1
32	38	-0.379949	adjudicated	G1|w|38|19|19|-6,3=bS1;-5,3=bA3;-5,4=wQ;-4,0=wA1;-4,3=bA2;-3,0=bB1;-3,1=bB2;-3,3=bG3;-3,4=wG3;-2,0=bG1;-2,2=wG1;-2,3=wG2;-2,4=wB2;-1,-1=bG2;-1,1=wS1;0,-1=bA1;0,0=wB1;1,-4=wA3;1,-3=bQ;1,-2=wA2
32	40	-0.379949	adjudicated	G1|w|40|20|20|-5,3=bA3;-5,4=wQ;-5,5=bS1;-4,3=bA2;-3,0=bB1;-3,1=bB2;-3,3=bG3;-3,4=wG3;-2,0=bG1;-2,2=wG1;-2,3=wG2;-2,4=wB2;-1,-1=bG2;-1,1=wS1;0,-1=bA1;0,0=wB1;1,-4=wA3;1,-3=bQ;1,-2=wA2;2,-4=wA1
32	42	-0.379949	adjudicated	G1|w|42|21|21|-5,3=bA3;-5,4=wQ;-4,3=bA2;-3,0=bB1;-3,1=bB2;-3,3=bG3;-3,4=wG3;-3,5=bS1;-2,0=bG1;-2,2=wG1;-2,3=wG2;-2,4=wB2;-1,-1=bG2;-1,1=wS1;0,-3=wA1;0,-1=bA1;0,0=wB1;1,-4=wA3;1,-3=bQ;1,-2=wA2
32	44	-0.379949	adjudicated	G1|w|44|22|22|-6,4=wQ;-5,3=bA3;-5,4=bS1;-4,3=bA2;-3,0=bB1;-3,1=bB2;-3,3=bG3;-3,4=wG3;-2,0=bG1;-2,2=wG1;-2,3=wG2;-2,4=wB2;-1,-1=bG2;-1,1=wS1;0,-3=wA1;0,-1=bA1;0,0=wB1;1,-4=wA3;1,-3=bQ;1,-2=wA2
32	46	-0.379949	adjudicated	G1|w|46|23|23|-7,5=bA3;-6,5=wQ;-5,4=bS1;-4,3=bA2;-3,0=bB1;-3,1=bB2;-3,3=bG3;-3,4=wG3;-2,0=bG1;-2,2=wG1;-2,3=wG2;-2,4=wB2;-1,-1=bG2;-1,1=wS1;0,-3=wA1;0,-1=bA1;0,0=wB1;1,-4=wA3;1,-3=bQ;1,-2=wA2
32	48	-0.379949	adjudicated	G1|w|48|24|24|-7,5=bA3;-6,5=wQ;-5,4=bS1;-4,3=bA2;-4,5=wS2;-3,0=bB1,bB2;-3,3=bG3;-3,4=wG3;-2,0=bG1;-2,2=wG1;-2,3=wG2;-2,4=wB2;-1,-1=bG2;-1,1=wS1;0,-3=wA1;0,-1=bA1;0,0=wB1;1,-4=wA3;1,-3=bQ;1,-2=wA2
32	50	-0.379949	adjudicated	G1|w|50|25|25|-7,6=bA3;-6,5=wQ;-5,4=bS1;-4,3=bA2;-4,5=wS2;-3,0=bB1,bB2;-3,3=bG3;-3,4=wG3;-2,0=bG1;-2,2=wG1;-2,3=wG2;-2,4=wB2;-1,-1=bG2;-1,1=wS1;0,-2=wA1;0,-1=bA1;0,0=wB1;1,-4=wA3;1,-3=bQ;1,-2=wA2
32	52	-0.379949	adjudicated	G1|w|52|26|26|-8,7=bS2;-7,6=bA3;-6,5=wQ;-5,4=bS1;-4,3=bA2;-4,5=wS2;-3,0=bB1,bB2;-3,3=bG3;-3,4=wG3;-2,0=bG1;-2,2=wG1;-2,3=wG2;-1,-1=bG2;-1,1=wS1;-1,3=wB2;0,-2=wA1;0,-1=bA1;0,0=wB1;1,-4=wA3;1,-3=bQ;1,-2=wA2
32	54	-0.379949	adjudicated	G1|w|54|27|27|-7,6=bA3;-6,5=wQ;-5,4=bS1;-5,5=bS2;-4,3=bA2;-4,5=wS2;-3,0=bB1,bB2;-3,3=bG3;-3,4=wG3;-2,0=bG1;-2,2=wG1;-2,3=wG2;-2,4=wB2;-1,-1=bG2;-1,1=wS1;0,-2=wA1;0,-1=bA1;0,0=wB1;1,-4=wA3;1,-3=bQ;1,-2=wA2
32	56	-0.379949	adjudicated	G1|w|56|28|28|-7,6=bA3;-6,5=wQ;-5,4=bS1;-5,5=bS2;-5,6=wG3;-4,3=bA2;-4,5=wS2;-3,-1=bB2;-3,0=bB1;-3,3=bG3;-2,0=bG1;-2,2=wG1;-2,3=wG2;-2,4=wB2;-1,-1=bG2;-1,1=wS1;0,-2=wA1;0,-1=bA1;0,0=wB1;1,-4=wA3;1,-3=bQ;1,-2=wA2
32	58	-0.379949	adjudicated	G1|w|58|29|29|-7,6=bA3;-6,5=wQ;-5,4=bS1;-5,5=bS2;-5,6=wG3;-4,0=bB2;-4,3=bA2;-4,5=wS2;-3,0=bB1;-3,3=bG3;-2,0=bG1;-2,2=wG1;-2,3=wG2;-2,4=wB2;-1,-1=bG2;-1,1=wS1;0,-2=wA1;0,-1=bA1;0,0=wB1;1,-3=bQ;1,-2=wA2;2,-4=wA3
32	60	-0.379949	adjudicated	G1|w|60|30|30|-7,6=bA3;-6,5=wQ;-5,4=bS1;-5,5=bS2;-5,6=wG3;-4,0=bB2;-4,3=bA2;-4,5=wS2;-3,0=bB1;-3,3=bG3;-2,0=bG1;-2,2=wG1;-2,3=wG2;-2,4=wB2;-1,-1=bG2;-1,1=wS1;0,-1=bA1;0,0=wB1;1,-4=bQ;1,-2=wA2;2,-4=wA3;2,-3=wA1
32	62	-0.379949	adjudicated	G1|w|62|31|31|-7,6=bA3;-6,5=wQ;-6,6=bA2;-5,4=bS1;-5,5=bS2;-5,6=wG3;-4,0=bB2;-4,5=wS2;-3,0=bB1;-3,3=bG3;-3,4=wB2;-2,0=bG1;-2,2=wG1;-2,3=wG2;-1,-1=bG2;-1,1=wS1;0,-1=bA1;0,0=wB1;1,-4=bQ;1,-2=wA2;2,-4=wA3;2,-3=wA1
32	64	-0.379949	adjudicated	G1|w|64|32|32|-7,5=bA3;-6,4=wQ;-6,6=bA2;-5,4=bS1;-5,5=bS2;-5,6=wG3;-4,0=bB2;-4,5=wS2;-3,0=bB1;-3,3=bG3;-3,4=wB2;-2,0=bG1;-2,2=wG1;-2,3=wG2;-1,-1=bG2;-1,1=wS1;0,-1=bA1;0,0=wB1;1,-4=bQ;1,-2=wA2;2,-4=wA3;2,-3=wA1
32	66	-0.379949	adjudicated	G1|w|66|33|33|-7,5=bA3;-6,4=wQ;-6,5=bA2;-5,4=bS1;-5,5=bS2;-5,6=wG3;-4,0=bB2;-4,3=wG2;-4,5=wS2;-3,0=bB1;-3,3=bG3;-3,4=wB2;-2,0=bG1;-2,2=wG1;-1,-1=bG2;-1,1=wS1;0,-1=bA1;0,0=wB1;1,-4=bQ;1,-2=wA2;2,-4=wA3;2,-3=wA1
32	68	-0.379949	adjudicated	G1|w|68|34|34|-7,3=bS1;-7,4=wQ;-7,5=bA3;-6,5=bA2;-5,5=bS2;-5,6=wG3;-4,0=bB2;-4,3=wG2;-4,5=wS2;-3,0=bB1;-3,3=bG3;-3,4=wB2;-2,0=bG1;-2,2=wG1;-1,-1=bG2;-1,1=wS1;0,-1=bA1;0,0=wB1;1,-4=bQ;1,-2=wA2;2,-4=wA3;2,-3=wA1
32	70	-0.379949	adjudicated	G1|w|70|35|35|-7,3=bS1;-7,4=wQ;-7,5=bA3;-6,5=bA2;-5,5=bS2;-4,0=bB2;-4,3=wG2;-4,5=wS2;-3,0=bB1;-3,3=bG3;-3,4=wB2;-2,0=bG1;-2,2=wG1;-2,3=wG3;-1,-1=bG2;-1,1=wS1;0,-1=bA1;0,0=wB1;1,-2=wA2;2,-5=bQ;2,-4=wA3;2,-3=wA1
32	72	-0.379949	adjudicated	G1|w|72|36|36|-7,3=bS1;-7,4=wQ;-7,5=bA3;-6,5=bA2;-5,3=wG3;-5,5=bS2;-4,1=bB2;-4,3=wG2;-4,5=wS2;-3,0=bB1;-3,3=bG3;-3,4=wB2;-2,0=bG1;-2,2=wG1;-1,-1=bG2;-1,1=wS1;0,-1=bA1;0,0=wB1;1,-2=wA2;2,-5=bQ;2,-4=wA3;2,-3=wA1
32	74	-0.379949	adjudicated	G1|w|74|37|37|-7,3=bS1;-7,4=wQ;-7,5=bA3;-6,5=bA2;-5,5=bS2;-4,0=bB2;-4,3=wG2;-4,5=wS2;-3,0=bB1;-3,3=bG3;-3,4=wB2;-2,0=bG1;-2,2=wG1;-2,3=wG3;-1,-1=bG2;-1,1=wS1;0,-1=bA1;0,0=wB1;1,-2=wA2;2,-5=bQ;2,-4=wA3;2,-3=wA1
32	76	-0.379949	adjudicated	G1|w|76|38|38|-7,3=bS1;-7,4=wQ;-7,5=bA3;-6,5=bA2;-5,3=wG3;-5,5=bS2;-4,0=bB2;-4,3=wG2;-4,5=wS2;-3,0=bB1;-3,3=bG3;-3,4=wB2;-2,0=bG1;-2,2=wG1;-1,-1=bG2;-1,1=wS1;0,-1=bA1;0,0=wB1;1,-4=bQ;1,-2=wA2;2,-4=wA3;2,-3=wA1
32	78	-0.379949	adjudicated	G1|w|78|39|39|-7,3=bS1;-7,4=wQ;-7,5=bA3;-6,5=bA2;-5,5=bS2;-4,1=bB2;-4,3=wG2;-4,5=wS2;-3,0=bB1;-3,3=bG3;-3,4=wB2;-2,0=bG1;-2,2=wG1;-2,3=wG3;-1,-1=bG2;-1,1=wS1;0,-1=bA1;0,0=wB1;1,-4=bQ;1,-2=wA2;2,-4=wA3;2,-3=wA1
32	80	-0.379949	adjudicated	G1|w|80|40|40|-7,3=bS1;-7,4=wQ;-7,5=bA3;-6,5=bA2;-5,5=bS2;-4,1=bB2;-4,5=wS2;-3,0=bB1;-3,3=bG3;-3,4=wB2;-2,0=bG1;-2,2=wG1;-2,3=wG3;-1,-1=bG2;-1,1=wS1;-1,3=wG2;0,-1=bA1;0,0=wB1;1,-2=wA2;2,-5=bQ;2,-4=wA3;2,-3=wA1
32	82	-0.379949	adjudicated	G1|w|82|41|41|-7,3=bS1;-7,4=wQ;-7,5=bA3;-6,5=bA2;-5,5=bS2;-4,3=wG2;-4,5=wS2;-3,0=bB1;-3,1=bB2;-3,3=bG3;-3,4=wB2;-2,0=bG1;-2,2=wG1;-2,3=wG3;-1,-1=bG2;-1,1=wS1;0,-1=bA1;0,0=wB1;1,-2=wA2;2,-5=bQ;2,-4=wA3;2,-3=wA1
32	84	-0.379949	adjudicated	G1|w|84|42|42|-7,3=bS1;-7,4=wQ;-7,5=bA3;-6,5=bA2;-5,3=wG3;-5,5=bS2;-4,3=wG2;-4,5=wS2;-3,0=bB1,bB2;-3,3=bG3;-3,4=wB2;-2,0=bG1;-2,2=wG1;-1,-1=bG2;-1,1=wS1;0,-1=bA1;0,0=wB1;1,-2=wA2;2,-5=bQ;2,-4=wA3;2,-3=wA1
32	86	-0.379949	adjudicated	G1|w|86|43|43|-7,3=bS1;-7,4=wQ;-7,5=bA3;-6,5=bA2;-5,5=bS2;-4,3=wG2;-4,5=wS2;-3,0=bB1;-3,1=bB2;-3,3=bG3;-3,4=wB2;-2,0=bG1;-2,2=wG1;-2,3=wG3;-1,-1=bG2;-1,1=wS1;0,-1=bA1;0,0=wB1;1,-2=wA2;2,-5=bQ;2,-4=wA3;2,-3=wA1
32	88	-0.379949	adjudicated	G1|w|88|44|44|-7,3=bS1;-7,4=wQ;-7,5=bA3;-6,5=bA2;-5,5=bS2;-4,5=wS2;-3,0=bB1;-3,3=bG3;-3,4=wB2;-2,0=bG1,bB2;-2,2=wG1;-2,3=wG3;-1,-1=bG2;-1,1=wS1;-1,3=wG2;0,-1=bA1;0,0=wB1;1,-2=wA2;2,-5=bQ;2,-4=wA3;2,-3=wA1
32	90	-0.379949	adjudicated	G1|w|90|45|45|-7,3=bS1;-7,4=wQ;-7,5=bA3;-6,5=bA2;-5,5=bS2;-4,3=wG2;-4,5=wS2;-3,0=bB1;-3,3=bG3;-3,4=wB2;-2,-1=bB2;-2,0=bG1;-2,2=wG1;-2,3=wG3;-1,-1=bG2;-1,1=wS1;0,-1=bA1;0,0=wB1;1,-2=wA2;2,-5=bQ;2,-4=wA3;2,-3=wA1
32	92	-0.379949	adjudicated	G1|w|92|46|46|-7,3=bS1;-7,4=wQ;-7,5=bA3;-6,5=bA2;-5,5=bS2;-4,3=wG2;-4,5=wS2;-3,3=bG3;-3,4=wB2;-2,-1=bB2;-2,0=bG1,bB1;-2,1=wG3;-2,2=wG1;-1,-1=bG2;-1,1=wS1;0,-1=bA1;0,0=wB1;1,-2=wA2;2,-5=bQ;2,-4=wA3;2,-3=wA1
32	94	-0.379949	adjudicated	G1|w|94|47|47|-7,3=bS1;-7,4=wQ;-7,5=bA3;-6,5=bA2;-5,5=bS2;-4,3=wG2;-4,5=wS2;-3,1=bB1;-3,3=bG3;-3,4=wB2;-2,-2=wG3;-2,-1=bB2;-2,0=bG1;-2,2=wG1;-1,-1=bG2;-1,1=wS1;0,-1=bA1;0,0=wB1;1,-2=wA2;2,-5=bQ;2,-4=wA3;2,-3=wA1
32	96	-0.379949	adjudicated	G1|w|96|48|48|-7,3=bS1;-7,4=wQ;-7,5=bA3;-6,5=bA2;-5,5=bS2;-4,5=wS2;-3,1=bB1;-3,4=wB2;-2,-2=wG3;-2,-1=bB2;-2,0=bG1;-2,2=wG1;-2,3=wG2;-1,-1=bG2;-1,1=wS1;0,-1=bA1;0,0=wB1;1,-2=wA2;1,-1=bG3;2,-5=bQ;2,-4=wA3;2,-3=wA1
33	0	0.000000	adjudicated	G1|w|0|0|0|
33	7	0.000000	adjudicated	G1|b|7|4|3|0,-1=wB2;0,0=wB1;0,1=bS1;0,2=bA1;1,-1=wS1;1,2=bS2;2,-2=wQ
33	9	0.000000	adjudicated	G1|b|9|5|4|-1,-1=wA1;0,-1=wB2;0,0=wB1;0,1=bS1;0,2=bA1;1,-1=wS1;1,2=bS2;1,3=bQ;2,-2=wQ
33	11	0.000000	adjudicated	G1|b|11|6|5|-1,2=bB1;0,-1=wB2;0,0=wB1;0,1=bS1;0,2=bA1;0,4=wA1;1,-1=wS1;1,2=bS2;1,3=bQ;2,-2=wQ
33	13	0.000000	adjudicated	G1|b|13|7|6|-1,2=bB1;0,-1=wB2;0,0=wB1;0,1=bS1;0,2=bA1;0,4=wA1;1,-2=wQ;1,-1=wS1;1,1=bB2;1,2=bS2;1,3=bQ
33	15	0.000000	adjudicated	G1|b|15|8|7|-1,2=bB1;0,-2=wQ;0,-1=wB2;0,0=wB1;0,1=bS1;0,4=wA1;1,-1=wS1;1,1=bB2;1,2=bS2;1,3=bQ;2,-2=bA1
33	17	0.000000	adjudicated	G1|b|17|9|8|-1,2=bB1;0,-3=bA1;0,-2=wQ;0,-1=wB2;0,0=wB1;0,1=bS1;0,4=wA1;1,-1=wS1;1,1=bB2;1,2=bS2;1,3=bQ;2,-2=wG1
33	19	0.000000	adjudicated	G1|b|19|10|9|-1,2=bB1;-1,4=wG2;0,-3=bA1;0,-2=wQ;0,-1=wB2;0,0=wB1;0,1=bS1;0,4=wA1;1,-4=bA2;1,-1=wS1;1,1=bB2;1,2=bS2;1,3=bQ;2,-2=wG1
33	21	0.000000	adjudicated	G1|b|21|11|10|-1,-2=bA2;-1,0=wA2;-1,2=bB1;-1,4=wG2;0,-3=bA1;0,-2=wQ;0,-1=wB2;0,0=wB1;0,1=bS1;0,4=wA1;1,-1=wS1;1,1=bB2;1,2=bS2;1,3=bQ;2,-2=wG1
33	23	0.000000	adjudicated	G1|b|23|12|11|-1,-2=bA2;-1,-1=bA1;-1,0=wA2;-1,2=bB1;-1,4=wG2;0,-3=wQ;0,-1=wB2;0,0=wB1;0,1=bS1;0,4=wA1;1,-1=wS1;1,1=bB2;1,2=bS2;1,3=bQ;2,-2=wG1
33	25	0.000000	adjudicated	G1|b|25|13|12|-1,-2=bA2;-1,-1=bA1;-1,2=bB1;-1,4=wG2;0,-3=wQ;0,-1=wB2;0,0=wB1;0,1=bS1;0,3=wA2;0,4=wA1;1,-1=wS1;1,1=bB2;1,2=bS2;1,3=bQ;2,-2=wG1;2,1=bA3
33	27	0.000000	adjudicated	G1|b|27|14|13|-1,-2=bA2;-1,-1=bA1;-1,2=bB1;0,-3=wQ;0,-1=wB2;0,0=wB1;0,1=bS1;0,3=wA2;0,4=wA1;1,-1=wS1;1,1=bB2;1,2=bS2;1,4=bQ;2,-2=wG1;2,1=bA3;2,4=wG2
33	29	0.000000	adjudicated	G1|b|29|15|14|-1,-2=bA2;-1,-1=bA1;-1,2=bB1;0,-3=wQ;0,-1=wB2;0,0=wB1;0,1=bS1;0,3=wA2;0,4=wA1;1,-1=wS1;1,1=bB2;1,2=bS2;1,4=bQ;2,-3=wS2;2,-2=wG1;2,4=wG2;3,4=bA3
33	31	0.000000	adjudicated	G1|b|31|16|15|-1,-2=bA2;-1,-1=bA1;-1,2=bB1;0,-4=bA3;0,-3=wQ;0,-1=wB2;0,0=wB1;0,1=bS1;0,3=wA2;0,4=wA1;1,-1=wS1;1,1=bB2;1,2=bS2;1,4=bQ;2,-3=wS2;2,-2=wG1;2,4=wG2;3,4=wG3
33	33	0.000000	adjudicated	G1|b|33|17|16|-1,-2=bA2;-1,-1=bA1;-1,1=bB1;0,-4=bA3;0,-3=wQ;0,-1=wB2;0,0=wB1;0,1=bS1;0,3=wA2;0,4=wA1;1,-1=wS1;1,1=bB2;1,2=bS2;1,4=bQ;2,-3=wS2;2,-2=wG1;2,4=wG2;3,4=wG3;4,4=wA3
33	35	0.000000	adjudicated	G1|b|35|18|17|-2,1=bG1;-1,-2=bA2;-1,-1=bA1;-1,1=bB1;0,-4=bA3;0,-3=wQ;0,-1=wB2;0,0=wB1;0,1=bS1;0,3=wA2;0,4=wA1;1,-1=wS1;1,1=bB2;1,2=bS2;1,4=bQ;1,5=wA3;2,-3=wS2;2,-2=wG1;2,4=wG2;3,4=wG3
33	37	0.000000	adjudicated	G1|b|37|19|18|-3,1=bG2;-2,1=bG1;-1,-2=bA2;-1,-1=bA1;-1,1=bB1;0,-4=bA3;0,-3=wQ;0,-1=wB2;0,0=wB1;0,1=bS1;0,3=wA2;0,4=wA1;0,5=wA3;1,-1=wS1;1,1=bB2;1,2=bS2;1,4=bQ;2,-3=wS2;2,-2=wG1;2,4=wG2;3,4=wG3
33	39	0.000000	adjudicated	G1|b|39|20|19|-3,0=bG3;-3,1=bG2;-2,1=bG1;-1,-2=bA2;-1,-1=bA1;-1,1=bB1;-1,4=wG3;0,-4=bA3;0,-3=wQ;0,-1=wB2;0,0=wB1;0,1=bS1;0,3=wA2;0,4=wA1;0,5=wA3;1,-1=wS1;1,1=bB2;1,2=bS2;1,4=bQ;2,-3=wS2;2,-2=wG1;2,4=wG2
33	41	0.000000	adjudicated	G1|b|41|21|20|-3,0=bG3;-3,1=bG2;-2,1=bG1;-1,-3=bA3;-1,-2=bA2;-1,-1=bA1;-1,1=bB1;-1,4=wG3;0,-4=wQ;0,-1=wB2;0,0=wB1;0,1=bS1;0,3=wA2;0,4=wA1;0,5=wA3;1,-1=wS1;1,1=bB2;1,2=bS2;1,4=bQ;2,-3=wS2;2,-2=wG1;2,4=wG2
33	43	0.000000	adjudicated	G1|b|43|22|21|-3,1=bG2;-3,2=bG3;-2,1=bG1;-1,-3=bA3;-1,-2=bA2;-1,-1=bA1;-1,1=bB1;0,-4=wQ;0,-1=wB2;0,0=wB1;0,1=bS1;0,3=wA2;0,4=wA1;0,5=wA3;1,-1=wS1;1,1=bB2;1,2=bS2;1,4=bQ;2,-3=wS2;2,-2=wG1;2,1=wG3;2,4=wG2
33	45	0.000000	adjudicated	G1|b|45|23|22|-3,1=bG2;-2,1=bG1;-1,-3=bA3;-1,-2=bA2;-1,-1=bA1;-1,0=bG3;-1,1=bB1;0,-4=wQ;0,-1=wB2,wB1;0,1=bS1;0,3=wA2;0,4=wA1;0,5=wA3;1,-1=wS1;1,1=bB2;1,2=bS2;1,4=bQ;2,-3=wS2;2,-2=wG1;2,1=wG3;2,4=wG2
33	47	0.000000	adjudicated	G1|b|47|24|23|-2,1=bG1;-1,-3=bA3;-1,-2=bA2;-1,-1=bA1;-1,0=bG3;-1,1=bB1;0,-4=wQ;0,-1=wB2;0,0=wB1;0,1=bS1;0,3=wA2;0,4=wA1;0,5=wA3;1,-1=wS1;1,1=bB2;1,2=bS2;1,4=bQ;2,-3=wS2;2,-2=wG1;2,1=wG3;2,4=wG2;3,1=bG2
33	49	0.000000	adjudicated	G1|b|49|25|24|-2,1=bG1;-1,-5=wA3;-1,-4=bG3;-1,-3=bA3;-1,-2=bA2;-1,-1=bA1;-1,1=bB1;0,-4=wQ;0,-1=wB2;0,0=wB1;0,1=bS1;0,3=wA2;0,4=wA1;1,-1=wS1;1,1=bB2;1,2=bS2;1,4=bQ;2,-3=wS2;2,-2=wG1;2,1=wG3;2,4=wG2;3,1=bG2
33	51	0.000000	adjudicated	G1|b|51|26|25|-1,-4=bG3;-1,-3=bA3;-1,-2=bA2;-1,-1=bA1;-1,1=bB1;0,-4=wQ;0,-1=wB2;0,0=wB1;0,1=bS1;0,3=wA2;0,4=wA1;1,-1=wS1;1,1=bB2;1,2=bS2;1,4=bQ;2,-3=wS2;2,-2=wG1;2,1=wG3;2,3=wA3;2,4=wG2;3,1=bG2;4,1=bG1
33	53	0.000000	adjudicated	G1|b|53|27|26|-1,-4=bG3;-1,-3=bA3;-1,-2=bA2;-1,-1=bA1;0,-5=wQ;0,-1=wB2;0,0=wB1;0,1=bS1,bB1;0,3=wA2;0,4=wA1;1,-1=wS1;1,1=bB2;1,2=bS2;1,4=bQ;2,-3=wS2;2,-2=wG1;2,1=wG3;2,3=wA3;2,4=wG2;3,1=bG2;4,1=bG1
33	55	0.000000	adjudicated	G1|b|55|28|27|-1,-4=bG3;-1,-3=bA3;-1,-2=bA2;-1,-1=bA1;-1,1=bB1;0,-5=wQ;0,-1=wB2;0,0=wB1;0,1=bS1;0,3=wA2;0,4=wA1;0,5=wA3;1,-1=wS1;1,1=bB2;1,2=bS2;1,4=bQ;2,-3=wS2;2,-2=wG1;2,1=wG3;2,4=wG2;3,1=bG2;4,1=bG1
33	57	0.000000	adjudicated	G1|b|57|29|28|-1,-5=wQ;-1,-4=bG3;-1,-3=bA3;-1,-2=bA2;-1,-1=bA1;0,-1=wB2;0,0=wB1;0,1=bS1,bB1;0,3=wA2;0,4=wA1;0,5=wA3;1,-1=wS1;1,1=bB2;1,2=bS2;1,4=bQ;2,-3=wS2;2,-2=wG1;2,1=wG3;2,4=wG2;3,1=bG2;4,1=bG1
33	59	0.000000	adjudicated	G1|b|59|30|29|-1,-5=wQ;-1,-4=bG3;-1,-3=bA3;-1,-2=bA2;-1,-1=bA1;-1,1=bB1;0,-3=wA3;0,-1=wB2;0,0=wB1;0,1=bS1;0,3=wA2;0,4=wA1;1,-1=wS1;1,1=bB2;1,2=bS2;1,4=bQ;2,-3=wS2;2,-2=wG1;2,1=wG3;2,4=wG2;3,1=bG2;4,1=bG1
33	61	0.000000	adjudicated	G1|b|61|31|30|-1,-5=wQ;-1,-4=bG3;-1,-3=bA3;-1,-2=bA2;-1,-1=bA1;-1,0=bB1;0,-1=wB2;0,0=wB1;0,1=bS1;0,3=wA2;0,4=wA1;0,5=wA3;1,-1=wS1;1,1=bB2;1,2=bS2;1,4=bQ;2,-3=wS2;2,-2=wG1;2,1=wG3;2,4=wG2;3,1=bG2;4,1=bG1
33	63	0.000000	adjudicated	G1|b|63|32|31|-1,-5=wQ;-1,-4=bG3;-1,-3=bA3;-1,-2=bA2;-1,-1=bA1;-1,0=bB1;-1,1=bG1;0,-1=wB2;0,0=wB1;0,1=bS1;0,3=wA2;0,4=wA1;0,5=wA3;1,-1=wS1;1,1=bB2;1,2=bS2;1,4=bQ;2,-2=wG1;2,-1=wS2;2,1=wG3;2,4=wG2;3,1=bG2
33	65	0.000000	adjudicated	G1|b|65|33|32|-1,-6=bG1;-1,-5=wQ;-1,-4=bG3;-1,-3=bA3;-1,-2=bA2;-1,-1=bA1;-1,0=bB1,wB2;0,0=wB1;0,1=bS1;0,3=wA2;0,4=wA1;0,5=wA3;1,-1=wS1;1,1=bB2;1,2=bS2;1,4=bQ;2,-2=wG1;2,-1=wS2;2,1=wG3;2,4=wG2;3,1=bG2
33	67	0.000000	adjudicated	G1|b|67|34|33|-2,2=wA3;-1,-6=bG1;-1,-5=wQ;-1,-4=bG3;-1,-3=bA3;-1,-2=bA2;-1,-1=bA1;-1,0=bB1,wB2;-1,1=bG2;0,0=wB1;0,1=bS1;0,3=wA2;0,4=wA1;1,-1=wS1;1,1=bB2;1,2=bS2;1,4=bQ;2,-2=wG1;2,-1=wS2;2,1=wG3;2,4=wG2
33	69	0.000000	adjudicated	G1|b|69|35|34|-1,-5=wQ;-1,-4=bG3;-1,-3=bA3;-1,-2=bA2;-1,-1=bA1;-1,0=bB1,wB2;-1,1=bG2;-1,2=bG1;0,0=wB1;0,1=bS1;0,3=wA2;0,4=wA1;1,-1=wS1;1,1=bB2;1,2=bS2;1,4=bQ;2,-2=wG1;2,-1=wS2;2,1=wG3;2,3=wA3;2,4=wG2
33	71	0.000000	adjudicated	G1|b|71|36|35|-1,-6=bG2;-1,-5=wQ;-1,-4=bG3;-1,-3=bA3;-1,-2=bA2;-1,-1=bA1;-1,0=bB1,wB2;-1,2=bG1;0,0=wB1;0,1=bS1;0,3=wA2;0,4=wA1;0,5=wA3;1,-1=wS1;1,1=bB2;1,2=bS2;1,4=bQ;2,-2=wG1;2,-1=wS2;2,1=wG3;2,4=wG2
33	73	0.000000	adjudicated	G1|b|73|37|36|-1,-6=bG2;-1,-5=wQ;-1,-4=bG3;-1,-3=bA3;-1,-2=bA2;-1,-1=bA1;-1,0=bB1,wB2;0,0=wB1;0,1=bS1;0,3=wA2;0,4=wA1;1,-2=wA3;1,-1=wS1;1,0=bG1;1,1=bB2;1,2=bS2;1,4=bQ;2,-2=wG1;2,-1=wS2;2,1=wG3;2,4=wG2
33	75	0.000000	adjudicated	G1|b|75|38|37|-1,-6=bG2;-1,-5=wQ;-1,-4=bG3;-1,-3=bA3;-1,-2=bA2;-1,-1=bA1;-1,0=bB1,wB2;0,0=wB1;0,1=bS1;0,3=wA2;0,4=wA1;1,-1=wS1;1,1=bB2;1,2=bS2;1,4=bQ;2,-2=wG1;2,-1=wS2;2,1=wG3;2,3=wA3;2,4=wG2;3,-2=bG1
33	77	0.000000	adjudicated	G1|b|77|39|38|-1,-6=bG2;-1,-5=wQ;-1,-4=bG3;-1,-3=bA3;-1,-2=bA2;-1,-1=bA1,wB2;-1,0=bB1;0,0=wB1;0,1=bS1;0,3=wA2;0,4=wA1;1,-2=bG1;1,-1=wS1;1,1=bB2;1,2=bS2;1,4=bQ;2,-2=wG1;2,-1=wS2;2,1=wG3;2,3=wA3;2,4=wG2
33	79	0.000000	adjudicated	G1|b|79|40|39|-1,-6=bG2;-1,-5=wQ;-1,-4=bG3;-1,-3=bA3;-1,-2=bA2;-1,-1=bA1;-1,0=bB1;0,-1=wB2;0,0=wB1;0,1=bS1;0,3=wA2;0,4=wA1;1,-1=wS1;1,0=bG1;1,1=bB2;1,2=bS2;1,4=bQ;2,-2=wG1;2,-1=wS2;2,1=wG3;2,3=wA3;2,4=wG2
33	81	0.000000	adjudicated	G1|b|81|41|40|-1,-6=bG2;-1,-5=wQ;-1,-4=bG3;-1,-3=bA3;-1,-2=bA2;-1,-1=bA1,bB1;0,-1=wB2;0,0=wB1;0,1=bS1;0,3=wA2;0,4=wA1;1,-1=wS1;1,0=bG1;1,1=bB2;1,2=bS2;1,4=bQ;2,-2=wG1;2,-1=wS2;2,1=wG3;2,4=wG2;3,-3=wA3
33	83	0.000000	adjudicated	G1|b|83|42|41|-1,-6=bG2;-1,-5=wQ;-1,-4=bG3;-1,-3=bA3;-1,-2=bA2;-1,-1=bA1;0,-2=bB1;0,-1=wB2;0,0=wB1;0,1=bS1;0,3=wA2;0,4=wA1;1,-1=wS1;1,0=bG1;1,1=bB2;1,2=bS2;1,4=bQ;2,-2=wG1;2,-1=wS2;2,1=wG3;2,3=wA3;2,4=wG2
33	85	0.000000	adjudicated	G1|b|85|43|42|-1,-6=bG2;-1,-5=wQ;-1,-4=bG3;-1,-3=bA3;-1,-2=bA2;0,-2=bB1;0,-1=wB2;0,0=wB1;0,1=bS1;0,3=wA2;0,4=wA1;1,-3=bA1;1,-1=wS1;1,0=bG1;1,1=bB2;1,2=bS2;1,4=bQ;2,-3=wS2;2,-2=wG1;2,1=wG3;2,3=wA3;2,4=wG2
33	87	0.000000	adjudicated	G1|b|87|44|43|-1,-6=bG2;-1,-5=wQ;-1,-4=bG3;-1,-3=bA3;-1,-2=bA2;0,-5=bA1;0,-2=bB1;0,-1=wB2;0,0=wB1;0,1=bS1;0,3=wA2;0,4=wA1;1,-1=wS1;1,0=bG1;1,1=bB2;1,2=bS2;1,4=bQ;2,-3=wS2;2,-2=wG1;2,1=wG3;2,4=wG2;3,-2=wA3
33	89	0.000000	adjudicated	G1|b|89|45|44|-1,-6=bG2;-1,-5=wQ;-1,-4=bG3;-1,-3=bA3;-1,-2=bA2;-1,0=wA3;-1,2=bG1;0,-5=bA1;0,-2=bB1;0,-1=wB2;0,0=wB1;0,1=bS1;0,3=wA2;0,4=wA1;1,-1=wS1;1,1=bB2;1,2=bS2;1,4=bQ;2,-3=wS2;2,-2=wG1;2,1=wG3;2,4=wG2
33	91	0.000000	adjudicated	G1|b|91|46|45|-1,-6=bG2;-1,-5=wQ;-1,-4=bG3;-1,-3=bA3;-1,-2=bA2;-1,2=bG1;0,-6=bA1;0,-2=bB1;0,-1=wB2;0,0=wB1;0,1=bS1;0,3=wA2;0,4=wA1;0,5=wA3;1,-1=wS1;1,1=bB2;1,2=bS2;1,4=bQ;2,-3=wS2;2,-2=wG1;2,1=wG3;2,4=wG2
33	93	0.000000	adjudicated	G1|b|93|47|46|-2,-5=bA1;-1,-6=bG2;-1,-5=wQ;-1,-4=bG3;-1,-3=bA3;-1,-2=bA2;-1,2=bG1;0,-2=bB1;0,-1=wB2;0,0=wB1;0,1=bS1;0,3=wA2;0,4=wA1;0,5=wA3;1,-1=wS1;1,1=bB2;1,2=bS2;1,4=bQ;2,-2=wG1;2,-1=wS2;2,1=wG3;2,4=wG2
33	95	0.000000	adjudicated	G1|b|95|48|47|-1,-6=bG2;-1,-5=wQ;-1,-4=bG3;-1,-3=bA3;-1,-2=bA2;-1,2=bG1;0,-5=bA1;0,-2=bB1;0,-1=wB2;0,0=wB1;0,1=bS1;0,3=wA2;0,4=wA1;0,5=wA3;1,-1=wS1;1,1=bB2;1,2=bS2;1,4=bQ;2,-2=wG1;2,1=wG3;2,4=wG2;3,0=wS2
34	0	-1.000000	terminal	G1|w|0|0|0|
34	6	-1.000000	terminal	G1|w|6|3|3|-2,1=wG2;-1,1=wG1;0,0=wA1;1,0=bS1;1,1=bG1;2,-1=bG2
34	8	-1.000000	terminal	G1|w|8|4|4|-2,0=wQ;-2,1=wG2;-1,1=wG1;0,0=wA1;1,0=bS1;1,1=bG1;2,-1=bG2;3,-2=bQ
34	10	-1.000000	terminal	G1|w|10|5|5|-2,0=wQ;-2,1=wG2;-2,2=wB1;-1,1=wG1;0,0=wA1;0,2=bA1;1,0=bS1;1,1=bG1;2,-1=bG2;3,-2=bQ
34	12	-1.000000	terminal	G1|w|12|6|6|-3,1=bA1;-2,0=wQ;-2,1=wG2;-2,2=wB1;-2,3=wA2;-1,1=wG1;0,0=wA1;1,0=bS1;1,1=bG1;2,-1=bG2;3,-2=bQ
34	14	-1.000000	terminal	G1|w|14|7|7|-4,1=bG3;-3,1=bA1;-2,0=wQ;-2,1=wG2;-2,2=wB1;-1,1=wG1;0,0=wA1;1,0=bS1;1,1=bG1;2,-1=bG2;3,-3=wA2;3,-2=bQ
34	16	-1.000000	terminal	G1|w|16|8|8|-5,2=bS2;-4,1=bG3;-3,1=bA1;-2,0=wQ;-2,1=wG2;-2,2=wB1;-1,1=wG1;0,0=wA1;1,0=bS1;1,1=bG1;2,-1=bG2;3,-2=bQ;4,-2=wA2
34	18	-1.000000	terminal	G1|w|18|9|9|-4,1=bG3;-3,0=bS2;-3,1=bA1;-2,0=wQ;-2,1=wG2;-2,2=wB1;-1,1=wG1;0,0=wA1;1,0=bS1;1,1=bG1;2,-1=bG2;3,-2=bQ;4,-2=wA2;5,-2=wB2
34	20	-1.000000	terminal	G1|w|20|10|10|-3,0=bS2;-3,1=bA1;-2,-1=wQ;-2,1=wG2;-2,2=wB1;-1,-2=bG3;-1,1=wG1;0,0=wA1;1,0=bS1;1,1=bG1;2,-1=bG2;3,-2=bQ;4,-2=wA2;5,-2=wB2
34	22	-1.000000	terminal	G1|w|22|11|11|-3,0=bS2;-3,1=bA1;-3,3=wA3;-2,-1=wQ;-2,1=wG2;-2,2=wB1;-1,-2=bG3;-1,1=wG1;0,0=wA1;1,0=bS1;1,1=bG1;1,2=bA2;2,-1=bG2;3,-2=bQ;4,-2=wA2;5,-2=wB2
34	24	-1.000000	terminal	G1|w|24|12|12|-3,0=bS2;-3,1=bA1;-2,-1=wQ;-2,0=bA2;-2,1=wG2;-2,2=wB1;-1,-2=bG3;-1,1=wG1;0,0=wA1;1,0=bS1;1,1=bG1;2,-2=wA3;2,-1=bG2;3,-2=bQ;4,-2=wA2;5,-2=wB2
34	26	-1.000000	terminal	G1|w|26|13|13|-3,-1=bA1;-3,0=bS2;-2,-1=wQ;-2,0=bA2;-2,1=wG2;-2,2=wB1;-1,-2=bG3;-1,1=wG1;0,-2=wA3;0,0=wA1;1,0=bS1;1,1=bG1;2,-1=bG2;3,-2=bQ;4,-2=wA2;5,-2=wB2
34	28	-1.000000	terminal	G1|w|28|14|14|-3,-2=bB1;-3,-1=bA1;-3,0=bS2;-2,-1=wQ;-2,0=bA2;-2,1=wG2;-2,2=wB1;-1,-2=bG3;-1,1=wG1;0,0=wA1;1,0=bS1;1,1=bG1;2,-1=bG2;3,-3=wA3;3,-2=bQ;4,-2=wA2;5,-2=wB2
34	30	-1.000000	terminal	G1|w|30|15|15|-3,-1=bA1;-3,0=bS2;-2,-2=bB1;-2,-1=wQ;-2,0=bA2;-2,1=wG2;-2,2=wB1;-1,-2=bG3;-1,1=wG1;0,0=wA1;1,0=bS1;1,1=bG1;2,-1=bG2;3,-3=wA3;3,-2=bQ;4,-2=wA2;5,-2=wB2;6,-3=wS1
34	32	-1.000000	terminal	G1|w|32|16|16|-3,-2=bA3;-3,-1=bA1;-3,0=bS2;-2,-2=bB1;-2,-1=wQ;-2,0=bA2;-2,1=wG2,wB1;-1,-2=bG3;-1,1=wG1;0,0=wA1;1,0=bS1;1,1=bG1;2,-1=bG2;3,-3=wA3;3,-2=bQ;4,-2=wA2;5,-2=wB2;6,-3=wS1
34	34	-1.000000	terminal	G1|w|34|17|17|-3,-1=bA1;-3,0=bS2;-2,-2=bB1;-2,-1=wQ;-2,0=bA2;-2,1=wG2,wB1;-1,-2=bG3;-1,-1=bA3;-1,1=wG1;0,0=wA1;1,0=bS1;1,1=bG1;2,-1=bG2;3,-3=wA3;3,-2=bQ;4,-2=wA2;5,-2=wB2;6,-4=wS2;6,-3=wS1
35	0	-0.921669	adjudicated	G1|w|0|0|0|
35	7	-0.921669	adjudicated	G1|b|7|4|3|-2,2=bG2;-1,1=bG1;-1,2=bB1;0,0=wB1;1,0=wA1;2,0=wG1;3,0=wQ
35	9	-0.921669	adjudicated	G1|b|9|5|4|-3,3=bQ;-2,2=bG2;-1,1=bG1;-1,2=bB1;0,0=wB1;1,0=wA1;2,-1=wS1;2,0=wG1;3,0=wQ
35	11	-0.921669	adjudicated	G1|b|11|6|5|-3,3=bQ;-2,2=bG2;-1,1=bG1;-1,2=bB1;-1,3=bA1;0,-1=wB2;0,0=wB1;1,0=wA1;2,-1=wS1;2,0=wG1;3,0=wQ
35	13	-0.921669	adjudicated	G1|b|13|7|6|-3,3=bQ;-2,2=bG2;-1,1=bG1;-1,2=bB1;0,-1=wB2;0,0=wB1;1,0=wA1;2,-1=wS1;2,0=wG1;2,1=wS2;3,0=wQ;4,-1=bA1
35	15	-0.921669	adjudicated	G1|b|15|8|7|-3,3=bQ;-2,2=bG2;-1,1=bG1;-1,2=bB1;0,-1=wB2;0,0=wB1;1,0=wA1;2,-1=wS1;2,0=wG1;3,0=wQ;4,-1=bA1;5,-2=bS1;5,-1=wS2
35	17	-0.921669	adjudicated	G1|b|17|9|8|-3,3=bQ;-2,1=bA2;-2,2=bG2;-1,1=bG1;-1,2=bB1;0,-1=wB2;0,0=wB1;1,0=wA1;2,-2=wG2;2,-1=wS1;2,0=wG1;3,0=wQ;4,-1=bA1;5,-2=bS1;5,-1=wS2
35	19	-0.921669	adjudicated	G1|b|19|10|9|-3,3=bQ;-2,2=bG2;-1,1=bG1;-1,2=bB1;0,-1=wB2;0,0=wB1;1,-2=wG3;1,0=wA1;2,-2=wG2;2,-1=wS1;2,0=wG1;2,1=bA2;3,0=wQ;4,-1=bA1;5,-2=bS1;5,-1=wS2
35	21	-0.921669	adjudicated	G1|b|21|11|10|-4,3=wA1;-3,3=bQ;-2,2=bG2;-1,1=bG1;-1,2=bB1;0,-1=wB2;0,0=wB1;1,-2=wG3;2,-2=wG2;2,-1=wS1;2,0=wG1;3,0=wQ;4,-1=bA1;4,0=bA2;5,-2=bS1;5,-1=wS2
35	23	-0.921669	adjudicated	G1|b|23|12|11|-4,3=wA1;-3,3=bQ;-2,1=bA3;-2,2=bG2;-1,1=bG1;-1,2=bB1;0,-1=wB2;0,0=wB1;1,-2=wG3;2,-3=wA2;2,-2=wG2;2,-1=wS1;2,0=wG1;3,0=wQ;4,-1=bA1;4,0=bA2;5,-2=bS1;5,-1=wS2
35	25	-0.921669	adjudicated	G1|b|25|13|12|-4,3=wA1;-3,3=bQ;-2,2=bG2;-2,3=wA2;-1,1=bG1;-1,2=bB1;0,-1=wB2;0,0=wB1;1,-2=wG3;2,-2=wG2;2,-1=wS1;2,0=wG1;2,1=bA3;3,0=wQ;4,-1=bA1;4,0=bA2;5,-2=bS1;5,-1=wS2
35	27	-0.921669	adjudicated	G1|b|27|14|13|-4,2=wA3;-4,3=wA1;-3,3=bQ;-2,3=wA2;-2,4=bG2;-1,1=bG1;-1,2=bB1;0,-1=wB2;0,0=wB1;1,-2=wG3;2,-2=wG2;2,-1=wS1;2,0=wG1;2,1=bA3;3,0=wQ;4,-1=bA1;4,0=bA2;5,-2=bS1;5,-1=wS2
35	29	-0.921669	adjudicated	G1|b|29|15|14|-4,3=wA1;-3,2=wA3;-3,3=bQ;-2,3=wA2;-2,4=bG2;-1,1=bG1;-1,2=bB1;0,-1=wB2;0,0=wB1;1,-2=wG3;2,-2=wG2;2,-1=wS1;2,0=wG1;2,1=bA3;3,-2=bS1;3,0=wQ;4,-1=bA1;4,0=bA2;5,-1=wS2
35	31	-0.921669	adjudicated	G1|b|31|16|15|-3,2=wA3;-3,3=bQ;-3,4=wA1;-2,3=wA2;-2,4=bG2;-1,1=bG1;-1,2=bB1;0,-1=wB2;0,0=wB1;1,-2=wG3;2,-2=wG2;2,-1=wS1;2,0=wG1;2,1=bA3;2,2=bS2;3,-2=bS1;3,0=wQ;4,-1=bA1;4,0=bA2;5,-1=wS2
35	33	-0.921669	adjudicated	G1|b|33|17|16|-3,2=wA3;-3,3=bQ;-3,4=wA1;-2,3=wA2;-2,4=bG2;-1,1=bG1;-1,2=bB1;0,-1=wB2;0,0=wB1;1,-2=wG3;2,-2=wG2;2,-1=wS1;2,0=wG1;2,1=bA3;2,2=bS2;3,-2=bS1;3,0=wQ;4,-3=wS2;4,-1=bA1;4,0=bA2;4,1=bG3
35	35	-0.921669	adjudicated	G1|b|35|18|17|-3,2=wA3;-3,3=bQ;-3,4=wA1;-2,3=wA2;-2,4=bG2;-1,1=bG1;-1,2=bB1;0,-1=wB2;0,0=wB1;1,-2=wG3;2,-2=wG2;2,-1=wS1;2,1=bA3;2,2=bS2;2,3=wG1;3,-2=bS1;3,-1=bA1;3,0=wQ;4,-3=wS2;4,0=bA2;4,1=bG3
35	37	-0.921669	adjudicated	G1|b|37|19|18|-3,3=bQ;-3,4=wA1;-2,2=wA3;-2,3=wA2;-2,4=bG2;-1,1=bG1;-1,2=bB1;0,-1=wB2;0,0=wB1;1,-2=wG3;2,-2=wG2;2,-1=wS1;2,1=bA3;2,2=bS2;2,3=wG1;3,-2=bS1;3,-1=bA1;3,0=wQ;4,-3=wS2;4,-1=bG3;4,0=bA2
35	39	-0.921669	adjudicated	G1|b|39|20|19|-3,2=bQ;-2,2=wA3;-2,3=wA2;-2,4=bG2;-1,1=bG1;-1,2=bB1;0,-1=wB2;0,0=wB1;1,-2=wG3;2,-2=wG2;2,-1=wS1;2,1=bA3;2,2=bS2;2,3=wG1;3,-2=bS1;3,-1=bA1;3,0=wQ;3,1=wA1;4,-3=wS2;4,-1=bG3;4,0=bA2
35	41	-0.921669	adjudicated	G1|b|41|21|20|-3,2=bQ;-3,3=wA1;-2,2=wA3;-2,3=wA2;-2,4=bG2;-1,1=bG1;0,-1=wB2;0,0=wB1;0,1=bB1;1,-2=wG3;2,-2=wG2;2,-1=wS1;2,1=bA3;2,2=bS2;2,3=wG1;3,-2=bS1;3,-1=bA1;3,0=wQ;4,-3=wS2;4,-1=bG3;4,0=bA2
35	43	-0.921669	adjudicated	G1|b|43|22|21|-4,2=bB2;-3,2=bQ;-3,3=wA1;-2,2=wA3;-2,3=wA2;-2,4=bG2;-1,1=bG1;0,-1=wB2;0,0=wB1;0,1=bB1;1,-2=wG3;2,-2=wG2;2,-1=wS1;2,1=bA3;2,2=bS2;2,3=wG1;3,-2=bS1;3,-1=bA1;3,0=wQ;4,-1=bG3;4,0=bA2;5,-1=wS2
35	45	-0.921669	adjudicated	G1|b|45|23|22|-3,2=bQ,bB2;-3,3=wA1;-2,2=wA3;-2,3=wA2;-2,4=bG2;-1,1=bG1;0,-1=wB2;0,0=wB1;0,1=bB1;1,-2=wG3;1,2=wS1;2,-2=wG2;2,1=bA3;2,2=bS2;2,3=wG1;3,-2=bS1;3,-1=bA1;3,0=wQ;4,-1=bG3;4,0=bA2;5,-1=wS2
35	47	-0.921669	adjudicated	G1|b|47|24|23|-3,2=bQ,bB2;-3,3=wA1;-2,2=wA3;-2,3=wA2;-2,4=bG2;-1,1=bG1;-1,2=bB1;0,-1=wB2;0,0=wB1;1,-2=wG3;2,-2=wG2;2,-1=wS1;2,1=bA3;2,2=bS2;2,3=wG1;3,-2=bS1;3,-1=bA1;3,0=wQ;4,-1=bG3;4,0=bA2;5,-1=wS2
35	49	-0.921669	adjudicated	G1|b|49|25|24|-3,2=bQ,bB2;-3,3=wA1;-2,2=wA3;-2,3=wA2;-2,4=bG2;-1,1=bG1;-1,2=bB1;0,-1=wB2;0,0=wB1;1,-2=wG3;2,-2=wG2;2,-1=wS1;2,1=bA3;2,2=bS2;2,3=wG1;3,-2=bS1;3,-1=bA1;3,0=wQ;3,1=bA2;3,2=wS2;4,-1=bG3
35	51	-0.921669	adjudicated	G1|b|51|26|25|-4,2=wA1;-3,2=bQ,bB2;-2,2=wA3;-2,3=wA2;-2,4=bG2;-1,1=bG1;-1,2=bB1;0,-1=wB2;0,0=wB1;1,-2=wG3;2,-2=wG2;2,-1=wS1;2,0=bS2;2,1=bA3;2,3=wG1;3,-2=bS1;3,-1=bA1;3,0=wQ;3,1=bA2;3,2=wS2;4,-1=bG3
35	53	-0.921669	adjudicated	G1|b|53|27|26|-4,3=wA1;-3,2=bQ,bB2;-2,2=wA3;-2,3=wA2;-2,4=bG2;-1,1=bG1;0,-1=wB2;0,0=wB1;0,1=bB1;1,-2=wG3;2,-2=wG2;2,-1=wS1;2,0=bS2;2,1=bA3;2,3=wG1;3,-2=bS1;3,-1=bA1;3,0=wQ;3,1=bA2;3,2=wS2;4,-1=bG3
35	55	-0.921669	adjudicated	G1|b|55|28|27|-3,2=bQ,bB2;-2,2=wA3;-2,3=wA2;-2,4=bG2;-1,1=bG1;0,-1=wB2;0,0=wB1,bB1;1,-2=wG3;2,-2=wG2;2,-1=wS1;2,0=bS2;2,1=bA3;2,3=wG1;3,-2=bS1;3,-1=bA1;3,0=wQ;3,1=bA2;3,2=wS2;4,-1=bG3;4,1=wA1
35	57	-0.921669	adjudicated	G1|b|57|29|28|-3,2=bQ,bB2;-3,3=wA1;-2,2=wA3;-2,3=wA2;-2,4=bG2;-1,1=bG1;0,-1=wB2;0,0=wB1,bB1;1,-2=wG3;2,-2=wG2;2,-1=wS1;2,0=bS2;2,3=wG1;3,-2=bS1;3,-1=bA1;3,0=wQ;3,1=bA2;3,2=wS2;4,-1=bG3;4,0=bA3
35	59	-0.921669	adjudicated	G1|b|59|30|29|-3,2=bQ,bB2;-3,3=wA1;-2,2=wA3;-2,3=wA2;-2,4=bG2;-1,1=bG1;0,-1=wB2,bB1;0,0=wB1;0,1=wS1;1,-2=wG3;2,-2=wG2;2,0=bS2;2,3=wG1;3,-2=bS1;3,-1=bA1;3,0=wQ;3,1=bA2;3,2=wS2;4,-1=bG3;4,0=bA3
35	61	-0.921669	adjudicated	G1|b|61|31|30|-3,2=bQ;-3,3=wA1,bB2;-2,2=wA3;-2,3=wA2;-2,4=bG2;-1,1=bG1;-1,4=wS1;0,-1=wB2,bB1;0,0=wB1;1,-2=wG3;2,-2=wG2;2,0=bS2;2,3=wG1;3,-2=bS1;3,-1=bA1;3,0=wQ;3,1=bA2;3,2=wS2;4,-1=bG3;4,0=bA3
35	63	-0.921669	adjudicated	G1|b|63|32|31|-4,3=bQ;-3,3=wA1,bB2;-3,4=wS1;-2,2=wA3;-2,3=wA2;-2,4=bG2;-1,1=bG1;0,-1=wB2,bB1;0,0=wB1;1,-2=wG3;2,-2=wG2;2,0=bS2;2,3=wG1;3,-2=bS1;3,-1=bA1;3,0=wQ;3,1=bA2;3,2=wS2;4,-1=bG3;4,0=bA3
35	65	-0.921669	adjudicated	G1|b|65|33|32|-5,3=wA2;-4,3=bQ;-3,3=wA1,bB2;-3,4=wS1;-2,2=wA3;-2,4=bG2;-1,1=bG1;0,-1=wB2,bB1;0,0=wB1;1,-2=wG3;2,-2=wG2;2,0=bS2;2,1=bA3;2,3=wG1;3,-2=bS1;3,-1=bA1;3,0=wQ;3,1=bA2;3,2=wS2;4,-1=bG3
35	67	-0.921669	adjudicated	G1|b|67|34|33|-4,3=bQ;-3,2=wA2;-3,3=wA1,bB2;-3,4=wS1;-2,2=wA3;-2,4=bG2;-1,-1=bB1;-1,1=bG1;0,-1=wB2;0,0=wB1;1,-2=wG3;2,-2=wG2;2,0=bS2;2,1=bA3;2,3=wG1;3,-2=bS1;3,-1=bA1;3,0=wQ;3,1=bA2;3,2=wS2;4,-1=bG3
35	69	-0.921669	adjudicated	G1|b|69|35|34|-4,2=bQ;-3,2=wA2;-3,3=wA1,bB2;-3,4=wS1;-2,2=wA3;-2,4=bG2;-1,-1=bB1;-1,1=bG1;0,-1=wB2;0,0=wB1;1,-2=wG3;2,-2=wG2;2,0=bS2;2,1=bA3;3,-2=bS1;3,-1=bA1;3,0=wQ;3,1=bA2;3,2=wS2;4,-1=bG3;4,1=wG1
35	71	-0.921669	adjudicated	G1|b|71|36|35|-5,3=wA1;-4,2=bQ;-3,2=wA2;-3,4=wS1;-2,2=wA3;-2,3=bB2;-2,4=bG2;-1,-1=bB1;-1,1=bG1;0,-1=wB2;0,0=wB1;1,-2=wG3;2,-2=wG2;2,0=bS2;2,1=bA3;3,-2=bS1;3,-1=bA1;3,0=wQ;3,1=bA2;3,2=wS2;4,-1=bG3;4,1=wG1
35	73	-0.921669	adjudicated	G1|b|73|37|36|-5,3=wA1;-4,2=bQ;-3,2=wA2;-3,4=wS1;-2,1=bG2;-2,2=wA3;-2,3=bB2;-1,-1=bB1;-1,1=bG1;0,-1=wB2;0,0=wB1;1,-2=wG3;2,-2=wG2;2,0=bS2;2,1=bA3;2,3=wG1;3,-2=bS1;3,-1=bA1;3,0=wQ;3,1=bA2;3,2=wS2;4,-1=bG3
35	75	-0.921669	adjudicated	G1|b|75|38|37|-4,1=wA1;-4,2=bQ;-3,2=wA2;-3,4=wS1;-2,1=bG2;-2,2=wA3;-2,3=bB2;-1,1=bG1;0,-2=bB1;0,-1=wB2;0,0=wB1;1,-2=wG3;2,-2=wG2;2,0=bS2;2,1=bA3;2,3=wG1;3,-2=bS1;3,-1=bA1;3,0=wQ;3,1=bA2;3,2=wS2;4,-1=bG3
35	77	-0.921669	adjudicated	G1|b|77|39|38|-5,1=bA3;-5,3=wS1;-4,1=wA1;-4,2=bQ;-3,2=wA2;-2,1=bG2;-2,2=wA3;-2,3=bB2;-1,1=bG1;0,-2=bB1;0,-1=wB2;0,0=wB1;1,-2=wG3;2,-2=wG2;2,0=bS2;2,3=wG1;3,-2=bS1;3,-1=bA1;3,0=wQ;3,1=bA2;3,2=wS2;4,-1=bG3
35	79	-0.921669	adjudicated	G1|b|79|40|39|-5,3=wS1;-4,2=bQ;-3,1=wA1;-3,2=wA2;-2,1=bG2;-2,2=wA3;-2,3=bB2;-1,1=bG1;0,-2=bB1;0,-1=wB2;0,0=wB1;1,-2=wG3;2,-2=wG2;2,0=bS2;2,3=wG1;3,-2=bS1;3,-1=bA1;3,0=wQ;3,1=bA2;3,2=wS2;4,-1=bG3;4,0=bA3
35	81	-0.921669	adjudicated	G1|b|81|41|40|-5,3=wS1;-4,2=bQ;-4,3=wA2;-3,1=wA1;-2,1=bG2;-2,2=wA3;-2,3=bB2;-1,1=bG1;0,-2=bB1;0,-1=wB2;0,0=wB1;1,-2=wG3;2,-2=wG2;2,0=bS2;2,1=bG3;2,3=wG1;3,-2=bS1;3,-1=bA1;3,0=wQ;3,1=bA2;3,2=wS2;4,0=bA3
35	83	-0.921669	adjudicated	G1|b|83|42|41|-5,3=wS1;-4,1=wA2;-4,2=bQ;-3,1=wA1;-2,1=bG2;-2,2=wA3,bB2;-1,1=bG1;0,-2=bB1;0,-1=wB2;0,0=wB1;1,-2=wG3;2,-2=wG2;2,0=bS2;2,1=bG3;2,3=wG1;3,-2=bS1;3,-1=bA1;3,0=wQ;3,1=bA2;3,2=wS2;4,0=bA3
35	85	-0.921669	adjudicated	G1|b|85|43|42|-5,2=wA3;-5,3=wS1;-4,1=wA2;-4,2=bQ;-3,1=wA1;-2,1=bG2,bB2;-1,1=bG1;0,-2=bB1;0,-1=wB2;0,0=wB1;1,-2=wG3;2,-2=wG2;2,0=bS2;2,1=bG3;2,3=wG1;3,-2=bS1;3,-1=bA1;3,0=wQ;3,1=bA2;3,2=wS2;4,0=bA3
35	87	-0.921669	adjudicated	G1|b|87|44|43|-5,2=wA3;-5,3=wS1;-4,1=wA2;-4,3=bQ;-3,1=wA1;-2,1=bG2,bB2;-1,1=bG1;0,-2=bB1;0,-1=wB2;0,0=wB1;1,-2=wG3;2,-2=wG2;2,0=bS2;2,1=bG3;3,-2=bS1;3,-1=bA1;3,0=wQ;3,1=bA2;3,2=wS2;4,0=bA3;4,1=wG1
35	89	-0.921669	adjudicated	G1|b|89|45|44|-5,2=wA3;-5,3=wS1;-4,1=wA2;-4,3=bQ;-3,1=wA1;-2,1=bG2;-1,1=bG1,bB2;0,-2=bB1;0,-1=wB2;0,0=wB1;1,-2=wG3;1,1=wG1;2,-2=wG2;2,0=bS2;2,1=bG3;3,-2=bS1;3,-1=bA1;3,0=wQ;3,1=bA2;3,2=wS2;4,0=bA3
35	91	-0.921669	adjudicated	G1|b|91|46|45|-5,2=wA3;-5,3=wS1;-4,1=wA2;-4,3=bQ;-3,1=wA1;-2,1=bG2;-1,1=bG1;0,-2=bB1;0,-1=wB2;0,0=wB1;0,1=bB2;1,-2=wG3;2,-2=wG2;2,0=bS2;2,1=bG3;3,-2=bS1;3,-1=bA1;3,0=wQ;3,1=bA2;3,2=wS2;4,-2=wG1;4,0=bA3
35	93	-0.921669	adjudicated	G1|b|93|47|46|-5,2=wA3;-5,3=wS1;-4,1=wA2;-4,3=bQ;-3,1=wA1;-2,1=bG2;-1,-2=wG1;-1,1=bG1,bB2;0,-2=bB1;0,-1=wB2;0,0=wB1;1,-2=wG3;2,-2=wG2;2,0=bS2;2,1=bG3;3,-2=bS1;3,-1=bA1;3,0=wQ;3,1=bA2;3,2=wS2;4,0=bA3
35	95	-0.921669	adjudicated	G1|b|95|48|47|-5,2=wA3;-5,3=wS1;-4,1=wA2;-4,3=bQ;-3,1=wA1;-2,1=bG2;-1,1=bG1,bB2;0,-2=bB1;0,-1=wB2;0,0=wB1;1,-2=wG3;2,-2=wG2;2,0=bS2;3,-2=bS1;3,-1=bA1;3,0=wQ;3,1=bA2;3,2=wS2;4,-2=wG1;4,-1=bG3;4,0=bA3
36	0	-0.664037	adjudicated	G1|w|0|0|0|
36	6	-0.664037	adjudicated	G1|w|6|3|3|-1,-2=bA1;-1,-1=bB1;-1,1=wB1;0,-1=bS1;0,0=wA1;0,1=wG1
36	8	-0.664037	adjudicated	G1|w|8|4|4|-2,1=wQ;-1,-3=bQ;-1,-2=bA1;-1,-1=bB1;-1,1=wB1;0,-1=bS1;0,0=wA1;0,1=wG1
36	10	-0.664037	adjudicated	G1|w|10|5|5|-2,1=wQ;-1,-3=bQ;-1,-2=bA1;-1,-1=bB1;-1,1=wB1;0,-1=bS1;0,0=wA1;0,1=wG1;1,-2=bS2;1,1=wS1
36	12	-0.664037	adjudicated	G1|w|12|6|6|-2,-1=bB2;-2,1=wQ;-1,-3=bQ;-1,-2=bA1;-1,-1=bB1;-1,1=wB1;-1,2=wA2;0,-1=bS1;0,0=wA1;0,1=wG1;1,-2=bS2;1,1=wS1
36	14	-0.664037	adjudicated	G1|w|14|7|7|-2,0=bB2;-2,1=wQ;-1,-3=bQ;-1,-2=bA1;-1,-1=bB1;-1,1=wB1;0,-3=wA2;0,-1=bS1;0,0=wA1;0,1=wG1;1,-2=bS2;1,1=wS1
36	16	-0.664037	adjudicated	G1|w|16|8|8|-2,-3=wA1;-2,0=bB2;-2,1=wQ;-1,-3=bQ;-1,-2=bA1;-1,-1=bB1;-1,1=wB1;0,-3=wA2;0,-1=bS1;0,1=wG1;1,-2=bS2;1,1=wS1;2,-3=bA2
36	18	-0.664037	adjudicated	G1|w|18|9|9|-3,1=bA2;-2,-4=wS2;-2,-3=wA1;-2,0=bB2;-2,1=wQ;-1,-3=bQ;-1,-2=bA1;-1,-1=bB1;-1,1=wB1;0,-3=wA2;0,-1=bS1;0,1=wG1;1,-2=bS2;1,1=wS1
36	20	-0.664037	adjudicated	G1|w|20|10|10|-3,1=bA2;-2,-3=wA1;-2,-2=wS2;-2,0=bB2;-2,1=wQ;-1,-4=bQ;-1,-2=bA1;-1,-1=bB1;-1,1=wB1;0,-3=wA2;0,-1=bS1;0,1=wG1;1,-2=bS2;1,1=wS1
36	22	-0.664037	adjudicated	G1|w|22|11|11|-2,-4=wA2;-2,-3=wA1;-2,-2=wS2;-2,0=bB2;-2,1=wQ;-1,-4=bQ;-1,-2=bA1;-1,-1=bB1;-1,1=wB1;0,-5=bA2;0,-1=bS1;0,1=wG1;1,-2=bS2;1,1=wS1
36	24	-0.664037	adjudicated	G1|w|24|12|12|-2,-4=wA2;-2,-3=wA1;-2,-2=wS2;-2,0=bB2;-2,1=wQ;-2,2=bA2;-1,-4=bQ;-1,-2=bA1;-1,-1=bB1;-1,1=wB1;0,-1=bS1;0,1=wG1;1,-2=bS2;1,1=wS1;2,0=wA3
36	26	-0.664037	adjudicated	G1|w|26|13|13|-2,-4=wA2;-2,-3=wA1;-2,-2=wS2;-2,0=bB2;-2,1=wQ;-2,2=bA2;-1,-5=wA3;-1,-2=bA1;-1,-1=bB1;-1,1=wB1;0,-5=bQ;0,-1=bS1;0,1=wG1;1,-2=bS2;1,1=wS1
36	28	-0.664037	adjudicated	G1|w|28|14|14|-3,-3=wG2;-2,-4=wA2;-2,-3=wA1;-2,-2=wS2;-2,0=bB2;-2,1=wQ;-2,2=bA2;-1,-5=wA3;-1,-2=bA1;-1,-1=bB1;-1,1=wB1;0,-5=bQ;0,-2=bA3;0,-1=bS1;0,1=wG1;1,-2=bS2;1,1=wS1
36	30	-0.664037	adjudicated	G1|w|30|15|15|-2,-4=wA2;-2,-3=wA1;-2,-2=wS2;-2,0=bB2;-2,1=wQ;-2,2=bA2;-1,-5=wA3;-1,-2=bA1;-1,-1=bB1;-1,1=wB1;0,-6=wG2;0,-2=bA3;0,-1=bS1;0,1=wG1;1,-6=bQ;1,-2=bS2;1,1=wS1
36	32	-0.664037	adjudicated	G1|w|32|16|16|-3,2=bA3;-2,-4=wA2;-2,-3=wA1;-2,-2=wS2;-2,0=bB2;-2,1=wQ;-2,2=bA2;-1,-5=wA3;-1,-2=bA1;-1,-1=bB1;-1,1=wB1;0,-6=wG2;0,-1=bS1;0,1=wG1;1,-6=bQ;1,-2=bS2;1,1=wS1;1,2=wB2
36	34	-0.664037	adjudicated	G1|w|34|17|17|-3,2=bA3;-2,-4=wA2;-2,-3=wA1;-2,-2=wS2;-2,0=bB2;-2,1=wQ;-2,2=bA2;-1,-5=wA3;-1,-3=bS2;-1,-2=bA1;-1,-1=bB1;-1,1=wB1;0,-6=wG2;0,-1=bS1;0,1=wG1;1,-6=bQ;1,0=wG3;1,1=wS1;1,2=wB2
36	36	-0.664037	adjudicated	G1|w|36|18|18|-3,2=bA3;-2,-4=wA2;-2,-3=wA1;-2,-2=wS2;-2,0=bB2;-2,1=wQ;-2,2=bA2;-1,-5=wA3;-1,-2=bA1;-1,-1=bB1;-1,1=wB1;0,-6=wG2;0,-1=bS1;0,1=wG1;1,-6=bQ;1,-2=bS2;1,1=wS1;1,2=wB2;1,3=wG3
36	38	-0.664037	adjudicated	G1|w|38|19|19|-3,0=bA2;-3,2=bA3;-2,-4=wA2;-2,-3=wA1;-2,-2=wS2;-2,0=bB2;-2,1=wQ;-1,-5=wA3;-1,-2=bA1;-1,-1=bB1;-1,1=wB1;0,-6=wG2;0,-1=bS1;0,1=wG1;1,-6=bQ;1,-2=bS2;1,0=wG3;1,1=wS1;1,2=wB2
36	40	-0.664037	adjudicated	G1|w|40|20|20|-3,2=bA3;-2,-4=wA2;-2,-3=wA1;-2,-2=wS2;-2,0=bB2;-2,1=wQ;-2,2=bA2;-1,-5=wA3;-1,-2=bA1;-1,-1=bB1;-1,1=wB1;0,-6=wG2;0,-1=bS1;0,1=wG1;1,-6=bQ;1,-2=bS2;1,0=wG3;1,1=wS1,wB2
36	42	-0.664037	adjudicated	G1|w|42|21|21|-3,0=bG1;-3,2=bA3;-2,-4=wA2;-2,-3=wA1;-2,-2=wS2;-2,0=bB2;-2,1=wQ;-2,2=bA2;-1,-5=wA3;-1,-2=bA1;-1,-1=bB1;-1,1=wB1;-1,2=wG3;0,-6=wG2;0,-1=bS1;0,1=wG1;1,-6=bQ;1,-2=bS2;1,1=wS1,wB2
36	44	-0.664037	adjudicated	G1|w|44|22|22|-3,0=bG1;-2,-5=bA3;-2,-4=wA2;-2,-3=wA1;-2,-2=wS2;-2,0=bB2;-2,1=wQ;-2,2=bA2;-1,-5=wA3;-1,-2=bA1;-1,-1=bB1;-1,2=wG3;0,-6=wG2;0,-1=bS1;0,0=wB1;0,1=wG1;1,-6=bQ;1,-2=bS2;1,1=wS1,wB2
36	46	-0.664037	adjudicated	G1|w|46|23|23|-3,0=bG1;-3,2=wQ;-3,3=bA3;-2,-4=wA2;-2,-3=wA1;-2,-2=wS2;-2,0=bB2;-2,2=bA2;-1,-5=wA3;-1,-2=bA1;-1,-1=bB1;-1,2=wG3;0,-6=wG2;0,-1=bS1;0,0=wB1;0,1=wG1;1,-6=bQ;1,-2=bS2;1,1=wS1,wB2
36	48	-0.664037	adjudicated	G1|w|48|24|24|-3,0=bG1;-3,2=bA3;-2,-4=wA2;-2,-3=wA1;-2,-2=wS2;-2,0=bB2;-2,1=wQ;-2,2=bA2;-1,-5=wA3;-1,-2=bA1;-1,-1=bB1;-1,2=wG3;0,-6=wG2;0,-1=bS1;0,0=wB1;0,1=wG1;1,-6=bQ;1,-2=bS2;1,1=wS1,wB2
36	50	-0.664037	adjudicated	G1|w|50|25|25|-4,2=wG3;-3,2=bA3;-2,-4=wA2;-2,-3=wA1;-2,-2=wS2;-2,0=bB2;-2,1=wQ;-2,2=bA2;-1,-5=wA3;-1,-2=bA1;-1,-1=bB1;-1,0=bG1;0,-6=wG2;0,-1=bS1;0,0=wB1;0,1=wG1;1,-6=bQ;1,-2=bS2;1,1=wS1,wB2
36	52	-0.664037	adjudicated	G1|w|52|26|26|-4,2=wG3;-3,1=bA2;-3,2=bA3;-2,-4=wA2;-2,-3=wA1;-2,-2=wS2;-2,0=bB2;-2,1=wQ;-1,-5=wA3;-1,-2=bA1;-1,-1=bB1;-1,0=bG1;0,-6=wG2;0,-1=bS1;0,0=wB1;0,1=wG1;1,-6=bQ;1,-2=bS2;1,1=wS1;2,0=wB2
36	54	-0.664037	adjudicated	G1|w|54|27|27|-4,2=wG3;-3,1=bA2;-3,2=bA3;-2,-4=wA2;-2,-3=wA1;-2,-2=wS2;-2,0=bB2;-2,2=wQ;-1,-5=wA3;-1,-2=bA1;-1,-1=bB1;0,-6=wG2;0,-1=bS1;0,0=wB1;0,1=wG1;1,-6=bQ;1,-2=bS2;1,1=wS1;2,-3=bG1;2,0=wB2
36	56	-0.664037	adjudicated	G1|w|56|28|28|-3,1=bA2;-3,2=bA3;-2,-4=wA2;-2,-3=wA1;-2,-2=wS2;-2,0=bB2;-2,2=wQ;-1,-5=wA3;-1,-2=bA1;-1,-1=bB1;0,-6=wG2;0,-2=wG3;0,-1=bS1;0,0=wB1;0,1=wG1;1,-6=bQ;1,-2=bS2;1,1=wS1;2,-3=bG1;2,0=wB2;3,-4=bG2
36	58	-0.664037	adjudicated	G1|w|58|29|29|-3,1=bA2;-3,2=bA3;-2,-4=wA2;-2,-3=wA1;-2,-2=wS2;-2,0=bB2;-2,2=wQ;-1,-5=wA3;-1,-2=bA1;-1,-1=bB1;-1,0=bG2;0,-6=wG2;0,-2=wG3;0,-1=bS1;0,0=wB1;0,1=wG1;1,-6=bQ;1,-2=bS2;1,1=wS1,wB2;2,-3=bG1
36	60	-0.664037	adjudicated	G1|w|60|30|30|-3,1=bA2;-3,2=bA3;-3,3=wQ;-2,-4=wA2;-2,-3=wA1;-2,-2=wS2;-2,0=bB2,bB1;-1,-5=wA3;-1,-2=bA1;-1,0=bG2;0,-6=wG2;0,-2=wG3;0,-1=bS1;0,0=wB1;0,1=wG1;1,-6=bQ;1,-2=bS2;1,1=wS1,wB2;2,-3=bG1
36	62	-0.664037	adjudicated	G1|w|62|31|31|-3,1=bA2;-3,2=bA3;-2,-4=wA2;-2,-3=wA1;-2,-2=wS2;-2,0=bB2;-2,1=bB1;-2,2=wQ;-1,-5=wA3;-1,-2=bA1;-1,0=bG2;0,-6=wG2;0,-2=wG3;0,-1=bS1;0,0=wB1;0,1=wG1;1,-6=bQ;1,-2=bS2;1,1=wS1,wB2;2,-3=bG1
36	64	-0.664037	adjudicated	G1|w|64|32|32|-4,3=bG1;-3,1=bA2;-3,2=bA3;-3,3=wQ;-2,-4=wA2;-2,-3=wA1;-2,-2=wS2;-2,0=bB2;-2,1=bB1;-1,-5=wA3;-1,-2=bA1;-1,0=bG2;0,-6=wG2;0,-2=wG3;0,-1=bS1;0,0=wB1;0,1=wG1;1,-6=bQ;1,-2=bS2;1,1=wS1,wB2
36	66	-0.664037	adjudicated	G1|w|66|33|33|-4,3=bG1;-4,4=wQ;-3,2=bA3;-3,3=bA2;-2,-4=wA2;-2,-3=wA1;-2,-2=wS2;-2,0=bB2;-2,1=bB1;-1,-5=wA3;-1,-2=bA1;-1,0=bG2;0,-6=wG2;0,-2=wG3;0,-1=bS1;0,0=wB1;0,1=wG1;1,-6=bQ;1,-2=bS2;1,1=wS1,wB2
36	68	-0.664037	adjudicated	G1|w|68|34|34|-5,3=bA2;-5,4=wQ;-4,3=bG1;-3,2=bA3;-2,-4=wA2;-2,-3=wA1;-2,-2=wS2;-2,0=bB2;-2,1=bB1;-1,-5=wA3;-1,-2=bA1;-1,0=bG2;0,-6=wG2;0,-2=wG3;0,-1=bS1;0,0=wB1;0,1=wG1;1,-6=bQ;1,-2=bS2;1,1=wS1,wB2
36	70	-0.664037	adjudicated	G1|w|70|35|35|-6,4=wQ;-5,3=bA2;-4,2=bG3;-4,3=bG1;-3,2=bA3;-2,-4=wA2;-2,-3=wA1;-2,-2=wS2;-2,0=bB2;-2,1=bB1;-1,-5=wA3;-1,-2=bA1;-1,0=bG2;0,-6=wG2;0,-2=wG3;0,-1=bS1;0,0=wB1;0,1=wG1;1,-6=bQ;1,-2=bS2;1,1=wS1,wB2
36	72	-0.664037	adjudicated	G1|w|72|36|36|-7,5=bG3;-6,4=wQ;-5,3=bA2;-4,3=bG1;-3,2=bA3;-2,-4=wA2;-2,-3=wA1;-2,-2=wS2;-2,0=bB2;-2,1=bB1;-1,-5=wA3;-1,-2=bA1;-1,0=bG2;0,-6=wG2;0,-2=wG3;0,-1=bS1;0,0=wB1;0,1=wG1;1,-6=bQ;1,-2=bS2;1,1=wS1;2,0=wB2
36	74	-0.664037	adjudicated	G1|w|74|37|37|-7,5=bG3;-6,4=wQ;-5,3=bA2;-4,3=bG1;-3,2=bA3;-2,-4=wA2;-2,-3=wA1;-2,-2=wS2;-2,1=bB1,bB2;-1,-5=wA3;-1,-2=bA1;-1,0=bG2;0,-6=wG2;0,-2=wG3;0,-1=bS1;0,0=wB1;0,1=wG1;1,-6=bQ;1,-2=bS2;1,0=wB2;1,1=wS1
36	76	-0.664037	adjudicated	G1|w|76|38|38|-7,5=bG3;-6,4=wQ;-5,3=bA2;-4,3=bG1;-3,2=bA3;-2,-4=wA2;-2,-3=wA1;-2,-2=wS2;-2,1=bB1;-1,-5=wA3;-1,-2=bA1;-1,0=bG2;-1,1=bB2;0,-6=wG2;0,-2=wG3;0,-1=bS1;0,0=wB1,wB2;0,1=wG1;1,-6=bQ;1,-2=bS2;1,1=wS1
36	78	-0.664037	adjudicated	G1|w|78|39|39|-7,5=bG3;-6,4=wQ;-5,3=bA2;-5,4=bG2;-4,3=bG1;-3,2=bA3;-2,-4=wA2;-2,-3=wA1;-2,-2=wS2;-2,1=bB1;-2,2=wS1;-1,-5=wA3;-1,-2=bA1;-1,1=bB2;0,-6=wG2;0,-2=wG3;0,-1=bS1;0,0=wB1,wB2;0,1=wG1;1,-6=bQ;1,-2=bS2
36	80	-0.664037	adjudicated	G1|w|80|40|40|-7,5=bG3;-6,4=wQ;-5,3=bA2;-5,4=bG2;-4,3=bG1;-3,2=bA3;-2,-4=wA2;-2,-3=wA1;-2,-2=wS2;-2,2=wS1,bB1;-1,-5=wA3;-1,-2=bA1;-1,1=bB2;0,-6=wG2;0,-2=wG3;0,-1=bS1,wB2;0,0=wB1;0,1=wG1;1,-6=bQ;1,-2=bS2
36	82	-0.664037	adjudicated	G1|w|82|41|41|-7,5=bG3;-6,4=wQ;-5,3=bA2;-5,4=bG2;-4,3=bG1;-3,2=bA3;-2,-4=wA2;-2,-3=wA1;-2,-2=wS2;-2,2=wS1,bB1;-1,-5=wA3;-1,-3=bS2;-1,-2=bA1;-1,0=wB2;-1,1=bB2;0,-6=wG2;0,-2=wG3;0,-1=bS1;0,0=wB1;0,1=wG1;1,-6=bQ
36	84	-0.664037	adjudicated	G1|w|84|42|42|-7,4=bA2;-7,5=bG3;-6,4=wQ;-5,4=bG2;-4,3=bG1;-3,-4=wS2;-3,2=bA3;-2,-4=wA2;-2,-3=wA1;-2,2=wS1,bB1;-1,-5=wA3;-1,-3=bS2;-1,-2=bA1;-1,0=wB2;-1,1=bB2;0,-6=wG2;0,-2=wG3;0,-1=bS1;0,0=wB1;0,1=wG1;1,-6=bQ
36	86	-0.664037	adjudicated	G1|w|86|43|43|-7,4=bA2;-7,5=bG3;-6,4=wQ;-5,4=bG2;-4,3=bG1;-3,-4=wS2;-3,2=bA3;-3,3=bB1;-2,-4=wA2;-2,-3=wA1;-2,2=wS1;-1,-5=wA3;-1,-3=bS2;-1,-2=bA1;-1,-1=wB2;-1,1=bB2;0,-6=wG2;0,-2=wG3;0,-1=bS1;0,0=wB1;0,1=wG1;1,-6=bQ
36	88	-0.664037	adjudicated	G1|w|88|44|44|-7,4=bA2;-7,5=bG3;-6,3=bA3;-6,4=wQ;-5,4=bG2;-4,3=bG1;-3,-4=wS2;-3,3=bB1;-2,-4=wA2;-2,-3=wA1;-2,1=wG1;-2,2=wS1;-1,-5=wA3;-1,-3=bS2;-1,-2=bA1;-1,-1=wB2;-1,1=bB2;0,-6=wG2;0,-2=wG3;0,-1=bS1;0,0=wB1;1,-6=bQ
36	90	-0.664037	adjudicated	G1|w|90|45|45|-7,5=bG3;-6,3=bA3;-6,4=wQ;-5,3=bA2;-5,4=bG2;-4,3=bG1;-3,-4=wS2;-3,3=bB1;-2,-4=wA2;-2,-3=wA1;-2,1=wG1;-2,2=wS1;-1,-5=wA3;-1,-3=bS2;-1,-2=bA1,wB2;-1,1=bB2;0,-6=wG2;0,-2=wG3;0,-1=bS1;0,0=wB1;1,-6=bQ
36	92	-0.664037	adjudicated	G1|w|92|46|46|-7,5=bG3;-6,3=bA3;-6,4=wQ;-5,2=bG2;-5,3=bA2;-4,3=bG1;-3,-4=wS2;-3,3=bB1;-2,-4=wA2;-2,-3=wA1;-2,1=wG1;-2,2=wS1;-1,-5=wA3;-1,-3=bS2;-1,-2=bA1;-1,1=bB2;0,-6=wG2;0,-2=wG3,wB2;0,-1=bS1;0,0=wB1;1,-6=bQ
36	94	-0.664037	adjudicated	G1|w|94|47|47|-7,5=bG3;-6,4=wQ;-5,2=bG2;-5,3=bA2;-4,3=bG1;-3,-4=wS2;-3,3=bB1;-2,-4=wA2;-2,-3=wA1;-2,1=wG1;-2,2=wS1;-1,-5=wA3;-1,-3=bS2;-1,-2=bA1;-1,1=bB2;0,-6=wG2;0,-5=bA3;0,-3=wB2;0,-2=wG3;0,-1=bS1;0,0=wB1;1,-6=bQ
36	96	-0.664037	adjudicated	G1|w|96|48|48|-7,5=bG3;-6,4=wQ;-6,5=bA3;-5,2=bG2;-5,3=bA2;-4,3=bG1;-3,-4=wS2;-3,3=bB1;-2,-4=wA2;-2,-3=wA1;-2,1=wG1;-2,2=wS1;-1,-5=wA3;-1,-3=bS2;-1,-2=bA1,wB2;-1,1=bB2;0,-6=wG2;0,-2=wG3;0,-1=bS1;0,0=wB1;1,-6=bQ
37	0	-0.379949	adjudicated	G1|w|0|0|0|
37	7	-0.379949	adjudicated	G1|b|7|4|3|-2,1=bQ;-1,1=bB1;-1,2=bS1;0,-1=wG1;0,0=wA1;1,0=wA2;2,-1=wQ
37	9	-0.379949	adjudicated	G1|b|9|5|4|-2,1=bQ;-2,2=bA1;-1,1=bB1;-1,2=bS1;0,-2=wG2;0,-1=wG1;0,0=wA1;1,0=wA2;2,-1=wQ
37	11	-0.379949	adjudicated	G1|b|11|6|5|-2,1=bQ;-1,1=bB1;-1,2=bS1;0,-2=wG2;0,-1=wG1;0,0=wA1;1,-1=bA1;1,0=wA2;1,1=wA3;2,-1=wQ
37	13	-0.379949	adjudicated	G1|b|13|7|6|-2,1=bQ;-2,3=bB2;-1,1=bB1;-1,2=bS1;0,-2=wG2;0,-1=wG1;0,0=wA1;1,-1=bA1;1,0=wA2;1,1=wA3;2,-1=wQ;2,0=wS1
37	15	-0.379949	adjudicated	G1|b|15|8|7|-3,4=bA2;-2,1=bQ;-2,3=bB2;-1,1=bB1;-1,2=bS1;0,-2=wG2;0,-1=wG1;0,0=wA1;1,-1=bA1;1,0=wA2;1,1=wA3;2,-2=wQ;2,0=wS1
37	17	-0.379949	adjudicated	G1|b|17|9|8|-3,2=wA3;-2,1=bQ;-2,3=bB2;-1,1=bB1;-1,2=bS1;0,-2=wG2;0,-1=wG1;0,0=wA1;1,-2=bA2;1,-1=bA1;1,0=wA2;2,-2=wQ;2,0=wS1
37	19	-0.379949	adjudicated	G1|b|19|10|9|-3,2=wA3;-2,1=bQ;-2,3=bB2;-1,1=bB1;-1,2=bS1;0,-2=wG2;0,-1=wG1;0,0=wA1;0,2=bS2;1,-2=bA2;1,-1=bA1;1,0=wA2;2,-3=wQ;2,0=wS1
37	21	-0.379949	adjudicated	G1|b|21|11|10|-3,2=wA3;-2,1=bQ;-2,3=bB2;-1,1=bB1;-1,2=bS1;0,-2=wG2;0,-1=wG1;0,0=wA1;0,2=bS2;1,-2=bA2;1,0=wA2;2,-2=bA1;2,0=wS1;3,-3=wQ
37	23	-0.379949	adjudicated	G1|b|23|12|11|-3,1=wA3;-3,4=bG1;-2,1=bQ;-2,3=bB2;-1,1=bB1;-1,2=bS1;0,-2=wG2;0,-1=wG1;0,0=wA1;0,2=bS2;1,-2=bA2;1,0=wA2;2,-2=bA1;2,0=wS1;3,-3=wQ
37	25	-0.379949	adjudicated	G1|b|25|13|12|-3,4=bG1;-2,1=bQ;-2,2=wA3;-2,3=bB2;-1,1=bB1;-1,2=bS1;0,-2=wG2;0,-1=wG1;0,0=wA1;0,2=bS2;0,3=bG2;1,-2=bA2;1,0=wA2;2,-2=bA1;2,0=wS1;3,-3=wQ
37	27	-0.379949	adjudicated	G1|b|27|14|13|-3,2=bQ;-3,4=bG1;-2,2=wA3;-2,3=bB2;-1,1=bB1;-1,2=bS1;0,-2=wG2;0,-1=wG1;0,0=wA1;0,2=bS2;0,3=bG2;1,-2=bA2;1,0=wA2;2,-2=bA1;2,0=wS1;3,-2=wQ
37	29	-0.379949	adjudicated	G1|b|29|15|14|-3,2=bQ;-3,4=bG1;-2,2=wA3;-2,3=bB2;-2,4=bA3;-1,1=bB1;-1,2=bS1;0,-2=wG2;0,-1=wG1;0,0=wA1;0,2=bS2;0,3=bG2;1,-2=bA2;1,0=wA2;2,-2=bA1;2,0=wS1;3,-2=wQ;3,-1=wB1
37	31	-0.379949	adjudicated	G1|b|31|16|15|-3,2=bQ;-3,4=bG1;-2,2=wA3;-2,3=bB2;-1,1=bB1;-1,2=bS1;0,-2=wG2;0,-1=wG1;0,0=wA1;0,2=bS2;0,3=bG2;1,-2=bA2;1,0=wA2;2,-2=bA1;2,0=wS1;2,1=wB2;3,-3=bA3;3,-2=wQ;3,-1=wB1
37	33	-0.379949	adjudicated	G1|b|33|17|16|-3,2=bQ;-3,4=bG1;-2,2=wA3;-2,3=bB2;-1,-2=wS2;-1,1=bB1;-1,2=bS1;0,-2=wG2;0,-1=wG1;0,0=wA1;0,2=bS2;0,3=bG2;1,0=wA2;2,-2=bA1;2,0=wS1;2,1=wB2;3,-3=bA3;3,-2=wQ;3,-1=wB1;4,-2=bA2
37	35	-0.379949	adjudicated	G1|b|35|18|17|-3,2=bQ;-3,4=bG1;-2,1=wS2;-2,2=wA3;-2,3=bB2;-1,1=bB1;-1,2=bS1;0,-2=wG2;0,-1=wG1;0,0=wA1;0,2=bS2;0,3=bG2;1,0=wA2;2,-3=bG3;2,-2=bA1;2,0=wS1;2,1=wB2;3,-3=bA3;3,-2=wQ;3,-1=wB1;4,-2=bA2
37	37	-0.379949	adjudicated	G1|b|37|19|18|-3,1=bQ;-3,2=wA3;-3,4=bG1;-2,1=wS2;-2,3=bB2;-1,1=bB1;-1,2=bS1;0,-2=wG2;0,-1=wG1;0,0=wA1;0,2=bS2;0,3=bG2;1,0=wA2;2,-3=bG3;2,-2=bA1;2,0=wS1;2,1=wB2;3,-3=bA3;3,-2=wQ;3,-1=wB1;4,-2=bA2
37	39	-0.379949	adjudicated	G1|b|39|20|19|-3,1=bQ;-3,2=wA3;-3,4=bG1;-2,1=wS2;-2,3=bB2;-1,1=bB1;-1,2=bS1;0,-2=wG2;0,-1=wG1;0,0=wA1;0,2=bS2;0,3=bG2;1,0=wA2;2,-2=bA1;2,-1=bG3;2,0=wS1;2,1=wB2;3,-3=bA3;3,-2=wQ;4,-2=bA2;4,-1=wB1
37	41	-0.379949	adjudicated	G1|b|41|21|20|-4,5=wA3;-3,4=bG1;-2,0=bQ;-2,1=wS2;-2,3=bB2;-1,1=bB1;-1,2=bS1;0,-2=wG2;0,-1=wG1;0,0=wA1;0,2=bS2;0,3=bG2;1,0=wA2;2,-2=bA1;2,-1=bG3;2,0=wS1;2,1=wB2;3,-3=bA3;3,-2=wQ;4,-2=bA2;4,-1=wB1
37	43	-0.379949	adjudicated	G1|b|43|22|21|-3,1=wA3;-3,4=bG1;-2,0=bQ;-2,1=wS2;-2,3=bB2;-1,1=bB1;-1,2=bS1;0,-2=wG2;0,-1=wG1;0,0=wA1;0,2=bS2;0,3=bG2;1,0=wA2;2,-1=bG3;2,0=wS1;2,1=wB2;3,-3=bA3;3,-2=wQ;4,-3=bA1;4,-2=bA2;4,-1=wB1
37	45	-0.379949	adjudicated	G1|b|45|23|22|-3,1=wA3;-3,2=wG3;-3,4=bG1;-2,0=bQ;-2,1=wS2;-2,3=bB2;-1,1=bB1;-1,2=bS1;0,-2=wG2;0,-1=wG1;0,0=wA1;0,2=bS2;0,3=bG2;1,0=wA2;2,-1=bG3;2,0=wS1;2,1=wB2;3,-3=bA3;3,-2=wQ;4,-4=bA1;4,-2=bA2;4,-1=wB1
37	47	-0.379949	adjudicated	G1|b|47|24|23|-3,-1=wG3;-3,0=bQ;-3,1=wA3;-3,4=bG1;-2,1=wS2;-2,3=bB2;-1,1=bB1;-1,2=bS1;0,-2=wG2;0,-1=wG1;0,0=wA1;0,2=bS2;0,3=bG2;1,0=wA2;2,-1=bG3;2,0=wS1;2,1=wB2;3,-3=bA3;3,-2=wQ;4,-4=bA1;4,-2=bA2;4,-1=wB1
37	49	-0.379949	adjudicated	G1|b|49|25|24|-3,-1=wG3;-3,0=bQ;-3,1=wA3;-3,4=bG1;-2,1=wS2;-2,3=bB2;-1,1=bB1;-1,2=bS1;0,-2=wG2;0,-1=wG1;0,0=wA1;0,1=bG2;0,2=bS2;1,0=wA2;2,-1=bG3;2,0=wS1;2,1=wB2;3,-3=bA3;3,-2=wQ;3,-1=wB1;4,-4=bA1;4,-2=bA2
37	51	-0.379949	adjudicated	G1|b|51|26|25|-3,-1=wG3;-3,0=bQ;-3,1=wA3;-3,4=bG1;-2,1=wS2;-2,3=bB2;-1,1=bB1;-1,2=bS1;0,-2=wG2;0,-1=wG1;0,0=wA1;0,2=bS2;1,0=wA2;2,-1=bG3;2,0=wS1;2,1=wB2;3,-3=bA3;3,-2=wQ,wB1;4,-4=bA1;4,-3=bG2;4,-2=bA2
37	53	-0.379949	adjudicated	G1|b|53|27|26|-3,-1=wG3;-3,0=bQ;-3,1=wA3;-3,4=bG1;-2,1=wS2;-2,3=bB2;-1,1=bB1;-1,2=bS1;0,-2=wG2;0,-1=wG1;0,0=wA1;0,2=bS2;1,0=wA2;2,-1=bG3,wB1;2,0=wS1;2,1=wB2;3,-3=bA3;3,-2=wQ;3,-1=bA1;4,-3=bG2;4,-2=bA2
37	55	-0.379949	adjudicated	G1|b|55|28|27|-3,-1=wG3;-3,0=bQ;-3,1=wA3;-3,4=bG1;-2,1=wS2;-2,3=bB2;-1,1=bB1;-1,2=bS1;0,-2=wG2;0,-1=wG1;0,0=wA1;1,0=wA2;1,2=bS2;2,-1=bG3;2,0=wS1;2,1=wB2;3,-3=bA3;3,-2=wQ;3,-1=bA1,wB1;4,-3=bG2;4,-2=bA2
37	57	-0.379949	adjudicated	G1|b|57|29|28|-3,-1=wG3;-3,0=bQ;-3,1=wA3;-3,4=bG1;-2,1=wS2;-2,3=bB2;-1,1=bB1;-1,2=bS1;0,-2=wG2;0,-1=wG1;0,0=wA1;1,0=wA2;2,-1=bG3;2,0=wS1;2,1=wB2;3,-3=bA3;3,-2=wQ,wB1;3,-1=bA1;3,0=bS2;4,-3=bG2;4,-2=bA2
37	59	-0.379949	adjudicated	G1|b|59|30|29|-3,-1=wG3;-3,0=bQ;-3,1=wA3;-3,4=bG1;-2,1=wS2;-2,3=bB2;-1,1=bB1;-1,2=bS1;0,-2=wG2;0,-1=wG1;0,0=wA1;1,0=wA2;2,-2=bA3;2,-1=bG3;2,0=wS1;3,-2=wQ,wB1;3,-1=bA1;3,0=bS2;3,1=wB2;4,-3=bG2;4,-2=bA2
37	61	-0.379949	adjudicated	G1|b|61|31|30|-3,-1=wG3;-3,0=bQ;-3,1=wA3;-3,4=bG1;-2,1=wS2;-2,3=bB2;-1,1=bB1;-1,2=bS1;0,-3=bA2;0,-2=wG2;0,-1=wG1;0,0=wA1;1,0=wA2;2,-2=bA3;2,-1=bG3;2,0=wS1;3,-2=wQ,wB1;3,-1=bA1;3,0=bS2,wB2;4,-3=bG2
37	63	-0.379949	adjudicated	G1|b|63|32|31|-3,-1=wG3;-3,0=bQ;-3,1=wA3;-3,4=bG1;-2,1=wS2;-2,3=bB2;-1,1=bB1;-1,2=bS1;0,-2=wG2;0,-1=wG1;0,0=wA1;1,0=wA2;2,-2=bA3;2,-1=bG3;2,0=wS1;3,-2=wQ,wB1;3,-1=bA1;3,0=bS2;4,-3=bG2;4,-2=bA2;4,-1=wB2
37	65	-0.379949	adjudicated	G1|b|65|33|32|-3,-1=wG3;-3,0=bQ;-3,1=wA3;-3,4=bG1;-2,1=wS2;-2,3=bB2;-1,1=bB1;-1,2=bS1;0,-2=wG2;0,-1=wG1;0,0=wA1;1,0=wA2;2,-1=bG3;2,0=wS1;3,-3=bA3;3,-2=wQ,wB1;3,-1=bA1,wB2;3,0=bS2;4,-3=bG2;4,-2=bA2
37	67	-0.379949	adjudicated	G1|b|67|34|33|-4,4=bA2;-3,-1=wG3;-3,0=bQ;-3,1=wA3;-3,4=bG1;-2,1=wS2;-2,3=bB2;-1,1=bB1;-1,2=bS1;0,-2=wG2;0,-1=wG1;0,0=wA1;1,0=wA2;2,-1=bG3;3,-3=bA3;3,-2=wQ,wB1;3,-1=bA1,wB2;3,0=bS2;4,-3=bG2;4,0=wS1
37	69	-0.379949	adjudicated	G1|b|69|35|34|-3,-1=wG3;-3,0=bQ;-3,1=wA3;-3,4=bG1;-2,1=wS2;-2,3=bB2;-1,1=bB1;-1,2=bS1;0,-2=wG2;0,-1=wG1;0,0=wA1;1,0=wA2;2,-2=bA2;2,-1=bG3;3,-3=bA3;3,-2=wQ,wB1;3,-1=bA1,wB2;3,0=bS2;4,-3=bG2;5,-3=wS1
37	71	-0.379949	adjudicated	G1|b|71|36|35|-3,-1=wG3;-3,0=bQ;-3,1=wA3;-3,4=bG1;-2,1=wS2;-2,3=bB2;-1,1=bB1;-1,2=bS1;0,-2=wG2;0,-1=wG1;0,0=wA1;0,1=bS2;1,0=wA2;2,-2=bA2;2,-1=bG3;3,-3=bA3;3,-2=wQ,wB1;3,-1=bA1;4,-3=bG2;4,-1=wB2;5,-3=wS1
37	73	-0.379949	adjudicated	G1|b|73|37|36|-3,-1=wG3;-3,0=bQ;-3,1=wA3;-3,4=bG1;-2,1=wS2;-2,3=bB2;-1,1=bB1;-1,2=bS1;0,-2=wG2;0,-1=wG1;0,0=wA1;0,1=bS2;0,2=bA3;1,0=wA2;2,-2=bA2;2,-1=bG3,wB1;3,-2=wQ;3,-1=bA1;4,-3=bG2;4,-1=wB2;5,-3=wS1
37	75	-0.379949	adjudicated	G1|b|75|38|37|-3,-1=wG3;-3,0=bQ;-3,1=wA3;-3,4=bG1;-2,1=wS2;-2,3=bB2;-1,1=bB1;-1,2=bS1;0,-2=wG2;0,-1=wG1;0,0=wA1;0,1=bS2;1,0=wA2;2,-2=bA2;2,-1=bG3;3,-3=bA3;3,-2=wQ;3,-1=bA1,wB1;4,-3=bG2;4,-1=wB2;5,-3=wS1
37	77	-0.379949	adjudicated	G1|b|77|39|38|-3,-1=wG3;-3,0=bQ;-3,1=wA3;-2,1=wS2;-2,3=bB2;-1,1=bB1;-1,2=bS1;0,-1=wG1;0,0=wA1;0,1=bS2;0,2=wG2;1,0=wA2;2,-2=bA2;2,-1=bG3;3,-3=bA3;3,-2=wQ;3,-1=bA1,wB1;4,-3=bG2;4,-1=wB2;5,-4=bG1;5,-3=wS1
37	79	-0.379949	adjudicated	G1|b|79|40|39|-3,-1=wG3;-3,0=bQ;-3,1=wA3;-3,4=bG1;-2,1=wS2;-2,3=bB2;-1,1=bB1;-1,2=bS1;0,0=wA1;0,1=bS2;0,2=wG2;0,3=wG1;1,0=wA2;2,-2=bA2;2,-1=bG3;3,-3=bA3;3,-2=wQ;3,-1=bA1,wB1;4,-3=bG2;4,-1=wB2;5,-3=wS1
37	81	-0.379949	adjudicated	G1|b|81|41|40|-3,-1=wG3;-3,0=bQ;-3,1=wA3;-2,0=wA1;-2,1=wS2;-2,3=bB2;-1,1=bB1;-1,2=bS1;0,1=bS2;0,2=wG2;0,3=wG1;1,0=wA2;2,-2=bA2;2,-1=bG3;3,-3=bA3;3,-2=wQ;3,-1=bA1,wB1;4,-3=bG2;4,-1=wB2;5,-4=bG1;5,-3=wS1
37	83	-0.379949	adjudicated	G1|b|83|42|41|-3,-1=wG3;-3,0=bQ;-3,1=wA3;-2,0=wA1;-2,1=wS2;-1,1=bB1;-1,2=bS1;-1,3=bB2;0,1=bS2;0,2=wG2;0,3=wG1;1,0=wA2;2,-2=bA2;2,-1=bG3;3,-3=bA3;3,-2=wQ;3,-1=bA1,wB1;4,-3=bG2;4,-1=wB2;5,-4=bG1;5,-1=wS1
37	85	-0.379949	adjudicated	G1|b|85|43|42|-4,0=wA1;-3,-1=wG3;-3,0=bQ;-3,1=wA3;-2,1=wS2;-1,1=bB1;-1,3=bB2;-1,4=bS1;0,1=bS2;0,2=wG2;0,3=wG1;1,0=wA2;2,-2=bA2;2,-1=bG3;3,-3=bA3;3,-2=wQ;3,-1=bA1,wB1;4,-3=bG2;4,-1=wB2;5,-4=bG1;5,-1=wS1
37	87	-0.379949	adjudicated	G1|b|87|44|43|-4,0=wA1;-3,-1=wG3;-3,0=bQ;-3,1=wA3;-2,1=wS2;-2,4=wG2;-1,1=bB1;-1,2=bG1;-1,3=bB2;-1,4=bS1;0,1=bS2;0,3=wG1;1,0=wA2;2,-2=bA2;2,-1=bG3;3,-3=bA3;3,-2=wQ;3,-1=bA1,wB1;4,-3=bG2;4,-1=wB2;5,-1=wS1
37	89	-0.379949	adjudicated	G1|b|89|45|44|-4,0=wA1;-3,-1=wG3;-3,0=bQ;-3,1=wA3;-2,1=wS2;-2,4=wG2;-2,5=wG1;-1,1=bB1;-1,2=bG1;-1,3=bB2;-1,4=bS1;0,1=bS2;1,0=wA2;2,-2=bA2;2,-1=bG3;3,-2=wQ;3,-1=bA1,wB1;4,-3=bG2;4,-2=bA3;4,-1=wB2;5,-1=wS1
37	91	-0.379949	adjudicated	G1|b|91|46|45|-4,0=wA1;-3,-1=wG3;-3,0=bQ;-3,1=wA3;-3,6=bS1;-2,1=wS2;-2,4=wG2;-2,5=wG1;-1,1=bB1;-1,2=bG1;-1,3=bB2;0,1=bS2;1,0=wA2;2,-2=bA2;2,-1=bG3;2,0=wS1;3,-2=wQ;3,-1=bA1,wB1;4,-3=bG2;4,-2=bA3;4,-1=wB2
37	93	-0.379949	adjudicated	G1|b|93|47|46|-4,0=wA1;-3,-1=wG3;-3,0=bQ;-3,1=wA3;-2,1=wS2;-2,4=wG2;-2,5=wG1;-1,1=bB1;-1,2=bG1;-1,3=bB2;-1,4=bS1;0,1=bS2;1,0=wA2;2,-2=bA2;2,-1=bG3;2,0=wS1;3,-2=wQ;3,-1=bA1,wB1,wB2;4,-3=bG2;4,-2=bA3
37	95	-0.379949	adjudicated	G1|b|95|48|47|-4,0=wA1;-3,-1=wG3;-3,0=bQ;-3,1=wA3;-2,0=wA2;-2,1=wS2;-2,4=wG2;-2,5=wG1;-1,1=bB1;-1,2=bG1;-1,3=bB2;0,1=bS2;1,1=bS1;2,-2=bA2;2,-1=bG3;2,0=wS1;3,-2=wQ;3,-1=bA1,wB1,wB2;4,-3=bG2;4,-2=bA3
38	0	0.379949	adjudicated	G1|w|0|0|0|
38	6	0.379949	adjudicated	G1|w|6|3|3|-2,2=wG1;-1,1=wA1;0,-1=bB1;0,0=wB1;1,-3=bG1;1,-2=bA1
38	8	0.379949	adjudicated	G1|w|8|4|4|-3,3=wQ;-2,2=wG1;-1,-1=bQ;-1,1=wA1;0,-1=bB1;0,0=wB1;1,-3=bG1;1,-2=bA1
38	10	0.379949	adjudicated	G1|w|10|5|5|-3,3=wQ;-2,2=wG1;-1,-1=bQ;-1,1=wA1;-1,2=wB2;0,-1=bB1;0,0=wB1;1,-4=bG2;1,-3=bG1;1,-2=bA1
38	12	0.379949	adjudicated	G1|w|12|6|6|-3,3=wQ;-2,2=wG1;-1,-1=bQ;-1,1=wA1,wB2;0,-4=bA2;0,-1=bB1;0,0=wB1;1,-4=bG2;1,-3=bG1;1,-2=bA1
38	14	0.379949	adjudicated	G1|w|14|7|7|-3,2=bA2;-3,3=wQ;-2,2=wG1;-2,3=wA2;-1,-1=bQ;-1,1=wA1,wB2;0,-1=bB1;0,0=wB1;1,-4=bG2;1,-3=bG1;1,-2=bA1
38	16	0.379949	adjudicated	G1|w|16|8|8|-4,3=bA1;-3,2=bA2;-3,3=wQ;-2,2=wG1;-1,-1=bQ;-1,1=wA1,wB2;0,-2=wA2;0,-1=bB1;0,0=wB1;1,-4=bG2;1,-3=bG1
38	18	0.379949	adjudicated	G1|w|18|9|9|-3,2=bA2;-3,4=bA1;-2,2=wG1;-2,3=wQ;-1,-1=bQ;-1,1=wA1,wB2;0,-2=wA2;0,-1=bB1;0,0=wB1;1,-4=bG2;1,-3=bG1
38	20	0.379949	adjudicated	G1|w|20|10|10|-3,2=bA2;-3,4=bA1;-2,2=wG1;-2,3=wQ;-1,-1=bQ;-1,0=wB2,bB1;-1,1=wA1;0,-2=wA2;0,0=wB1;1,-4=bG2;1,-3=bG1
38	22	0.379949	adjudicated	G1|w|22|11|11|-3,2=bA2;-3,4=bA1;-2,0=bQ;-2,2=wG1;-2,3=wQ;-1,0=wB2,bB1;-1,1=wA1;0,-2=wA2;0,-1=wB1;1,-4=bG2;1,-3=bG1
38	24	0.379949	adjudicated	G1|w|24|12|12|-3,4=bA1;-2,0=bQ;-2,2=wG1;-2,3=wQ;-2,4=bA2;-1,-2=wG2;-1,0=wB2,bB1;-1,1=wA1;0,-2=wA2;0,-1=wB1;1,-4=bG2;1,-3=bG1
38	26	0.379949	adjudicated	G1|w|26|13|13|-4,4=bA3;-3,4=bA1;-2,0=bQ;-2,2=wG1;-2,3=wQ;-2,4=bA2;-1,-3=wS1;-1,-2=wG2;-1,0=wB2,bB1;-1,1=wA1;0,-2=wA2;0,-1=wB1;1,-4=bG2;1,-3=bG1
38	28	0.379949	adjudicated	G1|w|28|14|14|-3,0=wS1;-3,4=bA1;-2,0=bQ;-2,2=wG1;-2,3=wQ;-2,4=bA2;-1,-2=wG2;-1,0=wB2,bB1;-1,1=wA1;-1,3=bA3;0,-2=wA2;0,-1=wB1;1,-4=bG2;1,-3=bG1
38	30	0.379949	adjudicated	G1|w|30|15|15|-4,1=wA3;-3,0=wS1;-3,3=bA3;-3,4=bA1;-2,0=bQ;-2,2=wG1;-2,3=wQ;-2,4=bA2;-1,-2=wG2;-1,0=wB2,bB1;-1,1=wA1;0,-2=wA2;0,-1=wB1;1,-4=bG2;1,-3=bG1
38	32	0.379949	adjudicated	G1|w|32|16|16|-4,1=wA3;-3,0=wS1;-3,3=bA3;-3,4=bA1;-2,0=bQ;-2,2=wG1;-2,4=bA2;-1,-2=wG2;-1,0=wB2,bB1;-1,1=wA1;-1,3=wQ;0,-2=wA2;0,-1=wB1;1,-5=bG3;1,-4=bG2;1,-3=bG1
38	34	0.379949	adjudicated	G1|w|34|17|17|-3,0=wS1;-3,1=bQ;-3,3=bA3;-3,4=bA1;-2,-1=wA3;-2,2=wG1;-2,4=bA2;-1,-2=wG2;-1,0=wB2,bB1;-1,1=wA1;-1,3=wQ;0,-2=wA2;0,-1=wB1;1,-5=bG3;1,-4=bG2;1,-3=bG1
38	36	0.379949	adjudicated	G1|w|36|18|18|-3,0=wS1;-3,1=bQ;-3,3=bA3;-3,4=bA1;-2,-2=wS2;-2,-1=wA3;-2,2=wG1;-2,4=bA2;-1,-2=wG2;-1,0=wB2,bB1;-1,1=wA1;-1,3=wQ;0,-4=bS1;0,-2=wA2;0,-1=wB1;1,-5=bG3;1,-4=bG2;1,-3=bG1
38	38	0.379949	adjudicated	G1|w|38|19|19|-4,3=bB2;-3,0=wS1;-3,1=bQ;-3,3=bA3;-3,4=bA1;-2,-1=wA3;-2,2=wG1;-2,4=bA2;-1,-2=wG2;-1,0=wB2,bB1;-1,1=wA1;-1,3=wQ;0,-5=wS2;0,-4=bS1;0,-2=wA2;0,-1=wB1;1,-5=bG3;1,-4=bG2;1,-3=bG1
38	40	0.379949	adjudicated	G1|w|40|20|20|-4,0=wG3;-4,3=bB2;-3,0=wS1;-3,1=bQ;-3,3=bA3;-3,4=bA1;-2,-1=wA3;-2,1=bB1;-2,2=wG1;-2,4=bA2;-1,-2=wG2;-1,0=wB2;-1,1=wA1;-1,3=wQ;0,-5=wS2;0,-4=bS1;0,-2=wA2;0,-1=wB1;1,-5=bG3;1,-4=bG2;1,-3=bG1
38	42	0.379949	adjudicated	G1|w|42|21|21|-4,1=bQ;-4,3=bB2;-3,0=wS1;-3,3=bA3;-3,4=bA1;-2,-1=wA3;-2,0=wG3;-2,1=bB1;-2,2=wG1;-2,4=bA2;-1,-2=wG2;-1,0=wB2;-1,1=wA1;-1,3=wQ;0,-5=wS2;0,-4=bS1;0,-2=wA2;0,-1=wB1;1,-5=bG3;1,-4=bG2;1,-3=bG1
38	44	0.379949	adjudicated	G1|w|44|22|22|-5,1=wA3;-5,4=bS2;-4,1=bQ;-4,3=bB2;-3,0=wS1;-3,3=bA3;-3,4=bA1;-2,0=wG3;-2,1=bB1;-2,2=wG1;-2,4=bA2;-1,-2=wG2;-1,0=wB2;-1,1=wA1;-1,3=wQ;0,-5=wS2;0,-4=bS1;0,-2=wA2;0,-1=wB1;1,-5=bG3;1,-4=bG2;1,-3=bG1
38	46	0.379949	adjudicated	G1|w|46|23|23|-5,1=wA3;-5,2=wA1;-5,4=bS2;-4,1=bQ;-4,3=bB2;-3,0=wS1;-3,3=bA3;-3,4=bA1;-2,0=wG3;-2,1=bB1;-2,2=wG1;-2,4=bA2;-1,-2=wG2;-1,0=wB2;-1,3=wQ;0,-6=bS1;0,-5=wS2;0,-2=wA2;0,-1=wB1;1,-5=bG3;1,-4=bG2;1,-3=bG1
38	48	0.379949	adjudicated	G1|w|48|24|24|-5,1=wA3;-5,2=wA1;-4,1=bQ;-4,3=bB2;-3,0=wS1;-3,3=bA3;-3,4=bA1;-3,5=bS2;-2,0=wG3;-2,1=bB1;-2,2=wG1;-2,4=bA2;-1,-2=wG2;-1,0=wB2;-1,4=wQ;0,-6=bS1;0,-5=wS2;0,-2=wA2;0,-1=wB1;1,-5=bG3;1,-4=bG2;1,-3=bG1
38	50	0.379949	adjudicated	G1|w|50|25|25|-5,2=wA1;-4,0=wA3;-4,1=bQ;-4,3=bB2;-3,0=wS1;-3,3=bA3;-3,4=bA1;-3,5=bS2;-2,0=wG3;-2,1=bB1;-2,2=wG1;-2,4=bA2;-1,-2=wG2;-1,0=wB2;-1,4=wQ;0,-5=wS2;0,-4=bS1;0,-2=wA2;0,-1=wB1;1,-5=bG3;1,-4=bG2;1,-3=bG1
38	52	0.379949	adjudicated	G1|w|52|26|26|-5,2=wA1;-4,0=wA3;-4,1=bQ;-4,3=bB2;-3,0=wS1;-3,3=bA3;-3,4=bA1;-2,0=wG3;-2,1=bB1;-2,2=wG1;-2,4=bA2;-1,-2=wG2;-1,0=wB2;-1,3=wQ;0,-5=wS2;0,-4=bS1;0,-2=wA2;0,-1=wB1;0,3=bS2;1,-5=bG3;1,-4=bG2;1,-3=bG1
38	54	0.379949	adjudicated	G1|w|54|27|27|-5,2=wA1;-4,0=wA3;-4,1=bQ;-4,3=bB2;-3,0=wS1;-3,3=bA3;-3,4=bA1;-2,0=wG3;-2,1=bB1;-2,2=wG1;-2,4=bA2;-1,-2=wG2;-1,0=wB2;-1,3=wQ;0,-4=bS1;0,-2=wA2;0,-1=wB1;0,3=bS2;1,-4=bG2;1,-3=bG1;1,-2=bG3;2,-5=wS2
38	56	0.379949	adjudicated	G1|w|56|28|28|-5,1=wA3;-5,2=wA1;-4,1=bQ;-4,3=bB2;-3,0=wS1;-3,3=bA3;-3,4=bA1;-3,5=bS2;-2,0=wG3;-2,1=bB1;-2,2=wG1;-2,4=bA2;-1,-2=wG2;-1,0=wB2;-1,3=wQ;0,-4=bS1;0,-2=wA2;0,-1=wB1;1,-4=bG2;1,-3=bG1;1,-2=bG3;2,-5=wS2
38	58	0.379949	adjudicated	G1|w|58|29|29|-5,1=wA3;-5,2=wA1;-4,1=bQ;-4,4=bB2;-3,0=wS1;-3,3=bA3;-3,4=bA1;-3,5=bS2;-2,0=wG3;-2,1=bB1;-2,2=wG1;-2,4=bA2;-1,-4=wS2;-1,-2=wG2;-1,0=wB2;-1,3=wQ;0,-4=bS1;0,-2=wA2;0,-1=wB1;1,-4=bG2;1,-3=bG1;1,-2=bG3
38	60	0.379949	adjudicated	G1|w|60|30|30|-5,1=wA3;-5,2=wA1;-4,1=bQ;-4,4=bB2;-3,0=wS1;-3,3=bA3;-3,4=bA1;-2,0=wG3;-2,1=bB1;-2,2=wG1;-2,4=bA2;-1,-4=wS2;-1,-2=wG2;-1,0=wB2;-1,4=wQ;0,-4=bS1;0,-2=wA2;0,-1=wB1;0,4=bS2;1,-4=bG2;1,-3=bG1;1,-2=bG3
38	62	0.379949	adjudicated	G1|w|62|31|31|-5,2=wA1;-4,1=bQ;-4,2=wA3;-4,4=bB2;-3,0=wS1;-3,2=bG3;-3,3=bA3;-3,4=bA1;-2,0=wG3;-2,1=bB1;-2,2=wG1;-2,4=bA2;-1,-4=wS2;-1,-2=wG2;-1,0=wB2;-1,4=wQ;0,-4=bS1;0,-2=wA2;0,-1=wB1;0,4=bS2;1,-4=bG2;1,-3=bG1
38	64	0.379949	adjudicated	G1|w|64|32|32|-5,2=wA1;-4,0=wG3;-4,1=bQ;-4,2=wA3;-4,3=bB2;-3,0=wS1;-3,2=bG3;-3,3=bA3;-3,4=bA1;-2,1=bB1;-2,2=wG1;-2,4=bA2;-1,-4=wS2;-1,-2=wG2;-1,0=wB2;-1,4=wQ;0,-4=bS1;0,-2=wA2;0,-1=wB1;0,4=bS2;1,-4=bG2;1,-3=bG1
38	66	0.379949	adjudicated	G1|w|66|33|33|-5,2=wA1;-4,0=wG3;-4,1=bQ;-4,2=wA3;-4,4=wG1;-3,0=wS1;-3,2=bG3,bB2;-3,3=bA3;-3,4=bA1;-2,1=bB1;-2,4=bA2;-1,-4=wS2;-1,-2=wG2;-1,0=wB2;-1,4=wQ;0,-4=bS1;0,-2=wA2;0,-1=wB1;0,4=bS2;1,-4=bG2;1,-3=bG1
38	68	0.379949	adjudicated	G1|w|68|34|34|-5,2=wA1;-4,0=wG3;-4,1=bQ;-4,2=wA3;-4,4=wG1;-3,0=wS1;-3,2=bG3,bB2;-3,3=bA3;-3,4=bA1;-2,-1=wS2;-2,4=bA2;-1,-2=wG2;-1,0=wB2,bB1;-1,4=wQ;0,-4=bS1;0,-2=wA2;0,-1=wB1;0,4=bS2;1,-4=bG2;1,-3=bG1
38	70	0.379949	adjudicated	G1|w|70|35|35|-5,2=wA1;-4,0=wG3;-4,1=bQ;-4,2=wA3;-3,0=wS1;-3,1=bB2;-3,2=bG3;-3,3=bA3;-3,4=bA1;-2,-1=wS2;-2,4=bA2;-1,-2=wG2;-1,0=wB2,bB1;-1,4=wQ;0,-4=bS1;0,-2=wA2;0,-1=wB1;0,4=bS2;1,-4=bG2;1,-3=bG1;1,4=wG1
38	72	0.379949	adjudicated	G1|w|72|36|36|-5,1=wA1;-4,0=wG3;-4,1=bQ;-4,2=wA3;-3,0=wS1;-3,2=bG3;-3,3=bA3;-3,4=bA1;-2,-1=wS2;-2,0=bB2;-2,4=bA2;-1,-2=wG2;-1,0=wB2,bB1;-1,4=wQ;0,-4=bS1;0,-2=wA2;0,-1=wB1;0,4=bS2;1,-4=bG2;1,-3=bG1;1,4=wG1
38	74	0.379949	adjudicated	G1|w|74|37|37|-5,1=wA1;-5,2=wG2;-4,0=wG3;-4,1=bQ;-4,2=wA3;-3,0=wS1;-3,2=bG3;-3,3=bA3;-3,4=bA1;-2,-1=wS2;-2,0=bB2;-2,4=bA2;-1,0=wB2;-1,4=wQ;0,-4=bS1;0,-2=wA2;0,-1=wB1,bB1;0,4=bS2;1,-4=bG2;1,-3=bG1;1,4=wG1
38	76	0.379949	adjudicated	G1|w|76|38|38|-5,1=wA1;-5,2=wG2;-4,0=wG3;-4,1=bQ;-4,2=wA3;-3,0=wS1;-3,2=bG3;-3,3=bA3;-3,4=bA1;-2,0=bB2;-2,4=bA2;-1,-3=bG1;-1,0=wB2;-1,4=wQ;0,-4=bS1;0,-3=wS2;0,-2=wA2;0,-1=wB1,bB1;0,4=bS2;1,-4=bG2;1,4=wG1
38	78	0.379949	adjudicated	G1|w|78|39|39|-5,1=wA1;-5,2=wG2;-4,0=wG3;-4,1=bQ;-4,2=wA3;-4,4=wG1;-3,0=wS1;-3,2=bG3;-3,3=bA3;-3,4=bA1;-2,0=bB2;-2,4=bA2;-1,-3=bG1;-1,0=wB2;-1,4=wQ;0,-4=bS1;0,-3=wS2;0,-2=wA2;0,-1=wB1;0,4=bS2;1,-4=bG2;1,-2=bB1
38	80	0.379949	adjudicated	G1|w|80|40|40|-5,1=wA1;-5,2=wG2;-4,0=wG3;-4,1=bQ;-4,2=wA3;-3,0=wS1;-3,2=bG3;-3,3=bA3;-3,4=bA1;-2,0=bB2;-2,2=wG1;-2,4=bA2;-1,-3=bG1;-1,0=wB2;-1,4=wQ;0,-4=bS1;0,-3=wS2;0,-2=wA2;0,-1=wB1;0,4=bS2;1,-4=bG2;1,-1=bB1
38	82	0.379949	adjudicated	G1|w|82|41|41|-5,1=wA1;-5,2=wG2;-4,0=wG3;-4,1=bQ;-4,2=wA3;-4,4=wG1;-3,0=wS1;-3,2=bG3;-3,3=bA3;-3,4=bA1;-2,0=bB2;-2,4=bA2;-1,-3=bG1;-1,0=wB2;-1,4=wQ;0,-4=bS1;0,-3=wS2;0,-2=wA2;0,-1=wB1;0,4=bS2;1,-4=bG2;1,-2=bB1
38	84	0.379949	adjudicated	G1|w|84|42|42|-5,2=wG2;-5,5=wA1;-4,0=wG3;-4,1=bQ;-4,2=wA3;-4,4=wG1;-3,0=wS1;-3,2=bG3;-3,3=bA3;-3,4=bA1;-2,0=bB2;-2,4=bA2;-1,-3=bG1;-1,0=wB2;-1,4=wQ;0,-3=wS2;0,-2=wA2;0,-1=wB1;0,4=bS2;1,-4=bG2;1,-2=bB1;2,-4=bS1
38	86	0.379949	adjudicated	G1|w|86|43|43|-5,1=wA1;-5,2=wG2;-4,0=wG3;-4,1=bQ;-4,2=wA3;-4,4=wG1;-3,0=wS1;-3,2=bG3;-3,3=bA3;-3,4=bA1;-2,0=bB2;-2,4=bA2;-1,-3=bG1;-1,0=wB2;-1,4=wQ;0,-3=wS2;0,-2=wA2,bB1;0,-1=wB1;0,4=bS2;1,-4=bG2;2,-4=bS1
38	88	0.379949	adjudicated	G1|w|88|44|44|-5,2=wG2;-5,4=wA1;-4,0=wG3;-4,1=bQ;-4,2=wA3;-4,4=wG1;-3,0=wS1;-3,2=bG3;-3,3=bA3;-3,4=bA1;-2,0=bB2;-2,4=bA2;-1,-3=bG1;-1,0=wB2;-1,4=wQ;0,-3=wS2;0,-2=wA2;0,-1=wB1,bB1;0,4=bS2;1,-4=bG2;2,-4=bS1
38	90	0.379949	adjudicated	G1|w|90|45|45|-5,1=wA1;-5,2=wG2;-4,0=wG3;-4,1=bQ;-4,2=wA3;-4,4=wG1;-3,0=wS1;-3,2=bG3;-3,3=bA3;-3,4=bA1;-2,0=bB2;-2,4=bA2;-1,-3=bG1;-1,0=wB2;-1,4=wQ;0,-3=wS2;0,-2=wA2;0,-1=wB1;0,4=bS2;1,-4=bG2;1,-2=bB1;2,-4=bS1
38	92	0.379949	adjudicated	G1|w|92|46|46|-5,2=wG2;-4,0=wG3;-4,1=bQ;-4,2=wA3;-4,4=wG1;-3,0=wS1;-3,2=bG3;-3,3=bA3;-2,0=bB2;-2,3=wA1;-2,4=bA2;-1,-3=bG1;-1,0=wB2;-1,4=wQ;0,-4=bA1;0,-3=wS2;0,-2=wA2;0,-1=wB1;0,4=bS2;1,-4=bG2;1,-2=bB1;2,-4=bS1
38	94	0.379949	adjudicated	G1|w|94|47|47|-5,2=wG2;-4,0=wG3;-4,1=bQ;-4,2=wA3;-3,0=wS1;-3,2=bG3;-3,3=bA3;-2,0=bB2;-2,2=wG1;-2,3=wA1;-2,4=bA2;-1,-3=bG1;-1,0=wB2;-1,4=wQ;0,-3=wS2;0,-2=wA2;0,-1=wB1;0,3=bA1;0,4=bS2;1,-4=bG2;1,-2=bB1;2,-4=bS1
38	96	0.379949	adjudicated	G1|w|96|48|48|-5,2=wG2;-4,0=wG3;-4,1=bQ;-4,2=wA3;-4,4=wG1;-3,0=wS1;-3,2=bG3;-3,3=bA3;-2,0=bB2;-2,3=wA1;-2,4=bA2;-1,0=wB2;-1,4=wQ;0,-3=wS2;0,-2=wA2;0,-1=wB1;0,3=bA1;0,4=bS2;1,-4=bG2;1,-3=bG1;1,-2=bB1;2,-4=bS1
39	0	-0.379949	adjudicated	G1|w|0|0|0|
39	7	-0.379949	adjudicated	G1|b|7|4|3|-1,0=wB1;-1,1=wS1;-1,2=wQ;0,0=wG1;1,-2=bA1;1,-1=bG1;2,-1=bG2
39	9	-0.379949	adjudicated	G1|b|9|5|4|-2,1=wB2;-1,0=wB1;-1,1=wS1;-1,2=wQ;0,0=wG1;1,-2=bA1;1,-1=bG1;2,-1=bG2;3,-2=bQ
39	11	-0.379949	adjudicated	G1|b|11|6|5|-2,1=wB2;-1,0=wB1;-1,1=wS1;0,0=wG1;0,1=bA1;0,2=wQ;1,-1=bG1;2,-1=bG2;3,-2=bQ
39	13	-0.379949	adjudicated	G1|b|13|7|6|-2,1=wB2;-2,2=wA1;-1,0=wB1;-1,1=wS1;0,0=wG1;0,1=bA1;0,2=wQ;1,-2=bG3;1,-1=bG1;2,-1=bG2;3,-2=bQ
39	15	-0.379949	adjudicated	G1|b|15|8|7|-2,1=wB2;-1,0=wB1;-1,1=wS1;0,0=wG1;0,1=bA1;0,2=wQ;1,-2=bG3;1,-1=bG1;2,-3=bB1;2,-1=bG2;3,-2=bQ;3,-1=wA1
39	17	-0.379949	adjudicated	G1|b|17|9|8|-2,2=wB2;-1,0=wB1;-1,1=wS1;0,0=wG1;0,1=bA1;0,2=wQ;1,-2=bG3;1,-1=bG1;2,-3=bB1;2,-1=bG2;3,-1=wA1;4,-2=bQ
39	19	-0.379949	adjudicated	G1|b|19|10|9|-2,2=wB2;-2,3=wA2;-1,0=wB1;-1,1=wS1;0,0=wG1;0,1=bA1;0,2=wQ;1,-2=bG3;1,-1=bG1;2,-2=bB1;2,-1=bG2;3,-1=wA1;4,-2=bQ
39	21	-0.379949	adjudicated	G1|b|21|11|10|-2,2=wB2;-1,0=wB1;-1,1=wS1;0,0=wG1;0,1=bA1;0,2=wQ;1,-2=bG3;1,-1=bG1;2,-3=bS1;2,-2=bB1;2,-1=bG2;3,-2=wA2;3,-1=wA1;4,-2=bQ
39	23	-0.379949	adjudicated	G1|b|23|12|11|-2,2=wB2;-1,0=wB1;-1,1=wS1;0,0=wG1;0,1=bA1;0,2=wQ;1,-2=bG3;1,-1=bG1;2,-3=bS1;2,-2=bB1;2,-1=bG2;3,-2=wA2;4,-3=bQ;4,-2=wA1
39	25	-0.379949	adjudicated	G1|b|25|13|12|-2,1=wA3;-2,2=wB2;-1,0=wB1;-1,1=wS1;0,0=wG1;0,1=bA1;0,2=wQ;1,-2=bG3;1,-1=bG1;2,-3=bS1;2,-2=bB1;2,-1=bG2;3,-2=wA2;4,-2=wA1;5,-3=bQ
39	27	-0.379949	adjudicated	G1|b|27|14|13|-2,2=wB2;-1,0=wB1;-1,1=wS1;0,0=wG1;0,1=bA1;0,2=wQ;1,-2=bG3;1,-1=bG1;2,-3=bS1;2,-2=bB1;2,-1=bG2;3,-4=bB2;3,-2=wA2;4,-3=wA3;4,-2=wA1;5,-3=bQ
39	29	-0.379949	adjudicated	G1|b|29|15|14|-2,2=wB2;-1,0=wB1;-1,1=wS1;0,0=wG1;0,1=bA1;0,2=wQ;1,-2=bG3;1,-1=bG1;2,-3=bS1;2,-2=bB1;2,-1=bG2;3,-4=bB2;3,-2=wA2;4,-2=wA1;5,-2=bQ;6,-3=wA3
39	31	-0.379949	adjudicated	G1|b|31|16|15|-2,2=wB2;-1,0=wB1;-1,1=wS1;0,-1=bG2;0,0=wG1;0,1=bA1;0,2=wQ;1,-2=bG3;1,-1=bG1;2,-3=bS1;2,-2=bB1;3,-4=bB2;3,-2=wA2;4,-2=wA1;5,-2=bQ;6,-3=wA3;7,-3=wS2
39	33	-0.379949	adjudicated	G1|b|33|17|16|-2,2=wB2;-1,0=wB1;-1,1=wS1;0,0=wG1;0,1=bA1;0,2=wQ;0,3=bG2;1,-2=bG3;1,-1=bG1;2,-3=bS1;2,-2=bB1;3,-4=bB2;3,-2=wA2;4,-2=wA1;5,-3=wS2;5,-2=bQ;6,-3=wA3
39	35	-0.379949	adjudicated	G1|b|35|18|17|-2,2=wB2;-1,0=wB1;-1,1=wS1;0,0=wG1;0,1=bA1;0,2=wQ;0,3=bG2;1,-2=bG3;1,-1=bG1;2,-3=bS1;2,-2=bB1;3,-4=bB2;3,-2=wA2;4,-2=wA1;4,-1=bQ;5,-3=wS2;5,-2=wA3
39	37	-0.379949	adjudicated	G1|b|37|19|18|-2,2=wB2;-1,0=wB1;-1,1=wS1;0,0=wG1;0,1=bA1;0,2=wQ;0,3=bG2;1,-2=bG3;1,-1=bG1;2,-3=bS1;2,-2=bB1;3,-4=bB2;3,-2=wA2;4,-2=wA1;5,-2=wA3;5,-1=bQ;6,-1=wS2
39	39	-0.379949	adjudicated	G1|b|39|20|19|-2,2=wB2;-1,0=wB1;-1,1=wS1;0,0=wG1;0,1=bA1;0,2=wQ;0,3=bG2;1,-1=bG1;2,-3=bS1;2,-2=bB1;3,-4=bB2;3,-2=wA2;3,-1=wG2;4,-5=bG3;4,-2=wA1;5,-2=wA3;5,-1=bQ;6,-1=wS2
39	41	-0.379949	adjudicated	G1|b|41|21|20|-2,2=wB2;-1,0=wB1;-1,1=wS1;0,0=wG1;0,1=bA1;0,2=wQ;0,3=bG2;1,-1=bG1;2,-3=bS1;2,-2=bB1;3,-4=bB2;3,-2=wA2;3,-1=wG2;4,-5=bG3;4,-4=bS2;4,-2=wA1;5,-2=wA3;5,-1=bQ;6,-1=wS2;6,0=wG3
39	43	-0.379949	adjudicated	G1|b|43|22|21|-2,2=wB2;-1,0=wB1;-1,1=wS1;0,0=wG1;0,1=bA1;0,2=wQ;0,3=bG2;1,-1=bG1;2,-3=bS1;2,-2=bB1;3,-4=bB2;3,-2=wA2;3,-1=wG2;4,-4=bS2;4,-3=bG3;4,-2=wA1;5,-2=wA3;5,-1=bQ;6,-2=wG3;6,-1=wS2
39	45	-0.379949	adjudicated	G1|b|45|23|22|-2,2=wB2;-1,1=wS1;0,-1=wB1;0,0=wG1;0,1=bA1;0,2=wQ;0,3=bG2;1,-1=bG1;2,-3=bS1;2,-2=bB1;3,-4=bB2;3,-2=wA2;3,-1=wG2;4,-4=bS2;4,-3=bG3;4,-2=wA1;5,-2=wA3;5,0=bQ;6,-2=wG3;6,-1=wS2
39	47	-0.379949	adjudicated	G1|b|47|24|23|-1,1=wS1,wB2;0,-1=wB1;0,0=wG1;0,1=bA1;0,2=wQ;0,3=bG2;1,-1=bG1;2,-4=bA2;2,-3=bS1;2,-2=bB1;3,-4=bB2;3,-2=wA2;3,-1=wG2;4,-4=bS2;4,-3=bG3;4,-2=wA1;5,-2=wA3;5,0=bQ;6,-2=wG3;6,-1=wS2
39	49	-0.379949	adjudicated	G1|b|49|25|24|-1,1=wS1,wB2;-1,2=bA2;0,0=wG1;0,1=bA1;0,2=wQ;0,3=bG2;1,-1=bG1,wB1;2,-3=bS1;2,-2=bB1;3,-4=bB2;3,-2=wA2;3,-1=wG2;4,-4=bS2;4,-3=bG3;4,-2=wA1;5,-2=wA3;5,0=bQ;6,-2=wG3;6,-1=wS2
39	51	-0.379949	adjudicated	G1|b|51|26|25|-1,0=wB2;-1,1=wS1;-1,2=bA2;-1,4=bA3;0,0=wG1;0,1=bA1;0,2=wQ;0,3=bG2;1,-1=bG1,wB1;2,-3=bS1;2,-2=bB1;3,-4=bB2;3,-2=wA2;3,-1=wG2;4,-4=bS2;4,-3=bG3;4,-2=wA1;5,-2=wA3;5,0=bQ;6,-2=wG3;6,-1=wS2
39	53	-0.379949	adjudicated	G1|b|53|27|26|-1,0=wB2;-1,1=wS1;-1,2=bA2;0,0=wG1,wB1;0,1=bA1;0,2=wQ;0,3=bG2;1,-1=bG1;1,1=bA3;2,-3=bS1;2,-2=bB1;3,-4=bB2;3,-2=wA2;3,-1=wG2;4,-4=bS2;4,-3=bG3;4,-2=wA1;5,-2=wA3;5,0=bQ;6,-2=wG3;6,-1=wS2
39	55	-0.379949	adjudicated	G1|b|55|28|27|-1,0=wB2;-1,1=wS1;-1,2=bA2;0,-1=wB1;0,0=wG1;0,1=bA1;0,2=wQ;0,3=bG2;1,-1=bG1;1,1=bA3;2,-4=bB2;2,-3=bS1;2,-2=bB1;3,-2=wA2;3,-1=wG2;4,-4=bS2;4,-3=bG3;4,-2=wA1;5,-2=wA3;5,0=bQ;6,-2=wG3;6,-1=wS2
39	57	-0.379949	adjudicated	G1|b|57|29|28|-1,1=wS1;-1,2=bA2;0,-1=wB1,wB2;0,0=wG1;0,1=bA1;0,2=wQ;0,3=bG2;1,-1=bG1;1,1=bA3;2,-4=bB2;2,-3=bS1;2,-2=bB1;3,-2=wA2;3,-1=wG2;4,-3=bG3;4,-2=wA1;5,-2=wA3;5,0=bQ;6,-3=bS2;6,-2=wG3;6,-1=wS2
39	59	-0.379949	adjudicated	G1|b|59|30|29|-1,-1=wB2;-1,1=wS1;-1,2=bA2;0,-1=wB1;0,0=wG1;0,1=bA1;0,2=wQ;0,3=bG2;1,-1=bG1;1,1=bA3;2,-4=bB2;2,-3=bS1;2,-2=bB1;3,-2=wA2;3,-1=wG2;4,-3=bG3;4,-2=wA1;5,-2=wA3;5,0=bQ;6,-2=wG3;6,-1=wS2;7,-1=bS2
39	61	-0.379949	adjudicated	G1|b|61|31|30|-1,-1=wB2;-1,1=wS1;-1,2=bA2;0,-1=wB1;0,0=wG1;0,1=bA1;0,2=wQ;0,3=bG2;1,-1=bG1;1,1=bA3;2,-4=bB2;2,-3=bS1;2,-2=bB1;3,-3=wG2;3,-2=wA2;4,-3=bG3;4,-2=wA1;5,-2=wA3;5,0=bQ;6,-3=bS2;6,-2=wG3;6,-1=wS2
39	63	-0.379949	adjudicated	G1|b|63|32|31|-1,-1=wB2;-1,1=wS1;-1,2=bA2;-1,3=bA3;0,-1=wB1;0,0=wG1;0,1=bA1;0,3=bG2;1,-1=bG1;1,1=wQ;2,-4=bB2;2,-3=bS1;2,-2=bB1;3,-3=wG2;3,-2=wA2;4,-3=bG3;4,-2=wA1;5,-2=wA3;5,0=bQ;6,-3=bS2;6,-2=wG3;6,-1=wS2
39	65	-0.379949	adjudicated	G1|b|65|33|32|-1,-1=wB2;-1,1=wS1;-1,2=bA2;-1,3=bA3;0,-1=wB1;0,0=wG1;0,1=bA1;0,3=bG2;1,-1=bG1;1,1=wQ;2,-4=bB2;2,-3=bS1;2,-2=bB1;3,-3=wG2;4,-3=bG3;4,-2=wA1;5,-2=wA3;6,-3=bS2;6,-2=wG3;6,-1=wS2;6,0=bQ;6,1=wA2
39	67	-0.379949	adjudicated	G1|b|67|34|33|-2,-1=wS1;-1,-1=wB2;-1,2=bA2;-1,3=bA3;0,-1=wB1;0,0=wG1;0,1=bA1;0,3=bG2;1,-3=bB2;1,-1=bG1;1,1=wQ;2,-3=bS1;2,-2=bB1;3,-3=wG2;4,-3=bG3;4,-2=wA1;5,-2=wA3;6,-3=bS2;6,-2=wG3;6,-1=wS2;6,0=bQ;6,1=wA2
39	69	-0.379949	adjudicated	G1|b|69|35|34|-2,-1=wS1;-2,3=bG2;-1,-1=wB2;-1,2=bA2;-1,3=bA3;0,-1=wB1;0,0=wG1;0,1=bA1;1,-3=bB2;1,-1=bG1;1,1=wQ;2,-3=bS1;2,-2=bB1;3,-3=wG2;4,-3=bG3;4,-2=wA1;5,-2=wA3;6,-3=bS2;6,-2=wG3;6,-1=wS2;6,0=bQ;7,-1=wA2
39	71	-0.379949	adjudicated	G1|b|71|36|35|-2,-1=wS1;-2,3=bG2;-1,-1=wB2;-1,2=bA2;0,-1=wB1;0,0=wG1;0,1=bA1;1,-3=bB2;1,-1=bG1;1,1=wQ;1,2=bA3;2,-3=bS1;2,-2=bB1;3,-3=wG2;4,-3=bG3;4,-2=wA1;5,-2=wA3;6,-3=bS2;6,-2=wG3;6,-1=wS2;6,0=bQ;7,0=wA2
39	73	-0.379949	adjudicated	G1|b|73|37|36|-2,-1=wS1;-1,-1=wB2;-1,2=bA2;0,-1=wB1;0,0=wG1;0,1=bA1;1,-3=bB2;1,-1=bG1;1,0=bG2;1,1=wQ;1,2=bA3;2,-3=bS1;2,-2=bB1;3,-3=wG2;4,-3=bG3;4,-2=wA1;5,-2=wA3;6,-3=bS2;6,-2=wG3;6,-1=wS2;6,0=bQ;6,1=wA2
39	75	-0.379949	adjudicated	G1|b|75|38|37|-2,-1=wS1;-1,-1=wB2;0,-1=wB1;0,0=wG1;0,1=bA1;1,-3=bB2;1,-1=bG1;1,0=bG2;1,1=wQ;1,2=bA3;2,-3=bS1;2,-2=bB1;2,1=bA2;3,-3=wG2;4,-3=bG3;4,-2=wA1;5,-2=wA3;6,-3=bS2;6,-2=wG3;6,-1=wS2;6,0=bQ;7,0=wA2
39	77	-0.379949	adjudicated	G1|b|77|39|38|-2,-1=wS1;-1,-1=wB2;0,-1=wB1;0,0=wG1;0,2=bA1;1,-3=bB2;1,-1=bG1;1,0=bG2;1,1=wQ;1,2=bA3;2,-3=bS1;2,-2=bB1;2,1=bA2;3,-3=wG2;4,-3=bG3;4,-2=wA1;5,-2=wA3;6,-3=bS2;6,-2=wG3;6,-1=wS2;6,0=bQ;6,1=wA2
39	79	-0.379949	adjudicated	G1|b|79|40|39|-2,-1=wS1;-1,-1=wB2;0,-1=wB1;0,0=wG1;0,2=bA1;1,-3=bB2;1,-1=bG1;1,0=bG2;1,1=wQ;1,2=bA3;2,-3=bS1;2,-2=bB1;2,0=bA2;3,-3=wG2;4,-3=bG3;4,-2=wA1;5,-2=wA3;6,-3=bS2;6,-2=wG3;6,-1=wS2;6,0=bQ;7,-1=wA2
39	81	-0.379949	adjudicated	G1|b|81|41|40|-2,-1=wS1;-1,-1=wB2;0,-1=wB1;0,0=wG1;0,2=bA1;1,-3=bB2;1,-1=bG1;1,0=bG2;1,1=wQ;1,2=bA3;2,-3=bS1;2,-2=bB1;2,0=bA2;3,-3=wG2;4,-3=bG3;4,-2=wA1;5,-2=wA3;5,-1=wA2;5,0=bQ;6,-3=bS2;6,-2=wG3;6,-1=wS2
39	83	-0.379949	adjudicated	G1|b|83|42|41|-1,-1=wB2;0,-3=wS1;0,-1=wB1;0,0=wG1;0,2=bA1;1,-3=bB2;1,-1=bG1;1,0=bG2;1,1=wQ;1,2=bA3;2,-3=bS1;2,-2=bB1;2,0=bA2;3,-3=wG2;4,-3=bG3;4,-2=wA1;4,0=bQ;5,-2=wA3;5,-1=wA2;6,-3=bS2;6,-2=wG3;6,-1=wS2
39	85	-0.379949	adjudicated	G1|b|85|43|42|-1,-3=bA2;-1,-1=wB2;0,-3=wS1;0,-1=wB1;0,0=wG1;0,2=bA1;1,-3=bB2;1,-1=bG1;1,0=bG2;1,1=wQ;1,2=bA3;2,-3=bS1;2,-2=bB1;3,-3=wG2;3,1=wG3;4,-3=bG3;4,-2=wA1;4,0=bQ;5,-2=wA3;5,-1=wA2;6,-3=bS2;6,-1=wS2
39	87	-0.379949	adjudicated	G1|b|87|44|43|-1,-1=wB2;0,-3=wS1;0,-1=wB1;0,0=wG1;0,1=bA2;0,2=bA1;1,-3=bB2;1,-1=bG1;1,0=bG2;1,2=bA3;2,-3=bS1;2,-2=bB1;2,0=wQ;3,-3=wG2;3,1=wG3;4,-3=bG3;4,-2=wA1;4,0=bQ;5,-2=wA3;5,-1=wA2;6,-3=bS2;6,-1=wS2
39	89	-0.379949	adjudicated	G1|b|89|45|44|-1,-1=wB2;0,-3=wS1;0,-1=wB1;0,1=bA2;0,2=bA1;1,-3=bB2;1,-1=bG1;1,0=bG2;1,1=bA3;2,-3=bS1;2,-2=bB1;2,0=wQ;3,-3=wG2;3,1=wG3;4,-4=wG1;4,-3=bG3;4,-2=wA1;4,0=bQ;5,-2=wA3;5,-1=wA2;6,-3=bS2;6,-1=wS2
39	91	-0.379949	adjudicated	G1|b|91|46|45|-1,-1=wB2;0,-3=wS1;0,-1=wB1;0,2=bA1;1,-3=bB2;1,-1=bG1;1,0=bG2;1,1=bA3;2,-3=bS1;2,-2=bB1;2,1=bA2;3,-3=wG2;3,0=wQ;3,1=wG3;4,-4=wG1;4,-3=bG3;4,-2=wA1;4,0=bQ;5,-2=wA3;5,-1=wA2;6,-3=bS2;6,-1=wS2
39	93	-0.379949	adjudicated	G1|b|93|47|46|-1,-1=wB2;0,-3=wS1;0,-1=wB1;0,2=bA1;1,-3=bB2;1,-1=bG1;1,0=bG2;1,1=bA3;2,-3=bS1;2,-2=bB1;2,1=bA2;3,-3=wG2;3,0=wQ;3,1=wG3;4,-4=wG1;4,-3=bG3;4,-2=wA1;4,1=bQ;4,2=wS2;5,-2=wA3;5,-1=wA2;6,-3=bS2
39	95	-0.379949	adjudicated	G1|b|95|48|47|-1,-1=wB2;0,-3=wS1;0,-1=wB1;1,-3=bB2;1,-1=bG1;1,0=bG2;1,1=bA3;1,2=bA1;2,-3=bS1;2,-2=bB1;2,1=bA2;3,-3=wG2;3,0=wQ;3,1=wG3;3,2=wA2;4,-4=wG1;4,-3=bG3;4,-2=wA1;4,1=bQ;4,2=wS2;5,-2=wA3;6,-3=bS2
40	0	0.379949	adjudicated	G1|w|0|0|0|
40	6	0.379949	adjudicated	G1|w|6|3|3|-1,0=wG1;0,0=wB1;0,1=wG2;1,-1=bG1;2,-1=bG2;3,-1=bB1
40	8	0.379949	adjudicated	G1|w|8|4|4|-2,1=wQ;-1,0=wG1;0,0=wB1;0,1=wG2;1,-1=bG1;2,-1=bG2;3,-1=bB1;4,-1=bQ
40	10	0.379949	adjudicated	G1|w|10|5|5|-2,1=wQ;-1,0=wG1;-1,2=wA1;0,0=wB1;0,1=wG2;1,-1=bG1;2,-1=bG2;2,0=bA1;3,-1=bB1;4,-1=bQ
40	12	0.379949	adjudicated	G1|w|12|6|6|-3,2=bA1;-2,1=wQ;-1,0=wG1;0,0=wB1;0,1=wG2;1,-1=bG1;2,-1=bG2;3,-1=bB1;4,-1=bQ;4,0=wA1
40	14	0.379949	adjudicated	G1|w|14|7|7|-3,2=bA1;-2,1=wQ;-1,0=wG1;0,0=wB1;0,1=wG2;1,-1=bG1;2,-2=bG3;2,-1=bG2;3,-1=bB1;4,-1=bQ;4,0=wA1;4,1=wB2
40	16	0.379949	adjudicated	G1|w|16|8|8|-3,2=bA1;-2,1=wQ;-1,0=wG1;-1,1=bG3;0,0=wB1;0,1=wG2;1,-1=bG1;2,-1=bG2;3,-1=bB1;4,-1=bQ;4,0=wA1;4,1=wB2;4,2=wA2
40	18	0.379949	adjudicated	G1|w|18|9|9|-3,2=bA1;-2,1=wQ;-1,0=wG1;-1,1=bG3;0,0=wB1;0,1=wG2;1,-1=bG1;2,-1=bG2;3,-1=bB1;3,0=wA2;4,0=wA1;4,1=wB2;5,-1=bQ
40	20	0.379949	adjudicated	G1|w|20|10|10|-3,1=bA1;-2,1=wQ;-1,1=bG3;-1,2=wG1;0,0=wB1;0,1=wG2;1,-1=bG1;2,-1=bG2;3,-1=bB1;3,0=wA2;4,0=wA1;4,1=wB2;5,-1=bQ
40	22	0.379949	adjudicated	G1|w|22|11|11|-3,1=bA1;-2,1=wQ;-1,1=bG3;-1,2=wG1;0,0=wB1;0,1=wG2;1,-1=bG1;2,-2=bA2;2,-1=bG2;2,1=wA3;3,-1=bB1;3,0=wA2;4,0=wA1;4,1=wB2;5,-1=bQ
40	24	0.379949	adjudicated	G1|w|24|12|12|-3,1=bA1;-2,0=bA2;-2,1=wQ;-1,1=bG3;-1,2=wG1;0,0=wB1;0,1=wG2;1,-1=bG1;2,-1=bG2;3,-1=bB1;3,0=wA2;4,-1=wA3;4,0=wA1;4,1=wB2;5,-1=bQ
40	26	0.379949	adjudicated	G1|w|26|13|13|-3,1=bA1;-2,0=bA2;-2,1=wQ;-1,1=bG3;-1,2=wG1;0,0=wB1;0,1=wG2;1,-1=bG1;2,-2=bA3;2,-1=bG2;3,-1=bB1;4,-1=wA3;4,0=wA1;4,1=wB2;5,-1=bQ;6,-1=wA2
40	28	0.379949	adjudicated	G1|w|28|14|14|-4,1=bB2;-3,1=bA1;-2,0=bA2;-2,1=wQ;-1,1=bG3;-1,2=wG1;0,0=wB1;0,1=wG2;1,-1=bG1;2,-2=bA3;2,-1=bG2;3,-1=bB1;4,-1=wA3;4,0=wA1;5,-1=bQ;5,0=wB2;6,-1=wA2
40	30	0.379949	adjudicated	G1|w|30|15|15|-4,1=bB2;-3,1=bA1;-2,0=bA2;-2,1=wQ;-1,1=bG3;-1,2=wG1;0,0=wB1;0,1=wG2;1,-1=bG1;2,-2=bA3;2,-1=bG2;3,-1=bB1;4,-1=wA3;4,0=wA1;5,-2=bQ;5,0=wB2;6,-1=wA2;7,-2=wG3
40	32	0.379949	adjudicated	G1|w|32|16|16|-4,1=bB2;-3,1=bA1;-2,0=bA2;-2,1=wQ;-1,0=bA3;-1,1=bG3;-1,2=wG1;0,0=wB1;0,1=wG2;1,-1=bG1;2,-1=bG2;3,-1=bB1;4,-1=wA3;4,0=wA1;5,-2=bQ;5,0=wB2;6,-1=wA2;7,-2=wG3;7,-1=wS1
40	34	0.379949	adjudicated	G1|w|34|17|17|-4,2=bB2;-3,1=bA1;-3,2=wQ;-2,0=bA2;-1,0=bA3;-1,1=bG3;-1,2=wG1;0,0=wB1;0,1=wG2;1,-1=bG1;2,-1=bG2;3,-1=bB1;4,-1=wA3;4,0=wA1;5,-2=bQ;5,0=wB2;6,-1=wA2;7,-2=wG3;7,-1=wS1
40	36	0.379949	adjudicated	G1|w|36|18|18|-4,2=bB2;-4,3=wQ;-3,1=bA1;-2,0=bA2;-1,0=bA3;-1,1=bG3;-1,2=wG1;0,0=wB1;0,1=wG2;1,-1=bG1;2,-2=bS1;2,-1=bG2;3,-1=bB1;4,-1=wA3;4,0=wA1;5,-2=bQ;5,0=wB2;6,-1=wA2;7,-2=wG3;7,-1=wS1
40	38	0.379949	adjudicated	G1|w|38|19|19|-4,2=bB2;-4,3=wQ;-3,1=bA1;-2,0=bA2;-1,0=bA3;-1,1=bG3;-1,2=wG1;0,0=wB1;0,1=wG2;1,-1=bG1;2,-2=bS1;2,-1=bG2;3,-2=bS2;3,-1=bB1;4,-1=wA3;4,0=wA1;5,-2=bQ;5,0=wB2;6,-1=wA2;7,-2=wG3;7,-1=wS1;8,-2=wS2
40	40	0.379949	adjudicated	G1|w|40|20|20|-4,2=bB2;-4,3=wQ;-3,1=bA1;-2,0=bA2;-1,0=bA3;-1,1=bG3;-1,2=wG1;0,0=wB1;0,1=wG2;1,-1=bG1;2,-2=bS1;2,-1=bG2;3,-2=bS2;3,-1=bB1;4,-1=wA3;4,0=wA1;5,0=wB2;6,-3=bQ;6,-2=wS2;6,-1=wA2;7,-2=wG3;7,-1=wS1
40	42	0.379949	adjudicated	G1|w|42|21|21|-4,2=bB2;-4,3=wQ;-3,1=bA1;-2,0=bA2;-1,0=bA3;-1,1=bG3;-1,2=wG1;0,0=wB1;0,1=wG2;1,-1=bG1;2,-2=bS1;2,-1=bG2;3,-2=bS2;3,-1=bB1;4,-1=wA3;4,0=wA1;5,0=wB2;6,-2=wS2;6,-1=wA2;7,-4=bQ;7,-3=wS1;7,-2=wG3
40	44	0.379949	adjudicated	G1|w|44|22|22|-4,2=bB2;-3,1=bA1;-3,2=wQ;-2,0=bA2;-1,0=bA3;-1,1=bG3;-1,2=wG1;0,-1=bG2;0,0=wB1;0,1=wG2;1,-1=bG1;2,-2=bS1;3,-2=bS2;3,-1=bB1;4,-1=wA3;4,0=wA1;5,0=wB2;6,-2=wS2;6,-1=wA2;7,-4=bQ;7,-3=wS1;7,-2=wG3
40	46	0.379949	adjudicated	G1|w|46|23|23|-4,2=bB2;-3,1=bA1;-3,2=wQ;-2,0=bA2;-2,1=bG2;-1,0=bA3;-1,1=bG3;-1,2=wG1;0,0=wB1;0,1=wG2;1,-1=bG1;2,-2=bS1;3,-2=bS2;3,-1=bB1;4,-1=wA3;4,0=wA1;5,0=wB2;6,-2=wS2;6,-1=wA2;7,-5=wG3;7,-4=bQ;7,-3=wS1
40	48	0.379949	adjudicated	G1|w|48|24|24|-4,1=wG2;-4,2=bB2;-4,3=bA2;-3,1=bA1;-3,2=wQ;-2,1=bG2;-1,0=bA3;-1,1=bG3;-1,2=wG1;0,0=wB1;1,-1=bG1;2,-2=bS1;3,-2=bS2;3,-1=bB1;4,-1=wA3;4,0=wA1;5,0=wB2;6,-2=wS2;6,-1=wA2;7,-5=wG3;7,-4=bQ;7,-3=wS1
40	50	0.379949	adjudicated	G1|w|50|25|25|-4,1=wG2;-4,2=bB2;-4,3=bA2;-3,1=bA1;-3,3=wQ;-2,1=bG2;-2,3=bA3;-1,1=bG3;-1,2=wG1;0,0=wB1;1,-1=bG1;2,-2=bS1;3,-2=bS2;3,-1=bB1;4,-1=wA3;4,0=wA1;5,0=wB2;6,-2=wS2;6,-1=wA2;7,-5=wG3;7,-4=bQ;7,-3=wS1
40	52	0.379949	adjudicated	G1|w|52|26|26|-4,1=wG2;-4,2=bB2;-4,3=bA2;-4,4=wQ;-3,1=bA1;-2,1=bG2;-1,1=bG3;-1,2=wG1;0,0=wB1;1,-1=bG1;2,-2=bS1;3,-2=bS2;3,-1=bB1;4,-1=wA3;4,0=wA1;5,-2=bA3;5,0=wB2;6,-2=wS2;6,-1=wA2;7,-5=wG3;7,-4=bQ;7,-3=wS1
40	54	0.379949	adjudicated	G1|w|54|27|27|-4,1=wG2;-4,2=bB2;-4,3=bA2;-4,4=wQ;-3,1=bA1;-2,1=bG2;-1,1=bG3;-1,2=wG1;0,0=wB1;1,-1=bG1;2,-2=bS1;3,-2=bS2;3,-1=bB1;4,-1=wA3;5,-2=bA3;5,0=wB2;6,-2=wS2;6,-1=wA2;7,-5=wG3;7,-4=bQ;7,-3=wS1;8,-5=wA1
40	56	0.379949	adjudicated	G1|w|56|28|28|-4,1=wG2;-4,2=bB2;-4,3=bA2;-4,4=wQ;-3,1=bA1;-2,1=bG2;-1,0=wG1;0,0=wB1;1,-1=bG1;2,-2=bS1;3,-3=bG3;3,-2=bS2;3,-1=bB1;4,-1=wA3;5,-2=bA3;5,0=wB2;6,-2=wS2;6,-1=wA2;7,-5=wG3;7,-4=bQ;7,-3=wS1;8,-5=wA1
40	58	0.379949	adjudicated	G1|w|58|29|29|-4,1=wG2;-4,2=bB2;-4,3=bA2;-3,1=bA1;-3,3=wQ;-2,1=bG2;-1,0=wG1;-1,1=bG3;0,0=wB1;1,-1=bG1;2,-2=bS1;3,-2=bS2;3,-1=bB1;4,-1=wA3;5,-2=bA3;5,0=wB2;6,-2=wS2;6,-1=wA2;7,-5=wG3;7,-4=bQ;7,-3=wS1;8,-5=wA1
40	60	0.379949	adjudicated	G1|w|60|30|30|-5,1=bG3;-4,1=wG2;-4,2=bB2;-4,3=bA2;-3,1=bA1;-3,3=wQ;-2,1=bG2;-1,0=wG1;0,0=wB1;1,-1=bG1;2,-2=bS1;3,-2=bS2;3,-1=bB1;4,-1=wA3;5,-2=bA3;5,0=wB2;6,-2=wS2;6,-1=wA2;7,-5=wG3;7,-4=bQ;7,-3=wS1;8,-4=wA1
40	62	0.379949	adjudicated	G1|w|62|31|31|-5,1=bG3;-4,1=wG2;-4,2=bB2;-4,3=bA2;-3,2=wQ;-2,1=bG2;-2,2=bA1;-1,0=wG1;0,0=wB1;1,-1=bG1;2,-2=bS1;3,-2=bS2;3,-1=bB1;4,-1=wA3;5,-2=bA3;5,0=wB2;6,-2=wS2;6,-1=wA2;7,-5=wG3;7,-4=bQ;7,-3=wS1;8,-4=wA1
40	64	0.379949	adjudicated	G1|w|64|32|32|-4,1=wG2;-4,2=bB2;-4,3=bA2;-3,1=bG3;-3,2=wQ;-2,1=bG2;-2,2=bA1;-1,0=wG1;0,0=wB1;1,-1=bG1;2,-2=bS1;3,-2=bS2;3,-1=bB1;4,-1=wA3;5,-2=bA3;6,-2=wS2;6,-1=wA2,wB2;7,-5=wG3;7,-4=bQ;7,-3=wS1;8,-4=wA1
40	66	0.379949	adjudicated	G1|w|66|33|33|-4,2=bB2;-3,1=bG3;-3,2=wQ;-3,3=bA2;-2,1=bG2;-2,2=bA1;-1,0=wG1;-1,1=wG2;0,0=wB1;1,-1=bG1;2,-2=bS1;3,-2=bS2;3,-1=bB1;4,-1=wA3;5,-2=bA3;6,-2=wS2;6,-1=wA2,wB2;7,-5=wG3;7,-4=bQ;7,-3=wS1;8,-4=wA1
40	68	0.379949	adjudicated	G1|w|68|34|34|-4,2=bB2;-4,3=bA2;-3,1=bG3;-3,2=wQ;-2,1=bG2;-2,2=bA1;-1,-1=wG2;-1,0=wG1;0,0=wB1;1,-1=bG1;2,-2=bS1;3,-2=bS2;3,-1=bB1;4,-1=wA3;5,-2=bA3;6,-2=wS2;6,-1=wA2,wB2;7,-5=wG3;7,-4=bQ;7,-3=wS1;8,-4=wA1
40	70	0.379949	adjudicated	G1|w|70|35|35|-4,2=bB2;-3,1=bG3;-3,2=wQ;-2,1=bG2;-2,2=bA1;-1,-1=wG2;-1,0=wG1;0,0=wB1;1,-1=bG1;2,-2=bS1;3,-2=bS2;3,-1=bB1;4,-1=wA3;5,-2=bA3;6,-2=wS2,wB2;6,-1=wA2;7,-5=wG3;7,-4=bQ;7,-3=wS1;8,-4=wA1;9,-4=bA2
40	72	0.379949	adjudicated	G1|w|72|36|36|-5,4=bA2;-4,2=bB2;-4,3=wQ;-3,1=bG3;-2,1=bG2;-2,2=bA1;-1,-1=wG2;-1,0=wG1;0,0=wB1;1,-1=bG1;2,-2=bS1;3,-2=bS2;3,-1=bB1;4,-1=wA3;5,-2=bA3;6,-2=wS2,wB2;6,-1=wA2;7,-5=wG3;7,-4=bQ;7,-3=wS1;8,-4=wA1
40	74	0.379949	adjudicated	G1|w|74|37|37|-5,4=bA2;-4,2=bB2;-4,3=wQ;-3,1=bG3;-2,1=bG2;-2,2=bA1;-1,-1=wG2;-1,0=wG1;0,0=wB1;1,-1=bG1;2,-2=bS1;3,-2=bS2;3,-1=bB1;4,-1=wA3;5,-2=bA3;6,-4=bQ;6,-2=wS2,wB2;7,-5=wG3;7,-3=wS1;8,-5=wA2;8,-4=wA1
40	76	0.379949	adjudicated	G1|w|76|38|38|-5,4=bA2;-4,2=bB2;-4,3=wQ;-3,1=bG3;-3,2=bA1;-2,1=bG2;-1,-1=wG2;-1,0=wG1;0,0=wB1;1,-1=bG1;2,-2=bS1;3,-2=bS2;3,-1=bB1;4,-1=wA3;5,-2=bA3;6,-4=bQ;6,-3=wB2;6,-2=wS2;7,-5=wG3;7,-3=wS1;8,-5=wA2;8,-4=wA1
40	78	0.379949	adjudicated	G1|w|78|39|39|-5,3=bG3;-5,4=bA2;-4,2=bB2;-4,3=wQ;-3,2=bA1;-2,1=bG2;-1,-1=wG2;-1,0=wG1;0,0=wB1;1,-1=bG1;2,-2=bS1;3,-2=bS2;3,-1=bB1;4,-1=wA3;5,-4=wA2;5,-2=bA3;6,-4=bQ;6,-3=wB2;6,-2=wS2;7,-5=wG3;7,-3=wS1;8,-4=wA1
40	80	0.379949	adjudicated	G1|w|80|40|40|-5,3=bG3;-5,4=bA2;-4,2=bB2;-4,4=wQ;-3,2=bA1;-2,1=bG2;-1,-1=wG2;-1,0=wG1;0,0=wB1;1,-1=bG1;2,-2=bS1;3,-2=bS2;3,-1=bB1;4,-1=wA3;5,-4=wA2;5,-2=bA3;6,-4=bQ;6,-3=wB2;6,-2=wS2;7,-5=wG3;7,-3=wS1;8,-4=wA1
40	82	0.379949	adjudicated	G1|w|82|41|41|-5,3=bG3;-5,4=bA2;-4,2=bB2;-4,4=wQ;-3,2=bA1;-2,1=bG2;-1,-1=wG2;-1,0=wG1;0,0=wB1;1,-1=bG1;2,-2=bS1;3,-2=bS2;3,-1=bB1;4,-1=wA3;5,-4=wA2;5,-2=bA3;6,-4=bQ;6,-3=wB2;6,-2=wS2;7,-5=wG3;7,-4=wA1;7,-3=wS1
40	84	0.379949	adjudicated	G1|w|84|42|42|-5,3=bG3;-5,4=bA2;-4,2=bB2;-4,4=wQ;-3,2=bA1;-2,1=bG2;-1,0=wG1;-1,1=wG2;0,0=wB1;1,-1=bG1;2,-2=bS1;3,-2=bS2;3,-1=bB1;4,-1=wA3;5,-4=wA2;5,-2=bA3;6,-4=bQ;6,-3=wB2;6,-2=wS2;7,-5=wG3;7,-4=wA1;7,-3=wS1
40	86	0.379949	adjudicated	G1|w|86|43|43|-5,3=bG3;-5,4=bA2;-4,2=bB2;-4,4=wQ;-3,2=bA1;-2,1=bG2;-1,0=wG1;-1,1=wG2;0,0=wB1;1,-1=bG1;2,-2=bS1;3,-2=bS2;3,-1=bB1;4,-1=wA3;5,-3=wA2;5,-2=bA3;6,-5=bQ;6,-3=wB2;6,-2=wS2;7,-5=wG3;7,-4=wA1;7,-3=wS1
40	88	0.379949	adjudicated	G1|w|88|44|44|-5,3=bG3;-5,4=bA2;-4,2=bB2;-4,4=wQ;-3,2=bA1;-2,1=bG2;-1,1=wG2;0,0=wB1;1,-1=bG1;1,0=wG1;2,-2=bS1;3,-2=bS2;3,-1=bB1;4,-1=wA3;5,-3=wA2;5,-2=bA3;6,-3=wB2;6,-2=wS2;7,-6=bQ;7,-5=wG3;7,-4=wA1;7,-3=wS1
40	90	0.379949	adjudicated	G1|w|90|45|45|-5,3=bG3;-5,4=bA2;-4,2=bB2;-4,4=wQ;-3,2=bA1;-2,1=bG2;-1,1=wG2;0,0=wB1;1,-1=bG1;1,0=wG1;2,-2=bS1;3,-2=bS2;3,-1=bB1;4,-1=wA3;5,-2=bA3;6,-3=wB2;6,-2=wS2;7,-6=bQ;7,-5=wG3;7,-4=wA1;7,-3=wS1;8,-7=wA2
40	92	0.379949	adjudicated	G1|w|92|46|46|-5,3=bG3;-5,4=bA2;-4,2=bB2;-4,4=wQ;-3,2=bA1;-2,1=bG2;-1,1=wG2;0,0=wB1;1,-1=bG1;1,0=wG1;2,-2=bS1;3,-2=bS2;3,-1=bB1;4,-1=wA3;5,-2=bA3;6,-5=bQ;6,-3=wB2;6,-2=wS2;7,-5=wG3;7,-4=wA1;8,-7=wA2;8,-6=wS1
40	94	0.379949	adjudicated	G1|w|94|47|47|-5,3=bG3;-5,4=bA2;-4,2=bB2;-4,4=wQ;-3,2=bA1;-2,1=bG2;-1,1=wG2;0,0=wB1;1,-1=bG1;1,0=wG1;2,-2=bS1;3,-2=bS2;3,-1=bB1;4,-1=wA3;5,-2=bA3;6,-6=wA2;6,-5=bQ;6,-3=wB2;6,-2=wS2;7,-5=wG3;7,-4=wA1;8,-6=wS1
40	96	0.379949	adjudicated	G1|w|96|48|48|-5,3=bG3;-5,4=bA2;-4,2=bB2;-4,4=wQ;-3,2=bA1;-2,1=bG2;-1,1=wG2;0,0=wB1;1,-1=bG1;1,0=wG1;2,-2=bS1;3,-2=bS2;3,-1=bB1;4,-1=wA3;5,-2=bA3;6,-6=wA2;6,-5=bQ;6,-3=wB2;6,-2=wS2;7,-5=wG3;7,-4=wA1;7,-3=wS1
41	0	-1.000000	terminal	G1|w|0|0|0|
41	7	-1.000000	terminal	G1|b|7|4|3|-2,3=bS2;-1,1=bA1;-1,2=bS1;0,0=wS1;1,0=wS2;1,1=wG1;2,1=wQ
41	9	-1.000000	terminal	G1|b|9|5|4|-2,3=bS2;-2,4=bQ;-1,1=bA1;-1,2=bS1;0,0=wS1;1,-1=wG2;1,0=wS2;1,1=wG1;2,1=wQ
41	11	-1.000000	terminal	G1|b|11|6|5|-2,2=bB1;-2,3=bS2;-2,4=bQ;-1,1=bA1;-1,2=bS1;0,0=wS1;1,-1=wG2;1,0=wS2;1,1=wG1;2,-2=wB1;2,1=wQ
41	13	-1.000000	terminal	G1|b|13|7|6|-2,2=bB1;-2,3=bS2;-2,4=bQ;-1,1=bA1;0,0=wS1;1,-1=wG2;1,0=wS2;1,1=wG1;1,2=bS1;2,-2=wB1;2,2=wQ
41	15	-1.000000	terminal	G1|b|15|8|7|-2,2=bB1;-2,3=bS2;-2,4=bQ;-1,1=bA1;0,0=wS1;0,3=bG1;1,-1=wG2;1,0=wS2;1,1=wG1;1,2=bS1;2,-2=wB1;2,0=wB2;2,2=wQ
41	17	-1.000000	terminal	G1|b|17|9|8|-2,2=bB1;-2,3=bS2;-2,4=bQ;-1,1=bA1;0,0=wS1;1,-1=wG2;1,0=wS2;1,1=wG1;1,2=bS1;1,3=wQ;2,-2=wB1;2,0=wB2;2,1=bG1
41	19	-1.000000	terminal	G1|b|19|10|9|-2,2=bB1;-2,3=bS2;-2,4=bQ;-1,1=bA1;0,0=wS1;0,3=bG1;0,4=wQ;1,-1=wG2;1,0=wS2;1,1=wG1;1,2=bS1;2,-2=wB1;2,0=wB2
41	21	-1.000000	terminal	G1|b|21|11|10|-2,2=bB1;-2,3=bS2;-2,4=bQ;-1,1=bA1;0,-1=wG3;0,0=wS1;0,3=bG1;0,4=wQ;1,-1=wG2;1,0=wS2;1,1=wG1;1,2=bS1;2,-2=wB1;2,0=wB2;2,2=bG2
41	23	-1.000000	terminal	G1|b|23|12|11|-2,2=bB1;-2,3=bS2;-2,4=bQ;-1,1=bA1;-1,4=wQ;0,-1=wG3;0,0=wS1;0,3=bG1;1,-1=wG2;1,0=wS2;1,1=wG1;1,2=bS1;2,-2=wB1;2,0=wB2;2,2=bG2;3,1=bG3
41	25	-1.000000	terminal	G1|b|25|13|12|-2,1=bS2;-2,2=bB1;-2,4=bQ;-1,-1=wA1;-1,1=bA1;-1,4=wQ;0,-1=wG3;0,0=wS1;0,3=bG1;1,-1=wG2;1,0=wS2;1,1=wG1;1,2=bS1;2,-2=wB1;2,0=wB2;2,2=bG2;3,1=bG3
41	27	-1.000000	terminal	G1|b|27|14|13|-3,2=bA2;-2,1=bS2;-2,2=bB1;-2,3=wA1;-2,4=bQ;-1,1=bA1;-1,4=wQ;0,-1=wG3;0,0=wS1;0,3=bG1;1,-1=wG2;1,0=wS2;1,1=wG1;1,2=bS1;2,-2=wB1;2,0=wB2;2,2=bG2;3,1=bG3
41	29	-1.000000	terminal	G1|b|29|15|14|-3,2=bA2;-3,5=bB2;-2,1=bS2;-2,2=bB1;-2,4=bQ;-1,1=bA1;-1,4=wQ;0,-1=wG3;0,0=wS1;0,3=bG1;1,-1=wG2;1,0=wS2;1,1=wG1;1,2=bS1;2,-2=wB1;2,0=wB2;2,2=bG2;3,-1=wA1;3,1=bG3
41	31	-1.000000	terminal	G1|b|31|16|15|-3,4=wA1;-3,5=bB2;-2,1=bS2;-2,2=bB1;-2,4=bQ;-1,1=bA1;-1,4=wQ;0,-1=wG3;0,0=wS1;0,3=bG1;0,4=bA2;1,-1=wG2;1,0=wS2;1,1=wG1;1,2=bS1;2,-2=wB1;2,0=wB2;2,2=bG2;3,1=bG3
41	33	-1.000000	terminal	G1|b|33|17|16|-4,5=bB2;-3,4=wA1;-2,1=bS2;-2,2=bB1;-2,4=bQ;-1,1=bA1;-1,4=wQ;0,-1=wG3;0,0=wS1;0,3=bG1;0,4=bA2;1,-1=wG2;1,0=wS2,wB2;1,1=wG1;1,2=bS1;2,-2=wB1;2,2=bG2;3,1=bG3
41	35	-1.000000	terminal	G1|b|35|18|17|-4,5=bB2;-3,4=wA1;-2,1=bS2;-2,2=bB1;-2,4=bQ;-1,1=bA1;-1,4=wQ;0,-1=wG3;0,0=wS1;0,1=wB2;0,3=bG1;1,-1=wG2;1,0=wS2;1,1=wG1;1,2=bS1;2,-3=bA2;2,-2=wB1;2,2=bG2;3,1=bG3
41	37	-1.000000	terminal	G1|b|37|19|18|-4,5=bB2;-3,4=wA1;-2,1=bS2;-2,2=bB1;-2,4=bQ;-1,1=bA1;-1,4=wQ;-1,5=bA2;0,0=wS1;0,1=wB2;0,3=bG1;1,-1=wG2;1,0=wS2;1,1=wG1;1,2=bS1;2,-2=wB1;2,-1=wG3;2,2=bG2;3,1=bG3
41	39	-1.000000	terminal	G1|b|39|20|19|-4,5=bB2;-3,4=wA1;-2,1=bS2;-2,2=bB1;-2,4=bQ;-2,6=bA3;-1,1=bA1;-1,4=wQ;-1,5=bA2;0,0=wS1;0,1=wB2;0,3=bG1;1,-2=wB1;1,-1=wG2;1,0=wS2;1,1=wG1;1,2=bS1;2,-1=wG3;2,2=bG2;3,1=bG3
41	41	-1.000000	terminal	G1|b|41|21|20|-4,5=bB2;-3,4=wA1;-2,1=bS2;-2,2=bB1;-2,4=bQ;-1,1=bA1,wB2;-1,4=wQ;-1,5=bA2;0,0=wS1;0,3=bG1;0,4=bA3;1,-2=wB1;1,-1=wG2;1,0=wS2;1,1=wG1;1,2=bS1;2,-1=wG3;2,2=bG2;3,1=bG3
41	43	-1.000000	terminal	G1|b|43|22|21|-3,4=wA1,bB2;-2,1=bS2;-2,2=bB1;-2,4=bQ;-1,1=bA1,wB2;-1,4=wQ;-1,5=bA2;0,0=wS1;0,1=wA2;0,3=bG1;0,4=bA3;1,-2=wB1;1,-1=wG2;1,0=wS2;1,1=wG1;1,2=bS1;2,-1=wG3;2,2=bG2;3,1=bG3
41	45	-1.000000	terminal	G1|b|45|23|22|-3,4=wA1,bB2;-2,1=bS2;-2,3=wG3;-2,4=bQ;-1,1=bA1,wB2;-1,2=bB1;-1,4=wQ;-1,5=bA2;0,0=wS1;0,1=wA2;0,3=bG1;0,4=bA3;1,-2=wB1;1,-1=wG2;1,0=wS2;1,1=wG1;1,2=bS1;2,2=bG2;3,1=bG3
41	47	-1.000000	terminal	G1|b|47|24|23|-3,4=wA1,bB2;-3,5=bQ;-2,1=bS2;-2,3=wG3;-2,5=wQ;-1,1=bA1,wB2;-1,2=bB1;-1,5=bA2;0,0=wS1;0,1=wA2;0,3=bG1;0,4=bA3;1,-2=wB1;1,-1=wG2;1,0=wS2;1,1=wG1;1,2=bS1;2,2=bG2;3,1=bG3
41	49	-1.000000	terminal	G1|b|49|25|24|-3,4=wA1,bB2;-3,6=bQ;-2,1=bS2;-2,3=wG3;-2,5=wQ;-1,1=bA1,wB2;-1,2=bB1;-1,5=bA2;0,0=wS1;0,1=wA2;0,3=bG1;0,4=bA3;1,-2=wB1;1,-1=wG2;1,0=wS2;1,1=wG1;1,2=bS1;2,0=wA3;2,2=bG2;3,1=bG3
41	51	-1.000000	terminal	G1|b|51|26|25|-4,6=wA1;-3,6=bQ;-2,1=bS2;-2,3=wG3;-2,4=bB2;-2,5=wQ;-1,1=bA1,wB2;-1,2=bB1;-1,5=bA2;0,0=wS1;0,1=wA2;0,3=bG1;0,4=bA3;1,-2=wB1;1,-1=wG2;1,0=wS2;1,1=wG1;1,2=bS1;2,0=wA3;2,2=bG2;3,1=bG3
41	53	-1.000000	terminal	G1|b|53|27|26|-4,6=wA1;-4,7=wA3;-3,6=bQ;-2,1=bS2;-2,3=wG3;-2,4=bB2;-2,5=wQ;-1,1=bA1,wB2;-1,2=bB1;-1,5=bA2;0,0=wS1;0,1=wA2;0,4=bA3;1,-2=wB1;1,-1=wG2;1,0=wS2;1,1=wG1;1,2=bS1;2,1=bG1;2,2=bG2;3,1=bG3
41	55	-1.000000	terminal	G1|b|55|28|27|-4,6=wA1;-4,7=wA3;-3,6=bQ;-2,1=bS2;-2,3=wG3;-2,4=bB2;-2,5=wQ;-1,1=bA1,wB2;-1,2=bB1;-1,4=bS1;-1,5=bA2;0,-1=wB1;0,0=wS1;0,1=wA2;0,4=bA3;1,-1=wG2;1,0=wS2;1,1=wG1;2,1=bG1;2,2=bG2;3,1=bG3
41	57	-1.000000	terminal	G1|b|57|29|28|-6,9=wA1;-5,8=bA3;-4,7=wA3;-3,6=bQ;-2,1=bS2;-2,3=wG3;-2,4=bB2;-2,5=wQ;-1,1=bA1,wB2;-1,2=bB1;-1,4=bS1;-1,5=bA2;0,-1=wB1;0,0=wS1;0,1=wA2;1,-1=wG2;1,0=wS2;1,1=wG1;2,1=bG1;2,2=bG2;3,1=bG3
41	59	-1.000000	terminal	G1|b|59|30|29|-5,8=bA3;-4,7=wA3;-3,6=bQ;-3,7=wA1;-2,1=bS2;-2,3=wG3;-2,4=bB2;-2,5=wQ;-1,1=bA1,wB2;-1,2=bB1;-1,4=bS1;-1,5=bA2;0,-1=wB1;0,0=wS1;0,1=wA2;1,-1=wG2;1,0=wS2;1,1=wG1;2,0=bG2;2,1=bG1;3,1=bG3
41	61	-1.000000	terminal	G1|b|61|31|30|-4,7=wA3;-3,6=bQ;-3,7=wA1;-2,1=bS2;-2,2=wB2;-2,3=wG3;-2,4=bB2;-2,5=wQ;-1,1=bA1;-1,2=bB1;-1,4=bS1;-1,5=bA2;0,-1=wB1;0,0=wS1;0,1=wA2;1,-1=wG2;1,0=wS2;1,1=wG1;2,-1=bA3;2,0=bG2;2,1=bG1;3,1=bG3
41	63	-1.000000	terminal	G1|b|63|32|31|-4,7=wA3;-3,6=bQ;-3,7=wA1;-3,8=bA3;-2,1=bS2;-2,3=wG3,wB2;-2,4=bB2;-2,5=wQ;-1,1=bA1;-1,2=bB1;-1,4=bS1;-1,5=bA2;0,-1=wB1;0,0=wS1;0,1=wA2;1,-1=wG2;1,0=wS2;1,1=wG1;2,0=bG2;2,1=bG1;3,1=bG3
41	65	-1.000000	terminal	G1|b|65|33|32|-4,7=wA3;-3,6=bQ;-3,7=wA1;-3,8=bA3;-2,1=bS2;-2,3=wG3,wB2;-2,4=bB2;-2,5=wQ;-1,1=bA1;-1,2=bB1;-1,4=bS1;-1,5=bA2;0,0=wS1;0,1=wA2;0,2=bG2;1,-1=wG2,wB1;1,0=wS2;1,1=wG1;2,1=bG1;3,1=bG3
41	67	-1.000000	terminal	G1|b|67|34|33|-4,7=wA3;-3,6=bQ;-3,7=wA1;-3,8=bA3;-3,9=bA2;-2,1=bS2;-2,3=wG3,wB2;-2,4=bB2;-2,5=wQ;-1,1=bA1;-1,2=bB1;-1,4=bS1;0,0=wS1;0,1=wA2;0,2=bG2;1,-2=wS2;1,-1=wG2,wB1;1,1=wG1;2,1=bG1;3,1=bG3
41	69	-1.000000	terminal	G1|b|69|35|34|-4,7=wA3;-3,6=bQ;-3,7=wA1;-3,8=bA3;-2,1=bS2;-2,3=wG3,wB2;-2,4=bB2;-2,5=wQ;-1,1=bA1;-1,2=bB1;-1,4=bS1;-1,5=bA2;0,0=wS1;0,1=wA2;0,2=bG2;1,-2=wS2;1,-1=wG2;1,1=wG1;2,-2=wB1;2,1=bG1;3,1=bG3
41	71	-1.000000	terminal	G1|b|71|36|35|-4,7=wA3;-3,6=bQ;-3,7=wA1;-2,0=wS2;-2,1=bS2;-2,3=wG3,wB2;-2,4=bB2;-2,5=wQ;-1,1=bA1;-1,2=bB1;-1,4=bS1;-1,5=bA2;0,0=wS1;0,1=wA2;0,2=bG2;1,-1=wG2;1,1=wG1;2,-2=wB1;2,1=bG1;3,1=bG3;4,0=bA3
41	73	-1.000000	terminal	G1|b|73|37|36|-4,7=wA3;-3,6=bQ;-3,7=wA1;-2,0=wS2;-2,1=bS2;-2,3=wG3,wB2;-2,4=bB2;-2,5=wQ;-1,1=bA1;-1,2=bB1;-1,4=bS1;-1,5=bA2;0,0=wS1;0,1=wA2;0,2=bG2;1,-2=wB1;1,-1=wG2;1,1=wG1;2,1=bG1;2,2=bA3;3,1=bG3
41	75	-1.000000	terminal	G1|b|75|38|37|-4,7=wA3;-3,6=bQ;-3,7=wA1;-2,0=wS2;-2,1=bS2;-2,3=wG3;-2,4=bB2,wB2;-2,5=wQ;-1,1=bA1;-1,2=bB1;-1,4=bS1;-1,5=bA2;0,0=wS1;0,1=wA2;0,2=bG2;1,-2=wB1;1,-1=wG2;1,1=wG1;2,1=bG1;3,1=bG3;4,1=bA3
41	77	-1.000000	terminal	G1|b|77|39|38|-3,5=bA3;-3,6=bQ;-3,7=wA1;-2,0=wS2;-2,1=bS2;-2,3=wG3;-2,4=bB2,wB2;-2,5=wQ;-1,1=bA1;-1,2=bB1;-1,4=bS1;-1,5=bA2;0,0=wS1;0,1=wA2;0,2=bG2;1,-2=wB1;1,-1=wG2;1,1=wG1;2,1=bG1;2,2=wA3;3,1=bG3
41	79	-1.000000	terminal	G1|b|79|40|39|-4,7=wA3;-3,5=bA3;-3,6=bQ;-3,7=wA1;-2,0=wS2;-2,1=bS2;-2,3=wG3;-2,4=bB2,wB2;-2,5=wQ;-1,1=bA1;-1,2=bB1;-1,4=bS1;-1,5=bA2;0,-1=bG2;0,0=wS1;0,1=wA2;1,-2=wB1;1,-1=wG2;1,1=wG1;2,1=bG1;3,1=bG3
41	81	-1.000000	terminal	G1|b|81|41|40|-4,7=wA3;-4,8=bA3;-3,6=bQ;-3,7=wA1;-2,0=wS2;-2,1=bS2;-2,3=wG3;-2,4=bB2,wB2;-2,5=wQ;-1,1=bA1;-1,2=bB1;-1,4=bS1;-1,5=bA2;0,-1=bG2;0,0=wS1;0,1=wA2;1,-1=wG2,wB1;1,1=wG1;2,1=bG1;3,1=bG3
41	83	-1.000000	terminal	G1|b|83|42|41|-4,3=wS2;-4,7=wA3;-3,3=bA3;-3,6=bQ;-3,7=wA1;-2,1=bS2;-2,3=wG3;-2,4=bB2,wB2;-2,5=wQ;-1,1=bA1;-1,2=bB1;-1,4=bS1;-1,5=bA2;0,-1=bG2;0,0=wS1;0,1=wA2;1,-1=wG2,wB1;1,1=wG1;2,1=bG1;3,1=bG3
41	85	-1.000000	terminal	G1|b|85|43|42|-4,3=wS2;-4,7=wA3;-3,2=wA1;-3,3=bA3;-3,6=bQ;-2,1=bS2;-2,3=wG3;-2,4=bB2,wB2;-2,5=wQ;-1,1=bA1;-1,2=bB1;-1,4=bS1;-1,5=bA2;0,0=wS1;0,1=wA2;1,-1=wG2,wB1;1,1=wG1;2,-1=bG2;2,1=bG1;3,1=bG3
41	87	-1.000000	terminal	G1|b|87|44|43|-4,3=wS2;-4,7=wA3;-3,2=wA1;-3,4=bA3;-3,5=wB2;-3,6=bQ;-2,1=bS2;-2,3=wG3;-2,4=bB2;-2,5=wQ;-1,1=bA1;-1,2=bB1;-1,4=bS1;-1,5=bA2;0,0=wS1;0,1=wA2;1,-1=wG2,wB1;1,1=wG1;2,-1=bG2;2,1=bG1;3,1=bG3
42	0	1.000000	terminal	G1|w|0|0|0|
42	6	1.000000	terminal	G1|w|6|3|3|-2,3=bA2;-1,2=bS1;0,0=wS1;0,1=bA1;1,-2=wA2;1,-1=wA1
42	8	1.000000	terminal	G1|w|8|4|4|-2,3=bA2;-2,4=bQ;-1,0=wQ;-1,2=bS1;0,0=wS1;0,1=bA1;1,-2=wA2;1,-1=wA1
42	10	1.000000	terminal	G1|w|10|5|5|-3,4=wA2;-3,5=bQ;-2,3=bA2;-1,0=wQ;-1,2=bS1;0,0=wS1;0,1=bA1;1,-1=wA1
42	12	1.000000	terminal	G1|w|12|6|6|-3,4=wA2;-2,3=bA2;-2,4=wA1;-2,5=bQ;-1,0=wQ;-1,2=bS1;0,0=wS1;0,1=bA1
42	14	1.000000	terminal	G1|w|14|7|7|-3,6=wA2;-2,2=bA3;-2,3=bA2;-2,4=wA1;-2,5=bQ;-1,0=wQ;-1,2=bS1;0,0=wS1;0,1=bA1
42	16	1.000000	terminal	G1|w|16|8|8|-4,7=wS2;-3,6=wA2;-2,3=bA2;-2,4=wA1;-2,5=bQ;-1,-1=bA3;-1,0=wQ;-1,2=bS1;0,0=wS1;0,1=bA1
42	18	1.000000	terminal	G1|w|18|9|9|-3,6=wA2;-2,3=bA2;-2,4=wA1;-2,5=bQ;-1,-1=bA3;-1,0=wQ;-1,2=bS1;-1,5=wS2;0,0=wS1;0,1=bA1;1,1=bG1
42	20	1.000000	terminal	G1|w|20|10|10|-3,6=wA2;-2,3=bA2;-2,4=wA1;-2,5=bQ;-1,-1=bA3;-1,0=wQ;-1,1=bG1;-1,2=bS1;-1,5=wS2;0,0=wS1;0,1=bA1;0,4=wB1
42	22	1.000000	terminal	G1|w|22|11|11|-3,6=wA2;-2,1=bA1;-2,3=bA2;-2,4=wA1;-2,5=bQ;-1,-1=bA3;-1,0=wQ;-1,1=bG1;-1,2=bS1;-1,5=wS2;0,2=wS1;0,4=wB1
42	24	1.000000	terminal	G1|w|24|12|12|-4,6=wA3;-3,6=wA2;-2,1=bA1;-2,3=bA2;-2,4=wA1;-2,5=bQ;-1,0=wQ;-1,1=bG1;-1,2=bS1;-1,5=wS2;0,-1=bA3;0,2=wS1;0,4=wB1
42	26	1.000000	terminal	G1|w|26|13|13|-3,3=bS2;-3,5=wA3;-3,6=wA2;-2,1=bA1;-2,3=bA2;-2,4=wA1;-2,5=bQ;-1,0=wQ;-1,1=bG1;-1,2=bS1;-1,5=wS2;0,-1=bA3;0,2=wS1;0,4=wB1
42	28	1.000000	terminal	G1|w|28|14|14|-3,2=bG2;-3,3=bS2;-3,5=wA3;-3,6=wA2;-2,1=bA1;-2,3=bA2;-2,4=wA1;-2,5=bQ;-1,0=wQ;-1,1=bG1;-1,2=bS1;-1,4=wB1;-1,5=wS2;0,-1=bA3;0,2=wS1
42	30	1.000000	terminal	G1|w|30|15|15|-3,2=bG2;-3,3=bS2;-3,5=wA3;-3,6=wA2;-2,1=bA1;-2,3=bA2;-2,4=wA1;-2,5=bQ;-1,0=wQ;-1,1=bG1;-1,2=bS1;-1,4=wB1;-1,5=wS2;0,-2=bB1;0,-1=bA3;0,2=wS1;0,5=wB2
42	32	1.000000	terminal	G1|w|32|16|16|-3,2=bG2;-3,3=bS2;-3,5=wA3;-3,6=wA2;-2,1=bA1;-2,3=bA2;-2,4=wA1;-2,5=bQ;-1,-1=bB1;-1,0=wQ;-1,1=bG1;-1,2=bS1;-1,4=wB1;-1,5=wS2;-1,6=wG1;0,-1=bA3;0,2=wS1;0,5=wB2
42	34	1.000000	terminal	G1|w|34|17|17|-3,2=bG2;-3,3=bS2;-3,5=wA3;-3,6=wA2;-2,1=bA1;-2,3=bA2;-2,4=wA1;-2,5=bQ;-1,-2=bG3;-1,-1=bB1;-1,0=wQ;-1,1=bG1;-1,2=bS1;-1,4=wB1;-1,5=wS2;-1,6=wG1;0,-1=bA3;0,2=wS1;0,5=wB2;1,2=wG2
42	36	1.000000	terminal	G1|w|36|18|18|-3,2=bG2;-3,3=bS2;-3,5=wA3;-3,6=wA2;-2,0=bA1;-2,2=wG2;-2,3=bA2;-2,4=wA1;-2,5=bQ;-1,-2=bG3;-1,-1=bB1;-1,0=wQ;-1,1=bG1;-1,2=bS1;-1,4=wB1;-1,5=wS2;-1,6=wG1;0,-1=bA3;0,2=wS1;0,5=wB2
43	0	0.000000	adjudicated	G1|w|0|0|0|
43	7	0.000000	adjudicated	G1|b|7|4|3|-1,0=wS1;-1,3=bS1;0,-1=wG1;0,0=wA1;0,1=bG1;0,2=bA1;1,-2=wQ
43	9	0.000000	adjudicated	G1|b|9|5|4|-1,-1=wS2;-1,0=wS1;-1,3=bS1;-1,4=bQ;0,-1=wG1;0,0=wA1;0,1=bG1;0,2=bA1;1,-2=wQ
43	11	0.000000	adjudicated	G1|b|11|6|5|-1,-2=wS1;-1,-1=wS2;-1,3=bS1;-1,4=bQ;0,-1=wG1;0,0=wA1;0,1=bG1;0,2=bA1;1,-2=wQ;1,1=bA2
43	13	0.000000	adjudicated	G1|b|13|7|6|-1,-2=wS1;-1,-1=wS2;-1,3=bS1;-1,4=bQ;0,-3=wG2;0,-1=wG1;0,0=wA1;0,1=bG1;0,2=bA1;1,-2=wQ;2,-2=bA2
43	15	0.000000	adjudicated	G1|b|15|8|7|-1,-2=wS1;-1,-1=wS2;-1,0=wA2;-1,3=bS1;-1,4=bQ;0,-3=wG2;0,-1=wG1;0,0=wA1;0,1=bG1;0,2=bA1;1,-2=wQ;1,2=bA3;2,-2=bA2
43	17	0.000000	adjudicated	G1|b|17|9|8|-1,-2=wS1;-1,-1=wS2;-1,0=wA2;-1,3=bS1;-1,4=bQ;0,-3=wG2;0,-1=wG1;0,0=wA1;0,1=bG1;0,2=bA1;1,-4=wA3;1,-2=wQ;2,-3=bA3;2,-2=bA2
43	19	0.000000	adjudicated	G1|b|19|10|9|-2,4=bQ;-2,5=wA2;-1,-2=wS1;-1,-1=wS2;-1,3=bS1;0,-3=wG2;0,-1=wG1;0,0=wA1;0,1=bG1;0,2=bA1;1,-4=wA3;1,-2=wQ;2,-3=bA3;2,-2=bA2
43	21	0.000000	adjudicated	G1|b|21|11|10|-3,4=wA3;-2,4=bQ;-2,5=wA2;-1,-2=wS1;-1,-1=wS2;-1,3=bS1;0,-3=wG2;0,-1=wG1;0,0=wA1;0,1=bG1;0,2=bA1;0,3=bG2;1,-2=wQ;2,-3=bA3;2,-2=bA2
43	23	0.000000	adjudicated	G1|b|23|12|11|-3,4=wA3;-2,4=bQ;-2,5=wA2;-1,-1=wS2;-1,3=bS1;0,-3=wG2;0,-2=bG2;0,-1=wG1;0,0=wA1;0,1=bG1;0,2=bA1;1,-4=wS1;1,-2=wQ;2,-3=bA3;2,-2=bA2
43	25	0.000000	adjudicated	G1|b|25|13|12|-4,4=wA2;-3,4=wA3;-2,4=bQ;-1,-1=wS2;-1,3=bS1;0,-3=wG2;0,-2=bG2;0,-1=wG1;0,0=wA1;0,1=bG1;0,2=bA1;1,-4=wS1;1,-2=wQ;1,2=bS2;2,-3=bA3;2,-2=bA2
43	27	0.000000	adjudicated	G1|b|27|14|13|-4,4=wA2;-3,4=wA3;-2,4=bQ;-1,-1=wS2;-1,3=bS1;0,-3=wG2;0,-2=bG2;0,0=wA1;0,1=bG1;0,2=bA1;1,-4=wS1;1,-2=wQ;1,-1=bS2;2,-3=bA3;2,-2=bA2;3,-4=wG1
43	29	0.000000	adjudicated	G1|b|29|15|14|-3,4=wA3;-2,3=wA2;-2,4=bQ;-1,-1=wS2;-1,3=bS1;0,-3=wG2;0,-2=bG2;0,0=wA1;0,1=bG1;0,2=bA1;1,-4=wS1;1,-2=wQ;1,-1=bS2;1,2=bG3;2,-3=bA3;2,-2=bA2;3,-4=wG1
43	31	0.000000	adjudicated	G1|b|31|16|15|-3,4=wA3;-2,3=wA2;-2,4=bQ;-1,-1=wS2;-1,3=bS1;0,-4=wB1;0,-3=wG2;0,-2=bG2;0,0=wA1;0,1=bG1;0,2=bA1;1,-4=wS1;1,-2=wQ;1,-1=bS2;1,2=bG3;2,-3=bA3;2,1=bA2;3,-4=wG1
43	33	0.000000	adjudicated	G1|b|33|17|16|-2,3=wA2;-1,-1=wS2;-1,3=bS1;-1,4=bQ;0,-4=wB1;0,-3=wG2;0,-2=bG2;0,0=wA1;0,1=bG1;0,2=bA1;0,4=wA3;1,-4=wS1;1,-2=wQ;1,-1=bS2;1,2=bG3;2,-3=bA3;2,1=bA2;3,-4=wG1
43	35	0.000000	adjudicated	G1|b|35|18|17|-1,-1=wS2;-1,3=bS1;-1,4=bQ;-1,5=wA2;0,-4=wB1;0,-3=wG2;0,-2=bG2;0,0=wA1;0,1=bG1;0,2=bA1;0,4=wA3;1,-4=wS1;1,-2=wQ;1,-1=bS2;1,2=bG3;2,-3=bA3;2,-2=bA2;3,-4=wG1
43	37	0.000000	adjudicated	G1|b|37|19|18|-2,3=bB1;-2,5=wA3;-1,-1=wS2;-1,3=bS1;-1,4=bQ;-1,5=wA2;0,-4=wB1;0,-3=wG2;0,-2=bG2;0,0=wA1;0,1=bG1;0,2=bA1;1,-4=wS1;1,-2=wQ;1,-1=bS2;1,2=bG3;2,-3=bA3;2,-2=bA2;3,-4=wG1
43	39	0.000000	adjudicated	G1|b|39|20|19|-2,3=bB1;-2,5=wA3;-1,-1=wS2;-1,0=wB2;-1,3=bS1;-1,4=bQ;-1,5=wA2;0,-4=wB1;0,-3=wG2;0,-2=bG2;0,0=wA1;0,1=bG1;0,2=bA1;1,-4=wS1;1,-2=wQ;1,-1=bS2;1,2=bG3;2,-3=bA3;2,-2=bA2;2,2=bB2;3,-4=wG1
43	41	0.000000	adjudicated	G1|b|41|21|20|-2,3=bB1;-2,5=wA3;-1,-1=wS2;-1,0=wB2;-1,3=bS1;-1,4=bQ;-1,5=wA2;-1,6=wG3;0,-4=wB1;0,-3=wG2;0,-2=bG2;0,0=wA1;0,1=bG1;0,2=bA1;1,-4=wS1;1,-2=wQ;1,-1=bS2;1,2=bG3,bB2;2,-3=bA3;2,-2=bA2;3,-4=wG1
43	43	0.000000	adjudicated	G1|b|43|22|21|-1,-1=wS2;-1,0=wB2;-1,3=bS1,bB1;-1,4=bQ;-1,5=wA2;-1,6=wG3;0,-4=wB1;0,-3=wG2;0,-2=bG2;0,0=wA1;0,1=bG1;0,2=bA1;0,3=wA3;1,-4=wS1;1,-2=wQ;1,-1=bS2;1,2=bG3,bB2;2,-3=bA3;2,-2=bA2;3,-4=wG1
43	45	0.000000	adjudicated	G1|b|45|23|22|-1,-1=wS2;-1,0=wB2;-1,2=wG3;-1,3=bS1,bB1;-1,4=bQ;-1,5=wA2;0,-4=wB1;0,-3=wG2;0,-2=bG2;0,0=wA1;0,1=bG1;0,2=bA1;0,3=wA3,bB2;1,-4=wS1;1,-2=wQ;1,-1=bS2;1,2=bG3;2,-3=bA3;2,-2=bA2;3,-4=wG1
43	47	0.000000	adjudicated	G1|b|47|24|23|-1,-1=wS2;-1,0=wB2;-1,2=wG3,bB1;-1,3=bS1;-1,4=bQ;0,-4=wB1;0,-3=wG2;0,-2=bG2;0,0=wA1;0,1=bG1;0,2=bA1;0,3=wA3,bB2;0,4=wA2;1,-4=wS1;1,-2=wQ;1,-1=bS2;1,2=bG3;2,-3=bA3;2,-2=bA2;3,-4=wG1
43	49	0.000000	adjudicated	G1|b|49|25|24|-1,-1=wS2;-1,2=wG3,bB1;-1,4=bQ;-1,5=bS1;0,-4=wB1;0,-3=wG2;0,-2=bG2;0,0=wA1,wB2;0,1=bG1;0,2=bA1;0,3=wA3,bB2;0,4=wA2;1,-4=wS1;1,-2=wQ;1,-1=bS2;1,2=bG3;2,-3=bA3;2,-2=bA2;3,-4=wG1
43	51	0.000000	adjudicated	G1|b|51|26|25|-2,5=wA2;-1,-1=wS2;-1,2=wG3,bB1;-1,4=bQ;-1,5=bS1;0,-4=wB1;0,-3=wG2;0,-2=bG2;0,0=wA1,wB2;0,1=bG1;0,2=bA1;0,3=wA3,bB2;1,-4=wS1;1,-2=wQ;1,-1=bS2;1,2=bG3;1,3=bA2;2,-3=bA3;3,-4=wG1
43	53	0.000000	adjudicated	G1|b|53|27|26|-2,5=wA2;-1,-4=wS2;-1,2=wG3,bB1;-1,4=bQ;0,-4=wB1;0,-3=wG2;0,-2=bG2;0,0=wA1,wB2;0,1=bG1;0,2=bA1;0,3=wA3,bB2;1,-4=wS1;1,-2=wQ;1,-1=bS2;1,2=bG3;1,3=bA2;2,-3=bA3;2,3=bS1;3,-4=wG1
43	55	0.000000	adjudicated	G1|b|55|28|27|-2,2=bB1;-2,5=wA2;-1,-5=wS1;-1,-4=wS2;-1,2=wG3;-1,4=bQ;0,-4=wB1;0,-3=wG2;0,-2=bG2;0,0=wA1,wB2;0,1=bG1;0,2=bA1;0,3=wA3,bB2;1,-2=wQ;1,-1=bS2;1,2=bG3;1,3=bA2;2,-3=bA3;2,3=bS1;3,-4=wG1
43	57	0.000000	adjudicated	G1|b|57|29|28|-2,3=bB1;-2,5=wA2;-1,-5=wS1;-1,-4=wS2;-1,2=wG3;-1,4=bQ;0,-4=wB1;0,-3=wG2;0,-2=bG2;0,0=wA1;0,1=bG1,wB2;0,2=bA1;0,3=wA3,bB2;1,-2=wQ;1,-1=bS2;1,2=bG3;1,3=bA2;2,-3=bA3;2,3=bS1;3,-4=wG1
43	59	0.000000	adjudicated	G1|b|59|30|29|-2,3=bB1;-2,5=wA2;-1,-5=wS1;-1,-4=wS2;-1,2=wG3;-1,4=bQ;0,-4=wB1;0,-3=wG2;0,-2=bG2;0,0=wA1;0,1=bG1;0,2=bA1;0,3=wA3,bB2;1,-2=wQ;1,-1=bS2;1,0=wB2;1,1=bS1;1,2=bG3;1,3=bA2;2,-3=bA3;3,-4=wG1
43	61	0.000000	adjudicated	G1|b|61|31|30|-2,3=bB1;-1,-5=wS1;-1,-4=wS2;-1,2=wG3;-1,4=bQ;0,-6=wA2;0,-4=wB1;0,-3=wG2;0,-2=bG2;0,0=wA1;0,1=bG1;0,2=bA1;0,3=wA3,bB2;1,-3=bA2;1,-2=wQ;1,-1=bS2;1,0=wB2;1,1=bS1;1,2=bG3;2,-3=bA3;3,-4=wG1
43	63	0.000000	adjudicated	G1|b|63|32|31|-2,3=bB1;-2,5=wA2;-1,-5=wS1;-1,-4=wS2;-1,2=wG3;-1,4=bQ;0,-4=wB1;0,-3=wG2;0,-2=bG2;0,-1=bG1;0,0=wA1;0,2=bA1;0,3=wA3,bB2;1,-3=bA2;1,-2=wQ;1,-1=bS2;1,0=wB2;1,1=bS1;1,2=bG3;2,-3=bA3;3,-4=wG1
43	65	0.000000	adjudicated	G1|b|65|33|32|-3,6=bG3;-2,3=bB1;-2,5=wA2;-1,-5=wS1;-1,-4=wS2;-1,0=wG1;-1,2=wG3;-1,4=bQ;0,-4=wB1;0,-3=wG2;0,-2=bG2;0,-1=bG1;0,0=wA1;0,2=bA1;0,3=wA3,bB2;1,-3=bA2;1,-2=wQ;1,-1=bS2;1,0=wB2;1,1=bS1;2,-3=bA3
43	67	0.000000	adjudicated	G1|b|67|34|33|-3,6=bG3;-2,5=wA2;-1,-5=wS1;-1,-4=wS2;-1,0=wG1;-1,2=wG3,bB1;-1,3=wA1;-1,4=bQ;0,-4=wB1;0,-3=wG2;0,-2=bG2;0,-1=bG1;0,2=bA1;0,3=wA3,bB2;1,-3=bA2;1,-2=wQ;1,-1=bS2;1,0=wB2;1,1=bS1;2,-3=bA3
43	69	0.000000	adjudicated	G1|b|69|35|34|-3,6=bG3;-2,5=wA2;-1,-5=wS1;-1,-4=wS2;-1,0=wG1;-1,2=wG3,bB1;-1,4=bQ;-1,5=wA1;0,-4=wB1;0,-3=wG2;0,-2=bG2;0,-1=bG1;0,2=bA1;0,3=wA3,bB2;1,-2=wQ;1,-1=bS2;1,0=wB2;1,1=bS1;2,-3=bA3;2,-2=bA2
43	71	0.000000	adjudicated	G1|b|71|36|35|-3,6=bG3;-2,5=wA2;-1,-5=wS1;-1,-4=wS2;-1,0=wG1;-1,2=wG3,bB1;-1,4=bQ;-1,5=wA1;-1,6=bA3;0,-4=wB1;0,-3=wG2;0,-2=bG2;0,-1=bG1;0,2=bA1;0,3=wA3,bB2;1,-1=bS2;1,0=wB2;1,1=bS1;2,-3=wQ;2,-2=bA2
43	73	0.000000	adjudicated	G1|b|73|37|36|-3,6=bG3;-2,5=wA2;-1,-5=wS1;-1,-4=wS2;-1,0=wG1;-1,2=wG3,bB1;-1,4=bQ;-1,5=wA1;0,-4=wB1;0,-3=wG2;0,-2=bG2;0,-1=bG1;0,2=bA1;0,3=wA3,bB2;1,-3=bA3;1,-1=bS2;1,0=wB2;1,1=bS1;2,-2=bA2;3,-3=wQ
43	75	0.000000	adjudicated	G1|b|75|38|37|-3,5=wA1;-3,6=bG3;-2,5=wA2;-1,-5=wS1;-1,-4=wS2;-1,0=wG1;-1,2=wG3,bB1;-1,4=bQ;0,-4=wB1;0,-3=wG2;0,-2=bG2;0,-1=bG1;0,2=bA1;0,3=wA3,bB2;1,-1=bS2;1,0=wB2;1,1=bS1;2,-2=bA2;3,-3=wQ;3,-2=bA3
43	77	0.000000	adjudicated	G1|b|77|39|38|-3,4=bG3;-3,5=wA1;-2,5=wA2;-1,-5=wS1;-1,-4=wS2;-1,0=wG1;-1,2=wG3,bB1;-1,4=bQ;0,-4=wB1;0,-3=wG2;0,-2=bG2;0,-1=bG1;0,2=bA1;0,3=wA3,bB2;1,-1=bS2;1,0=wB2;1,1=bS1;2,-2=bA2;3,-2=bA3;4,-3=wQ
43	79	0.000000	adjudicated	G1|b|79|40|39|-3,4=bG3;-3,5=wA1;-2,5=wA2;-1,-5=wS1;-1,-4=wS2;-1,0=wG1;-1,4=bQ;0,-4=wB1;0,-3=wG2;0,-2=bG2;0,-1=bG1;0,1=bB1;0,2=bA1;0,3=wA3,bB2;1,-1=bS2;1,0=wB2;1,1=bS1;1,2=wG3;2,-2=bA2;3,-2=bA3;4,-3=wQ
43	81	0.000000	adjudicated	G1|b|81|41|40|-3,4=bG3;-3,5=wA1;-2,5=wA2;-1,-5=wS1;-1,-4=wS2;-1,4=bQ;0,-4=wB1;0,-3=wG2;0,-2=bG2;0,-1=bG1;0,1=bB1;0,3=wA3,bB2;1,-2=wG1;1,-1=bS2;1,0=wB2;1,1=bS1;1,2=wG3;2,-2=bA2;3,-2=bA3;4,-3=wQ;5,-3=bA1
43	83	0.000000	adjudicated	G1|b|83|42|41|-3,4=bG3;-3,5=wA1;-2,5=wA2;-1,-5=wS1;-1,-4=wS2;-1,0=wG1;-1,4=bQ;0,-4=wB1;0,-3=wG2;0,-2=bG2;0,-1=bG1;0,3=wA3,bB2;1,-1=bS2;1,0=wB2,bB1;1,1=bS1;1,2=wG3;2,-2=bA2;3,-2=bA3;4,-3=wQ;5,-3=bA1
43	85	0.000000	adjudicated	G1|b|85|43|42|-3,4=bG3;-3,5=wA1;-2,5=wA2;-1,-5=wS1;-1,-4=wS2;-1,4=bQ;0,-4=wB1;0,-3=wG2;0,-2=bG2;0,-1=bG1;0,3=wA3,bB2;1,-2=wG1;1,-1=bS2;1,0=wB2;1,1=bS1;1,2=wG3;2,-2=bA2;2,0=bB1;3,-2=bA3;4,-3=wQ;5,-3=bA1
43	87	0.000000	adjudicated	G1|b|87|44|43|-3,4=bG3;-3,5=wA1;-2,5=wA2;-1,-5=wS1;-1,-4=wS2;-1,0=wG1;-1,4=bQ;0,-4=wB1;0,-3=wG2;0,-2=bG2;0,-1=bG1;0,2=bB2;0,3=wA3;1,-1=bS2;1,0=wB2;1,1=bS1;1,2=wG3;2,-2=bA2;2,0=bB1;3,-2=bA3;4,-3=wQ;5,-3=bA1
43	89	0.000000	adjudicated	G1|b|89|45|44|-3,4=bG3;-3,5=wA1;-2,5=wA2;-1,-5=wS1;-1,-4=wS2;-1,0=wG1;-1,4=bQ;0,-4=wB1;0,-3=wG2;0,-2=bG2;0,-1=bG1;0,2=bB2;0,3=wA3;1,-2=wG3;1,-1=bS2;1,0=wB2;1,1=bS1;2,-2=bA2;2,0=bB1;3,-2=bA3;4,-4=bA1;4,-3=wQ
43	91	0.000000	adjudicated	G1|b|91|46|45|-3,4=bG3;-3,5=wA1;-2,5=wA2;-1,-5=wS1;-1,-4=wS2;-1,4=bQ;0,-4=wB1;0,-3=wG2;0,-2=bG2;0,-1=bG1;0,2=bB2;0,3=wA3;1,-2=wG3;1,-1=bS2;1,0=wB2;1,1=bS1;2,-3=wG1;2,-2=bA2;2,0=bB1;3,-2=bA3;4,-3=wQ;5,-3=bA1
43	93	0.000000	adjudicated	G1|b|93|47|46|-3,4=bG3;-3,5=wA1;-2,5=wA2;-1,-4=wS2;-1,-3=wS1;-1,4=bQ;0,-4=wB1;0,-3=wG2;0,-2=bG2;0,2=bB2;0,3=wA3;1,-2=wG3;1,-1=bS2;1,0=wB2;1,1=bS1;2,-3=wG1;2,-2=bA2;2,0=bB1;3,-4=bG1;3,-2=bA3;4,-3=wQ;5,-3=bA1
43	95	0.000000	adjudicated	G1|b|95|48|47|-3,4=bG3;-3,5=wA1;-2,5=wA2;-1,-4=wS2;-1,-3=wS1;-1,4=bQ;0,-4=wB1;0,-3=wG2;0,-2=bG2;0,-1=bG1;0,2=bB2;0,3=wA3;1,-1=bS2;1,0=wB2;1,1=bS1;1,2=wG3;2,-3=wG1;2,-2=bA2;2,0=bB1;3,-2=bA3;4,-3=wQ;5,-3=bA1
44	0	1.000000	terminal	G1|w|0|0|0|
44	6	1.000000	terminal	G1|w|6|3|3|-1,1=wS1;-1,2=wB1;0,0=wG1;1,0=bA1;1,1=bS1;1,2=bB1
44	8	1.000000	terminal	G1|w|8|4|4|-2,1=wQ;-1,1=wS1;-1,2=wB1;0,0=wG1;0,3=bQ;1,0=bA1;1,1=bS1;1,2=bB1
44	10	1.000000	terminal	G1|w|10|5|5|-2,1=wQ;-2,3=wB2;-1,1=wS1;-1,2=wB1;0,0=wG1;0,3=bQ;1,0=bA1;1,1=bS1;1,2=bB1;2,2=bA2
44	12	1.000000	terminal	G1|w|12|6|6|-2,3=wB2;-1,0=wQ;-1,1=wS1;-1,2=wB1;0,-1=bA2;0,0=wG1;0,3=bQ;1,0=bA1;1,1=bS1;1,2=bB1
44	14	1.000000	terminal	G1|w|14|7|7|-2,0=bA2;-2,1=wQ;-2,3=wB2;-1,1=wS1;-1,2=wB1;0,0=wG1;0,3=bQ;1,0=bA1;1,1=bS1;1,2=bB1
44	16	1.000000	terminal	G1|w|16|8|8|-3,1=bA1;-2,0=bA2;-2,1=wQ;-1,1=wS1;-1,2=wB1;-1,3=wB2;0,0=wG1;0,3=bQ;1,1=bS1;1,2=bB1
44	18	1.000000	terminal	G1|w|18|9|9|-2,0=bA2;-2,1=wQ;-1,0=bA1;-1,1=wS1;-1,2=wB1;-1,3=wB2;0,0=wG1;0,3=bQ;1,-1=wS2;1,1=bS1;1,2=bB1
44	20	1.000000	terminal	G1|w|20|10|10|-3,1=wQ;-2,0=bA2;-1,-1=bS2;-1,0=bA1;-1,1=wS1;-1,2=wB1;-1,3=wB2;0,0=wG1;0,3=bQ;1,-1=wS2;1,1=bS1;1,2=bB1
44	22	1.000000	terminal	G1|w|22|11|11|-4,1=bS2;-3,1=wQ;-2,0=bA2;-1,0=bA1;-1,1=wS1;-1,2=wB1;-1,3=wB2;0,0=wG1;0,3=bQ;1,-2=wG2;1,-1=wS2;1,1=bS1;1,2=bB1
44	24	1.000000	terminal	G1|w|24|12|12|-4,1=bS2;-3,1=wQ;-2,0=bA2;-2,4=wG3;-1,0=bA1;-1,1=wS1;-1,2=wB1;-1,3=wB2;0,0=wG1;0,3=bQ;1,-2=wG2;1,-1=wS2;1,1=bS1;1,2=bB1;2,2=bA3
44	26	1.000000	terminal	G1|w|26|13|13|-4,1=bS2;-3,1=wQ;-2,0=bA2;-1,0=bA1;-1,1=wS1;-1,2=wB1;-1,3=wB2;0,0=wG1;0,2=wG3;0,3=bQ;1,-2=wG2;1,-1=wS2;1,1=bS1;1,2=bB1;2,2=bA3;3,2=bB2
44	28	1.000000	terminal	G1|w|28|14|14|-4,1=bS2;-3,1=wQ;-3,2=wA1;-2,0=bA2;-1,0=bA1;-1,1=wS1;-1,2=wB1;-1,3=wB2;-1,4=bQ;0,0=wG1;0,2=wG3;1,-2=wG2;1,-1=wS2;1,1=bS1;1,2=bB1;2,2=bA3;3,2=bB2
44	30	1.000000	terminal	G1|w|30|15|15|-4,1=bS2;-3,1=wQ;-2,0=bA2;-2,5=wA1;-1,0=bA1;-1,1=wS1;-1,2=wB1;-1,3=wB2;-1,4=bQ;0,0=wG1;0,2=wG3;1,-2=wG2;1,-1=wS2;1,1=bS1;1,2=bB1;2,2=bA3;3,2=bB2;3,3=bG1
44	32	1.000000	terminal	G1|w|32|16|16|-4,1=bS2;-3,1=wQ;-2,0=bA2;-2,5=wA1;-1,0=bA1;-1,1=wS1;-1,2=wB1;-1,3=wB2;-1,4=bQ;0,0=wG1;0,2=wG3;1,-3=wA2;1,-2=wG2;1,-1=wS2;1,1=bS1;1,2=bB1;2,2=bA3;2,4=bG2;3,2=bB2;3,3=bG1
44	34	1.000000	terminal	G1|w|34|17|17|-4,1=bS2;-3,1=wQ;-2,0=bA2;-2,4=wA2;-2,5=wA1;-1,0=bA1;-1,1=wS1;-1,2=wB1;-1,3=wB2;-1,5=bQ;0,0=wG1;0,2=wG3;1,-2=wG2;1,-1=wS2;1,1=bS1;1,2=bB1;2,2=bA3;2,4=bG2;3,2=bB2;3,3=bG1
44	36	1.000000	terminal	G1|w|36|18|18|-4,1=bS2;-3,1=wQ;-3,2=wA3;-2,-1=bG3;-2,0=bA2;-2,4=wA2;-2,5=wA1;-1,0=bA1;-1,1=wS1;-1,2=wB1;-1,3=wB2;-1,5=bQ;0,0=wG1;0,2=wG3;1,-2=wG2;1,-1=wS2;1,1=bS1;1,2=bB1;2,2=bA3;2,4=bG2;3,2=bB2;3,3=bG1
44	38	1.000000	terminal	G1|w|38|19|19|-4,1=bS2;-3,1=wQ;-2,0=bA2;-2,1=bG3;-2,4=wA2;-2,5=wA1;-1,0=bA1;-1,1=wS1;-1,2=wB1;-1,3=wB2;-1,5=bQ;0,0=wG1;0,2=wG3;0,4=wA3;1,-2=wG2;1,-1=wS2;1,1=bS1;1,2=bB1;2,2=bA3;2,4=bG2;3,2=bB2;3,3=bG1
44	40	1.000000	terminal	G1|w|40|20|20|-4,1=bS2;-3,1=wQ;-2,0=bA2;-2,1=bG3;-2,4=wA2;-2,5=wA1;-1,0=bA1;-1,1=wS1;-1,2=wB1;-1,3=wB2;-1,4=wA3;0,0=wG1;0,2=wG3;0,4=bQ;1,-2=wG2;1,-1=wS2;1,1=bS1;1,2=bB1;2,2=bA3;2,4=bG2;3,2=bB2;3,3=bG1
44	42	1.000000	terminal	G1|w|42|21|21|-4,1=bS2;-3,1=wQ;-2,1=bG3;-2,5=wA1;-1,0=bA1;-1,1=wS1;-1,2=wB1;-1,3=wB2;-1,4=wA3;0,0=wG1;0,2=wG3;0,4=bQ;1,-2=wG2;1,-1=wS2;1,1=bS1;1,2=bB1;1,4=wA2;2,1=bA2;2,2=bA3;2,4=bG2;3,2=bB2;3,3=bG1
44	44	1.000000	terminal	G1|w|44|22|22|-4,1=bS2;-3,1=wQ;-2,0=bA1;-2,1=bG3;-1,1=wS1;-1,2=wB1;-1,3=wB2;-1,4=wA3;-1,5=wA1;0,0=wG1;0,2=wG3;0,4=bQ;1,-2=wG2;1,-1=wS2;1,1=bS1;1,2=bB1;1,4=wA2;2,1=bA2;2,2=bA3;2,4=bG2;3,2=bB2;3,3=bG1
44	46	1.000000	terminal	G1|w|46|23|23|-4,1=bS2;-3,1=wQ;-3,2=bA2;-2,0=bA1;-2,1=bG3;-2,4=wB2;-1,1=wS1;-1,2=wB1;-1,4=wA3;-1,5=wA1;0,0=wG1;0,2=wG3;0,4=bQ;1,-2=wG2;1,-1=wS2;1,1=bS1;1,2=bB1;1,4=wA2;2,2=bA3;2,4=bG2;3,2=bB2;3,3=bG1
44	48	1.000000	terminal	G1|w|48|24|24|-4,1=bS2;-3,0=bA1;-3,1=wQ;-3,2=bA2;-2,1=bG3;-2,5=wB2;-1,1=wS1;-1,2=wB1;-1,4=wA3;-1,5=wA1;0,0=wG1;0,2=wG3;0,4=bQ;1,-2=wG2;1,-1=wS2;1,1=bS1;1,2=bB1;1,4=wA2;2,2=bA3;2,4=bG2;3,2=bB2;3,3=bG1
44	50	1.000000	terminal	G1|w|50|25|25|-4,1=bS2;-3,1=wQ;-3,2=bA2;-2,0=bA1;-2,1=bG3;-1,1=wS1;-1,2=wB1;-1,4=wA3;-1,5=wA1,wB2;0,0=wG1;0,2=wG3;0,4=bQ;1,-2=wG2;1,-1=wS2;1,1=bS1;1,2=bB1;1,4=wA2;2,2=bA3;2,4=bG2;3,2=bB2;3,3=bG1
44	52	1.000000	terminal	G1|w|52|26|26|-4,1=bS2;-3,1=wQ;-3,2=bA2;-2,0=bA1;-2,1=bG3;-1,1=wS1;-1,2=wB1;-1,4=wA3;-1,5=wA1;0,0=wG1;0,2=wG3;0,5=wB2;1,-2=wG2;1,-1=wS2;1,1=bS1;1,2=bB1;1,3=bQ;1,4=wA2;2,2=bA3;2,4=bG2;3,2=bB2;3,3=bG1
44	54	1.000000	terminal	G1|w|54|27|27|-4,1=bS2;-4,2=bA3;-3,1=wQ;-3,2=bA2;-2,0=bA1;-2,1=bG3;-1,1=wS1;-1,2=wB1;-1,5=wA1;0,0=wG1;0,2=wG3;0,3=wA3;0,5=wB2;1,-2=wG2;1,-1=wS2;1,1=bS1;1,2=bB1;1,3=bQ;1,4=wA2;2,4=bG2;3,2=bB2;3,3=bG1
44	56	1.000000	terminal	G1|w|56|28|28|-4,1=bS2;-4,2=bA3;-3,1=wQ;-3,2=bA2;-2,0=bA1;-2,1=bG3;-1,1=wS1;-1,2=wB1;0,0=wG1;0,2=wG3;0,3=wA3;0,5=wB2;1,-2=wG2;1,-1=wS2;1,1=bS1,bB1;1,3=bQ;1,4=wA2;2,2=wA1;2,4=bG2;3,2=bB2;3,3=bG1
44	58	1.000000	terminal	G1|w|58|29|29|-4,1=bS2;-4,2=bA3;-3,0=bA2;-3,1=wQ;-2,0=bA1;-2,1=bG3;-1,1=wS1;-1,2=wB1;0,0=wG1;0,2=wG3;0,3=wA3;0,4=wB2;1,-2=wG2;1,-1=wS2;1,1=bS1,bB1;1,3=bQ;1,4=wA2;2,2=wA1;2,4=bG2;3,2=bB2;3,3=bG1
44	60	1.000000	terminal	G1|w|60|30|30|-4,1=bS2;-4,2=bA3;-3,0=bA2;-3,1=wQ;-2,0=bA1;-2,1=bG3;-1,1=wS1;-1,2=wB1;0,0=wG1;0,2=wG3;0,3=wA3;0,4=wB2;1,-2=wG2;1,-1=wS2;1,1=bS1,bB1;1,2=wA1;1,4=wA2;2,2=bQ;2,4=bG2;3,2=bB2;3,3=bG1
44	62	1.000000	terminal	G1|w|62|31|31|-4,1=bS2;-4,2=bA3;-3,0=bA2;-3,1=wQ;-2,0=bA1;-2,1=bG3;-1,1=wS1;-1,2=wB1;0,0=wG1;0,2=wG3;0,3=wA3;0,4=wB2;1,-2=wG2;1,-1=wS2;1,1=bS1;1,2=wA1;1,5=wA2;2,0=bB1;2,2=bQ;2,4=bG2;3,2=bB2;3,3=bG1
44	64	1.000000	terminal	G1|w|64|32|32|-4,1=bS2;-4,2=bA3;-3,0=bA2;-3,1=wQ;-2,0=bA1;-2,1=bG3;-1,1=wS1;-1,2=wB1;0,0=wG1;0,2=wG3;0,3=wA3;0,4=wB2;0,5=wA2;1,-2=wG2;1,-1=wS2;1,1=bS1;1,2=wA1;2,0=bB1;2,2=bQ;3,2=bB2;3,3=bG1;4,2=bG2
44	66	1.000000	terminal	G1|w|66|33|33|-4,1=bS2;-4,2=bA3;-3,0=bA2;-3,1=wQ;-2,0=bA1;-2,1=bG3;-1,1=wS1;-1,2=wB1;0,0=wG1;0,2=wG3;0,3=wA3;0,4=wB2;1,-2=wG2;1,-1=wS2;1,0=bB1;1,1=bS1;1,2=wA1;1,3=wA2;2,2=bQ;3,2=bB2;3,3=bG1;4,2=bG2
44	68	1.000000	terminal	G1|w|68|34|34|-4,1=bS2;-4,2=bA3;-3,0=bA2;-3,1=wQ;-2,0=bA1;-2,1=bG3;-1,1=wS1;-1,2=wB1;0,0=wG1;0,2=wG3;0,4=wB2;1,-2=wG2;1,-1=wS2;1,0=bB1;1,1=bS1;1,2=wA1;1,3=wA2;2,1=wA3;2,2=bQ;3,2=bB2;4,2=bG2;5,1=bG1
44	70	1.000000	terminal	G1|w|70|35|35|-4,1=bS2;-4,2=bA3;-3,0=bA2;-3,1=wQ;-3,2=bA1;-2,1=bG3;-1,1=wS1;-1,2=wB1;0,2=wG3;0,4=wB2;1,-2=wG2;1,-1=wS2;1,0=bB1;1,1=bS1;1,2=wA1;1,3=wA2;2,-2=wG1;2,1=wA3;2,2=bQ;3,2=bB2;4,2=bG2;5,1=bG1
44	72	1.000000	terminal	G1|w|72|36|36|-4,1=bS2;-4,2=bA3;-3,0=bA2;-3,1=wQ;-2,0=bA1;-2,1=bG3;-1,1=wS1;-1,2=wB1;0,2=wG3;1,-2=wG2;1,-1=wS2;1,0=bB1;1,1=bS1;1,2=wA1;1,3=wA2,wB2;2,-2=wG1;2,1=wA3;2,2=bQ;3,2=bB2;4,2=bG2;5,1=bG1
44	74	1.000000	terminal	G1|w|74|37|37|-4,1=bS2;-4,2=bA3;-3,0=bA2;-3,1=wQ;-2,1=bG3;-1,1=wS1;-1,2=wB1;0,2=wG3;1,-2=wG2;1,-1=wS2;1,0=bB1;1,1=bS1;1,2=wA1;1,3=wA2;2,-2=wG1;2,1=wA3;2,2=bQ;2,3=wB2;3,1=bA1;3,2=bB2;4,2=bG2;5,1=bG1
45	0	0.379949	adjudicated	G1|w|0|0|0|
45	7	0.379949	adjudicated	G1|b|7|4|3|-3,0=bB1;-2,0=bS2;-1,0=bS1;-1,2=wS1;0,0=wG1;0,1=wA1;1,1=wQ
45	9	0.379949	adjudicated	G1|b|9|5|4|-3,0=bB1;-2,-1=bQ;-2,0=bS2;-2,3=wB1;-1,0=bS1;-1,2=wS1;0,0=wG1;0,1=wA1;1,1=wQ
45	11	0.379949	adjudicated	G1|b|11|6|5|-3,3=wB2;-2,-1=bQ;-2,0=bS2,bB1;-2,3=wB1;-1,0=bS1;-1,2=wS1;0,0=wG1;0,1=wA1;1,1=wQ
45	13	0.379949	adjudicated	G1|b|13|7|6|-3,2=wG2;-3,3=wB2;-2,-1=bQ;-2,0=bS2;-2,3=wB1;-1,0=bS1,bB1;-1,2=wS1;0,0=wG1;0,1=wA1;1,1=wQ
45	15	0.379949	adjudicated	G1|b|15|8|7|-3,0=wG1;-3,2=wG2;-3,3=wB2;-2,-1=bQ;-2,0=bS2;-2,1=bB1;-2,3=wB1;-1,0=bS1;-1,2=wS1;0,1=wA1;1,1=wQ
45	17	0.379949	adjudicated	G1|b|17|9|8|-3,0=wG1;-3,2=wG2;-3,3=wB2;-2,-1=bQ;-2,0=bS2;-2,1=bB1;-2,3=wB1;-1,2=wS1;0,1=wA1;1,0=bS1;2,0=wQ
45	19	0.379949	adjudicated	G1|b|19|10|9|-4,3=wA2;-3,0=wG1;-3,2=wG2;-3,3=wB2;-2,0=bS2;-2,1=bB1;-2,3=wB1;-1,-1=bQ;-1,2=wS1;0,1=wA1;1,0=bS1;2,0=wQ
45	21	0.379949	adjudicated	G1|b|21|11|10|-3,0=wG1;-3,2=wG2;-3,3=wB2;-2,0=bS2;-2,1=bB1;-2,3=wB1;-1,-1=bQ;-1,2=wS1;0,-2=wA2;0,1=wA1;1,-1=bG1;1,0=bS1;2,0=wQ
45	23	0.379949	adjudicated	G1|b|23|12|11|-4,2=wG3;-3,0=wG1;-3,2=wG2;-3,3=wB2;-2,0=bS2;-2,1=bB1;-2,3=wB1;-1,-1=bQ;-1,0=bA1;-1,2=wS1;0,-2=wA2;0,1=wA1;1,-1=bG1;1,0=bS1;2,0=wQ
45	25	0.379949	adjudicated	G1|b|25|13|12|-4,2=wG3;-3,2=wG2;-3,3=wB2;-2,0=bS2;-2,1=bB1;-2,3=wB1;-1,-1=bQ;-1,0=wG1;-1,1=bA1;-1,2=wS1;0,-2=wA2;0,1=wA1;1,-1=bG1;1,0=bS1;2,0=wQ
45	27	0.379949	adjudicated	G1|b|27|14|13|-5,2=bS2;-4,2=wG3;-3,2=wG2;-3,3=wB2;-2,1=bB1;-2,3=wB1;-1,-1=bQ;-1,0=wG1;-1,1=bA1;-1,2=wS1;0,-3=wS2;0,-2=wA2;0,1=wA1;1,-1=bG1;1,0=bS1;2,0=wQ
45	29	0.379949	adjudicated	G1|b|29|15|14|-5,2=bS2;-4,2=wG3;-3,2=wG2;-3,3=wB2;-2,1=bB1;-2,3=wB1;-1,-1=bQ;-1,0=wG1;-1,1=bA1;-1,2=wS1;0,-2=wA2;0,-1=wS2;0,1=wA1;1,0=bS1;1,1=bG1;2,0=wQ
45	31	0.379949	adjudicated	G1|b|31|16|15|-5,2=bS2;-4,2=wG3;-4,3=wA3;-3,2=wG2;-3,3=wB2;-2,1=bB1;-2,3=wB1;-1,-2=bQ;-1,0=wG1;-1,1=bA1;-1,2=wS1;0,-2=wA2;0,-1=wS2;0,1=wA1;1,0=bS1;1,1=bG1;2,0=wQ
45	33	0.379949	adjudicated	G1|b|33|17|16|-6,3=bB2;-5,2=bS2;-4,2=wG3;-4,3=wA3;-3,2=wG2;-3,3=wB2;-2,1=bB1;-2,3=wB1;-1,-2=bQ;-1,0=wG1;-1,1=bA1;-1,2=wS1;0,-2=wA2;0,-1=wS2;0,1=wA1;1,0=bS1;1,1=bG1;2,-1=wQ
45	35	0.379949	adjudicated	G1|b|35|18|17|-6,3=bB2;-5,2=bS2;-4,2=wG3;-4,3=wA3;-3,2=wG2;-3,3=wB2;-2,1=bB1;-2,3=wB1;-1,-2=bQ;-1,0=wG1;-1,1=bA1;-1,2=wS1;0,-2=wA2;0,-1=wS2;0,1=wA1;1,-1=bG1;1,0=bS1;2,0=wQ
45	37	0.379949	adjudicated	G1|b|37|19|18|-6,3=bB2;-5,2=bS2;-4,2=wG3;-4,3=wA3;-3,2=wG2;-3,3=wB2;-3,4=wB1;-2,1=bB1;-1,-2=bQ;-1,0=wG1;-1,1=bA1;-1,2=wS1;0,-2=wA2;0,-1=wS2;0,1=wA1;1,0=bS1;1,1=bG1;2,0=wQ
45	39	0.379949	adjudicated	G1|b|39|20|19|-5,2=bS2,bB2;-4,2=wG3;-4,3=wA3;-3,2=wG2;-3,3=wB2;-3,4=wB1;-2,1=bB1;-1,-2=bQ;-1,0=wG1;-1,1=bA1;-1,2=wS1;0,-2=wA2;0,-1=wS2;0,1=wA1;1,0=bS1;1,1=bG1;2,-1=wQ
45	41	0.379949	adjudicated	G1|b|41|21|20|-5,2=bS2,bB2;-4,2=wG3;-3,2=wG2;-3,3=wB2;-3,4=wB1;-2,1=bB1;-1,-2=bQ;-1,0=wG1;-1,1=bA1;-1,2=wS1;0,-3=wA3;0,-2=wA2;0,-1=wS2;0,1=wA1;1,-1=bG1;1,0=bS1;2,-1=wQ
45	43	0.379949	adjudicated	G1|b|43|22|21|-5,2=bS2,bB2;-4,2=wG3;-3,2=wG2;-3,3=wB2;-3,4=wB1;-2,1=bB1;-1,-4=wA1;-1,-3=bQ;-1,0=wG1;-1,1=bA1;-1,2=wS1;0,-3=wA3;0,-2=wA2;0,-1=wS2;1,-1=bG1;1,0=bS1;2,-1=wQ
45	45	0.379949	adjudicated	G1|b|45|23|22|-5,2=bS2;-5,3=bB2;-4,2=wG3;-3,2=wG2;-3,3=wB2;-3,4=wB1;-2,1=bB1;-1,-4=wA1;-1,-3=bQ;-1,0=wG1;-1,1=bA1;-1,2=wS1;0,-3=wA3;0,-2=wA2;0,-1=wS2;1,-1=bG1;1,0=bS1;2,-2=wQ
45	47	0.379949	adjudicated	G1|b|47|24|23|-5,2=bS2;-5,3=bB2;-4,2=wG3;-3,2=wG2;-3,3=wB2;-3,4=wB1;-2,1=bB1;-1,-3=bQ;-1,-2=wA1;-1,0=wG1;-1,1=bA1;-1,2=wS1;0,-3=wA3;0,-2=wA2;0,-1=wS2;1,-1=bG1;2,-2=wQ;3,-3=bS1
45	49	0.379949	adjudicated	G1|b|49|25|24|-5,2=bS2;-5,3=bB2;-4,2=wG3;-3,2=wG2;-3,3=wB2;-3,4=wB1;-2,1=bB1;-1,-3=bQ;-1,0=wG1;-1,1=bA1;-1,2=wS1;0,-4=wA1;0,-3=wA3;0,-2=wA2;0,-1=wS2;1,-1=bG1;2,-2=wQ;3,-4=bA2;3,-3=bS1
45	51	0.379949	adjudicated	G1|b|51|26|25|-5,2=bS2;-5,3=bB2;-4,2=wG3;-3,2=wG2;-3,3=wB2;-3,4=wB1;-2,1=bB1;-2,4=wS1;-1,-3=bQ;-1,0=wG1;-1,1=bA1;0,-4=wA1;0,-3=wA3;0,-2=wA2;0,-1=wS2;1,-1=bG1;2,-2=wQ;3,-3=bS1;3,-2=bA2
45	53	0.379949	adjudicated	G1|b|53|27|26|-5,2=bS2;-5,3=bB2;-4,2=wG3;-4,4=wS1;-3,2=wG2;-3,3=wB2;-3,4=wB1;-2,1=bB1;-1,-4=bQ;-1,0=wG1;-1,1=bA1;0,-4=wA1;0,-3=wA3;0,-2=wA2;0,-1=wS2;1,-1=bG1;2,-2=wQ;3,-3=bS1;3,-2=bA2
45	55	0.379949	adjudicated	G1|b|55|28|27|-5,2=bS2;-5,3=bB2;-4,2=wG3;-3,2=wG2;-3,3=wB2;-3,4=wB1;-2,1=bB1;-2,4=wS1;-1,-4=bQ;-1,0=wG1;0,-4=wA1;0,-3=wA3;0,-2=wA2;0,-1=wS2;1,-4=bA1;1,-1=bG1;2,-2=wQ;3,-3=bS1;3,-2=bA2
45	57	0.379949	adjudicated	G1|b|57|29|28|-5,2=bS2;-5,3=bB2;-4,2=wG3;-4,4=wS1;-3,2=wG2;-3,3=wB2;-3,4=wB1;-2,1=bB1;-1,-4=bQ;-1,0=wG1;0,-4=wA1;0,-3=wA3;0,-2=wA2;0,-1=wS2;1,-1=bG1;2,-3=bA1;2,-2=wQ;3,-3=bS1;3,-2=bA2
45	59	0.379949	adjudicated	G1|b|59|30|29|-6,4=wS1;-5,1=bA3;-5,2=bS2;-5,3=bB2;-4,2=wG3;-3,2=wG2;-3,3=wB2;-3,4=wB1;-2,1=bB1;-1,-4=bQ;-1,0=wG1;0,-4=wA1;0,-3=wA3;0,-2=wA2;0,-1=wS2;1,-1=bG1;2,-3=bA1;2,-2=wQ;3,-3=bS1;3,-2=bA2
45	61	0.379949	adjudicated	G1|b|61|31|30|-6,4=wS1;-5,2=bS2;-5,3=bB2;-4,2=wG3;-4,4=wB1;-3,2=wG2;-3,3=wB2;-2,1=bB1;-1,-4=bQ;-1,0=wG1;0,-4=wA1;0,-3=wA3;0,-2=wA2;0,-1=wS2;1,-1=bG1;2,-3=bA1;2,-2=wQ;2,-1=bA3;3,-3=bS1;3,-2=bA2
45	63	0.379949	adjudicated	G1|b|63|32|31|-5,1=wS1;-5,2=bS2;-5,3=bB2;-4,2=wG3;-4,4=wB1;-3,2=wG2;-3,3=wB2;-2,1=bB1;-1,-4=bQ;-1,0=wG1;0,-4=wA1;0,-3=wA3;0,-2=wA2;0,-1=wS2;1,-1=bG1;2,-3=bA1;2,-2=wQ;2,-1=bA3;3,-3=bS1;3,-2=bA2;3,-1=bG2
45	65	0.379949	adjudicated	G1|b|65|33|32|-5,1=wS1;-5,2=bS2;-5,3=bB2;-4,2=wG3;-4,3=wB1;-3,2=wG2;-3,3=wB2;-2,1=bB1;-1,-4=bQ;-1,0=wG1;0,-4=wA1;0,-3=wA3;0,-2=wA2;0,-1=wS2;1,-1=bG1;2,-3=bA1;2,-2=wQ;2,-1=bA3;3,-3=bS1;3,-2=bA2;3,-1=bG2;4,-4=bG3
45	67	0.379949	adjudicated	G1|b|67|34|33|-6,3=bB2;-5,1=wS1;-5,2=bS2;-5,3=wB1;-4,2=wG3;-3,2=wG2;-3,3=wB2;-2,1=bB1;-1,-4=bQ;-1,0=wG1;0,-4=wA1;0,-3=wA3;0,-2=wA2;0,-1=wS2;1,-1=bG1;2,-3=bA1;2,-2=wQ;2,-1=bA3;3,-3=bS1;3,-2=bA2;3,-1=bG2;4,-4=bG3
45	69	0.379949	adjudicated	G1|b|69|35|34|-6,3=bB2;-5,2=bS2;-5,3=wB1;-4,2=wG3;-3,2=wG2;-3,3=wB2;-2,0=wS1;-2,1=bB1;-1,-4=bQ;-1,-1=bA3;-1,0=wG1;0,-4=wA1;0,-3=wA3;0,-2=wA2;0,-1=wS2;1,-1=bG1;2,-3=bA1;2,-2=wQ;3,-3=bS1;3,-2=bA2;3,-1=bG2;4,-4=bG3
45	71	0.379949	adjudicated	G1|b|71|36|35|-6,3=bB2;-5,2=bS2;-5,3=wB1;-4,2=wG3;-3,2=wG2;-3,3=wB2;-2,1=bB1;-1,-4=bQ;-1,-3=wS1;-1,-1=bA3;-1,0=wG1;0,-4=wA1;0,-3=wA3;0,-2=wA2;0,-1=wS2;1,-1=bG1;2,-2=wQ;2,0=bA1;3,-3=bS1;3,-2=bA2;3,-1=bG2;4,-4=bG3
45	73	0.379949	adjudicated	G1|b|73|37|36|-6,3=bB2;-5,2=bS2;-5,3=wB1;-4,2=wG3;-3,2=wG2;-3,3=wB2;-2,-4=wA1;-2,-3=bQ;-2,1=bB1;-1,-3=wS1;-1,-1=bA3;-1,0=wG1;0,-3=wA3;0,-2=wA2;0,-1=wS2;1,-1=bG1;2,-2=wQ;2,0=bA1;3,-3=bS1;3,-2=bA2;3,-1=bG2;4,-4=bG3
45	75	0.379949	adjudicated	G1|b|75|38|37|-6,3=bB2;-5,2=bS2;-5,3=wB1;-4,2=wG3;-3,2=wG2;-3,3=wB2;-2,-4=wA1;-2,-3=bQ;-2,1=bB1;-1,-3=wS1;-1,-1=bA3;-1,0=wG1;0,-3=wA3;0,-2=wA2;0,-1=wS2;1,-1=bG1;2,-3=wQ;2,-1=bA1;3,-3=bS1;3,-2=bA2;3,-1=bG2;4,-4=bG3
45	77	0.379949	adjudicated	G1|b|77|39|38|-6,3=bB2;-5,2=bS2;-5,3=wB1;-4,2=wG3;-3,2=wG2;-3,3=wB2;-2,-4=wA1;-2,-3=bQ;-2,1=bB1;-1,-3=wS1;-1,0=wG1;0,-3=wA3;0,-2=wA2;0,-1=wS2;1,-1=bG1;2,-4=wQ;2,-1=bA1;3,-4=bA3;3,-3=bS1;3,-2=bA2;3,-1=bG2;4,-4=bG3
45	79	0.379949	adjudicated	G1|b|79|40|39|-6,3=bB2;-5,2=bS2;-5,3=wB1;-4,2=wG3;-3,2=wG2;-3,3=wB2;-2,-4=wA1;-2,-3=bQ;-2,1=bB1;-1,-3=wS1;-1,0=wG1;0,-3=wA3;0,-2=wA2;0,-1=wS2;1,-1=bG1;2,-5=wQ;2,-1=bA1;3,-5=bG2;3,-4=bA3;3,-3=bS1;3,-2=bA2;4,-4=bG3
45	81	0.379949	adjudicated	G1|b|81|41|40|-6,3=bB2;-5,2=bS2;-5,3=wB1;-4,2=wG3;-3,2=wG2;-3,3=wB2;-2,-4=wA1;-2,-3=bQ;-2,1=bB1;-1,-3=wS1;-1,0=wG1;0,-3=wA3;0,-2=wA2;0,-1=wS2;1,-1=bG1;2,-4=bG3;2,-1=bA1;3,-6=wQ;3,-5=bG2;3,-4=bA3;3,-3=bS1;3,-2=bA2
45	83	0.379949	adjudicated	G1|b|83|42|41|-6,3=bB2;-5,2=bS2;-5,3=wB1;-4,2=wG3;-3,2=wG2;-3,3=wB2;-2,-3=bQ;-2,1=bB1;-2,3=wA1;-1,-3=wS1;-1,0=wG1;0,-3=wA3;0,-2=wA2;0,-1=wS2;1,-1=bG1;2,-1=bA1;3,-6=wQ;3,-5=bG2;3,-4=bA3;3,-3=bS1;3,-2=bA2;4,-6=bG3
45	85	0.379949	adjudicated	G1|b|85|43|42|-6,3=bB2;-5,2=bS2;-5,3=wB1;-4,2=wG3;-3,2=wG2;-3,3=wB2;-2,1=bB1;-2,3=wA1;-1,-4=bQ;-1,-3=wS1;-1,0=wG1;0,-3=wA3;0,-2=wA2;0,-1=wS2;1,-1=bG1;2,-1=bA1;3,-5=bG2;3,-4=bA3;3,-3=bS1;3,-2=bA2;4,-7=wQ;4,-6=bG3
45	87	0.379949	adjudicated	G1|b|87|44|43|-6,4=bB2;-5,2=bS2;-5,3=wB1;-4,2=wG3;-3,2=wG2;-3,3=wB2;-2,1=bB1;-1,-4=bQ;-1,-3=wS1;-1,0=wG1;0,-5=wA1;0,-3=wA3;0,-2=wA2;0,-1=wS2;1,-1=bG1;2,-1=bA1;3,-5=bG2;3,-4=bA3;3,-3=bS1;3,-2=bA2;4,-7=wQ;4,-6=bG3
45	89	0.379949	adjudicated	G1|b|89|45|44|-6,4=bB2;-5,3=wB1;-4,2=wG3;-3,2=wG2;-3,3=wB2;-2,0=bS2;-2,1=bB1;-1,-4=bQ;-1,-3=wS1;-1,0=wG1;0,-5=wA1;0,-3=wA3;0,-2=wA2;0,-1=wS2;1,-1=bG1;2,-1=bA1;3,-5=bG2;3,-4=bA3;3,-3=bS1;3,-2=bA2;4,-6=bG3;5,-7=wQ
45	91	0.379949	adjudicated	G1|b|91|46|45|-5,3=wB1,bB2;-4,2=wG3;-3,2=wG2;-3,3=wB2;-2,0=bS2;-2,1=bB1;-1,-4=bQ;-1,-3=wS1;-1,0=wG1;0,-5=wA1;0,-3=wA3;0,-2=wA2;0,-1=wS2;1,-1=bG1;2,-1=bA1;3,-5=bG2;3,-4=bA3;3,-3=bS1;3,-2=bA2;4,-6=bG3;5,-6=wQ
45	93	0.379949	adjudicated	G1|b|93|47|46|-5,3=wB1;-4,2=wG3,bB2;-3,2=wG2;-3,3=wB2;-2,0=bS2;-2,1=bB1;-1,-5=wA1;-1,-4=bQ;-1,-3=wS1;-1,0=wG1;0,-3=wA3;0,-2=wA2;0,-1=wS2;1,-1=bG1;2,-1=bA1;3,-5=bG2;3,-4=bA3;3,-3=bS1;3,-2=bA2;4,-6=bG3;5,-6=wQ
45	95	0.379949	adjudicated	G1|b|95|48|47|-5,3=wB1;-4,2=wG3;-3,1=bB2;-3,2=wG2;-3,3=wB2;-2,-4=wA1;-2,0=bS2;-2,1=bB1;-1,-4=bQ;-1,-3=wS1;-1,0=wG1;0,-3=wA3;0,-2=wA2;0,-1=wS2;1,-1=bG1;2,-1=bA1;3,-5=bG2;3,-4=bA3;3,-3=bS1;3,-2=bA2;4,-6=bG3;5,-6=wQ
46	0	-0.833655	adjudicated	G1|w|0|0|0|
46	6	-0.833655	adjudicated	G1|w|6|3|3|-2,1=bS1;-1,-1=bB2;-1,0=bB1;0,0=wA1;0,1=wB1;1,1=wA2
46	8	-0.833655	adjudicated	G1|w|8|4|4|-2,1=bS1;-1,-1=bB2;-1,0=bB1;-1,2=wQ;0,-2=bQ;0,0=wA1;0,1=wB1;1,1=wA2
46	10	-0.833655	adjudicated	G1|w|10|5|5|-2,3=bS1;-1,-1=bB2;-1,0=bB1;-1,2=wQ;0,-3=wA2;0,-2=bQ;0,0=wA1;0,1=wB1
46	12	-0.833655	adjudicated	G1|w|12|6|6|-3,3=bG1;-2,3=bS1;-1,-1=bB2;-1,0=bB1;-1,2=wQ;0,-3=wA2;0,-2=bQ;0,0=wA1;0,1=wB1;1,-4=wG1
46	14	-0.833655	adjudicated	G1|w|14|7|7|-3,3=bG1;-2,3=bS1;-1,-2=wG1;-1,-1=bB2;-1,0=bB1;-1,2=wQ;0,-3=wA2;0,0=wA1;0,1=wB1;1,-3=bQ
46	16	-0.833655	adjudicated	G1|w|16|8|8|-2,3=bS1;-1,-2=wG1;-1,-1=bB2;-1,0=bB1;-1,2=wQ;-1,3=bG1;0,-3=wA2;0,0=wA1;0,1=wB1;1,-3=bQ;1,0=wG2
46	18	-0.833655	adjudicated	G1|w|18|9|9|-3,3=bA1;-2,3=bS1;-1,-3=wB2;-1,-2=wG1;-1,-1=bB2;-1,0=bB1;-1,2=wQ;-1,3=bG1;0,-3=wA2;0,0=wA1;0,1=wB1;1,-3=bQ;1,0=wG2
46	20	-0.833655	adjudicated	G1|w|20|10|10|-2,2=bA1;-2,3=bS1;-1,-2=wG1;-1,-1=bB2;-1,0=bB1;-1,2=wQ;-1,3=bG1;0,-3=wA2,wB2;0,0=wA1;0,1=wB1;1,-3=bQ;1,0=wG2
46	22	-0.833655	adjudicated	G1|w|22|11|11|-2,2=bA1;-2,3=bS1;-1,-2=wG1;-1,-1=bB2;-1,0=bB1;-1,2=wQ;-1,3=bG1;0,-3=wA2;0,-2=wB2;0,0=wA1;0,1=wB1;1,-3=bQ;1,0=wG2;2,-3=bG2
46	24	-0.833655	adjudicated	G1|w|24|12|12|-2,2=bA1;-2,3=bS1;-1,-3=bG2;-1,-1=bB2;-1,0=bB1;-1,2=wQ;-1,3=bG1;0,-3=wA2;0,-2=wB2;0,0=wA1;0,1=wB1;1,-4=wG1;1,-3=bQ;1,0=wG2
46	26	-0.833655	adjudicated	G1|w|26|13|13|-2,2=bA1;-2,3=bS1;-1,-3=bG2;-1,-1=bB2;-1,0=bB1;-1,2=wQ;-1,3=bG1;0,-3=wA2;0,-2=wB2;0,0=wA1;0,1=wB1;1,-4=wG1;1,-3=bQ;1,0=wG2;1,1=wS1;2,-3=bA2
46	28	-0.833655	adjudicated	G1|w|28|14|14|-2,2=bA1;-2,3=bS1;-1,-3=bG2;-1,-1=bB2;-1,0=bB1;-1,2=wQ;-1,3=bG1;0,-3=wA2;0,-2=wB2;0,0=wA1;0,1=wB1;0,2=bA2;1,-4=wG1;1,-3=bQ;1,0=wG2;1,1=wS1;2,-1=wG3
46	30	-0.833655	adjudicated	G1|w|30|15|15|-2,2=bA1;-2,3=bS1;-1,-3=bG2;-1,-1=bB2;-1,0=bB1;-1,2=wQ;-1,3=bG1;0,-3=wA2;0,-2=wB2;0,0=wA1;0,1=wB1;0,2=bA2;1,-4=wG1;1,0=wG2;1,1=wS1;2,-4=bQ;2,-1=wG3;3,-2=wA3
46	32	-0.833655	adjudicated	G1|w|32|16|16|-2,1=bS2;-2,2=bA1;-2,3=bS1;-1,-3=bG2;-1,-1=bB2;-1,0=bB1;-1,2=wQ;-1,3=bG1;0,-3=wA2;0,-2=wB2;0,0=wA1;0,2=bA2;1,-4=wG1;1,0=wG2;1,1=wS1,wB1;2,-4=bQ;2,-1=wG3;3,-2=wA3
46	34	-0.833655	adjudicated	G1|w|34|17|17|-2,1=bS2;-2,2=bA1;-2,3=bS1;-1,-1=bB2;-1,0=bB1;-1,2=wQ;-1,3=bG1;0,-3=wA2;0,-2=wB2;0,2=bA2;1,-4=wG1;1,-3=bG2;1,0=wG2;1,1=wS1,wB1;2,-4=bQ;2,-1=wG3;3,-4=wA1;3,-2=wA3
46	36	-0.833655	adjudicated	G1|w|36|18|18|-2,1=bS2;-2,2=bA1;-2,3=bS1;-1,-1=bB2;-1,0=bB1;-1,3=bG1;0,-3=wA2;0,-2=wB2;0,1=wQ;0,2=bA2;1,-5=bG2;1,-4=wG1;1,0=wG2;1,1=wS1,wB1;2,-4=bQ;2,-1=wG3;3,-4=wA1;3,-2=wA3
46	38	-0.833655	adjudicated	G1|w|38|19|19|-2,0=wA3;-2,1=bS2;-2,2=bA1;-2,3=bS1;-1,-1=bB2;-1,1=bB1;-1,3=bG1;0,-3=wA2;0,-2=wB2;0,1=wQ;0,2=bA2;1,-5=bG2;1,-4=wG1;1,0=wG2;1,1=wS1,wB1;2,-4=bQ;2,-1=wG3;3,-4=wA1
46	40	-0.833655	adjudicated	G1|w|40|20|20|-2,0=wA3;-2,1=bS2;-2,3=bS1;-1,-1=bB2;-1,1=bB1;-1,3=bG1;0,-3=wA2;0,-2=wB2;0,0=bA1;0,1=wQ;0,2=bA2;1,-5=bG2;1,-4=wG1;1,0=wG2;1,1=wS1,wB1;2,-4=bQ;2,-1=wG3;2,1=wS2;3,-4=wA1
46	42	-0.833655	adjudicated	G1|w|42|21|21|-2,0=wA3;-2,1=bS2;-2,3=bS1;-1,-1=bB2;-1,1=bB1;-1,3=bG1;0,-5=bG3;0,-3=wA2;0,-2=wB2;0,0=bA1;0,1=wQ;0,2=bA2,wB1;1,-5=bG2;1,-4=wG1;1,0=wG2;1,1=wS1;2,-4=bQ;2,-1=wG3;2,1=wS2;3,-4=wA1
46	44	-0.833655	adjudicated	G1|w|44|22|22|-2,0=wA3;-2,1=bS2;-2,3=bS1;-1,-1=bB2;-1,1=bB1;-1,3=bG1;0,-5=bG3;0,-3=wA2;0,-2=wB2;0,0=bA1;0,1=wQ;0,2=bA2;1,-6=bA3;1,-5=bG2;1,-4=wG1;1,0=wG2;1,1=wS1,wB1;2,-4=bQ;2,-1=wG3;2,1=wS2;3,-4=wA1
46	46	-0.833655	adjudicated	G1|w|46|23|23|-2,0=wA3;-2,1=bS2;-2,3=bS1;-1,-1=bB2;-1,1=bB1;-1,3=bG1;0,-5=bG3;0,-3=wA2;0,-2=wB2;0,0=bA1;0,1=wQ;0,2=bA2;1,-6=bA3;1,-5=bG2;1,-4=wG1;1,0=wG2;1,1=wS1,wB1;2,-5=wA1;2,-1=wG3;2,1=wS2;3,-5=bQ
46	48	-0.833655	adjudicated	G1|w|48|24|24|-2,0=wA3;-2,1=bS2;-2,3=bS1;-1,-1=bB2;-1,1=bB1;-1,3=bG1;0,-5=bG3;0,-3=wA2;0,-2=wB2;0,0=bA1;0,1=wQ;0,2=bA2;1,-5=bG2;1,-4=wG1;1,-2=bA3;1,0=wG2;1,1=wS1,wB1;2,-5=wA1;2,-1=wG3;3,-5=bQ;3,-2=wS2
46	50	-0.833655	adjudicated	G1|w|50|25|25|-2,0=wA3;-2,1=bS2;-1,-1=bB2;-1,1=bB1;-1,3=bG1;0,-5=bG3;0,-3=wA2;0,-2=wB2;0,0=bA1;0,1=wQ,wB1;0,2=bA2;0,3=bS1;1,-5=bG2;1,-4=wG1;1,-2=bA3;1,0=wG2;1,1=wS1;2,-5=wA1;2,-1=wG3;3,-5=bQ;3,-2=wS2
46	52	-0.833655	adjudicated	G1|w|52|26|26|-2,0=wA3;-2,1=bS2;-1,-1=bB2;-1,1=bB1;-1,3=bG1;0,-5=bG3;0,-3=wA2;0,-2=wB2;0,0=bA1;0,1=wQ,wB1;0,2=bA2;0,3=bS1;0,4=wS1;1,-5=bG2;1,-4=wG1;1,0=wG2;1,1=bA3;2,-5=wA1;2,-1=wG3;3,-5=bQ;3,-2=wS2
46	54	-0.833655	adjudicated	G1|w|54|27|27|-3,4=bS1;-2,0=wA3;-2,1=bS2;-2,3=wS1;-1,-1=bB2;-1,1=bB1;-1,3=bG1;0,-5=bG3;0,-3=wA2;0,-2=wB2;0,0=bA1;0,1=wQ,wB1;0,2=bA2;1,-5=bG2;1,-4=wG1;1,0=wG2;1,1=bA3;2,-5=wA1;2,-1=wG3;3,-5=bQ;3,-2=wS2
46	56	-0.833655	adjudicated	G1|w|56|28|28|-3,4=bS1;-2,0=wA3;-2,1=bS2;-2,3=wS1;-1,-1=bB2;-1,1=bB1;-1,3=bG1;0,-5=bG3;0,-3=wA2;0,-2=wB2;0,-1=bA1;0,1=wQ;0,2=bA2;1,-5=bG2;1,-4=wG1;1,0=wG2,wB1;1,1=bA3;2,-5=wA1;2,-1=wG3;3,-5=bQ;3,-2=wS2
46	58	-0.833655	adjudicated	G1|w|58|29|29|-3,4=bS1;-2,0=wA3;-2,1=bS2;-2,3=wS1;-1,-1=bB2;-1,1=bB1;-1,3=bG1;0,-5=bG3;0,-3=wA2;0,-2=wB2;0,0=bA1;0,1=wQ;0,2=bA2;1,-5=bG2;1,-4=wG1;1,-2=wS2;1,0=wG2,wB1;1,1=bA3;2,-5=wA1;2,-1=wG3;3,-5=bQ
46	60	-0.833655	adjudicated	G1|w|60|30|30|-3,4=bS1;-2,0=wA3;-2,1=bS2;-2,3=wS1;-1,-1=bB2;-1,1=bB1;-1,3=bG1;0,-5=bG3;0,-3=wA2;0,-2=wB2;0,0=bA1;0,1=wQ;0,2=bA2;0,3=bA3;1,-5=bG2;1,-4=wG1;1,0=wG2,wB1;2,-5=wA1;2,-1=wG3;3,-5=bQ;3,-4=wS2
46	62	-0.833655	adjudicated	G1|w|62|31|31|-3,4=bS1;-2,0=wA3;-2,1=bS2;-2,3=wS1;-1,-1=bB2;-1,1=bB1;-1,3=bG1;0,-5=bG3;0,-3=wA2;0,-2=wB2;0,0=bA1;0,1=wQ;0,2=bA2;1,-5=bG2;1,-4=wG1;1,0=wG2;1,1=bA3;2,-5=wA1;2,-1=wG3;2,0=wB1;3,-5=bQ;3,-4=wS2
46	64	-0.833655	adjudicated	G1|w|64|32|32|-3,4=bS1;-2,0=wA3;-2,1=bS2;-2,3=wS1;-1,-1=bB2;-1,1=bB1;-1,3=bG1;0,-5=bG3;0,-3=wA2;0,-2=wB2;0,1=wQ;0,2=bA2;1,-5=bG2;1,-4=wG1;1,0=bA1;1,1=bA3;1,2=wG2;2,-5=wA1;2,-1=wG3;2,0=wB1;3,-5=bQ;3,-4=wS2
46	66	-0.833655	adjudicated	G1|w|66|33|33|-2,0=wA3;-2,1=bS2;-2,3=wS1;-1,-1=bB2;-1,1=bB1;-1,3=bG1;0,-5=bG3;0,-3=wA2;0,-2=wB2;0,1=wQ;0,2=bA2;0,3=bS1;1,-5=bG2;1,-4=wG1;1,0=bA1;1,1=bA3,wB1;1,2=wG2;2,-5=wA1;2,-1=wG3;3,-5=bQ;3,-4=wS2
46	68	-0.833655	adjudicated	G1|w|68|34|34|-2,0=wA3;-2,1=bS2;-2,3=wS1;-2,5=bS1;-1,-1=bB2;-1,1=bB1;-1,3=bG1;-1,4=wG2;0,-5=bG3;0,-3=wA2;0,-2=wB2;0,1=wQ;0,2=bA2;1,-5=bG2;1,-4=wG1;1,0=bA1;1,1=bA3,wB1;2,-5=wA1;2,-1=wG3;3,-5=bQ;3,-4=wS2
46	70	-0.833655	adjudicated	G1|w|70|35|35|-2,0=wA3;-2,1=bS2;-2,3=wS1;-1,-1=bB2;-1,1=bB1;-1,3=bG1;-1,4=wG2;0,-5=bG3;0,-3=wA2;0,-2=wB2;0,1=wQ;0,2=bA2;0,3=bS1;1,-5=bG2;1,-4=wG1;1,0=bA1;1,1=bA3;2,-5=wA1;2,-1=wG3;2,1=wB1;3,-5=bQ;3,-4=wS2
46	72	-0.833655	adjudicated	G1|w|72|36|36|-2,0=wA3;-2,1=bS2;-2,3=wS1;-1,-1=bB2;-1,1=bB1;-1,3=bG1;-1,4=wG2;0,-5=bG3;0,-3=wA2;0,-2=wB2;0,0=bA3;0,1=wQ;0,2=bA2;0,3=bS1;1,-5=bG2;1,-4=wG1;1,0=bA1;2,-5=wA1;2,-1=wG3;2,0=wB1;3,-5=bQ;3,-4=wS2
46	74	-0.833655	adjudicated	G1|w|74|37|37|-2,0=wA3;-2,1=bS2;-2,3=wS1;-1,-1=bB2;-1,1=bB1;-1,3=bG1;-1,4=wG2;0,-5=bG3;0,-3=wA2;0,-2=wB2;0,0=bA3;0,1=wQ;0,2=bA2;1,-5=bG2;1,-4=wG1;1,-2=wS2;1,0=bA1;2,-5=wA1;2,-1=wG3;2,0=wB1;2,1=bS1;3,-5=bQ
46	76	-0.833655	adjudicated	G1|w|76|38|38|-2,0=wA3;-2,1=bS2;-2,3=wS1;-1,-1=bB2;-1,1=bB1;-1,3=bG1;-1,4=wG2;0,-5=bG3;0,-3=wA2;0,-2=wB2;0,0=bA3;0,1=wQ;0,2=bA2;0,3=bS1;1,-5=bG2;1,-4=wG1;1,0=bA1;2,-5=wA1;2,-1=wG3;2,0=wB1;3,-5=bQ;3,-4=wS2
46	78	-0.833655	adjudicated	G1|w|78|39|39|-2,0=wA3;-2,1=bS2;-1,-1=bB2;-1,1=bB1;-1,4=wG2;-1,5=wS1;0,-5=bG3;0,-3=wA2;0,-2=wB2;0,0=bA3;0,1=wQ;0,2=bA2;0,3=bS1;1,-5=bG2;1,-4=wG1;1,0=bA1;1,1=bG1;2,-5=wA1;2,-1=wG3;2,0=wB1;3,-5=bQ;3,-4=wS2
46	80	-0.833655	adjudicated	G1|w|80|40|40|-2,0=wA3;-2,1=bS2;-1,-1=bB2;-1,1=bB1;-1,2=bA3;-1,4=wG2;-1,5=wS1;0,-5=bG3;0,-3=wA2;0,-2=wB2;0,1=wQ;0,2=bA2;0,3=bS1;1,-5=bG2;1,-4=wG1;1,0=bA1;1,1=bG1;2,-5=wA1;2,-1=wG3;2,1=wB1;3,-5=bQ;3,-4=wS2
46	82	-0.833655	adjudicated	G1|w|82|41|41|-2,0=wA3;-2,1=bS2;-1,-1=bB2;-1,1=bB1;-1,2=bA3;-1,4=wG2;-1,5=wS1;0,-5=bG3;0,-3=wA2;0,-2=wB2;0,1=wQ;0,2=bA2;0,3=bS1;1,-5=bG2;1,-4=wG1;1,0=bA1;1,1=bG1;2,-5=wA1;2,-1=wG3;2,1=wB1;3,-6=wS2;4,-6=bQ
46	84	-0.833655	adjudicated	G1|w|84|42|42|-2,0=wA3;-2,1=bS2;-1,-1=bB2;-1,1=bB1;-1,2=bA3;-1,4=wG2;0,-5=bG3;0,-3=wA2;0,-2=wB2;0,1=wQ;0,2=bA2;0,3=bS1;1,-5=bG2;1,-4=wG1;1,0=bA1;1,1=bG1;1,2=wS1;2,-5=wA1;2,-1=wG3;2,1=wB1;3,-6=wS2;4,-7=bQ
46	86	-0.833655	adjudicated	G1|w|86|43|43|-2,0=wA3;-2,1=bS2;-1,-1=bB2;-1,1=bB1;-1,4=wG2;-1,5=wS1;0,-5=bG3;0,-3=wA2;0,-2=wB2;0,1=wQ;0,2=bA2;0,3=bS1;1,-5=bG2;1,-4=wG1;1,0=bA1;1,1=bG1;2,-6=bA3;2,-5=wA1;2,-1=wG3;2,1=wB1;3,-6=wS2;4,-7=bQ
46	88	-0.833655	adjudicated	G1|w|88|44|44|-2,0=wA3;-2,1=bS2;-1,-1=bB2;-1,1=bB1;-1,4=wG2;-1,5=wS1;0,-3=wA2;0,-2=wB2;0,1=wQ;0,2=bA2;0,3=bS1;1,-5=bG2;1,-4=wG1;1,0=bA1;1,1=bG1;2,-6=bA3;2,-5=bG3;2,-1=wG3;2,1=wB1;3,-6=wS2;4,-7=bQ;5,-8=wA1
46	90	-0.833655	adjudicated	G1|w|90|45|45|-3,0=wA1;-2,0=wA3;-2,1=bS2;-1,-1=bB2;-1,1=bB1;-1,2=bA3;-1,4=wG2;-1,5=wS1;0,-3=wA2;0,-2=wB2;0,1=wQ;0,2=bA2;0,3=bS1;1,-5=bG2;1,-4=wG1;1,0=bA1;1,1=bG1;2,-5=bG3;2,-1=wG3;2,1=wB1;3,-6=wS2;4,-7=bQ
46	92	-0.833655	adjudicated	G1|w|92|46|46|-2,0=wA3;-2,1=bS2;-2,2=bA3;-1,-1=bB2;-1,1=bB1;-1,4=wG2;-1,5=wS1;0,-3=wA2;0,-2=wB2;0,1=wQ;0,2=bA2;0,3=bS1;1,-5=bG2;1,-4=wG1;1,0=bA1;1,1=bG1;2,-5=bG3;2,-1=wG3;2,1=wB1;3,-6=wS2;4,-7=bQ;5,-8=wA1
46	94	-0.833655	adjudicated	G1|w|94|47|47|-2,0=wA3;-2,1=bS2;-1,-1=bB2;-1,1=bB1;-1,3=wS1;-1,4=wG2;0,-3=wA2;0,-2=wB2;0,0=bA3;0,1=wQ;0,2=bA2;0,3=bS1;1,-5=bG2;1,-4=wG1;1,0=bA1;1,1=bG1;2,-5=bG3;2,-1=wG3;2,1=wB1;3,-6=wS2;4,-7=bQ;5,-8=wA1
46	96	-0.833655	adjudicated	G1|w|96|48|48|-2,0=wA3;-2,1=bS2;-1,-1=bB2;-1,1=bB1;-1,3=wS1;-1,4=wG2;0,-3=wA2;0,-2=wB2;0,0=bA3;0,1=wQ;0,2=bA2;1,-5=bG2;1,-4=wG1;1,0=bA1;1,1=bG1;2,-5=bG3;2,-1=wG3;2,1=wB1;3,-6=wS2;3,1=bS1;4,-7=bQ;5,-7=wA1
47	0	0.379949	adjudicated	G1|w|0|0|0|
47	7	0.379949	adjudicated	G1|b|7|4|3|-1,2=wS2;0,0=wS1;0,1=wG1;1,-1=bG1;1,1=wQ;2,-1=bG2;3,-1=bG3
47	9	0.379949	adjudicated	G1|b|9|5|4|0,-1=wS2;0,0=wS1;0,1=wG1;1,-1=bG1;1,1=wQ;2,-1=bG2;3,-1=bG3;4,-2=bQ
47	11	0.379949	adjudicated	G1|b|11|6|5|0,-2=wG2;0,-1=wS2;0,0=wS1;0,1=wG1;1,-1=bG1;1,1=wQ;2,-2=bB1;2,-1=bG2;3,-1=bG3;4,-2=bQ
47	13	0.379949	adjudicated	G1|b|13|7|6|0,-2=wG2;0,-1=wS2;0,0=wS1;0,1=wG1;1,-1=bG1;1,0=wQ;2,-2=bB1;2,-1=bG2;3,-3=bB2;3,-1=bG3;4,-2=bQ
47	15	0.379949	adjudicated	G1|b|15|8|7|0,-2=wG2;0,-1=wS2;0,0=wS1;0,1=wG1;1,-1=bG1;1,1=wQ;2,-2=bB1;2,-1=bG2;3,-4=bA1;3,-3=bB2;3,-1=bG3;4,-2=bQ
47	17	0.379949	adjudicated	G1|b|17|9|8|0,-3=wB1;0,-2=wG2;0,-1=wS2;0,0=wS1;0,1=wG1;1,-1=bG1;1,1=wQ;2,-2=bB1;2,-1=bG2;3,-4=bA1;3,-3=bB2;3,-1=bG3;4,-4=bS1;4,-2=bQ
47	19	0.379949	adjudicated	G1|b|19|10|9|0,-3=wB1;0,-2=wG2;0,-1=wS2;0,0=wS1;0,1=wG1;1,-4=wB2;1,-1=bG1;1,1=wQ;1,2=bA1;2,-2=bB1;2,-1=bG2;3,-3=bB2;3,-1=bG3;4,-4=bS1;4,-2=bQ
47	21	0.379949	adjudicated	G1|b|21|11|10|-1,-3=wA1;0,-3=wB1;0,-2=wG2;0,-1=wS2;0,0=wS1;0,1=wG1;1,-4=wB2;1,-1=bG1;1,1=wQ;1,2=bA1;2,-2=bB1;2,-1=bG2;2,2=bS2;3,-3=bB2;3,-1=bG3;4,-4=bS1;4,-2=bQ
47	23	0.379949	adjudicated	G1|b|23|12|11|-1,-3=wA1;0,-3=wB1;0,-2=wG2;0,-1=wS2;0,0=wS1;0,1=wG1;0,2=bS2;1,-4=wB2;1,-1=bG1;1,2=bA1;2,-2=bB1;2,-1=bG2;2,1=wQ;3,-3=bB2;3,-1=bG3;4,-4=bS1;4,-2=bQ
47	25	0.379949	adjudicated	G1|b|25|13|12|0,-3=wB1;0,-2=wG2;0,-1=wS2;0,0=wS1;0,1=wG1;0,2=bS2;1,-4=wB2;1,-1=bG1;1,2=bA1;2,-2=bB1;2,-1=bG2;2,1=wQ;3,-3=bB2;3,-1=bG3;4,-4=bS1;4,-2=bQ;5,-4=bA2;5,-3=wA1
47	27	0.379949	adjudicated	G1|b|27|14|13|0,-3=wB1;0,-2=wG2;0,-1=wS2;0,0=wS1;0,1=wG1;0,2=bS2;1,-4=wB2;1,-1=bG1;1,2=bA1;2,-2=bB1;2,-1=bG2;2,1=wQ;3,-3=bB2;3,-1=bG3;4,-4=bS1;4,-2=wA1;4,-1=bQ;5,-4=bA2
47	29	0.379949	adjudicated	G1|b|29|15|14|-1,1=wG3;0,-3=wB1;0,-2=wG2;0,-1=wS2;0,0=wS1;0,1=wG1;0,2=bS2;1,-4=wB2;1,-1=bG1;1,2=bA1;2,-2=bB1;2,-1=bG2;2,1=wQ;3,-3=bB2;3,-1=bG3;3,1=bA2;4,-4=bS1;4,-2=wA1;4,-1=bQ
47	31	0.379949	adjudicated	G1|b|31|16|15|-1,1=wG3;0,-3=wB1;0,-2=wG2;0,-1=wS2;0,0=wS1;0,1=wG1;0,2=bS2;1,-4=wB2;1,-1=bG1;1,2=bA1;2,-4=wA2;2,-2=bB1;2,-1=bG2;2,1=wQ;3,-3=bB2;3,-1=bG3;4,-4=bS1;4,-2=wA1;4,-1=bQ;5,-2=bA2
47	33	0.379949	adjudicated	G1|b|33|17|16|-1,0=bA2;-1,1=wG3;0,-3=wB1;0,-2=wG2;0,-1=wS2;0,0=wS1;0,1=wG1;0,2=bS2;1,-4=wB2;1,-1=bG1;1,2=bA1;2,-2=bB1;2,-1=bG2;2,1=wQ;3,-3=bB2;3,-1=bG3;4,-4=bS1;4,-2=wA1;4,-1=bQ;5,-1=wA2
47	35	0.379949	adjudicated	G1|b|35|18|17|-1,1=wG3;0,-3=wB1;0,-2=wG2;0,-1=wS2;0,0=wS1;0,1=wG1;0,2=bS2;1,-4=wB2;1,-1=bG1;1,2=bA1;2,-2=bB1;2,-1=bG2;2,1=wQ;2,2=bA2;3,-3=bB2;3,-1=bG3;4,-5=wA1;4,-4=bS1;4,-1=bQ;5,-1=wA2
47	37	0.379949	adjudicated	G1|b|37|19|18|-1,1=wG3;0,-3=wB1;0,-2=wG2;0,-1=wS2;0,0=wS1;0,1=wG1;0,2=bS2;0,3=bA3;1,-4=wB2;1,-1=bG1;1,2=bA1;2,-2=bB1;2,-1=bG2;2,1=wQ;2,2=bA2;3,-3=bB2;3,-1=bG3;4,-4=bS1;4,-1=bQ;4,0=wA1;5,-1=wA2
47	39	0.379949	adjudicated	G1|b|39|20|19|-1,1=wG3;0,-3=wB1;0,-2=wG2;0,-1=wS2;0,0=wS1;0,1=wG1;0,2=bS2;1,-4=wB2;1,-1=bG1;1,2=bA1;2,-2=bB1;2,-1=bG2;2,1=wQ;2,2=bA2;3,-3=bB2;3,-1=bG3;3,1=bA3;4,-4=bS1;4,-1=bQ;5,-2=wA1;5,-1=wA2
47	41	0.379949	adjudicated	G1|b|41|21|20|-1,1=wG3;0,-3=wB1;0,-2=wG2;0,-1=wS2;0,0=wS1;0,1=wG1;0,2=bS2;1,-4=wB2;1,-2=bS1;1,-1=bG1;1,2=bA1;2,-2=bB1;2,-1=bG2;2,2=bA2;3,-3=bB2;3,-1=bG3;3,0=wQ;3,1=bA3;4,-1=bQ;5,-2=wA1;5,-1=wA2
47	43	0.379949	adjudicated	G1|b|43|22|21|0,-3=wB1;0,-2=wG2;0,-1=wS2;0,0=wS1;0,1=wG1;0,2=bS2;1,-4=wB2;1,-2=bS1;1,-1=bG1;2,-2=bB1;2,-1=bG2;2,0=bA1;2,2=bA2;3,-3=bB2;3,-1=bG3;3,0=wQ;3,1=bA3;4,-4=wG3;4,-1=bQ;5,-2=wA1;5,-1=wA2
47	45	0.379949	adjudicated	G1|b|45|23|22|0,-3=wB1;0,-2=wG2;0,-1=wS2;0,0=wS1;0,1=wG1;0,2=bS2;1,-4=wB2;1,-2=bS1;1,-1=bG1;2,-2=bB1;2,-1=bG2;2,0=bA1;2,1=bA2;3,-3=bB2;3,-1=bG3;3,0=wQ;3,1=bA3;4,-4=wG3;4,-1=bQ;5,-3=wA3;5,-2=wA1;5,-1=wA2
47	47	0.379949	adjudicated	G1|b|47|24|23|0,-3=wB1;0,-2=wG2;0,-1=wS2;0,0=wS1;0,1=wG1;0,2=bS2;1,-4=wB2;1,-2=bS1;1,-1=bG1;1,1=bG3;2,-2=bB1;2,-1=bG2;2,0=bA1;2,1=bA2;3,-3=bB2;3,0=wQ;3,1=bA3;4,-4=wG3;4,-2=wA3;4,-1=bQ;5,-2=wA1;5,-1=wA2
47	49	0.379949	adjudicated	G1|b|49|25|24|0,-3=wB1;0,-2=wG2;0,-1=wS2;0,0=wS1;0,1=wG1;0,2=bS2;1,-4=wB2;1,-1=bG1;1,1=bG3;2,-5=bS1;2,-2=bB1;2,-1=bG2;2,0=bA1;2,1=bA2;2,2=wA3;3,-3=bB2;3,0=wQ;3,1=bA3;4,-4=wG3;4,-1=bQ;5,-2=wA1;5,-1=wA2
47	51	0.379949	adjudicated	G1|b|51|26|25|0,-3=wB1;0,-2=wG2;0,-1=wS2;0,0=wS1;0,1=wG1;0,2=bS2;1,-4=wB2;1,1=bG3;2,-5=bS1;2,-2=bB1;2,-1=bG2;2,0=bA1;2,1=bA2;3,-3=bB2;3,0=wQ;3,1=bA3;4,-4=wG3;4,-2=wA3;4,-1=bQ;5,-5=bG1;5,-2=wA1;5,-1=wA2
47	53	0.379949	adjudicated	G1|b|53|27|26|-1,-3=bS1;0,-3=wB1;0,-2=wG2;0,-1=wS2;0,0=wS1;0,1=wG1;0,2=bS2;1,-3=wB2;1,1=bG3;2,-2=bB1;2,-1=bG2;2,0=bA1;2,1=bA2;3,-3=bB2;3,0=wQ;3,1=bA3;4,-4=wG3;4,-2=wA3;4,-1=bQ;5,-5=bG1;5,-2=wA1;5,-1=wA2
47	55	0.379949	adjudicated	G1|b|55|28|27|-1,-3=bS1;0,-3=wB1,wB2;0,-2=wG2;0,-1=wS2;0,0=wS1;0,1=wG1;0,2=bS2;1,1=bG3;2,-2=bB1;2,-1=bG2;2,0=bA1;3,-3=bB2;3,0=wQ;3,1=bA3;4,-4=wG3;4,-2=wA3;4,-1=bQ;5,-5=bG1;5,-2=wA1;5,-1=wA2;6,-3=bA2
47	57	0.379949	adjudicated	G1|b|57|29|28|-1,-3=bS1;0,-3=wB1;0,-2=wG2;0,-1=wS2;0,0=wS1;0,1=wG1;0,2=bS2;1,-3=wB2;1,1=bG3;2,-2=bB1;2,-1=bG2;2,0=bA1;2,1=bA2;3,-3=bB2;3,0=wQ;3,1=bA3;4,-4=wG3;4,-2=wA3;4,-1=bQ;5,-5=bG1;5,-2=wA1;5,-1=wA2
47	59	0.379949	adjudicated	G1|b|59|30|29|-1,-3=bS1;0,-3=wB1,wB2;0,-2=wG2;0,-1=wS2;0,0=wS1;0,1=wG1;1,1=bG3;2,-2=bB1;2,-1=bG2;2,0=bA1;2,1=bA2;3,-3=bB2;3,0=wQ;3,1=bA3;3,2=bS2;4,-4=wG3;4,-2=wA3;4,-1=bQ;5,-5=bG1;5,-2=wA1;5,-1=wA2
47	61	0.379949	adjudicated	G1|b|61|31|30|0,-3=wB1,wB2;0,-2=wG2;0,-1=wS2;0,0=wS1;0,1=wG1;1,-4=wA1;1,-3=bS1;1,1=bG3;2,-2=bB1;2,-1=bG2;2,0=bA1;2,1=bA2;3,-3=bB2;3,0=wQ;3,1=bA3;3,2=bS2;4,-4=wG3;4,-2=wA3;4,-1=bQ;5,-5=bG1;5,-1=wA2
47	63	0.379949	adjudicated	G1|b|63|32|31|0,-3=wB1,wB2;0,-2=wG2;0,-1=wS2;0,0=wS1;0,1=wG1;0,2=bS2;1,-3=bS1;1,1=bG3;2,-2=bB1;2,-1=bG2;2,0=bA1;2,1=bA2;3,-3=bB2;3,0=wQ;3,1=bA3;4,-4=wG3;4,-2=wA3;4,-1=bQ;5,-5=bG1;5,-2=wA1;5,-1=wA2
47	65	0.379949	adjudicated	G1|b|65|33|32|0,-3=wB1,wB2;0,-2=wG2;0,-1=wS2;0,0=wS1;0,2=bS2;1,-3=bS1;1,-1=bG1;1,1=bG3;2,-2=bB1;2,-1=bG2;2,0=bA1;2,1=bA2;3,-3=bB2;3,0=wQ;3,1=bA3;4,-4=wG3;4,-2=wA3;4,-1=bQ;4,1=wG1;5,-2=wA1;5,-1=wA2
47	67	0.379949	adjudicated	G1|b|67|34|33|0,-3=wB1;0,-2=wG2;0,-1=wS2;0,0=wS1;0,2=bS2;1,-3=wB2;1,-1=bG1;1,1=bG3;2,-2=bB1;2,-1=bG2;2,0=bA1;2,1=bA2;3,-4=bS1;3,-3=bB2;3,0=wQ;3,1=bA3;4,-4=wG3;4,-2=wA3;4,-1=bQ;4,1=wG1;5,-2=wA1;5,-1=wA2
47	69	0.379949	adjudicated	G1|b|69|35|34|0,-3=wB1;0,-2=wG2;0,-1=wS2;0,0=wS1;0,2=bS2;1,-3=wB2;1,-1=bG1;1,1=bG3;2,-2=bB1;2,-1=bG2;2,0=bA1;2,3=wG1;3,-4=bS1;3,-3=bB2;3,0=wQ;3,1=bA3;3,2=bA2;4,-4=wG3;4,-2=wA3;4,-1=bQ;5,-2=wA1;5,-1=wA2
47	71	0.379949	adjudicated	G1|b|71|36|35|0,-2=wG2;0,-1=wS2;0,0=wS1;0,2=bS2;1,-3=wB2,wB1;1,-1=bG1;1,1=bG3;2,-2=bB1;2,-1=bG2;2,0=bA1;2,3=wG1;3,-3=bB2;3,0=wQ;3,1=bA3;3,2=bA2;4,-4=wG3;4,-2=wA3;4,-1=bQ;5,-4=bS1;5,-2=wA1;5,-1=wA2
47	73	0.379949	adjudicated	G1|b|73|37|36|-1,0=bS2;0,-2=wG2;0,-1=wS2;0,0=wS1;1,-3=wB2,wB1;1,-1=bG1;1,1=bG3;2,-2=bB1;2,-1=bG2;2,0=bA1;2,3=wG1;3,-3=bB2;3,0=wQ;3,1=bA3;3,2=bA2;4,-4=wG3;4,-2=wA3;4,-1=bQ;5,-4=bS1;5,-2=wA1;6,-4=wA2
47	75	0.379949	adjudicated	G1|b|75|38|37|0,-2=wG2;0,-1=wS2;0,0=wS1;0,2=bS2;1,-3=wB2,wB1;1,-1=bG1;1,1=bG3;2,-2=bB1;2,-1=bG2;2,0=bA1;2,3=wG1;3,-3=bB2;3,0=wQ;3,1=bA3;3,2=bA2;4,-4=wG3;4,-2=wA3;4,-1=bQ;5,-4=bS1;6,-5=wA1;6,-4=wA2
47	77	0.379949	adjudicated	G1|b|77|39|38|0,-2=wG2;0,-1=wS2;0,0=wS1;1,-3=wB2,wB1;1,-1=bG1;1,1=bG3;2,-2=bB1;2,-1=bG2;2,0=bA1;2,2=bS2;2,3=wG1;3,-3=bB2;3,0=wQ;3,1=bA3;3,2=bA2;4,-4=wG3;4,-2=wA3;4,-1=bQ;5,-4=bS1;5,-2=wA2;6,-5=wA1
47	79	0.379949	adjudicated	G1|b|79|40|39|0,-3=wB1;0,-2=wG2;0,-1=wS2;0,0=wS1;1,-3=wB2;1,-1=bG1;1,1=bG3;2,-2=bB1;2,-1=bG2;2,0=bA1;2,2=bS2;2,3=wG1;3,-3=bB2;3,0=wQ;3,1=bA3;4,-4=wG3;4,-2=wA3;4,-1=bQ;5,-4=bS1;5,-2=wA2;6,-5=wA1;7,-5=bA2
47	81	0.379949	adjudicated	G1|b|81|41|40|-1,1=wA3;0,-3=wB1;0,-2=wG2;0,-1=wS2;0,0=wS1;1,-3=wB2;1,-1=bG1;1,1=bG3;2,-2=bB1;2,-1=bG2;2,0=bA1;2,2=bS2;2,3=wG1;3,-3=bB2;3,0=wQ;3,1=bA3;3,3=bA2;4,-4=wG3;4,-1=bQ;5,-4=bS1;5,-2=wA2;6,-5=wA1
47	83	0.379949	adjudicated	G1|b|83|42|41|-1,1=wA3;0,-3=wB1;0,-2=wG2;0,-1=wS2;0,0=wS1;1,-3=wB2;1,-1=bG1;1,1=bG3;2,-2=bB1;2,-1=bG2;2,0=bA1;2,2=bS2;2,3=wG1;3,-3=bB2;3,0=wQ;3,1=bA3;4,-4=wG3;4,-2=wA1;4,-1=bQ;4,1=bA2;5,-4=bS1;5,-2=wA2
47	85	0.379949	adjudicated	G1|b|85|43|42|0,-3=wB1;0,-2=wG2;0,-1=wS2;0,0=wS1;1,-3=wB2;1,-1=bG1;1,1=bG3;1,3=bA2;2,-2=bB1;2,-1=bG2;2,0=bA1;2,2=bS2;2,3=wG1;3,-3=bB2;3,0=wQ;3,1=bA3;4,-4=wG3;4,-2=wA1;4,-1=bQ;5,-4=bS1;5,-2=wA2;5,-1=wA3
47	87	0.379949	adjudicated	G1|b|87|44|43|-1,-2=wS1;0,-3=wB1;0,-2=wG2;0,-1=wS2;0,1=bA2;1,-3=wB2;1,-1=bG1;1,1=bG3;2,-2=bB1;2,-1=bG2;2,0=bA1;2,2=bS2;2,3=wG1;3,-3=bB2;3,0=wQ;3,1=bA3;4,-4=wG3;4,-2=wA1;4,-1=bQ;5,-4=bS1;5,-2=wA2;5,-1=wA3
47	89	0.379949	adjudicated	G1|b|89|45|44|-1,-2=wS1;0,-2=wG2;0,-1=wS2;1,-4=wB1;1,-3=wB2;1,-1=bG1;1,1=bG3;1,2=bA2;2,-2=bB1;2,-1=bG2;2,0=bA1;2,2=bS2;2,3=wG1;3,-3=bB2;3,0=wQ;3,1=bA3;4,-4=wG3;4,-2=wA1;4,-1=bQ;5,-4=bS1;5,-2=wA2;5,-1=wA3
47	91	0.379949	adjudicated	G1|b|91|46|45|-2,-2=bA2;-1,-2=wS1;0,-2=wG2;0,-1=wS2;1,-3=wB2;1,-1=bG1;1,1=bG3;2,-4=wB1;2,-2=bB1;2,-1=bG2;2,0=bA1;2,2=bS2;2,3=wG1;3,-3=bB2;3,0=wQ;3,1=bA3;4,-4=wG3;4,-2=wA1;4,-1=bQ;5,-4=bS1;5,-2=wA2;5,-1=wA3
47	93	0.379949	adjudicated	G1|b|93|47|46|-1,0=bA2;0,-2=wG2;0,-1=wS2;1,-3=wB2;1,-1=bG1;1,1=bG3;2,-5=wS1;2,-4=wB1;2,-2=bB1;2,-1=bG2;2,0=bA1;2,2=bS2;2,3=wG1;3,-3=bB2;3,0=wQ;3,1=bA3;4,-4=wG3;4,-2=wA1;4,-1=bQ;5,-4=bS1;5,-2=wA2;5,-1=wA3
47	95	0.379949	adjudicated	G1|b|95|48|47|-1,-2=wS1;0,-2=wG2;0,-1=wS2;1,-3=wB2;1,-1=bG1;1,1=bG3;2,-4=wB1;2,-2=bB1;2,-1=bG2;2,0=bA1;2,2=bS2;2,3=wG1;3,-5=bA2;3,-3=bB2;3,0=wQ;3,1=bA3;4,-4=wG3;4,-2=wA1;4,-1=bQ;5,-4=bS1;5,-2=wA2;5,-1=wA3
48	0	0.664037	adjudicated	G1|w|0|0|0|
48	6	0.664037	adjudicated	G1|w|6|3|3|-2,2=wA3;-1,1=wA2;0,0=wA1;1,-1=bB1;2,-1=bS1;3,-1=bS2
48	8	0.664037	adjudicated	G1|w|8|4|4|-2,2=wA3;-1,0=wQ;-1,1=wA2;0,0=wA1;1,-1=bB1;2,-1=bS1;3,-1=bS2;3,0=bQ
48	10	0.664037	adjudicated	G1|w|10|5|5|-1,0=wQ;-1,1=wA2;0,0=wA1;1,-1=bB1;2,-2=bB2;2,-1=bS1;3,-1=bS2;3,0=bQ;3,1=wA3
48	12	0.664037	adjudicated	G1|w|12|6|6|-1,0=wQ;0,0=wA1;1,-1=bB1;2,-1=bS1,bB2;3,-1=bS2;3,0=bQ;3,1=wA3;4,-1=wA2
48	14	0.664037	adjudicated	G1|w|14|7|7|-1,0=wQ;0,0=wA1;1,-2=bA1;1,-1=bB1;2,-1=bS1,bB2;2,1=wA2;3,-1=bS2;3,0=bQ;3,1=wA3
48	16	0.664037	adjudicated	G1|w|16|8|8|-2,0=bA1;-1,0=wQ;0,0=wA1;1,-1=bB1;2,-1=bS1,bB2;2,1=wA2;3,-1=bS2;3,0=bQ;4,0=wA3
48	18	0.664037	adjudicated	G1|w|18|9|9|-1,0=wQ;-1,1=bA1;0,0=wA1;1,-1=bB1;2,-1=bS1,bB2;2,1=wA2;3,-1=bS2;3,0=bQ;4,0=wA3;5,-1=wS1
48	20	0.664037	adjudicated	G1|w|20|10|10|-1,0=wQ;-1,1=bA1;-1,2=bG1;0,0=wA1;1,-1=bB1;2,-1=bS1,bB2;2,1=wA2;3,-1=bS2;3,0=bQ;3,1=wS1;4,0=wA3
48	22	0.664037	adjudicated	G1|w|22|11|11|-2,1=wQ;-1,0=bG1;-1,1=bA1;0,0=wA1;1,-1=bB1;2,-1=bS1,bB2;2,1=wA2;3,-1=bS2;3,0=bQ;3,1=wS1;4,0=wA3
48	24	0.664037	adjudicated	G1|w|24|12|12|-2,2=wQ;-1,1=bA1;-1,2=bG1;0,0=wA1;1,-1=bB1;2,-1=bS1,bB2;2,1=wA2;3,-1=bS2;3,0=bQ;3,1=wS1;4,0=wA3
48	26	0.664037	adjudicated	G1|w|26|13|13|-2,3=wQ;-1,1=bA1;-1,2=bG1;0,0=wA1;1,-1=bB1;2,-1=bS1;2,1=wA2;3,-1=bS2,bB2;3,0=bQ;3,1=wS1;4,0=wA3
48	28	0.664037	adjudicated	G1|w|28|14|14|-2,3=wQ;-1,1=bA1;-1,2=bG1;0,0=wA1;1,-1=bB1;2,-1=bS1,bB2;2,1=wA2;3,-1=bS2;3,0=bQ;3,1=wS1;3,2=wB1;4,0=wA3
48	30	0.664037	adjudicated	G1|w|30|15|15|-2,3=wQ;-1,1=bA1;-1,2=bG1;0,0=wA1;1,-1=bB1;2,-1=bS1,bB2;2,0=wA2;3,0=bQ;3,1=wS1;3,2=wB1;4,0=wA3;5,0=bS2
48	32	0.664037	adjudicated	G1|w|32|16|16|-2,3=wQ;-1,1=bA1;-1,2=bG1;0,0=wA1;1,-1=bB1;2,-1=bS1,bB2;2,0=wA2;2,2=wB2;3,0=bQ;3,1=wS1;3,2=wB1;4,0=wA3;5,0=bS2;5,1=bA2
48	34	0.664037	adjudicated	G1|w|34|17|17|-2,3=wQ;-1,1=bA1;-1,2=bG1;0,0=wA1;1,-1=bB1;2,-1=bS1,bB2;2,0=wA2;2,1=wB2;3,0=bQ;3,1=wS1;3,2=wB1;4,0=wA3;5,0=bS2;5,1=bA2;6,0=bG2
48	36	0.664037	adjudicated	G1|w|36|18|18|-2,3=wQ;-1,1=bA1;-1,2=bG1;0,0=wA1;1,-1=bB1;2,-1=bS1,bB2;2,0=wA2;2,1=wB2;3,1=wS1,wB1;4,-1=bQ;4,0=wA3;5,0=bS2;5,1=bA2;6,0=bG2
48	38	0.664037	adjudicated	G1|w|38|19|19|-2,3=wQ;-2,4=bA2;-1,1=bA1;-1,2=bG1;0,0=wA1;1,-1=bB1;2,-1=bS1,bB2;2,0=wA2;2,1=wB2;3,0=wB1;3,1=wS1;4,-1=bQ;4,0=wA3;5,0=bS2;6,0=bG2
48	40	0.664037	adjudicated	G1|w|40|20|20|-2,3=wQ;-2,4=bA2;-1,1=bA1;-1,2=bG1;0,0=wA1;1,-1=bB1,bB2;1,1=wS1;2,-1=bS1;2,0=wA2;2,1=wB2;3,0=wB1;4,-1=bQ;4,0=wA3;5,0=bS2;6,0=bG2
48	42	0.664037	adjudicated	G1|w|42|21|21|-3,4=bA2;-2,3=wQ;-1,1=bA1;-1,2=bG1;0,0=wA1;1,-1=bB1,bB2;1,1=wS1;2,-1=bS1;2,0=wA2;3,0=wB1;3,1=wB2;4,-1=bQ;4,0=wA3;5,0=bS2;6,0=bG2
48	44	0.664037	adjudicated	G1|w|44|22|22|-2,2=bA2;-2,3=wQ;-1,1=bA1;-1,2=bG1;0,0=wA1;1,-1=bB1,bB2;1,1=wS1;2,-1=bS1;2,0=wA2;3,0=wB1,wB2;4,-1=bQ;4,0=wA3;5,0=bS2;6,0=bG2
48	46	0.664037	adjudicated	G1|w|46|23|23|-3,2=bG1;-3,3=wQ;-2,2=bA2;-1,1=bA1;0,0=wA1;1,-1=bB1,bB2;1,1=wS1;2,-1=bS1;2,0=wA2;3,0=wB1,wB2;4,-1=bQ;4,0=wA3;5,0=bS2;6,0=bG2
48	48	0.664037	adjudicated	G1|w|48|24|24|-3,2=bG1;-3,3=wQ;-2,2=bA2;-1,1=bA1;0,0=wA1;1,-1=bB1,bB2;1,1=wS1;2,-2=bA3;2,-1=bS1;2,0=wA2;2,1=wS2;3,0=wB1,wB2;4,-1=bQ;4,0=wA3;5,0=bS2;6,0=bG2
48	50	0.664037	adjudicated	G1|w|50|25|25|-3,2=bG1;-2,2=bA2;-2,3=wQ;-2,4=bA3;-1,1=bA1;0,0=wA1;1,-1=bB1,bB2;1,1=wS1;2,-1=bS1;2,0=wA2;2,1=wS2;3,0=wB1,wB2;4,-1=bQ;4,0=wA3;5,0=bS2;6,0=bG2
48	52	0.664037	adjudicated	G1|w|52|26|26|-3,2=bG1;-2,2=bA2;-2,3=wQ;-2,4=bA3;-1,1=bA1;0,0=wA1;1,-1=bB1,bB2;1,1=wS1;2,-1=bS1;2,0=wA2;2,1=wS2;3,-1=wB2;3,0=wB1;4,-2=bQ;4,0=wA3;5,0=bS2;6,0=bG2
48	54	0.664037	adjudicated	G1|w|54|27|27|-4,3=bA3;-3,2=bG1;-2,2=bA2;-2,3=wQ;-1,1=bA1;0,0=wA1;0,1=wS2;1,-1=bB1,bB2;1,1=wS1;2,-1=bS1;2,0=wA2;3,-1=wB2;3,0=wB1;4,-2=bQ;4,0=wA3;5,0=bS2;6,0=bG2
48	56	0.664037	adjudicated	G1|w|56|28|28|-3,2=bG1;-2,2=bA2;-2,3=wQ;-1,1=bA1;-1,2=bA3;0,1=wS2;1,-1=bB1,bB2;1,1=wS1;2,-1=bS1;2,0=wA2;3,-1=wB2;3,0=wB1;4,-3=wA1;4,-2=bQ;4,0=wA3;5,0=bS2;6,0=bG2
48	58	0.664037	adjudicated	G1|w|58|29|29|-3,2=bG1;-2,2=bA2;-1,2=bA3;-1,3=wQ;0,1=wS2;0,2=bA1;1,-1=bB1,bB2;1,1=wS1;2,-1=bS1;2,0=wA2;3,-1=wB2;3,0=wB1;4,-3=wA1;4,-2=bQ;4,0=wA3;5,0=bS2;6,0=bG2
48	60	0.664037	adjudicated	G1|w|60|30|30|-3,2=bG1;-2,2=bA2;-1,2=bA3;-1,3=wQ;0,1=wS2;0,2=bA1;1,-1=bB1;1,1=wS1;2,-2=bB2;2,-1=bS1;2,0=wA2;3,-1=wB2;3,0=wB1;4,-2=bQ;4,0=wA3;5,-1=wA1;5,0=bS2;6,0=bG2
48	62	0.664037	adjudicated	G1|w|62|31|31|-3,2=bG1;-2,2=bA2;-1,2=bA3;-1,3=wQ;0,1=wS2;0,2=bA1;1,-1=bB1,bB2;1,1=wS1;2,-1=bS1;2,0=wA2;3,-1=wB2;3,0=wB1;4,-3=wA1;4,-2=bQ;4,0=wA3;5,0=bS2;6,0=bG2
48	64	0.664037	adjudicated	G1|w|64|32|32|-2,2=bA2;-1,2=bA3;0,1=wS2;0,2=bA1;0,3=wQ;1,-1=bB1,bB2;1,1=wS1;1,2=bG1;2,-1=bS1;2,0=wA2;3,-1=wB2;3,0=wB1;4,-3=wA1;4,-2=bQ;4,0=wA3;5,0=bS2;6,0=bG2
48	66	0.664037	adjudicated	G1|w|66|33|33|-2,2=bA2;-1,2=bA3;0,1=wS2;1,-1=bB1,bB2;1,1=wS1;1,2=bG1;1,3=wQ;2,-1=bS1;2,0=wA2;2,2=bA1;3,-1=wB2;3,0=wB1;4,-3=wA1;4,-2=bQ;4,0=wA3;5,0=bS2;6,0=bG2
48	68	0.664037	adjudicated	G1|w|68|34|34|-1,2=bA3;0,1=wS2;1,-1=bB1,bB2;1,1=wS1;1,2=bG1;1,3=bA2;2,-1=bS1;2,0=wA2;2,2=bA1;2,3=wQ;3,-1=wB2;3,0=wB1;4,-3=wA1;4,-2=bQ;4,0=wA3;5,0=bS2;6,0=bG2
48	70	0.664037	adjudicated	G1|w|70|35|35|0,1=wS2;1,-1=bB1,bB2;1,1=wS1;1,2=bG1;1,3=bA2;1,4=wQ;1,5=bA3;2,-1=bS1;2,0=wA2;2,2=bA1;3,-1=wB2;3,0=wB1;4,-3=wA1;4,-2=bQ;4,0=wA3;5,0=bS2;6,0=bG2
48	72	0.664037	adjudicated	G1|w|72|36|36|-1,1=wG1;0,1=wS2;0,4=bA1;1,-1=bB1,bB2;1,1=wS1;1,2=bG1;1,3=bA2;1,4=wQ;1,5=bA3;2,-1=bS1;2,0=wA2;3,-1=wB2;3,0=wB1;4,-3=wA1;4,-2=bQ;4,0=wA3;5,0=bS2;6,0=bG2
48	74	0.664037	adjudicated	G1|w|74|37|37|-1,1=wG1;-1,2=wG2;0,1=wS2;0,4=bA1;1,-1=bB1,bB2;1,1=wS1;1,2=bG1;1,3=bA2;1,4=wQ;2,-1=bS1;2,0=wA2;3,-1=wB2;3,0=wB1;4,-3=wA1;4,-2=bQ;4,0=wA3;5,0=bS2;6,0=bG2;7,-1=bA3
48	76	0.664037	adjudicated	G1|w|76|38|38|-1,1=wG1;-1,2=wG2;-1,6=bA3;0,1=wS2;0,4=bA1;0,5=wQ;1,-1=bB1,bB2;1,1=wS1;1,2=bG1;1,3=bA2;2,-1=bS1;2,0=wA2;3,-1=wB2;3,0=wB1;4,-3=wA1;4,-2=bQ;4,0=wA3;5,0=bS2;6,0=bG2
48	78	0.664037	adjudicated	G1|w|78|39|39|-1,1=wG1;-1,2=wG2;-1,6=bA3;0,1=wS2;0,4=bA1;0,5=wQ;1,-1=bB1,bB2;1,1=wS1;1,2=bG1;1,3=bA2;2,-1=bS1;2,0=wA2;3,-1=wB2;3,0=wB1;4,-3=wA1;4,-2=bQ;4,0=wA3;5,-4=wG3;5,0=bS2;6,0=bG2;7,-1=bG3
48	80	0.664037	adjudicated	G1|w|80|40|40|-1,1=wG1;-1,2=wG2;-1,6=bA3;0,1=wS2;0,4=bA1;0,5=wQ;1,-1=bB1,bB2;1,1=wS1;1,2=bG1;1,3=bA2;2,-1=bS1;2,0=wA2;3,-2=wG3;3,-1=wB2;3,0=wB1;4,-3=wA1;4,0=wA3;5,-3=bQ;5,0=bS2;6,0=bG2;7,-1=bG3
48	82	0.664037	adjudicated	G1|w|82|41|41|-1,1=wG1;-1,2=wG2;-1,6=bA3;0,1=wS2;0,4=bA1;0,5=wQ;1,-1=bB1,bB2;1,1=wS1;1,2=bG1;1,3=bA2;2,-1=bS1;2,0=wA2;3,-2=wG3;3,0=wB1;4,-3=wA1;4,-2=wB2;4,0=wA3;5,-2=bQ;5,0=bS2;6,0=bG2;7,-1=bG3
48	84	0.664037	adjudicated	G1|w|84|42|42|-1,1=wG1;-1,2=wG2;-1,6=bA3;0,-1=bB2;0,1=wS2;0,4=bA1;0,5=wQ;1,-1=bB1;1,1=wS1;1,2=bG1;1,3=bA2;2,-1=bS1;2,0=wA2;3,-2=wG3;3,0=wB1;4,-2=wB2;4,0=wA3;5,-2=bQ;5,0=bS2;6,-2=wA1;6,0=bG2;7,-1=bG3
48	86	0.664037	adjudicated	G1|w|86|43|43|-1,1=wG1;-1,2=wG2;-1,6=bA3;0,-1=bB2;0,1=wS2;0,4=bA1;0,5=wQ;1,-1=bB1;1,1=wS1;1,2=bG1;1,3=bA2;2,-1=bS1;2,0=wA2;2,1=wA1;3,-2=wG3;3,0=wB1;4,-2=wB2;4,0=wA3;5,-2=bQ;5,0=bS2;5,1=bG3;6,0=bG2
48	88	0.664037	adjudicated	G1|w|88|44|44|-1,1=wG1;-1,2=wG2;-1,6=bA3;0,-1=bB2;0,1=wS2;0,4=bA1;0,5=wQ;1,-1=bB1;1,1=wS1;1,2=bG1;1,3=bA2;2,-1=bS1;2,0=wA2;3,-2=wG3;3,0=wB1;4,-2=wB2;4,0=wA3;5,-2=bQ;5,0=bS2;6,-2=wA1;6,0=bG2;7,-1=bG3
48	90	0.664037	adjudicated	G1|w|90|45|45|-1,1=wG1;-1,2=wG2;-1,6=bA3;0,-1=bB2;0,1=wS2;0,4=bA1;0,5=wQ;1,-1=bB1;1,1=wS1;1,2=bG1;1,3=bA2;2,-1=bS1;2,0=wA2;3,-2=wG3;3,0=wB1;4,-2=wB2;4,0=wA3;5,-2=bQ;5,0=bS2;5,1=bG3;6,-3=wA1;6,0=bG2
48	92	0.664037	adjudicated	G1|w|92|46|46|-1,2=wG2;-1,5=bA3;0,-1=bB2;0,1=wS2;0,4=bA1;0,5=wQ;1,-1=bB1;1,1=wS1;1,2=bG1;1,3=bA2;2,-1=bS1;2,0=wA2;2,1=wG1;3,-2=wG3;3,0=wB1;4,-2=wB2;4,0=wA3;5,-2=bQ;5,0=bS2;5,1=bG3;6,-3=wA1;6,0=bG2
48	94	0.664037	adjudicated	G1|w|94|47|47|-1,2=wG2;-1,5=bA3;-1,6=wQ;0,1=wS2;0,4=bA1;1,-1=bB1,bB2;1,1=wS1;1,2=bG1;1,3=bA2;2,-1=bS1;2,0=wA2;2,1=wG1;3,-2=wG3;3,0=wB1;4,-2=wB2;4,0=wA3;5,-2=bQ;5,0=bS2;5,1=bG3;6,-3=wA1;6,0=bG2
48	96	0.664037	adjudicated	G1|w|96|48|48|-1,2=wG2;-1,5=bA3;-1,6=wQ;0,0=bB2;0,1=wS2;0,4=bA1;1,-1=bB1;1,1=wS1;1,2=bG1;1,3=bA2;2,-1=bS1;2,0=wA2;3,-2=wG3;3,0=wB1;4,-2=wB2;4,-1=wG1;4,0=wA3;5,-2=bQ;5,0=bS2;5,1=bG3;6,-3=wA1;6,0=bG2
49	0	0.379949	adjudicated	G1|w|0|0|0|
49	7	0.379949	adjudicated	G1|b|7|4|3|-1,1=wA1;0,0=wB1;0,1=wG1;1,-1=bB1;1,1=wQ;2,-2=bA1;3,-3=bG1
49	9	0.379949	adjudicated	G1|b|9|5|4|0,0=wB1;0,1=wG1;1,-1=bB1;1,1=wQ;2,-2=bA1;3,-3=bG1;4,-5=wA1;4,-4=bQ
49	11	0.379949	adjudicated	G1|b|11|6|5|0,0=wB1;0,1=wG1;1,-1=bB1;1,1=wQ;1,2=wB2;2,-3=bA2;2,-2=bA1;3,-3=bG1;4,-5=wA1;4,-4=bQ
49	13	0.379949	adjudicated	G1|b|13|7|6|0,0=wB1;0,1=wG1;1,-1=bB1;1,0=bA2;1,1=wQ,wB2;2,-2=bA1;3,-3=bG1;4,-5=wA1;4,-4=bQ
49	15	0.379949	adjudicated	G1|b|15|8|7|0,0=wB1;1,-1=bB1;1,0=bA2;1,1=wQ,wB2;2,-2=bA1;2,-1=wG1;3,-3=bG1;3,-2=bA3;4,-5=wA1;4,-4=bQ
49	17	0.379949	adjudicated	G1|b|17|9|8|0,0=wB1;1,-1=bB1;1,0=bA2;1,1=wQ,wB2;2,-1=wG1;2,0=bA1;3,-5=wA2;3,-3=bG1;3,-2=bA3;4,-5=wA1;4,-4=bQ
49	19	0.379949	adjudicated	G1|b|19|10|9|0,0=wB1;1,-1=bB1;1,0=bA2,wB2;1,1=wQ;2,-5=bA1;2,-1=wG1;3,-5=wA2;3,-3=bG1;3,-2=bA3;4,-5=wA1;4,-4=bQ
49	21	0.379949	adjudicated	G1|b|21|11|10|0,0=wB1;0,1=bA1;1,-1=bB1;1,0=bA2,wB2;1,1=wQ;2,-1=wG1;3,-3=bG1;3,-2=bA3;4,-5=wA1;4,-4=bQ;4,-3=wA2
49	23	0.379949	adjudicated	G1|b|23|12|11|0,0=wB1;0,1=bA1;0,2=wQ;1,-1=bB1;1,0=bA2,wB2;2,-1=wG1;3,-2=bA3;4,-5=wA1;4,-4=bQ;4,-3=wA2;5,-3=bG1
49	25	0.379949	adjudicated	G1|b|25|13|12|0,0=wB1;0,1=bA1;0,2=wQ;1,-1=bB1;1,0=bA2;2,-1=wG1;2,0=wB2;3,-2=bA3;4,-5=wA1;4,-4=bQ;4,-3=wA2;5,-3=bG1;6,-4=bS1
49	27	0.379949	adjudicated	G1|b|27|14|13|0,0=wB1;0,1=bA1;0,2=wQ;1,-1=bB1;1,0=bA2;2,-1=wG1;2,0=wB2;3,-5=wS1;3,-2=bA3;4,-5=wA1;4,-4=bQ;4,-3=wA2;5,-6=bS1;5,-3=bG1
49	29	0.379949	adjudicated	G1|b|29|15|14|0,0=wB1;0,1=bA1;0,2=wQ;1,-1=bB1;1,0=bA2;2,-1=wG1;2,0=wB2;2,1=wS2;3,-5=wS1;3,-2=bA3;4,-5=wA1;4,-4=bQ;4,-3=wA2;5,-6=bS1;5,-3=bG1;6,-4=bB2
49	31	0.379949	adjudicated	G1|b|31|16|15|-1,1=wB1;0,1=bA1;0,2=wQ;1,-1=bB1;1,0=bA2;2,-1=wG1;2,0=wB2;2,1=wS2;3,-5=wS1;3,-2=bA3;4,-5=wA1;4,-4=bQ;4,-3=wA2;5,-6=bS1;5,-3=bG1;5,-2=bS2;6,-4=bB2
49	33	0.379949	adjudicated	G1|b|33|17|16|-1,1=wB1;0,1=bA1;0,2=wQ;1,0=bA2;2,-4=wG2;2,-1=wG1,bB1;2,0=wB2;2,1=wS2;3,-5=wS1;3,-2=bA3;4,-5=wA1;4,-4=bQ;4,-3=wA2;5,-6=bS1;5,-3=bG1;5,-2=bS2;6,-4=bB2
49	35	0.379949	adjudicated	G1|b|35|18|17|0,0=wB1;0,1=bA1;0,2=wQ;1,0=bA2;2,-4=wG2;2,-1=wG1,bB1;2,0=wB2;2,1=wS2;3,-5=wS1;3,-2=bA3;4,-5=wA1;4,-4=bQ;4,-3=wA2;5,-6=bS1;5,-3=bG1;5,-2=bS2;6,-6=bG2;6,-4=bB2
49	37	0.379949	adjudicated	G1|b|37|19|18|0,0=wB1;0,1=bA1;0,2=wQ;1,-1=bB1;1,0=bA2;2,-4=wG2;2,-1=wG1;2,0=wB2;3,-5=wS1;3,-2=bA3;4,-5=wA1;4,-4=bQ;4,-3=wA2;4,-2=wS2;5,-6=bS1;5,-3=bG1;5,-2=bS2;6,-6=bG2;6,-4=bB2
49	39	0.379949	adjudicated	G1|b|39|20|19|0,0=wB1;0,1=bA1;0,2=wQ;1,-1=bB1;1,0=bA2;2,-4=wG2;2,-1=wG1;2,0=wB2;3,-6=wG3;3,-5=wS1;3,-2=bA3;4,-5=wA1;4,-4=bQ;4,-3=wA2;4,-2=wS2;5,-6=bS1;5,-3=bG1;5,-2=bS2;6,-6=bG2;6,-4=bB2;7,-7=bG3
49	41	0.379949	adjudicated	G1|b|41|21|20|0,0=wB1;0,1=bA1;0,2=wQ;1,-1=bB1;1,0=bA2;2,-4=wG2;2,-1=wG1;2,0=wB2;3,-5=wS1;3,-4=wG3;3,-2=bA3;4,-5=wA1;4,-4=bQ;4,-3=wA2;4,-2=wS2;5,-6=bS1;5,-3=bG1;5,-2=bS2;6,-6=bG2;6,-3=bB2;7,-7=bG3
49	43	0.379949	adjudicated	G1|b|43|22|21|0,0=wB1;0,1=bA1;0,2=wQ;1,-1=bB1;1,0=bA2;2,-1=wG1;2,0=wB2;3,-5=wS1;3,-4=wG3;3,-2=bA3;4,-5=wA1;4,-4=bQ;4,-3=wA2;4,-2=wS2;5,-6=bS1;5,-5=bG3;5,-4=wG2;5,-3=bG1;5,-2=bS2;6,-6=bG2;6,-3=bB2
49	45	0.379949	adjudicated	G1|b|45|23|22|0,0=wB1;0,1=bA1;0,2=wQ;1,-1=bB1;1,0=bA2;2,-1=wG1;2,0=wB2;3,-4=wG3;3,-3=wS1;3,-2=bA3;4,-5=wA1;4,-4=bQ;4,-3=wA2;4,-2=wS2;5,-7=bG3;5,-6=bS1;5,-4=wG2;5,-3=bG1;5,-2=bS2;6,-6=bG2;6,-3=bB2
49	47	0.379949	adjudicated	G1|b|47|24|23|0,0=wB1;0,1=bA1;0,2=wQ;1,-1=bB1;1,0=bA2;2,-1=wG1;3,-4=wG3;3,-3=wS1;3,-2=bA3;3,-1=bG1;3,0=wB2;4,-5=wA1;4,-4=bQ;4,-3=wA2;4,-2=wS2;5,-7=bG3;5,-6=bS1;5,-4=wG2;5,-2=bS2;6,-6=bG2;6,-3=bB2
49	49	0.379949	adjudicated	G1|b|49|25|24|0,0=wB1;0,1=bA1;1,-1=bB1;1,1=bA2;1,2=wQ;2,-1=wG1;3,-4=wG3;3,-3=wS1;3,-2=bA3;3,-1=bG1;3,0=wB2;4,-5=wA1;4,-4=bQ;4,-3=wA2;4,-2=wS2;5,-7=bG3;5,-6=bS1;5,-4=wG2;5,-2=bS2;6,-6=bG2;6,-3=bB2
49	51	0.379949	adjudicated	G1|b|51|26|25|0,0=wB1;0,1=bA1;1,-1=bB1;1,1=bA2;1,2=wQ;1,3=wA3;2,-1=wG1;3,-4=wG3;3,-3=wS1;3,-2=bA3;3,-1=bG1;3,0=wB2;4,-5=wA1;4,-4=bQ;4,-3=wA2;4,-2=wS2;5,-7=bG3;5,-6=bS1;5,-4=wG2;5,-2=bS2;6,-6=bG2;6,-2=bB2
49	53	0.379949	adjudicated	G1|b|53|27|26|0,0=wB1;0,1=bA1;1,-1=bB1;1,1=bA2;1,2=wQ;2,-1=wG1;3,-4=wG3;3,-3=wS1;3,-2=bA3;3,-1=bG1;3,0=wB2;4,-5=wA1;4,-4=bQ;4,-3=wA2;4,-2=wS2;5,-7=bG3;5,-6=bS1;5,-4=wG2;5,-2=bS2;6,-6=bG2;6,-3=bB2;7,-7=wA3
49	55	0.379949	adjudicated	G1|b|55|28|27|0,0=wB1;0,1=bA1;1,-1=bB1;1,1=bA2;1,2=wQ;2,-1=wG1;3,-4=wG3;3,-3=wS1;3,-2=bA3;3,-1=bG1;3,0=wB2;4,-5=wA1;4,-4=bQ;4,-3=wA2;4,-2=wS2;5,-7=bG3;5,-6=bS1;5,-4=wG2;5,-2=bS2;6,-6=bG2;6,-2=bB2;7,-6=wA3
49	57	0.379949	adjudicated	G1|b|57|29|28|0,0=wB1;0,1=bA1;1,-1=bB1;1,1=bA2;1,2=wQ;2,-1=wG1;3,-4=wG3;3,-3=wS1;3,-2=bA3;3,-1=bG1;3,0=wB2;4,-5=wA1;4,-4=bQ;4,-3=wA2;4,-2=wS2;5,-8=wA3;5,-7=bG3;5,-6=bS1;5,-4=wG2;5,-2=bS2;5,-1=bB2;6,-6=bG2
49	59	0.379949	adjudicated	G1|b|59|30|29|0,0=wB1;0,1=bA1;1,-1=bB1;1,1=bA2;1,2=wQ;2,-1=wG1;3,-4=wG3;3,-3=wS1;3,-2=bA3;3,-1=bG1;3,0=wB2;4,-5=wA1;4,-4=bQ;4,-3=wA2;4,-2=wS2;5,-7=bG3;5,-6=bS1;5,-4=wG2;5,-2=bS2,bB2;6,-6=bG2;7,-7=wA3
49	61	0.379949	adjudicated	G1|b|61|31|30|0,0=wB1;0,1=bA1;1,-1=bB1;1,1=bA2;1,2=wQ;2,-1=wG1;3,-4=wG3;3,-3=wS1;3,-2=bA3;3,-1=bG1,wB2;4,-5=wA1;4,-4=bQ;4,-3=wA2;4,-2=wS2;4,-1=bB2;5,-7=bG3;5,-6=bS1;5,-4=wG2;5,-2=bS2;6,-6=bG2;7,-7=wA3
49	63	0.379949	adjudicated	G1|b|63|32|31|-1,2=wA3;0,0=wB1;0,1=bA1;1,-1=bB1;1,1=bA2;1,2=wQ;2,-1=wG1;3,-4=wG3;3,-3=wS1;3,-2=bA3;3,-1=bG1,wB2;4,-5=wA1;4,-4=bQ;4,-3=wA2;4,-2=wS2;5,-7=bG3;5,-6=bS1;5,-4=wG2;5,-2=bS2;5,-1=bB2;6,-6=bG2
49	65	0.379949	adjudicated	G1|b|65|33|32|0,0=wB1;0,1=bA1;1,-1=bB1;1,1=bA2;1,2=wQ;2,-1=wG1;3,-4=wG3;3,-3=wS1;3,-2=bA3;3,-1=bG1,wB2;4,-5=wA1;4,-4=bQ;4,-3=wA2;4,-2=wS2;4,-1=bB2;5,-7=bG3;5,-6=bS1;5,-4=wG2;5,-2=bS2;6,-7=wA3;6,-6=bG2
49	67	0.379949	adjudicated	G1|b|67|34|33|0,0=wB1;0,1=bA1;1,-1=bB1;1,1=bA2;1,2=wQ;2,-1=wG1;3,-5=wA3;3,-4=wG3;3,-3=wS1;3,-2=bA3;3,-1=bG1,wB2;4,-5=wA1;4,-4=bQ;4,-3=wA2;4,-2=wS2,bB2;5,-7=bG3;5,-6=bS1;5,-4=wG2;5,-2=bS2;6,-6=bG2
49	69	0.379949	adjudicated	G1|b|69|35|34|0,0=wB1;0,1=bA1;1,-1=bB1;1,1=bA2;1,2=wQ;2,-1=wG1;2,0=bS2,wB2;3,-5=wA3;3,-4=wG3;3,-3=wS1;3,-2=bA3;3,-1=bG1;4,-5=wA1;4,-4=bQ;4,-3=wA2;4,-2=wS2,bB2;5,-7=bG3;5,-6=bS1;5,-4=wG2;6,-6=bG2
49	71	0.379949	adjudicated	G1|b|71|36|35|0,0=wB1;0,2=bA1;0,3=wQ;1,-1=bB1;1,1=bA2;2,-1=wG1;2,0=bS2,wB2;3,-5=wA3;3,-4=wG3;3,-3=wS1;3,-2=bA3;3,-1=bG1;4,-5=wA1;4,-4=bQ;4,-3=wA2;4,-2=wS2,bB2;5,-7=bG3;5,-6=bS1;5,-4=wG2;6,-6=bG2
49	73	0.379949	adjudicated	G1|b|73|37|36|-1,3=bG1;0,0=wB1;0,2=bA1;0,3=wQ;1,-1=bB1;1,1=bA2;2,-1=wG1;2,0=bS2,wB2;3,-4=wG3;3,-3=wS1;3,-2=bA3;4,-5=wA1;4,-4=bQ;4,-3=wA2;4,-2=wS2,bB2;5,-7=bG3;5,-6=bS1;5,-4=wG2;6,-6=bG2;6,-4=wA3
49	75	0.379949	adjudicated	G1|b|75|38|37|-1,3=bG1;-1,4=wQ;0,0=wB1;0,2=bA1;1,-1=bB1;1,1=bA2;2,-1=wG1;2,0=bS2,wB2;3,-4=wG3;3,-3=wS1;3,-2=bA3,bB2;4,-5=wA1;4,-4=bQ;4,-3=wA2;4,-2=wS2;5,-7=bG3;5,-6=bS1;5,-4=wG2;6,-6=bG2;6,-4=wA3
49	77	0.379949	adjudicated	G1|b|77|39|38|-1,3=bG1;-1,4=wQ;0,0=wB1;0,1=wA3;0,2=bA1;1,-1=bB1;1,1=bA2;2,-2=bB2;2,-1=wG1;2,0=bS2,wB2;3,-4=wG3;3,-3=wS1;3,-2=bA3;4,-5=wA1;4,-4=bQ;4,-3=wA2;4,-2=wS2;5,-7=bG3;5,-6=bS1;5,-4=wG2;6,-6=bG2
49	79	0.379949	adjudicated	G1|b|79|40|39|-2,4=wQ;-1,3=bG1;0,0=wB1;0,1=wA3;0,2=bA1;0,3=bA2;1,-1=bB1;2,-2=bB2;2,-1=wG1;2,0=bS2,wB2;3,-4=wG3;3,-3=wS1;3,-2=bA3;4,-5=wA1;4,-4=bQ;4,-3=wA2;4,-2=wS2;5,-7=bG3;5,-6=bS1;5,-4=wG2;6,-6=bG2
49	81	0.379949	adjudicated	G1|b|81|41|40|-2,4=wQ;-2,5=bA2;-1,3=bG1;0,0=wB1;0,1=wA3;0,2=bA1;1,-1=bB1;1,0=wG2;2,-2=bB2;2,-1=wG1;2,0=bS2,wB2;3,-4=wG3;3,-3=wS1;3,-2=bA3;4,-5=wA1;4,-4=bQ;4,-3=wA2;4,-2=wS2;5,-7=bG3;5,-6=bS1;6,-6=bG2
49	83	0.379949	adjudicated	G1|b|83|42|41|-2,4=wQ;-2,5=bA2;-1,3=bG1;0,0=wB1;0,1=wA3;0,2=bA1;1,-1=bB1;1,0=wG2;2,-2=bB2;2,0=bS2,wB2;3,-4=wG3;3,-3=wS1;3,-2=bA3;4,-5=wA1;4,-3=wA2;4,-2=wS2;5,-7=bG3;5,-6=bS1;5,-4=bQ;6,-6=bG2;6,-5=wG1
49	85	0.379949	adjudicated	G1|b|85|43|42|-2,3=bA3;-2,4=wQ;-2,5=bA2;-1,3=bG1;0,0=wB1;0,1=wA3;0,2=bA1;1,-1=bB1;1,0=wG2;2,-2=bB2;2,0=bS2,wB2;3,-4=wG3;3,-3=wS1;4,-4=wA1;4,-3=wA2;4,-2=wS2;5,-7=bG3;5,-6=bS1;5,-4=bQ;6,-6=bG2;6,-5=wG1
49	87	0.379949	adjudicated	G1|b|87|44|43|-3,6=bA3;-2,4=wQ;-2,5=bA2;-1,3=bG1;0,0=wB1;0,1=wA3;0,2=bA1;1,-1=bB1;1,0=wG2;2,-2=bB2;2,0=bS2,wB2;3,-3=wS1;4,-4=wA1;4,-3=wA2;4,-2=wS2;5,-7=bG3;5,-6=bS1;5,-4=bQ;6,-6=bG2;6,-5=wG1;6,-4=wG3
49	89	0.379949	adjudicated	G1|b|89|45|44|-3,4=bA3;-2,4=wQ;-2,5=bA2;-1,3=bG1;0,0=wB1;0,1=wA3;0,2=bA1;1,-1=bB1;1,0=wG2,wB2;2,-2=bB2;2,0=bS2;3,-3=wS1;4,-4=wA1;4,-3=wA2;4,-2=wS2;5,-7=bG3;5,-6=bS1;5,-4=bQ;6,-6=bG2;6,-5=wG1;6,-4=wG3
49	91	0.379949	adjudicated	G1|b|91|46|45|-3,4=bA3;-3,5=bA2;-2,4=wQ;-1,3=bG1;0,0=wB1;0,1=wA3;0,2=bA1;1,-1=bB1;1,0=wG2,wB2;2,-2=bB2;2,0=bS2;3,-3=wS1;4,-3=wA2;4,-2=wS2;5,-7=bG3;5,-6=bS1;5,-5=wA1;5,-4=bQ;6,-6=bG2;6,-5=wG1;6,-4=wG3
49	93	0.379949	adjudicated	G1|b|93|47|46|-3,5=bA2;-2,4=wQ;-1,3=bG1;-1,4=bA3;0,0=wB1;0,1=wA3;0,2=bA1;1,-1=bB1;1,0=wG2,wB2;2,-2=bB2;2,0=bS2;3,-3=wS1;3,-1=wS2;4,-3=wA2;5,-7=bG3;5,-6=bS1;5,-5=wA1;5,-4=bQ;6,-6=bG2;6,-5=wG1;6,-4=wG3
49	95	0.379949	adjudicated	G1|b|95|48|47|-3,5=bA2;-2,3=bA3;-2,4=wQ;-1,3=bG1;0,0=wB1,wB2;0,1=wA3;0,2=bA1;1,-1=bB1;1,0=wG2;2,-2=bB2;2,0=bS2;3,-3=wS1;3,-1=wS2;4,-3=wA2;5,-7=bG3;5,-6=bS1;5,-5=wA1;5,-4=bQ;6,-6=bG2;6,-5=wG1;6,-4=wG3
50	0	-1.000000	terminal	G1|w|0|0|0|
50	6	-1.000000	terminal	G1|w|6|3|3|-3,1=bB1;-2,1=bA1;-1,0=bS1;0,0=wA1;1,-1=wG1;1,0=wS1
50	8	-1.000000	terminal	G1|w|8|4|4|-3,0=bQ;-3,1=bB1;-2,1=bA1;-1,0=bS1;0,0=wA1;1,-1=wG1;1,0=wS1;2,0=wQ
50	10	-1.000000	terminal	G1|w|10|5|5|-3,0=bQ;-3,1=bB1;-3,2=bA2;-2,1=bA1;-1,0=bS1;0,0=wA1;1,-2=wS2;1,-1=wG1;1,0=wS1;2,0=wQ
50	12	-1.000000	terminal	G1|w|12|6|6|-4,1=bQ;-3,1=bB1;-3,2=bA2;-2,0=wS2;-2,1=bA1;-1,0=bS1;0,0=wA1;1,-1=wG1;1,0=wS1;2,0=wQ
50	14	-1.000000	terminal	G1|w|14|7|7|-5,1=wS2;-4,1=bQ;-3,1=bB1;-2,1=bA1;-1,0=bS1;0,0=wA1;1,-1=wG1;1,0=wS1;1,1=bA2;2,0=wQ
50	16	-1.000000	terminal	G1|w|16|8|8|-5,0=wA2;-5,1=wS2;-4,1=bQ;-3,1=bB1;-2,1=bA1;-1,0=bS1;0,0=wA1;1,-2=bA2;1,-1=wG1;1,0=wS1;2,0=wQ
50	18	-1.000000	terminal	G1|w|18|9|9|-5,1=wS2;-4,1=bQ;-3,0=wA2;-3,1=bB1;-2,1=bA1;-1,0=bS1;0,0=wA1;1,-1=wG1;1,0=wS1;1,1=bA2;2,0=wQ
50	20	-1.000000	terminal	G1|w|20|10|10|-6,2=wB1;-5,1=wS2;-4,1=bQ;-3,0=wA2;-3,1=bB1;-2,1=bA1;-1,0=bS1;0,0=wA1;0,2=bB2;1,-1=wG1;1,0=wS1;1,1=bA2;2,0=wQ
50	22	-1.000000	terminal	G1|w|22|11|11|-6,2=wB1;-5,1=wS2;-4,1=bQ;-3,0=wA2;-3,1=bB1;-2,1=bA1;-1,0=bS1;0,0=wA1;1,-1=wG1;1,0=wS1;1,1=bA2;1,2=bB2;2,1=wQ
50	24	-1.000000	terminal	G1|w|24|12|12|-6,2=wB1;-5,1=wS2;-4,1=bQ;-3,0=wA2;-3,1=bB1;-2,1=bA1;-1,-1=bA3;-1,0=bS1;0,0=wA1;1,-1=wG1;1,0=wS1;1,1=bA2;1,2=bB2;2,2=wQ
50	26	-1.000000	terminal	G1|w|26|13|13|-5,1=wS2;-5,2=wB1;-4,1=bQ;-3,0=wA2;-3,1=bB1;-3,2=bA3;-2,1=bA1;-1,0=bS1;0,0=wA1;1,-1=wG1;1,0=wS1;1,1=bA2;1,2=bB2;2,2=wQ
50	28	-1.000000	terminal	G1|w|28|14|14|-5,1=wS2;-5,2=wB1;-5,3=wG2;-4,1=bQ;-3,0=wA2;-3,1=bB1;-2,1=bA1;-1,0=bS1;0,0=wA1;1,-1=wG1;1,0=wS1;1,1=bA2;1,2=bB2;2,2=wQ;3,2=bA3
50	30	-1.000000	terminal	G1|w|30|15|15|-6,4=wB2;-5,1=wS2;-5,2=wB1;-5,3=wG2;-4,1=bQ;-3,0=wA2;-3,1=bB1;-2,1=bA1;-1,0=bS1;0,0=wA1;0,3=bS2;1,-1=wG1;1,0=wS1;1,1=bA2;1,2=bB2;2,2=wQ;3,2=bA3
50	32	-1.000000	terminal	G1|w|32|16|16|-6,4=wB2;-5,1=wS2;-5,2=wB1;-5,3=wG2;-4,2=wA2;-3,0=bQ;-3,1=bB1;-2,1=bA1;-1,0=bS1;0,0=wA1;0,3=bS2;1,-1=wG1;1,0=wS1;1,1=bA2;1,2=bB2;2,2=wQ;3,2=bA3
50	34	-1.000000	terminal	G1|w|34|17|17|-6,4=wB2;-5,2=wB1;-5,3=wG2;-4,2=wA2;-3,-1=wS2;-3,0=bQ;-3,1=bB1;-2,1=bA1;-1,0=bS1;0,0=wA1;0,3=bS2;1,-1=wG1;1,0=wS1;1,1=bA2;1,2=bB2;2,2=wQ;2,3=bA3
50	36	-1.000000	terminal	G1|w|36|18|18|-6,4=wB2;-5,3=wG2;-4,1=wB1;-4,2=wA2;-3,-1=wS2;-3,0=bQ;-3,1=bB1;-2,1=bA1;-2,2=bG1;-1,0=bS1;0,0=wA1;0,3=bS2;1,-1=wG1;1,0=wS1;1,1=bA2;1,2=bB2;2,2=wQ;2,3=bA3
50	38	-1.000000	terminal	G1|w|38|19|19|-6,4=wB2;-5,3=wG2;-4,2=wA2;-3,-1=wS2;-3,0=bQ;-3,1=bB1,wB1;-2,1=bA1;-2,2=bG1;-1,0=bS1;0,0=wA1;0,3=bS2;0,4=bG2;1,-1=wG1;1,0=wS1;1,1=bA2;1,2=bB2;2,2=wQ;2,3=bA3
50	40	-1.000000	terminal	G1|w|40|20|20|-6,4=wB2;-5,3=wG2;-4,1=wB1;-4,2=wA2;-3,-2=bA3;-3,-1=wS2;-3,0=bQ;-3,1=bB1;-2,1=bA1;-2,2=bG1;-1,0=bS1;0,0=wA1;0,3=bS2;0,4=bG2;1,-1=wG1;1,0=wS1;1,1=bA2;1,2=bB2;2,2=wQ
50	42	-1.000000	terminal	G1|w|42|21|21|-6,4=wB2;-5,3=wG2;-4,1=wB1;-4,2=wA2;-3,-1=wS2;-3,0=bQ;-3,1=bB1;-2,1=bA1;-2,2=bG1;-1,0=bS1;0,0=wA1;0,3=bS2;0,4=bG2;1,-1=wG1;1,0=wS1;1,1=bA2;1,2=bB2;1,3=wQ;2,3=bA3
50	44	-1.000000	terminal	G1|w|44|22|22|-7,4=wG3;-6,4=wB2;-5,3=wG2;-4,1=wB1;-4,2=wA2;-3,-1=wS2;-3,0=bQ;-3,1=bB1;-2,1=bA1;-2,2=bG1;-1,0=bS1;-1,3=bG3;0,0=wA1;0,3=bS2;0,4=bG2;1,-1=wG1;1,0=wS1;1,1=bA2;1,2=bB2;1,3=wQ;2,3=bA3
50	46	-1.000000	terminal	G1|w|46|23|23|-7,4=wG3;-6,4=wB2;-5,3=wG2;-5,4=wA3;-5,5=bA3;-4,1=wB1;-4,2=wA2;-3,-1=wS2;-3,0=bQ;-3,1=bB1;-2,1=bA1;-2,2=bG1;-1,0=bS1;-1,3=bG3;0,0=wA1;0,3=bS2;0,4=bG2;1,-1=wG1;1,0=wS1;1,1=bA2;1,2=bB2;1,3=wQ
50	48	-1.000000	terminal	G1|w|48|24|24|-7,4=wG3;-6,4=wB2;-5,3=wG2;-5,4=wA3;-5,5=bA3;-4,1=wB1;-4,2=wA2;-3,-1=wS2;-3,0=bQ;-3,1=bB1;-2,1=bA1;-2,2=bG1;-1,0=bS1;-1,1=wG1;0,0=wA1;0,3=bS2;0,4=bG2;1,0=wS1;1,1=bA2;1,2=bB2;1,3=wQ;2,3=bG3
50	50	-1.000000	terminal	G1|w|50|25|25|-6,4=wB2;-5,3=wG2;-5,4=wA3;-4,1=wB1;-4,2=wA2;-4,4=wG3;-3,-1=wS2;-3,0=bQ;-3,1=bB1;-2,1=bA1;-2,2=bG1;-1,0=bS1;-1,1=wG1;0,0=wA1;0,3=bS2;0,4=bG2;1,0=wS1;1,1=bA2;1,2=bB2;1,3=wQ;2,2=bA3;2,3=bG3
50	52	-1.000000	terminal	G1|w|52|26|26|-6,4=wB2;-5,3=wG2;-5,4=wA3;-4,1=wB1;-4,2=wA2;-4,4=wG3;-3,-1=wS2;-3,0=bQ;-3,1=bB1;-2,1=bA1;-2,2=bG1;-1,0=bS1;0,0=wA1;0,3=bS2;0,4=bG2;1,-1=wG1;1,0=wS1;1,1=bA2;1,2=bB2;1,3=wQ;1,4=bA3;2,3=bG3
50	54	-1.000000	terminal	G1|w|54|27|27|-7,4=wG3;-6,4=wB2;-5,3=wG2;-5,4=wA3;-4,1=wB1;-4,2=wA2;-3,-1=wS2;-3,0=bQ;-3,1=bB1;-2,1=bA1;-2,2=bG1;-1,0=bS1;0,0=wA1;0,3=bS2;0,4=bG2;1,-1=wG1;1,0=wS1;1,1=bA2;1,2=bB2;1,3=wQ;2,2=bA3;2,3=bG3
50	56	-1.000000	terminal	G1|w|56|28|28|-7,4=wG3;-6,4=wB2;-5,3=wG2;-4,0=wA3;-4,1=wB1;-4,2=wA2;-3,-1=wS2;-3,1=bB1;-2,-1=bQ;-2,1=bA1;-2,2=bG1;-1,0=bS1;0,0=wA1;0,3=bS2;0,4=bG2;1,-1=wG1;1,0=wS1;1,1=bA2;1,2=bB2;1,3=wQ;2,2=bA3;2,3=bG3
50	58	-1.000000	terminal	G1|w|58|29|29|-7,5=bA3;-6,4=wB2;-5,3=wG2;-5,4=wG3;-4,0=wA3;-4,1=wB1;-4,2=wA2;-3,-1=wS2;-3,1=bB1;-2,-1=bQ;-2,1=bA1;-2,2=bG1;-1,0=bS1;0,0=wA1;0,3=bS2;0,4=bG2;1,-1=wG1;1,0=wS1;1,1=bA2;1,2=bB2;1,3=wQ;2,3=bG3
50	60	-1.000000	terminal	G1|w|60|30|30|-6,4=wB2;-5,3=wG2;-5,4=wG3;-4,0=wA3;-4,1=wB1;-4,2=wA2;-3,-1=wS2;-3,1=bB1;-2,-1=bQ;-2,1=bA1;-2,2=bG1;-1,0=bS1;-1,1=wG1;0,0=wA1;0,3=bS2;0,4=bG2;1,0=wS1;1,1=bA2;1,2=bB2;1,3=wQ;2,3=bG3;2,4=bA3
50	62	-1.000000	terminal	G1|w|62|31|31|-6,4=wB2;-5,3=wG2;-5,4=wG3;-4,0=wA3;-4,1=wB1;-4,2=wA2;-3,-1=wS2;-3,1=bB1;-2,-2=bQ;-2,1=bA1;-2,2=bG1;-1,-1=wG1;-1,0=bS1;0,0=wA1;0,3=bS2;0,4=bG2;1,0=wS1;1,1=bA2;1,2=bB2;1,3=wQ;2,3=bG3;2,4=bA3
50	64	-1.000000	terminal	G1|w|64|32|32|-6,4=wB2;-5,2=wG3;-5,3=wG2;-4,0=wA3;-4,1=wB1;-4,2=wA2;-3,-1=wS2;-3,1=bB1;-2,-2=bQ;-2,1=bA1;-2,2=bG1;-1,-1=wG1;-1,0=bS1;0,0=wA1;0,3=bS2;0,4=bG2;1,-1=bA3;1,0=wS1;1,1=bA2;1,2=bB2;1,3=wQ;2,3=bG3
50	66	-1.000000	terminal	G1|w|66|33|33|-6,4=wB2;-5,2=wG3;-5,3=wG2;-4,0=wA3;-4,1=wB1;-3,-2=bQ;-3,-1=wS2;-3,1=bB1;-2,1=bA1;-2,2=bG1;-1,-2=wA2;-1,-1=wG1;-1,0=bS1;0,0=wA1;0,3=bS2;0,4=bG2;1,-1=bA3;1,0=wS1;1,1=bA2;1,2=bB2;1,3=wQ;2,3=bG3
50	68	-1.000000	terminal	G1|w|68|34|34|-6,4=wB2;-5,2=wG3;-5,3=wG2;-4,0=wA3;-4,1=wB1;-3,-2=bQ;-3,-1=wS2;-3,1=bB1;-2,-3=wA2;-2,1=bA1;-2,2=bG1;-1,-1=wG1;-1,0=bS1;0,0=wA1;0,3=bS2;0,4=bG2;1,0=wS1;1,1=bA2;1,2=bB2;1,3=wQ;2,2=bA3;2,3=bG3
50	70	-1.000000	terminal	G1|w|70|35|35|-5,2=wG3;-5,3=wG2;-5,4=wB2;-4,0=wA3;-4,1=wB1;-3,-2=bQ;-3,-1=wS2;-3,1=bB1;-2,-3=wA2;-2,0=bG1;-2,1=bA1;-1,-1=wG1;-1,0=bS1;0,0=wA1;0,3=bS2;0,4=bG2;1,0=wS1;1,1=bA2;1,2=bB2;1,3=wQ;2,2=bA3;2,3=bG3
50	72	-1.000000	terminal	G1|w|72|36|36|-5,2=wG3;-5,3=wG2;-5,4=wB2;-4,0=wA3;-4,1=wB1;-3,-2=bQ;-3,-1=wS2;-3,1=bB1;-2,-2=wA2;-2,0=bG1;-1,-1=wG1;-1,0=bS1;0,0=wA1;0,3=bS2;0,4=bG2;1,0=wS1;1,1=bA2;1,2=bB2;1,3=wQ;1,4=bA1;2,2=bA3;2,3=bG3
51	0	-1.000000	terminal	G1|w|0|0|0|
51	7	-1.000000	terminal	G1|b|7|4|3|-1,0=wS2;0,-1=wB1;0,0=wS1;0,2=bG2;1,-2=wQ;1,0=bG1;1,1=bS1
51	9	-1.000000	terminal	G1|b|9|5|4|-1,2=wS2;-1,3=bQ;0,-1=wB1;0,0=wS1;0,2=bG2;1,-2=wQ;1,0=bG1;1,1=bS1
51	11	-1.000000	terminal	G1|b|11|6|5|-2,4=bS2;-1,1=wA1;-1,2=wS2;-1,3=bQ;0,-1=wB1;0,0=wS1;0,2=bG2;1,-2=wQ;1,0=bG1;1,1=bS1
51	13	-1.000000	terminal	G1|b|13|7|6|-2,1=bS2;-1,-1=wB2;-1,1=wA1;-1,2=wS2;-1,3=bQ;0,-1=wB1;0,0=wS1;0,2=bG2;1,-2=wQ;1,0=bG1;1,1=bS1
51	15	-1.000000	terminal	G1|b|15|8|7|-2,1=bS2;-1,-1=wB2;-1,1=wA1;-1,2=wS2;0,-1=wB1;0,0=wS1;0,2=bG2;0,3=bQ;1,-3=wG1;1,-2=wQ;1,0=bG1;1,1=bS1
51	17	-1.000000	terminal	G1|b|17|9|8|-2,1=bS2;-1,-1=wB2;-1,1=wA1;-1,2=wS2;0,-1=wB1;0,0=wS1;0,2=bG2;0,3=bQ;1,-2=wQ;1,-1=bS1;1,0=bG1;1,1=wG1
51	19	-1.000000	terminal	G1|b|19|10|9|-2,1=bS2;-1,-1=wB2;-1,1=wA1;-1,2=wS2;0,-1=wB1;0,0=wS1;0,2=bG2;0,3=bQ;1,-3=bG1;1,-2=wQ;1,-1=bS1;1,1=wG1;2,1=wA2
51	21	-1.000000	terminal	G1|b|21|11|10|-2,1=bS2;-1,-1=wB2;-1,1=wA1;-1,2=wS2;0,-3=bG3;0,-1=wB1;0,0=wS1;0,2=bG2;0,3=bQ;1,-3=bG1;1,-2=wQ;1,-1=bS1;1,1=wG1;1,3=wA2
51	23	-1.000000	terminal	G1|b|23|12|11|-2,1=bS2;-1,-1=wB2;-1,1=wA1;-1,2=wS2;-1,3=wG1;0,-1=wB1;0,0=wS1;0,2=bG2;0,3=bQ;1,-3=bG1;1,-2=wQ;1,-1=bS1;1,3=wA2;2,-3=bG3
51	25	-1.000000	terminal	G1|b|25|13|12|-2,1=bS2;-2,2=bG2;-1,-1=wB2;-1,1=wA1;-1,2=wS2;-1,3=wG1;0,-1=wB1;0,0=wS1;0,3=bQ;1,-3=bG1;1,-2=wQ;1,-1=bS1;2,-3=bG3;3,-3=wA2
51	27	-1.000000	terminal	G1|b|27|14|13|-2,1=bS2;-1,-1=wB2;-1,1=wA1;-1,2=wS2;-1,3=wG1;0,-1=wB1;0,0=wS1;0,3=bQ;1,-3=bG1;1,-2=wQ;1,-1=bS1;1,3=wA2;2,-3=bG3;2,-2=bG2
51	29	-1.000000	terminal	G1|b|29|15|14|-2,1=bS2;-1,-1=wB2;-1,1=wA1;-1,2=wS2;-1,3=wG1;0,-1=wB1;0,0=wS1;0,3=bQ;0,4=wA2;1,-3=bG1;1,-2=wQ;1,-1=bS1;2,-3=bG3;2,-2=bG2;2,-1=bB1
51	31	-1.000000	terminal	G1|b|31|16|15|-2,1=bS2;-1,-1=wB2;-1,1=wA1;-1,2=wS2;-1,3=wG1;0,-1=wB1;0,0=wS1;0,3=bQ;0,4=wA2;1,-3=bG1;1,-2=wQ;1,-1=bS1,bB1;1,4=wA3;2,-3=bG3;2,-2=bG2
51	33	-1.000000	terminal	G1|b|33|17|16|-2,-1=bS2;-1,-1=wB2;-1,1=wA1;-1,2=wS2;-1,3=wG1;0,-1=wB1;0,0=wS1;0,2=wA3;0,3=bQ;0,4=wA2;1,-3=bG1;1,-2=wQ;1,-1=bS1,bB1;2,-3=bG3;2,-2=bG2
51	35	-1.000000	terminal	G1|b|35|18|17|-2,-1=bS2;-1,-1=wB2;-1,1=wA1;-1,2=wS2;0,-1=wB1;0,0=wS1;0,2=wA3;0,3=bQ;0,4=wA2;1,-4=bB2;1,-3=bG1;1,-2=wQ;1,-1=bS1,bB1;1,3=wG1;2,-3=bG3;2,-2=bG2
51	37	-1.000000	terminal	G1|b|37|19|18|-2,-1=bS2;-1,-1=wB2;-1,1=wA1;-1,2=wS2;0,-2=bG2;0,0=wS1,wB1;0,2=wA3;0,3=bQ;0,4=wA2;1,-4=bB2;1,-3=bG1;1,-2=wQ;1,-1=bS1,bB1;1,3=wG1;2,-3=bG3
51	39	-1.000000	terminal	G1|b|39|20|19|-2,-1=bS2;-1,-1=wB2;-1,0=wG2;-1,1=wA1;-1,2=wS2;0,-2=bG2;0,0=wS1,wB1;0,2=wA3;0,3=bQ;0,4=wA2;1,-4=bB2;1,-3=bG1;1,-2=wQ;1,-1=bS1;1,3=wG1;2,-3=bG3;2,-2=bB1
51	41	-1.000000	terminal	G1|b|41|21|20|-3,0=bA1;-2,-1=bS2;-1,-1=wB2;-1,1=wA1;-1,2=wS2;-1,3=wG2;0,-2=bG2;0,0=wS1,wB1;0,2=wA3;0,3=bQ;0,4=wA2;1,-4=bB2;1,-3=bG1;1,-2=wQ;1,-1=bS1;1,3=wG1;2,-3=bG3;2,-2=bB1
51	43	-1.000000	terminal	G1|b|43|22|21|-3,0=bA1;-2,-1=bS2;-1,-1=wB2;-1,1=wA1;-1,2=wS2;-1,3=wG2;0,-3=bB2;0,-2=bG2;0,0=wS1;0,2=wA3;0,3=bQ;0,4=wA2;1,-3=bG1;1,-2=wQ;1,-1=bS1;1,0=wB1;1,3=wG1;2,-3=bG3;2,-2=bB1
51	45	-1.000000	terminal	G1|b|45|23|22|-2,-1=bS2;-1,-1=wB2;-1,1=wA1;-1,2=wS2;-1,3=wG2;0,-3=bB2;0,-2=bG2;0,0=wS1;0,2=wA3;0,3=bQ;0,4=wA2;1,-3=bG1;1,-2=wQ;1,-1=bS1,wB1;1,3=wG1;2,-4=bA1;2,-3=bG3;2,-2=bB1
51	47	-1.000000	terminal	G1|b|47|24|23|-2,3=wG3;-1,-1=wB2;-1,1=wA1;-1,2=wS2;-1,3=wG2;0,-4=bS2;0,-3=bB2;0,-2=bG2;0,0=wS1;0,2=wA3;0,3=bQ;0,4=wA2;1,-3=bG1;1,-2=wQ;1,-1=bS1,wB1;1,3=wG1;2,-4=bA1;2,-3=bG3;2,-2=bB1
51	49	-1.000000	terminal	G1|b|49|25|24|-2,3=wG3;-1,-1=wB2;-1,1=wA1;-1,2=wS2;-1,3=wG2;0,-4=bS2;0,-3=bB2;0,-2=bG2;0,0=wS1,wB1;0,2=wA3;0,3=bQ;0,4=wA2;1,-4=bA1;1,-3=bG1;1,-2=wQ;1,-1=bS1;1,3=wG1;2,-3=bG3;2,-2=bB1
51	51	-1.000000	terminal	G1|b|51|26|25|-2,-1=wB2;-2,3=wG3;-1,-2=bB2;-1,1=wA1;-1,2=wS2;-1,3=wG2;0,-4=bS2;0,-2=bG2;0,0=wS1,wB1;0,2=wA3;0,3=bQ;0,4=wA2;1,-4=bA1;1,-3=bG1;1,-2=wQ;1,-1=bS1;1,3=wG1;2,-3=bG3;2,-2=bB1
51	53	-1.000000	terminal	G1|b|53|27|26|-2,3=wG3;-1,-2=bB2,wB2;-1,1=wA1;-1,2=wS2;-1,3=wG2;0,-4=bS2;0,-3=bA2;0,-2=bG2;0,0=wS1,wB1;0,2=wA3;0,3=bQ;0,4=wA2;1,-4=bA1;1,-3=bG1;1,-2=wQ;1,-1=bS1;1,3=wG1;2,-3=bG3;2,-2=bB1
52	0	-0.833655	adjudicated	G1|w|0|0|0|
52	6	-0.833655	adjudicated	G1|w|6|3|3|-2,0=bG2;-2,1=bG1;-1,0=bA1;0,0=wG1;0,1=wS1;1,1=wB1
52	8	-0.833655	adjudicated	G1|w|8|4|4|-2,-1=bQ;-2,0=bG2;-2,1=bG1;-1,0=bA1;0,0=wG1;0,1=wS1;1,1=wB1;2,1=wQ
52	10	-0.833655	adjudicated	G1|w|10|5|5|-3,2=bA2;-2,-1=bQ;-2,0=bG2;-2,1=bG1;-1,0=bA1;0,0=wG1;0,1=wS1;0,2=wG2;1,1=wB1;2,1=wQ
52	12	-0.833655	adjudicated	G1|w|12|6|6|-2,-1=bQ;-2,0=bG2;-2,1=bG1;-1,0=bA1;-1,2=wA1;0,0=wG1;0,1=wS1;0,2=wG2;1,1=wB1;2,1=wQ;3,1=bA2
52	14	-0.833655	adjudicated	G1|w|14|7|7|-2,-1=bQ;-2,1=bG1;-1,-1=wA1;-1,0=bA1;0,0=wG1;0,1=wS1;0,2=wG2;1,0=bG2;1,1=wB1;2,1=wQ;3,1=bA2
52	16	-0.833655	adjudicated	G1|w|16|8|8|-2,-1=bQ;-2,1=bG1;-1,-1=wA1;-1,0=bA1;0,-2=wG3;0,0=wG1;0,1=wS1;0,2=wG2;1,1=wB1;1,2=bG2;2,1=wQ;3,1=bA2
52	18	-0.833655	adjudicated	G1|w|18|9|9|-2,-1=bQ;-2,1=bG1;-1,-1=wA1;-1,0=bA1;0,-2=wG3;0,0=wG1;0,1=wS1;0,2=wG2;1,2=bG2,wB1;2,1=wQ;3,1=bA2;4,1=bB1
52	20	-0.833655	adjudicated	G1|w|20|10|10|-2,0=wG3;-2,1=bG1;-1,-2=bQ;-1,-1=wA1;-1,0=bA1;0,0=wG1;0,1=wS1;0,2=wG2;1,2=bG2,wB1;2,1=wQ;3,1=bA2;4,1=bB1
52	22	-0.833655	adjudicated	G1|w|22|11|11|-2,-1=bQ;-2,1=bG1;-1,-1=wA1;-1,0=bA1;0,-2=wG3;0,0=wG1;0,1=wS1;0,2=wG2;1,2=bG2,wB1;2,1=wQ;3,1=bA2;4,1=bB1
52	24	-0.833655	adjudicated	G1|w|24|12|12|-3,0=bQ;-2,0=wG3;-2,1=bG1;-1,-1=wA1;-1,0=bA1;0,0=wG1;0,1=wS1;0,2=wG2;1,2=bG2,wB1;2,1=wQ;3,1=bA2;4,1=bB1
52	26	-0.833655	adjudicated	G1|w|26|13|13|-4,0=wA1;-3,0=bQ;-2,0=wG3;-2,1=bG1;-2,2=bS1;-1,0=bA1;0,0=wG1;0,1=wS1;0,2=wG2;1,2=bG2,wB1;2,1=wQ;3,1=bA2;4,1=bB1
52	28	-0.833655	adjudicated	G1|w|28|14|14|-4,0=wA1;-3,0=bQ;-2,0=wG3;-2,1=bG1;-2,2=bS1;-2,3=bG3;-1,0=bA1;0,0=wG1;0,1=wS1;0,2=wG2;1,0=wB2;1,2=bG2,wB1;2,1=wQ;3,1=bA2;4,1=bB1
52	30	-0.833655	adjudicated	G1|w|30|15|15|-3,-1=wA1;-3,0=bQ;-2,0=wG3;-2,1=bG1;-2,2=bS1;-2,3=bG3;-1,0=bA1;0,0=wG1;0,1=wS1;0,2=wG2;1,0=wB2;1,2=bG2,wB1;2,1=wQ;3,1=bA2;4,1=bB1;5,1=bA3
52	32	-0.833655	adjudicated	G1|w|32|16|16|-3,0=bQ;-2,0=wG3;-2,1=bG1;-2,2=bS1;-2,3=bG3;-2,4=bB2;-1,0=bA1;0,0=wG1;0,1=wS1;0,2=wG2;1,0=wB2;1,2=bG2,wB1;2,1=wQ;3,1=bA2;4,1=bB1;5,1=bA3;6,0=wA1
52	34	-0.833655	adjudicated	G1|w|34|17|17|-4,0=wA1;-3,0=bQ;-2,0=wG3;-2,1=bG1;-2,2=bS1;-2,3=bG3;-2,4=bB2;-1,0=bA1;0,0=wG1;0,1=wS1;0,2=wG2;1,0=wB2;1,2=bG2,wB1;2,0=bA3;2,1=wQ;3,1=bA2;4,1=bB1
52	36	-0.833655	adjudicated	G1|w|36|18|18|-5,1=wS2;-4,0=wA1;-3,0=bQ;-2,0=wG3;-2,1=bG1;-2,2=bS1;-2,3=bG3;-2,4=bB2;-1,0=bA1;0,0=wG1;0,1=wS1;0,2=wG2;1,0=wB2;1,2=bG2,wB1;2,0=bA3;2,1=wQ;3,1=bA2;4,1=bB1;4,2=bS2
52	38	-0.833655	adjudicated	G1|w|38|19|19|-5,1=wS2;-4,-1=wA2;-4,0=wA1;-3,0=bQ;-2,0=wG3;-2,1=bG1;-2,2=bS1;-2,3=bG3;-1,0=bA1;-1,3=bB2;0,0=wG1;0,1=wS1;0,2=wG2;1,0=wB2;1,2=bG2,wB1;2,0=bA3;2,1=wQ;3,1=bA2;4,1=bB1;4,2=bS2
52	40	-0.833655	adjudicated	G1|w|40|20|20|-5,1=wS2;-4,0=wA1;-4,1=wA2;-3,0=bQ;-2,0=wG3;-2,1=bG1;-2,2=bS1;-2,3=bG3;-1,3=bB2;0,0=wG1;0,1=wS1;0,2=wG2;1,0=wB2;1,2=bG2,wB1;2,0=bA3;2,1=wQ;3,0=bA1;3,1=bA2;4,1=bB1;4,2=bS2
52	42	-0.833655	adjudicated	G1|w|42|21|21|-4,0=wA1;-4,1=wA2;-3,-1=wS2;-3,0=bQ;-2,0=wG3;-2,1=bG1;-2,2=bS1;-2,3=bG3;-1,3=bB2;0,0=wG1;0,1=wS1;0,2=wG2;1,0=wB2;1,2=bG2,wB1;2,0=bA3;2,1=wQ;2,2=bA1;3,1=bA2;4,1=bB1;4,2=bS2
52	44	-0.833655	adjudicated	G1|w|44|22|22|-4,0=wA1;-4,1=wA2;-3,-1=wS2;-3,0=bQ;-2,0=wG3;-2,1=bG1;-2,2=bS1;-2,3=bG3;-1,-1=wA3;-1,3=bB2;0,0=wG1;0,1=wS1;0,2=wG2;1,0=wB2;1,2=bG2,wB1;1,3=bS2;2,0=bA3;2,1=wQ;2,2=bA1;3,1=bA2;4,1=bB1
52	46	-0.833655	adjudicated	G1|w|46|23|23|-4,0=wA1;-4,1=wA2;-3,-1=wS2;-3,0=bQ;-3,1=wA3;-2,0=wG3;-2,1=bG1;-2,2=bS1;-2,3=bG3;-1,3=bB2;0,0=wG1;0,1=wS1;0,2=wG2;1,0=wB2;1,2=bG2,wB1;1,3=bS2;2,0=bA3;2,1=wQ;3,0=bA1;3,1=bA2;4,1=bB1
52	48	-0.833655	adjudicated	G1|w|48|24|24|-4,0=wA1;-3,-1=wS2;-3,0=bQ;-3,1=wA3;-2,-1=wA2;-2,0=wG3;-2,1=bG1;-2,2=bS1;-2,3=bG3;-1,3=bB2;0,0=wG1;0,1=wS1;0,2=wG2;1,0=wB2;1,2=bG2,wB1;1,3=bS2;2,0=bA3;2,1=wQ;2,2=bA1;3,1=bA2;4,1=bB1
52	50	-0.833655	adjudicated	G1|w|50|25|25|-4,1=bQ;-3,-1=wS2;-3,1=wA3;-2,-1=wA2;-2,0=wG3;-2,1=bG1;-2,2=bS1;-2,3=bG3;-1,3=bB2;0,0=wG1;0,1=wS1;0,2=wG2;1,0=wB2;1,2=bG2,wB1;1,3=bS2;2,0=bA3;2,1=wQ;2,2=bA1;3,1=bA2;4,1=bB1;4,2=wA1
52	52	-0.833655	adjudicated	G1|w|52|26|26|-4,0=wA1;-4,1=bQ;-3,-1=wS2;-3,1=wA3;-3,2=bA1;-2,-1=wA2;-2,0=wG3;-2,1=bG1;-2,2=bS1;-2,3=bG3;-1,3=bB2;0,0=wG1;0,1=wS1;0,2=wG2;1,0=wB2;1,2=bG2,wB1;1,3=bS2;2,0=bA3;2,1=wQ;3,1=bA2;4,1=bB1
52	54	-0.833655	adjudicated	G1|w|54|27|27|-5,1=wS2;-4,0=wA1;-4,1=bQ;-3,1=wA3;-2,-1=wA2;-2,0=wG3;-2,1=bG1;-2,2=bS1;-2,3=bG3;-1,3=bB2;0,0=wG1;0,1=wS1;0,2=wG2;1,0=wB2;1,2=bG2,wB1;1,3=bS2;2,0=bA3;2,1=wQ;2,2=bA1;3,1=bA2;4,1=bB1
52	56	-0.833655	adjudicated	G1|w|56|28|28|-5,1=wS2;-4,0=wA1;-4,1=bQ;-4,2=wA2;-3,1=wA3;-2,0=wG3;-2,1=bG1;-2,2=bS1;-2,3=bG3;-1,3=bB2;0,0=wG1;0,1=wS1;0,2=wG2;1,0=wB2;1,2=bG2,wB1;1,3=bS2;2,0=bA3;2,1=wQ;2,2=bA1;3,1=bA2;3,2=bB1
52	58	-0.833655	adjudicated	G1|w|58|29|29|-5,1=wS2;-4,0=wA1;-4,1=bQ;-4,2=wA2;-3,1=wA3;-3,2=bA2;-2,0=wG3;-2,1=bG1;-2,2=bS1;-2,3=bG3;-1,3=bB2;0,0=wG1;0,1=wS1;0,2=wG2;1,2=bG2,wB1;1,3=bS2;2,-1=wB2;2,0=bA3;2,1=wQ;2,2=bA1;3,2=bB1
52	60	-0.833655	adjudicated	G1|w|60|30|30|-5,1=wS2;-5,2=bQ;-4,0=wA1;-3,0=wA2;-3,1=wA3;-3,2=bA2;-2,0=wG3;-2,1=bG1;-2,2=bS1;-2,3=bG3;-1,3=bB2;0,0=wG1;0,1=wS1;0,2=wG2;1,2=bG2,wB1;1,3=bS2;2,-1=wB2;2,0=bA3;2,1=wQ;2,2=bA1;3,2=bB1
52	62	-0.833655	adjudicated	G1|w|62|31|31|-6,2=wA3;-5,1=wS2;-5,2=bQ;-4,0=wA1;-3,0=wA2;-2,0=wG3;-2,1=bG1;-2,2=bS1;-2,3=bG3;-1,3=bB2;0,0=wG1;0,1=wS1;0,2=wG2;1,2=bG2,wB1;1,3=bS2;2,-1=wB2;2,0=bA3;2,1=wQ;2,2=bA1;3,1=bA2;3,2=bB1
52	64	-0.833655	adjudicated	G1|w|64|32|32|-6,2=wA3;-6,3=bQ;-5,1=wS2;-4,0=wA1;-3,0=wA2;-2,0=wG3;-2,1=bG1;-2,2=bS1;-2,3=bG3;-1,3=bB2;0,1=wS1;0,2=wG2;0,3=wG1;1,2=bG2,wB1;1,3=bS2;2,-1=wB2;2,0=bA3;2,1=wQ;2,2=bA1;3,1=bA2;3,2=bB1
52	66	-0.833655	adjudicated	G1|w|66|33|33|-6,2=wA3;-6,3=bQ;-5,1=wS2;-4,0=wA1;-3,0=wA2;-2,0=wG3;-2,1=bG1;-2,2=bS1;-2,3=bG3;-1,3=bB2;0,1=wS1;0,2=wG2;1,2=bG2,wB1;2,-1=wB2;2,0=bA3;2,1=wQ;2,2=bA1;2,3=wG1;3,1=bA2;3,2=bB1;3,3=bS2
52	68	-0.833655	adjudicated	G1|w|68|34|34|-6,2=wA3;-6,3=bQ;-5,1=wS2;-4,0=wA1;-3,0=wA2;-2,0=wG3;-2,1=bG1;-2,2=bS1;-2,3=bG3;-1,3=bB2;0,1=wS1;0,2=wG2;1,2=bG2;1,3=bS2;2,-1=wB2;2,0=bA3;2,1=wQ,wB1;2,2=bA1;2,3=wG1;3,1=bA2;3,2=bB1
52	70	-0.833655	adjudicated	G1|w|70|35|35|-6,2=wA3;-6,3=bQ;-5,1=wS2;-4,0=wA1;-3,0=wA2;-2,0=wG3;-2,1=bG1;-2,2=bS1;-2,3=bG3;-1,3=bB2;0,1=wS1;0,2=wG2;1,2=bG2;1,3=bS2;2,-1=wB2;2,0=bA3,wB1;2,1=wQ;2,2=bA1;2,3=wG1,bB1;3,1=bA2
52	72	-0.833655	adjudicated	G1|w|72|36|36|-6,2=wA3;-6,3=bQ;-5,1=wS2;-4,0=wA1;-3,0=wA2;-2,0=wG3;-2,1=bG1;-2,2=bS1;-2,3=bG3;-1,3=bB2;0,1=wS1;0,2=wG2;1,2=bG2;1,3=bS2;2,-1=wB2;2,0=bA3;2,1=wQ,wB1;2,2=bA1;2,3=wG1;2,4=bB1;3,1=bA2
52	74	-0.833655	adjudicated	G1|w|74|37|37|-6,2=wA3;-6,3=bQ;-5,1=wS2;-4,0=wA1;-3,0=wA2;-2,0=wG3;-2,1=bG1;-2,2=bS1;-2,3=bG3;-1,3=bB2;0,1=wS1;0,2=wG2;1,0=wB2;1,2=bG2;2,0=bA3;2,1=wQ,wB1;2,2=bA1;2,3=wG1;2,4=bB1;2,5=bS2;3,1=bA2
52	76	-0.833655	adjudicated	G1|w|76|38|38|-6,2=wA3;-6,3=bQ;-5,1=wS2;-4,0=wA1;-3,0=wA2;-2,0=wG3;-2,1=bG1;-2,2=bS1;-2,3=bG3;-1,3=bB2;0,1=wS1;0,2=wG2;1,0=wB2;1,2=bG2;1,3=bA3;2,1=wQ;2,2=bA1,wB1;2,3=wG1;2,4=bB1;2,5=bS2;3,1=bA2
52	78	-0.833655	adjudicated	G1|w|78|39|39|-6,2=wA3;-6,3=bQ;-5,1=wS2;-4,0=wA1;-3,0=wA2;-2,0=wG3;-2,1=bG1;-2,2=bS1;-2,3=bG3;-1,3=bB2;0,1=wS1;0,2=wG2;1,-1=bA2;1,0=wB2;1,2=bG2;1,3=bA3;2,1=wQ,wB1;2,2=bA1;2,3=wG1;2,4=bB1;2,5=bS2
52	80	-0.833655	adjudicated	G1|w|80|40|40|-6,2=wA3;-6,3=bQ;-5,1=wS2;-4,0=wA1;-3,0=wA2;-2,0=wG3;-2,1=bG1;-2,2=bS1;-2,3=bG3;-1,3=bB2;0,1=wS1;0,2=wG2;1,-1=bA2;1,0=wB2;1,2=bG2,wB1;2,1=wQ;2,2=bA1;2,3=wG1;2,4=bB1;2,5=bS2;3,0=bA3
52	82	-0.833655	adjudicated	G1|w|82|41|41|-6,2=wA3;-6,3=bQ;-5,1=wS2;-4,0=wA1;-3,0=wA2;-2,0=wG3;-2,1=bG1;-2,2=bS1;-2,3=bG3;-1,3=bB2;0,1=wS1;0,2=wG2;1,0=wB2;1,2=bG2;1,3=wB1;2,0=bA2;2,1=wQ;2,2=bA1;2,3=wG1;2,4=bB1;2,5=bS2;3,0=bA3
52	84	-0.833655	adjudicated	G1|w|84|42|42|-6,2=wA3;-6,3=bQ;-5,1=wS2;-4,0=wA1;-3,0=wA2;-2,0=wG3;-2,1=bG1;-2,2=bS1;-2,3=bG3;-1,3=bB2;0,1=wS1;0,2=wG2;1,0=wB2;1,2=bG2,wB1;2,0=bA2;2,1=wQ;2,2=bA1;2,3=wG1;2,4=bB1;3,0=bA3;3,2=bS2
52	86	-0.833655	adjudicated	G1|w|86|43|43|-6,2=wA3;-6,3=bQ;-5,1=wS2;-4,0=wA1;-3,0=wA2;-2,0=wG3;-2,1=bG1;-2,2=bS1;-2,3=bG3;-1,3=bB2;0,1=wS1;0,2=wG2,wB1;1,0=wB2;1,2=bG2;2,1=wQ;2,2=bA1;2,3=wG1;2,4=bB1;3,0=bA3;3,2=bS2;4,1=bA2
52	88	-0.833655	adjudicated	G1|w|88|44|44|-6,2=wA3;-6,3=bQ;-5,1=wS2;-4,0=wA1;-3,0=wA2;-2,0=wG3;-2,1=bG1;-2,2=bS1;-2,3=bG3;-1,1=bA3;-1,3=bB2;0,1=wS1,wB1;0,2=wG2;1,0=wB2;1,2=bG2;2,1=wQ;2,2=bA1;2,3=wG1;2,4=bB1;3,2=bS2;4,1=bA2
52	90	-0.833655	adjudicated	G1|w|90|45|45|-6,2=wA3;-6,3=bQ;-5,1=wS2;-4,0=wA1;-3,0=wA2;-2,0=wG3;-2,1=bG1;-2,2=bS1;-2,3=bG3;-1,1=bA3;-1,3=bB2;0,1=wS1,wB1;0,2=wG2;1,1=wB2;1,2=bG2;2,1=wQ;2,2=bA1;2,3=wG1;2,4=bB1;3,0=bA2;3,2=bS2
52	92	-0.833655	adjudicated	G1|w|92|46|46|-6,2=wA3;-6,3=bQ;-5,1=wS2;-4,0=wA1;-3,0=wA2;-2,0=wG3;-2,1=bG1;-2,2=bS1;-2,3=bG3;-1,1=bA3;-1,3=bB2;0,0=wB1;0,1=wS1;0,2=wG2;1,1=wB2;1,2=bG2;1,4=bB1;2,1=wQ;2,2=bA1;2,3=wG1;3,0=bA2;3,2=bS2
52	94	-0.833655	adjudicated	G1|w|94|47|47|-6,2=wA3;-6,3=bQ;-5,1=wS2;-4,0=wA1;-3,0=wA2;-2,0=wG3;-2,1=bG1;-2,2=bS1;-2,3=bG3;-1,3=bB2;0,1=wS1;0,2=wG2;1,0=wB1;1,1=wB2;1,2=bG2;1,4=bB1;2,0=bA3;2,1=wQ;2,2=bA1;2,3=wG1;3,0=bA2;3,2=bS2
52	96	-0.833655	adjudicated	G1|w|96|48|48|-6,2=wA3;-6,3=bQ;-5,1=wS2;-4,0=wA1;-3,0=wA2;-2,0=wG3;-2,1=bG1;-2,2=bS1;-2,3=bG3;-1,3=bB2;0,1=wS1,wB2;0,2=wG2;1,0=wB1;1,2=bG2;1,4=bB1;2,0=bA3;2,1=wQ;2,2=bA1;2,3=wG1;3,1=bA2;3,2=bS2
53	0	1.000000	terminal	G1|w|0|0|0|
53	7	1.000000	terminal	G1|b|7|4|3|0,-1=wS1;0,0=wG1;1,-2=wA1;1,0=bA1;1,1=bG1;2,-3=wQ;2,0=bA2
53	9	1.000000	terminal	G1|b|9|5|4|-1,1=wS2;0,-1=wS1;0,0=wG1;0,2=bQ;1,-2=wA1;1,0=bA1;1,1=bG1;2,-3=wQ;2,0=bA2
53	11	1.000000	terminal	G1|b|11|6|5|-1,3=wS2;0,-1=wS1;0,0=wG1;0,2=bQ;1,-2=wA1;1,0=bA1;1,1=bG1;2,-4=bA2;2,-3=wQ
53	13	1.000000	terminal	G1|b|13|7|6|-2,3=wG2;-1,3=wS2;0,-1=wS1;0,0=wG1;0,2=bQ;1,-2=wA1;1,0=bA1;1,1=bG1;2,-4=bA2;2,-3=wQ;2,1=bB1
53	15	1.000000	terminal	G1|b|15|8|7|-1,3=wS2;0,-1=wS1;0,0=wG1;0,2=bQ;0,3=wG2;1,-2=wA1;1,0=bA1;1,1=bG1;2,-4=bA2;2,-3=wQ;2,1=bB1;3,-5=bG2
53	17	1.000000	terminal	G1|b|17|9|8|-1,3=wS2;-1,4=wB1;0,-1=wS1;0,0=wG1;0,2=bQ;0,3=wG2;1,-3=bG2;1,-2=wA1;1,0=bA1;1,1=bG1;2,-4=bA2;2,-3=wQ;2,1=bB1
53	19	1.000000	terminal	G1|b|19|10|9|-1,3=wS2;-1,4=wB1;0,-1=wS1;0,0=wG1;0,2=bQ;0,3=wG2;1,-3=bG2;1,-2=wA1;1,0=bA1;1,1=bG1;2,-4=bA2;2,-1=bS1;2,1=bB1;3,-4=wQ
53	21	1.000000	terminal	G1|b|21|11|10|-2,5=wG3;-1,3=wS2;-1,4=wB1;0,-1=wS1;0,0=wG1;0,2=bQ;0,3=wG2;1,-3=bG2;1,-2=wA1;1,0=bA1;1,1=bG1;2,-4=bA2;2,-1=bS1;2,1=bB1;3,-4=wQ;3,1=bG3
53	23	1.000000	terminal	G1|b|23|12|11|-1,3=wS2;-1,4=wB1;0,-1=wS1;0,0=wG1;0,2=bQ;0,3=wG2;1,-3=bG2;1,-2=wA1;1,0=bA1;1,1=bG1;1,2=wG3;2,-4=bA2;2,-3=bS1;2,1=bB1;3,-4=wQ;3,1=bG3
53	25	1.000000	terminal	G1|b|25|13|12|-1,2=bQ;-1,3=wS2;-1,4=wB1;0,-1=wS1;0,0=wG1;0,3=wG2;1,-3=bG2;1,-2=wA1;1,0=bA1;1,1=bG1;1,2=wG3;2,-4=bA2;2,-3=bS1;2,1=bB1;3,-3=wQ;3,1=bG3
53	27	1.000000	terminal	G1|b|27|14|13|-2,4=wA2;-1,2=bQ;-1,3=wS2;-1,4=wB1;0,-1=wS1;0,0=wG1;0,3=wG2;1,-3=bG2;1,-2=wA1;1,0=bA1;1,1=bG1;1,2=wG3;2,-3=bS1;2,1=bB1;3,-3=wQ;3,1=bG3;4,-3=bA2
53	29	1.000000	terminal	G1|b|29|15|14|-2,2=wA2;-1,2=bQ;-1,3=wS2;-1,4=wB1;0,-1=wS1;0,0=wG1;0,3=wG2;1,-3=bG2;1,-2=wA1;1,0=bA1;1,1=bG1;1,2=wG3;2,-3=bS1;2,1=bB1;3,-3=wQ;3,-2=bA2;3,1=bG3
53	31	1.000000	terminal	G1|b|31|16|15|-3,2=wA3;-2,2=wA2;-1,2=bQ;-1,3=wS2;-1,4=wB1;0,-1=wS1;0,0=wG1;0,3=wG2;1,-2=wA1;1,0=bA1;1,1=bG1;1,2=wG3;2,-3=bS1;2,1=bB1;3,-3=wQ;3,-2=bA2;3,1=bG3;4,-3=bG2
53	33	1.000000	terminal	G1|b|33|17|16|-4,3=wB2;-3,2=wA3;-2,2=wA2;-1,2=bQ;-1,3=wS2;-1,4=wB1;0,-1=wS1;0,0=wG1;0,3=wG2;1,-2=wA1;1,0=bA1;1,1=bG1;1,2=wG3;2,-3=bS1;2,1=bB1;3,-3=wQ;3,-2=bA2;3,-1=bB2;3,1=bG3;4,-3=bG2
53	35	1.000000	terminal	G1|b|35|18|17|-4,3=wB2;-3,2=wA3;-2,2=wA2;-1,2=bQ;-1,3=wS2,wB1;0,-1=wS1;0,0=wG1;0,3=wG2;1,-2=wA1;1,0=bA1;1,1=bG1;1,2=wG3;2,-3=bS1;2,1=bB1;3,-3=wQ;3,-2=bA2;3,-1=bB2;3,1=bG3;4,-3=bG2;5,-4=bS2
53	37	1.000000	terminal	G1|b|37|19|18|-4,3=wB2;-3,2=wA3;-2,2=wA2;-1,2=bQ;-1,3=wS2,wB1;0,-1=wS1;0,0=wG1;0,3=wG2;1,-2=wA1;1,0=bA1;1,1=bG1;1,2=wG3;2,-3=bS1;2,-1=bB2;2,1=bB1;3,-4=wQ;3,-2=bA2;3,1=bG3;4,-3=bG2;5,-4=bS2
53	39	1.000000	terminal	G1|b|39|20|19|-4,3=wB2;-3,2=wA3;-2,2=wA2;-1,2=bQ;-1,3=wS2;0,-1=wS1;0,0=wG1;0,2=wB1;0,3=wG2;1,-2=wA1;1,0=bA1;1,1=bG1;1,2=wG3;2,-3=bS1;2,-1=bB2;2,1=bB1;3,-5=bS2;3,-4=wQ;3,-2=bA2;3,1=bG3;4,-3=bG2
53	41	1.000000	terminal	G1|b|41|21|20|-4,3=wB2;-3,2=wA3;-2,2=wA2;-1,2=bQ;-1,3=wS2;0,-1=wS1;0,0=wG1;0,3=wG2;1,-2=wA1;1,0=bA1;1,1=bG1,wB1;1,2=wG3;2,-3=bS1;2,-1=bB2;2,0=bA3;2,1=bB1;3,-5=bS2;3,-4=wQ;3,-2=bA2;3,1=bG3;4,-3=bG2
53	43	1.000000	terminal	G1|b|43|22|21|-4,3=wB2;-3,2=wA3;-2,2=wA2;-1,2=bQ;-1,3=wS2;0,-1=wS1;0,0=wG1;0,1=wB1;0,3=wG2;1,-2=wA1;1,0=bA1;1,1=bG1;1,2=wG3;2,-3=bS1;2,-1=bB2;2,1=bB1;3,-5=bS2;3,-4=wQ;3,-2=bA2;3,1=bG3;4,-5=bA3;4,-3=bG2
53	45	1.000000	terminal	G1|b|45|23|22|-3,2=wA3,wB2;-2,2=wA2;-1,2=bQ;-1,3=wS2;0,-1=wS1;0,0=wG1;0,1=wB1;0,3=wG2;1,-2=wA1;1,0=bA1;1,2=wG3;2,-3=bS1;2,-1=bB2;2,1=bB1;3,-5=bS2;3,-4=wQ;3,-2=bA2;3,1=bG3;4,-5=bA3;4,-3=bG2;4,1=bG1
53	47	1.000000	terminal	G1|b|47|24|23|-3,2=wA3,wB2;-2,2=wA2;-2,3=wG2;-1,2=bQ;-1,3=wS2;0,-1=wS1;0,0=wG1;0,1=wB1;1,-2=wA1;1,0=bA1;1,1=bG1;1,2=wG3;2,-3=bS1;2,-1=bB2;2,1=bB1;3,-5=bS2;3,-4=wQ;3,-2=bA2;3,1=bG3;4,-5=bA3;4,-3=bG2
53	49	1.000000	terminal	G1|b|49|25|24|-3,2=wA3,wB2;-2,2=wA2;-2,3=wG2;-1,1=wA1;-1,2=bQ;-1,3=wS2;0,-1=wS1;0,0=wG1;0,1=wB1;1,0=bA1;1,1=bG1;1,2=wG3;2,-3=bS1;2,-1=bB2;2,1=bB1;3,-5=bS2;3,-4=wQ;3,-2=bA2;3,1=bG3;4,-4=bA3;4,-3=bG2
53	51	1.000000	terminal	G1|b|51|26|25|-3,2=wA3,wB2;-2,1=bG3;-2,2=wA2;-2,3=wG2;-1,1=wA1;-1,2=bQ;-1,3=wS2;0,-1=wS1;0,0=wG1;0,1=wB1;1,-1=wG3;1,0=bA1;1,1=bG1;2,-3=bS1;2,-1=bB2;2,1=bB1;3,-5=bS2;3,-4=wQ;3,-2=bA2;4,-4=bA3;4,-3=bG2
53	53	1.000000	terminal	G1|b|53|27|26|-3,2=wA3,wB2;-2,1=bG3;-2,2=wA2;-2,3=wG2;-1,1=wA1;-1,2=bQ;-1,3=wS2;0,-1=wS1;0,1=wB1;0,2=wG1;1,-1=wG3;1,0=bA1;1,1=bG1,bB1;2,-3=bS1;2,-1=bB2;3,-5=bS2;3,-4=wQ;3,-2=bA2;4,-4=bA3;4,-3=bG2
54	0	1.000000	terminal	G1|w|0|0|0|
54	6	1.000000	terminal	G1|w|6|3|3|-2,0=bG1;-2,1=bA1;-1,0=bB1;0,0=wG1;0,1=wS1;1,0=wB1
54	8	1.000000	terminal	G1|w|8|4|4|-3,0=bQ;-2,0=bG1;-2,1=bA1;-1,0=bB1;-1,2=wQ;0,0=wG1;0,1=wS1;1,0=wB1
54	10	1.000000	terminal	G1|w|10|5|5|-3,0=bQ;-2,0=bG1;-2,3=bA1;-1,0=bB1;-1,2=wQ;0,0=wG1;0,1=wS1;1,0=wB1;1,1=wB2
54	12	1.000000	terminal	G1|w|12|6|6|-3,1=bQ;-2,0=bG1;-2,3=bA1;-1,0=bB1;-1,2=wQ;0,0=wG1;0,1=wS1;1,0=wB1;1,1=wB2;2,-1=wA1
54	14	1.000000	terminal	G1|w|14|7|7|-3,1=bQ;-3,2=wA1;-2,0=bG1;-1,0=bB1;-1,2=wQ;-1,3=bA1;0,0=wG1;0,1=wS1;1,0=wB1;1,1=wB2
54	16	1.000000	terminal	G1|w|16|8|8|-3,1=bQ;-3,2=wA1;-2,-1=bG2;-2,0=bG1;-1,0=bB1;-1,2=wQ;-1,3=bA1;0,0=wG1;0,1=wS1;1,-1=wA2;1,0=wB1;1,1=wB2
54	18	1.000000	terminal	G1|w|18|9|9|-4,2=wA2;-3,1=bQ;-3,2=wA1;-2,-1=bG2;-2,0=bG1;-1,-1=bS1;-1,0=bB1;-1,2=wQ;-1,3=bA1;0,0=wG1;0,1=wS1;1,0=wB1;1,1=wB2
54	20	1.000000	terminal	G1|w|20|10|10|-4,2=wA2;-3,1=bQ;-3,2=wA1;-3,3=wA3;-2,-2=bB2;-2,-1=bG2;-2,0=bG1;-1,-1=bS1;-1,0=bB1;-1,2=wQ;-1,3=bA1;0,0=wG1;0,1=wS1;1,0=wB1;1,1=wB2
54	22	1.000000	terminal	G1|w|22|11|11|-4,1=wA3;-4,2=wA2;-3,-1=bG3;-3,1=bQ;-3,2=wA1;-2,-2=bB2;-2,-1=bG2;-2,0=bG1;-1,-1=bS1;-1,0=bB1;-1,2=wQ;-1,3=bA1;0,0=wG1;0,1=wS1;1,0=wB1;1,1=wB2
54	24	1.000000	terminal	G1|w|24|12|12|-5,2=bA1;-5,3=wG2;-4,1=wA3;-4,2=wA2;-3,-1=bG3;-3,1=bQ;-3,2=wA1;-2,-2=bB2;-2,-1=bG2;-2,0=bG1;-1,-1=bS1;-1,0=bB1;-1,2=wQ;0,0=wG1;0,1=wS1;1,0=wB1;1,1=wB2
54	26	1.000000	terminal	G1|w|26|13|13|-5,1=wG2;-4,1=wA3;-4,2=wA2;-3,-1=bG3;-3,1=bQ;-3,2=wA1;-2,-2=bB2;-2,-1=bG2;-2,0=bG1;-1,-1=bS1;-1,0=bB1;-1,2=wQ;0,0=wG1;0,1=wS1;0,2=bA1;1,0=wB1;1,1=wB2
54	28	1.000000	terminal	G1|w|28|14|14|-4,1=wA3;-4,2=wA2;-3,-1=bG3;-3,1=bQ;-3,2=wA1;-2,-2=bB2;-2,-1=bG2;-2,1=wG2;-2,2=bG1;-1,-1=bS1;-1,0=bB1;-1,2=wQ;0,0=wG1;0,1=wS1;0,2=bA1;1,0=wB1;1,1=wB2
54	30	1.000000	terminal	G1|w|30|15|15|-4,1=wA3;-4,2=wA2;-3,-1=bG3;-3,1=bQ;-3,2=wA1;-3,4=bA1;-2,-2=bB2;-2,-1=bG2;-2,1=wG2;-2,2=bG1;-2,3=wQ;-1,-1=bS1;-1,0=bB1;0,0=wG1;0,1=wS1;1,0=wB1;1,1=wB2
54	32	1.000000	terminal	G1|w|32|16|16|-4,1=wA3;-4,2=wA2;-3,-1=bG3;-3,0=bQ;-3,2=wA1;-3,4=bA1;-2,-2=bB2;-2,-1=bG2;-2,1=wG2;-2,2=bG1;-2,3=wQ;-1,-1=bS1;-1,0=bB1;0,0=wG1;0,1=wS1;1,0=wB1;1,1=wB2;2,-1=wS2
54	34	1.000000	terminal	G1|w|34|17|17|-4,0=wA2;-4,1=wA3;-3,0=bQ;-3,2=wA1;-3,4=bA1;-2,-2=bB2;-2,-1=bG2;-2,1=wG2;-2,2=bG1;-2,3=wQ;-1,-3=bG3;-1,-1=bS1;-1,0=bB1;0,0=wG1;0,1=wS1;1,0=wB1;1,1=wB2;2,-1=wS2
54	36	1.000000	terminal	G1|w|36|18|18|-4,1=wA3;-3,-2=wA2;-3,0=bQ;-3,2=wA1;-3,4=bA1;-2,-2=bB2;-2,-1=bG2;-2,1=wG2;-2,2=bG1;-2,3=wQ;-1,-4=bA2;-1,-3=bG3;-1,-1=bS1;-1,0=bB1;0,0=wG1;0,1=wS1;1,0=wB1;1,1=wB2;2,-1=wS2
54	38	1.000000	terminal	G1|w|38|19|19|-4,0=wA1;-4,1=wA3;-3,-2=wA2;-3,0=bQ;-3,3=bA2;-3,4=bA1;-2,-2=bB2;-2,-1=bG2;-2,1=wG2;-2,2=bG1;-2,3=wQ;-1,-3=bG3;-1,-1=bS1;-1,0=bB1;0,0=wG1;0,1=wS1;1,0=wB1;1,1=wB2;2,-1=wS2
54	40	1.000000	terminal	G1|w|40|20|20|-4,0=wA1;-4,1=wA3;-4,3=bS2;-3,-2=wA2;-3,0=bQ;-3,3=bA2;-3,4=bA1;-2,-2=bB2;-2,-1=bG2;-2,1=wG2;-2,2=bG1;-2,4=wQ;-1,-3=bG3;-1,-1=bS1;-1,0=bB1;0,0=wG1;0,1=wS1;1,0=wB1;1,1=wB2;2,-1=wS2
54	42	1.000000	terminal	G1|w|42|21|21|-5,4=wA2;-4,0=wA1;-4,1=wA3;-4,3=bS2;-3,0=bQ;-3,3=bA2;-3,4=bA1;-2,-2=bB2;-2,-1=bG2;-2,1=wG2;-2,2=bG1;-2,4=wQ;-1,-4=bA3;-1,-3=bG3;-1,-1=bS1;-1,0=bB1;0,0=wG1;0,1=wS1;1,0=wB1;1,1=wB2;2,-1=wS2
54	44	1.000000	terminal	G1|w|44|22|22|-4,0=wA1;-4,1=wA3;-4,3=bS2;-3,-1=wA2;-3,1=bQ;-3,3=bA2;-3,4=bA1;-2,-2=bB2;-2,-1=bG2;-2,1=wG2;-2,2=bG1;-2,4=wQ;-1,-4=bA3;-1,-3=bG3;-1,-1=bS1;-1,0=bB1;0,0=wG1;0,1=wS1;1,0=wB1;1,1=wB2;2,-1=wS2
54	46	1.000000	terminal	G1|w|46|23|23|-4,0=wA1;-4,1=wA3;-4,2=wA2;-4,3=bS2;-3,1=bQ;-3,3=bA2;-3,4=bA1;-2,-2=bB2;-2,-1=bG2;-2,1=wG2;-2,2=bG1;-2,4=wQ;-2,5=bA3;-1,-3=bG3;-1,-1=bS1;-1,0=bB1;0,0=wG1;0,1=wS1;1,0=wB1;1,1=wB2;2,-1=wS2
54	48	1.000000	terminal	G1|w|48|24|24|-4,1=wA3;-4,2=wA2;-3,0=wA1;-3,1=bQ;-3,3=bA2;-3,4=bA1;-3,5=bS2;-2,-2=bB2;-2,-1=bG2;-2,1=wG2;-2,2=bG1;-2,4=wQ;-2,5=bA3;-1,-3=bG3;-1,-1=bS1;-1,0=bB1;0,0=wG1;0,1=wS1;1,0=wB1;1,1=wB2;2,-1=wS2
54	50	1.000000	terminal	G1|w|50|25|25|-4,1=wA3;-4,2=wA2;-3,0=wA1;-3,1=bQ;-3,3=bA2;-3,4=bA1;-3,5=bS2;-2,-2=bB2;-2,-1=bG2;-2,1=wG2;-2,2=bG1;-2,5=bA3;-1,-3=bG3;-1,0=bB1;-1,4=wQ;0,-4=bS1;0,0=wG1;0,1=wS1;1,0=wB1;1,1=wB2;2,-1=wS2
54	52	1.000000	terminal	G1|w|52|26|26|-4,0=wG3;-4,1=wA3;-4,2=wA2;-3,0=wA1;-3,1=bQ;-3,3=bA2;-3,4=bA1;-3,5=bS2;-2,-2=bB2;-2,-1=bG2;-2,1=wG2;-2,2=bG1;-2,5=bA3;-1,-3=bG3;-1,-1=bS1;-1,0=bB1;-1,4=wQ;0,0=wG1;0,1=wS1;1,0=wB1;1,1=wB2;2,-1=wS2
54	54	1.000000	terminal	G1|w|54|27|27|-4,1=wA3;-4,2=wA2;-3,-1=bG3;-3,0=wA1;-3,1=bQ;-3,3=bA2;-3,4=bA1;-3,5=bS2;-2,-2=bB2;-2,-1=bG2;-2,0=wG3;-2,1=wG2;-2,2=bG1;-2,5=bA3;-1,-1=bS1;-1,0=bB1;-1,4=wQ;0,0=wG1;0,1=wS1;1,0=wB1;1,1=wB2;2,-1=wS2
54	56	1.000000	terminal	G1|w|56|28|28|-4,1=wA3;-4,2=wA2;-3,0=wA1;-3,1=bQ;-3,2=bG3;-3,3=bA2;-3,4=bA1;-3,5=bS2;-2,-2=bB2;-2,-1=bG2;-2,0=wG3;-2,1=wG2;-2,2=bG1;-2,5=bA3;-1,-1=bS1;-1,0=bB1;-1,4=wQ;0,0=wG1;1,0=wB1;1,1=wB2;2,-1=wS2;2,1=wS1
55	0	1.000000	terminal	G1|w|0|0|0|
55	7	1.000000	terminal	G1|b|7|4|3|-1,3=wQ;0,-2=bB2;0,-1=bB1;0,0=wA1;0,1=wG1;0,2=wB1;1,-2=bS1
55	9	1.000000	terminal	G1|b|9|5|4|0,-2=bB2;0,-1=bB1;0,0=wA1;0,1=wG1;0,2=wB1;0,3=wQ;1,-2=bS1;2,-2=bQ
55	11	1.000000	terminal	G1|b|11|6|5|0,-1=bB1;0,0=wA1;0,1=wG1;0,2=wB1;0,3=wQ;1,-2=bS1,bB2;1,0=wS1;2,-2=bQ
55	13	1.000000	terminal	G1|b|13|7|6|0,-1=bB1;0,0=wA1;0,1=wG1;0,2=wB1;0,3=wQ;1,-3=bS2;1,-2=bS1,bB2;1,0=wS1;2,-2=bQ;2,0=wB2
55	15	1.000000	terminal	G1|b|15|8|7|-1,-1=bA1;0,-1=bB1;0,0=wA1;0,1=wG1;0,2=wB1;0,3=wQ;1,-3=bS2;1,-2=bS1,bB2;1,0=wS1;2,-2=bQ;2,-1=wB2
55	17	1.000000	terminal	G1|b|17|9|8|-1,4=bA1;0,-1=bB1;0,0=wA1;0,1=wG1;0,2=wB1;0,3=wQ;1,-3=bS2;1,-2=bS1,bB2;2,-2=bQ;2,-1=wB2;3,-2=wS1
55	19	1.000000	terminal	G1|b|19|10|9|-1,4=bA1;0,-3=bG1;0,-1=bB1;0,0=wA1;0,1=wG1;0,2=wB1;0,3=wQ;1,-3=bS2;1,-2=bS1,bB2;2,-2=bQ;2,-1=wB2;3,-2=wS1;3,-1=wA2
55	21	1.000000	terminal	G1|b|21|11|10|-1,4=bA1;0,-3=bG1;0,-1=bB1;0,0=wA1;0,1=wG1;0,2=wB1;0,3=wQ;1,-3=bS2;1,-2=bS1,bB2;2,-4=bA2;2,-2=bQ;2,-1=wB2;3,-3=wA2;3,-2=wS1
55	23	1.000000	terminal	G1|b|23|12|11|-1,4=bA1;0,-3=bG1;0,-1=bB1;0,0=wA1;0,1=wG1;0,2=wB1;0,3=wQ;1,-3=bS2;1,-2=bS1,bB2;1,3=bA2;2,-2=bQ;2,-1=wB2;3,-3=wA2;3,-2=wS1;4,-3=wA3
55	25	1.000000	terminal	G1|b|25|13|12|-1,-1=bA3;-1,4=bA1;0,-3=bG1;0,-1=bB1;0,0=wA1;0,1=wG1;0,2=wB1;0,3=wQ;1,-3=bS2;1,-2=bS1,bB2;1,3=bA2;2,-3=wA3;2,-2=bQ;2,-1=wB2;3,-3=wA2;3,-2=wS1
55	27	1.000000	terminal	G1|b|27|14|13|-1,2=wS2;-1,4=bA1;0,-3=bG1;0,-1=bB1;0,0=wA1;0,1=wG1;0,2=wB1;0,3=wQ;0,4=bA3;1,-3=bS2;1,-2=bS1,bB2;1,3=bA2;2,-3=wA3;2,-2=bQ;2,-1=wB2;3,-3=wA2;3,-2=wS1
55	29	1.000000	terminal	G1|b|29|15|14|-1,2=wS2;-1,4=bA1;0,-3=bG1;0,-1=bB1;0,0=wA1;0,1=wG1;0,2=wB1;0,3=wQ;1,-3=bS2;1,-2=bS1,bB2;1,2=bA3;1,3=bA2;2,-3=wA3;2,-2=bQ;2,-1=wB2;3,-3=wA2;3,-2=wS1;3,-1=wG2
55	31	1.000000	terminal	G1|b|31|16|15|-1,2=wS2;-1,4=bA1;0,-3=bG1;0,-1=bB1;0,0=wA1;0,1=wG1;0,2=wB1;0,3=wQ;1,-3=bS2;1,-2=bS1,bB2;1,-1=wG2;1,2=bA3;2,-3=wA3;2,-2=bQ;2,-1=wB2;3,-3=wA2;3,-2=wS1;4,-4=bA2
56	0	1.000000	terminal	G1|w|0|0|0|
56	6	1.000000	terminal	G1|w|6|3|3|-1,0=wS1;-1,1=wS2;0,0=wA1;1,-1=bG1;2,-2=bG2;3,-2=bG3
56	8	1.000000	terminal	G1|w|8|4|4|-1,-1=wQ;-1,0=wS1;-1,1=wS2;0,0=wA1;1,-1=bG1;2,-2=bG2;3,-2=bG3;4,-2=bQ
56	10	1.000000	terminal	G1|w|10|5|5|-1,-1=wQ;-1,0=wS1;-1,1=wS2;0,0=wA1;0,1=wG1;1,-2=bA1;1,-1=bG1;2,-2=bG2;3,-2=bG3;4,-2=bQ
56	12	1.000000	terminal	G1|w|12|6|6|-2,1=wA2;-1,-1=wQ;-1,0=wS1;-1,1=wS2;0,-2=bA1;0,0=wA1;0,1=wG1;1,-1=bG1;2,-2=bG2;3,-2=bG3;4,-2=bQ
56	14	1.000000	terminal	G1|w|14|7|7|-1,-1=wQ;-1,0=wS1;-1,1=wS2;0,-2=bA1;0,0=wA1;0,1=wG1;1,-1=bG1;2,-2=bG2;3,-3=bS1;3,-2=bG3;4,-2=bQ;4,-1=wA2
56	16	1.000000	terminal	G1|w|16|8|8|-1,-1=wQ;-1,0=wS1;-1,1=wS2;0,-2=bA1;0,0=wA1;0,1=wG1;1,-1=bG1;2,-2=bG2;2,-1=bB1;3,-3=bS1;3,-2=bG3;3,0=wA3;4,-2=bQ;4,-1=wA2
56	18	1.000000	terminal	G1|w|18|9|9|-1,-1=wQ;-1,0=wS1;-1,1=wS2;0,-2=bA1;0,0=wA1;0,1=wG1;1,-1=bG1;1,0=bG3;2,-2=bG2;2,-1=bB1;3,-3=bS1;4,-3=wA3;4,-2=bQ;4,-1=wA2
56	20	1.000000	terminal	G1|w|20|10|10|-1,-1=wQ;-1,0=wS1;-1,1=wS2;0,-2=bA1;0,0=wA1;1,-1=bG1;1,0=bG3;2,-3=bS2;2,-2=bG2;2,-1=bB1;3,-3=bS1;3,-2=wG1;4,-3=wA3;4,-2=bQ;4,-1=wA2
56	22	1.000000	terminal	G1|w|22|11|11|-2,0=bG3;-1,-1=wQ;-1,0=wS1;-1,1=wS2;0,-2=bA1;0,0=wA1;1,-1=bG1;2,-3=bS2;2,-2=bG2;2,-1=bB1;3,-3=bS1;3,-2=wG1;4,-3=wA3;4,-2=bQ;4,-1=wA2;5,-1=wB1
56	24	1.000000	terminal	G1|w|24|12|12|-2,0=bG3;-1,-1=wQ;-1,0=wS1;-1,1=wS2;0,-2=bA1;0,0=wA1;1,-2=bB2;1,-1=bG1;2,-3=bS2;2,-2=bG2;2,-1=bB1;3,-3=bS1;3,-2=wG1;4,-3=wA3;4,-2=bQ;4,-1=wA2;5,-2=wB1
56	26	1.000000	terminal	G1|w|26|13|13|-2,-2=bG2;-2,0=bG3;-1,-2=wQ;-1,0=wS1;-1,1=wS2;0,-2=bA1;0,0=wA1;1,-2=bB2;1,-1=bG1;2,-3=bS2;2,-1=bB1;3,-3=bS1;3,-2=wG1;4,-3=wA3;4,-2=bQ;4,-1=wA2;5,-2=wB1
56	28	1.000000	terminal	G1|w|28|14|14|-2,-2=bG2;-2,0=bG3;-1,-3=bS2;-1,-2=wQ;-1,0=wS1;-1,1=wS2;0,-2=bA1;0,0=wA1;1,-2=bB2;1,-1=bG1;2,-1=bB1;3,-3=bS1;3,-2=wG1;4,-3=wA3;4,-2=bQ;4,-1=wA2;5,-2=wB1;6,-2=wG2
56	30	1.000000	terminal	G1|w|30|15|15|-3,0=wS2;-2,-3=bA2;-2,-2=bG2;-2,0=bG3;-1,-3=bS2;-1,-2=wQ;-1,0=wS1;0,-2=bA1;0,0=wA1;1,-2=bB2;1,-1=bG1;2,-1=bB1;3,-3=bS1;3,-2=wG1;4,-3=wA3;4,-2=bQ;4,-1=wA2;5,-2=wB1;6,-2=wG2
56	32	1.000000	terminal	G1|w|32|16|16|-4,1=wG3;-3,0=wS2;-2,-2=bG2;-2,0=bG3;-1,-3=bS2;-1,-2=wQ;-1,0=wS1;0,-3=bA2;0,-2=bA1;0,0=wA1;1,-2=bB2;1,-1=bG1;2,-1=bB1;3,-3=bS1;3,-2=wG1;4,-3=wA3;4,-2=bQ;4,-1=wA2;5,-2=wB1;6,-2=wG2
56	34	1.000000	terminal	G1|w|34|17|17|-4,1=wG3;-3,-1=bS2;-3,0=wS2;-2,-2=bG2;-2,-1=wQ;-2,0=bG3;-1,0=wS1;0,-3=bA2;0,-2=bA1;0,0=wA1;1,-2=bB2;1,-1=bG1;2,-1=bB1;3,-3=bS1;3,-2=wG1;4,-3=wA3;4,-2=bQ;4,-1=wA2;5,-2=wB1;6,-2=wG2
56	36	1.000000	terminal	G1|w|36|18|18|-4,1=wG3;-3,-1=bS2;-3,0=wS2;-2,-2=bG2;-2,0=bG3;-1,-2=bA2;-1,-1=wQ;-1,0=wS1;0,-2=bA1;0,0=wA1;1,-2=bB2;1,-1=bG1;2,-1=bB1;3,-3=bS1;3,-2=wG1;4,-3=wA3;4,-2=bQ;4,-1=wA2;5,-2=wB1;6,-2=wG2
56	38	1.000000	terminal	G1|w|38|19|19|-4,0=bG2;-4,1=wG3;-4,2=wS1;-3,-1=bS2;-3,0=wS2;-2,0=bG3;-1,-2=bA2;-1,-1=wQ;0,-2=bA1;0,0=wA1;1,-2=bB2;1,-1=bG1;2,-1=bB1;3,-3=bS1;3,-2=wG1;4,-3=wA3;4,-2=bQ;4,-1=wA2;5,-2=wB1;6,-2=wG2
56	40	1.000000	terminal	G1|w|40|20|20|-4,1=wG3;-4,2=wS1;-3,-1=bS2;-3,0=wS2;-2,0=bG3;-1,-2=bA2;-1,-1=wQ;-1,0=bG2;0,-2=bA1;1,-2=bB2;1,-1=bG1;2,-1=bB1;3,-3=bS1;3,-2=wG1;3,-1=wA1;4,-3=wA3;4,-2=bQ;4,-1=wA2;5,-2=wB1;6,-2=wG2
56	42	1.000000	terminal	G1|w|42|21|21|-4,1=wG3;-4,2=wS1;-3,-1=bS2;-3,0=wS2;-2,0=bG3;-1,-2=bA2;-1,-1=wQ;-1,0=bG2;0,-2=bA1;1,-2=bB2;1,-1=bG1;2,-1=bB1;3,-4=bA3;3,-3=bS1;3,-2=wG1;3,-1=wA1;4,-2=bQ;4,-1=wA2;5,-3=wA3;5,-2=wB1;6,-2=wG2
56	44	1.000000	terminal	G1|w|44|22|22|-5,1=wB2;-4,1=wG3;-4,2=wS1;-3,-1=bS2;-3,0=wS2;-2,0=bG3;-1,-2=bA2;-1,-1=wQ;-1,0=bG2;0,-2=bA1;1,-2=bB2;1,-1=bG1;2,-1=bB1;3,-3=bS1;3,-2=wG1;3,-1=wA1;4,-4=bA3;4,-2=bQ;4,-1=wA2;5,-3=wA3;5,-2=wB1;6,-2=wG2
56	46	1.000000	terminal	G1|w|46|23|23|-5,1=wB2;-4,1=wG3;-3,-1=bS2;-3,0=wS2;-2,0=bG3;-1,-2=bA2;-1,-1=wQ;-1,0=bG2;-1,1=wS1;0,-2=bA1;1,-2=bB2;1,-1=bG1;2,-1=bB1;2,0=bA3;3,-3=bS1;3,-2=wG1;3,-1=wA1;4,-2=bQ;4,-1=wA2;5,-3=wA3;5,-2=wB1;6,-2=wG2
56	48	1.000000	terminal	G1|w|48|24|24|-5,1=wB2;-4,1=wG3;-3,-1=bS2;-3,0=wS2;-2,-2=bA3;-2,0=bG3;-1,-2=bA2;-1,-1=wQ;-1,0=bG2;-1,1=wS1;0,-2=bA1;1,-2=bB2;1,-1=bG1;2,-2=wG2;2,-1=bB1;3,-3=bS1;3,-2=wG1;3,-1=wA1;4,-2=bQ;4,-1=wA2;5,-3=wA3;5,-2=wB1
56	50	1.000000	terminal	G1|w|50|25|25|-5,1=wB2;-4,1=wG3;-3,-1=bS2;-3,0=wS2;-2,0=bG3;-2,1=bA3;-1,-2=bA2;-1,-1=wQ;-1,0=bG2;-1,1=wS1;0,-2=bA1;1,-2=bB2;1,-1=bG1;2,-1=bB1;3,-3=bS1;3,-2=wG1;3,-1=wA1;4,-4=wG2;4,-2=bQ;4,-1=wA2;5,-3=wA3;5,-2=wB1
56	52	1.000000	terminal	G1|w|52|26|26|-5,1=wB2;-4,1=wG3;-4,2=bA3;-3,-1=bS2;-3,0=wS2;-3,1=wS1;-2,0=bG3;-1,-2=bA2;-1,-1=wQ;-1,0=bG2;0,-2=bA1;1,-2=bB2;1,-1=bG1;2,-1=bB1;3,-3=bS1;3,-2=wG1;3,-1=wA1;4,-4=wG2;4,-2=bQ;4,-1=wA2;5,-3=wA3;5,-2=wB1
56	54	1.000000	terminal	G1|w|54|27|27|-4,0=wB2;-4,1=wG3;-3,-1=bS2;-3,0=wS2;-3,1=wS1;-2,0=bG3;-1,-2=bA2;-1,-1=wQ;-1,0=bG2;0,-2=bA1;0,0=bA3;1,-2=bB2;1,-1=bG1;2,-1=bB1;3,-3=bS1;3,-2=wG1;3,-1=wA1;4,-4=wG2;4,-2=bQ;4,-1=wA2;5,-3=wA3;5,-2=wB1
56	56	1.000000	terminal	G1|w|56|28|28|-5,1=wB2;-4,1=wG3;-3,-1=bS2;-3,0=wS2;-3,1=wS1;-2,0=bG3;-1,-2=bA2;-1,-1=wQ;-1,0=bG2;0,-2=bA1;1,-2=bB2;1,-1=bG1;2,-1=bB1;3,-3=bS1;3,-2=wG1;3,-1=wA1;4,-4=wG2;4,-2=bQ;4,-1=wA2;5,-3=wA3;5,-2=wB1;6,-2=bA3
56	58	1.000000	terminal	G1|w|58|29|29|-6,2=wS1;-5,1=wB2;-4,1=wG3;-3,-1=bS2;-3,0=wS2;-3,1=bA3;-2,0=bG3;-1,-2=bA2;-1,-1=wQ;-1,0=bG2;0,-2=bA1;1,-2=bB2;1,-1=bG1;2,-1=bB1;3,-3=bS1;3,-2=wG1;3,-1=wA1;4,-4=wG2;4,-2=bQ;4,-1=wA2;5,-3=wA3;5,-2=wB1
56	60	1.000000	terminal	G1|w|60|30|30|-6,1=bS2;-6,2=wS1;-5,1=wB2;-4,1=wG3;-3,0=wS2;-3,1=bA3;-2,0=bG3;-1,-2=bA2;-1,-1=wQ;-1,0=bG2;0,-2=bA1;1,-2=bB2;1,-1=bG1;2,-2=wG2;2,-1=bB1;3,-3=bS1;3,-2=wG1;3,-1=wA1;4,-2=bQ;4,-1=wA2;5,-3=wA3;5,-2=wB1
56	62	1.000000	terminal	G1|w|62|31|31|-6,0=wS1;-6,1=bS2;-5,1=wB2;-4,1=wG3;-3,0=wS2;-2,-1=bA3;-2,0=bG3;-1,-2=bA2;-1,-1=wQ;-1,0=bG2;0,-2=bA1;1,-2=bB2;1,-1=bG1;2,-2=wG2;2,-1=bB1;3,-3=bS1;3,-2=wG1;3,-1=wA1;4,-2=bQ;4,-1=wA2;5,-3=wA3;5,-2=wB1
56	64	1.000000	terminal	G1|w|64|32|32|-6,0=wS1;-6,1=bS2;-5,1=wB2;-4,1=wG3;-3,0=wS2;-3,1=bA3;-2,0=bG3;-1,-2=bA2;-1,-1=wQ;-1,0=bG2;0,-2=bA1;1,-2=bB2;1,-1=bG1;2,-1=bB1;2,0=wG2;3,-3=bS1;3,-2=wG1;3,-1=wA1;4,-2=bQ;4,-1=wA2;5,-3=wA3;5,-2=wB1
56	66	1.000000	terminal	G1|w|66|33|33|-6,0=wS1;-6,1=bS2;-5,1=wB2;-4,1=wG3;-3,0=wS2;-2,-1=bA3;-2,0=bG3;-1,-2=bA2;-1,-1=wQ;-1,0=bG2;0,-2=bA1;1,-2=bB2;1,-1=bG1;2,-1=bB1;3,-3=bS1;3,-2=wG1;3,-1=wA1;4,-2=bQ;4,-1=wA2;5,-3=wA3;5,-2=wB1;6,-4=wG2
56	68	1.000000	terminal	G1|w|68|34|34|-7,2=bA2;-6,0=wS1;-6,1=bS2;-5,1=wB2;-4,1=wG3;-3,0=wS2;-2,-1=bA3;-2,0=bG3;-1,-1=wQ;-1,0=bG2;0,-2=bA1;1,-2=bB2;1,-1=bG1;2,-1=bB1;3,-3=bS1;3,-2=wG1;3,-1=wA1;4,-3=wA2;4,-2=bQ;5,-3=wA3;5,-2=wB1;6,-4=wG2
56	70	1.000000	terminal	G1|w|70|35|35|-6,0=wS1;-6,1=bS2;-5,1=wB2;-4,1=wG3;-3,0=wS2;-2,-1=bA3;-2,0=bG3;-1,-2=bA2;-1,-1=wQ;-1,0=bG2;0,-2=bA1;1,-2=bB2;1,-1=bG1;2,-1=bB1;3,-3=bS1;3,-2=wG1;3,-1=wA1;4,-2=bQ;5,-3=wA3;5,-2=wB1;6,-4=wG2;6,-2=wA2
56	72	1.000000	terminal	G1|w|72|36|36|-6,0=wS1;-6,1=bS2;-5,1=wB2;-4,1=wG3;-3,0=wS2;-2,-1=bA3;-2,0=bG3;-1,-2=bA2;-1,-1=wQ;-1,0=bG2;0,-2=bA1;1,-2=bB2;1,-1=bG1;2,-1=bB1;3,-2=wG1;3,-1=wA1;4,-2=bQ;4,-1=wA2;5,-3=wA3;5,-2=wB1;6,-5=bS1;6,-4=wG2
56	74	1.000000	terminal	G1|w|74|37|37|-6,0=wS1;-6,1=bS2;-5,-1=wA1;-5,1=wB2;-4,1=wG3;-3,0=wS2;-2,-1=bA3;-2,0=bG3;-1,-2=bA2;-1,-1=wQ;-1,0=bG2;0,-2=bA1;1,-2=bB2;1,-1=bG1;2,-1=bB1;3,-3=bS1;3,-2=wG1;4,-2=bQ;4,-1=wA2;5,-3=wA3;5,-2=wB1;6,-4=wG2
56	76	1.000000	terminal	G1|w|76|38|38|-6,0=wS1;-6,1=bS2;-5,1=wB2;-4,1=wG3;-3,0=wS2;-2,-1=bA3;-2,0=bG3;-1,-2=bA2;-1,-1=wQ;-1,0=bG2;0,-2=bA1;1,-3=bS1;1,-2=bB2;1,-1=bG1;2,-1=bB1;3,-2=wG1;4,-3=wA1;4,-2=bQ;4,-1=wA2;5,-3=wA3;5,-2=wB1;6,-4=wG2
57	0	1.000000	terminal	G1|w|0|0|0|
57	7	1.000000	terminal	G1|b|7|4|3|-2,2=bQ;-1,2=bS1;0,0=wA1;0,1=bB1;1,-2=wA2;1,-1=wS1;2,-1=wQ
57	9	1.000000	terminal	G1|b|9|5|4|-1,1=bQ;-1,2=bS1;0,-2=wS2;0,0=wA1;0,1=bB1;1,-2=wA2;1,-1=wS1;2,-1=wQ
57	11	1.000000	terminal	G1|b|11|6|5|-1,1=bQ;0,-2=wS2;0,0=wA1;0,1=bB1;1,-2=wA2;1,-1=wS1;1,0=bS1;2,0=wQ
57	13	1.000000	terminal	G1|b|13|7|6|-1,1=bQ;0,-2=wS2;0,0=wA1;1,-2=wA2;1,-1=wS1;1,0=bS1;1,1=bB1;2,1=wQ
57	15	1.000000	terminal	G1|b|15|8|7|-1,-2=wA3;-1,1=bQ;0,-2=wS2;0,0=wA1;0,2=bS2;1,-2=wA2;1,-1=wS1;1,0=bS1;1,1=bB1;2,1=wQ
57	17	1.000000	terminal	G1|b|17|9|8|-1,1=bQ;-1,2=wA3;-1,3=bG1;0,-2=wS2;0,0=wA1;0,2=bS2;1,-2=wA2;1,-1=wS1;1,0=bS1;1,1=bB1;2,1=wQ
57	19	1.000000	terminal	G1|b|19|10|9|-2,2=bQ;-2,3=wA1;-1,2=wA3;-1,3=bG1;0,-2=wS2;0,2=bS2;1,-2=wA2;1,-1=wS1;1,0=bS1;1,1=bB1;2,1=wQ
57	21	1.000000	terminal	G1|b|21|11|10|-2,2=bQ;-2,3=wA1;-1,2=wA3;0,-2=wS2;0,2=bS2;1,-2=wA2;1,-1=wS1;1,0=bS1;1,1=bB1;2,-3=wB1;2,0=bG1;2,1=wQ
57	23	1.000000	terminal	G1|b|23|12|11|-1,1=bQ;-1,2=wA3;0,-2=wS2;0,0=wA1;0,2=bS2;1,-2=wA2;1,-1=wS1;1,0=bS1;1,1=bB1;2,-3=wB1;2,0=bG1;2,1=wQ
57	25	1.000000	terminal	G1|b|25|13|12|-2,0=wS2;-1,0=bQ;-1,2=wA3;0,0=wA1;0,2=bS2;1,-2=wA2;1,-1=wS1;1,0=bS1;1,1=bB1;2,-3=wB1;2,0=bG1;2,1=wQ
57	27	1.000000	terminal	G1|b|27|14|13|-2,0=wS2;-2,1=wA3;-1,0=bQ;0,0=wA1;0,2=bS2;1,-2=wA2;1,-1=wS1;1,0=bS1;1,1=bB1;2,-3=wB1;2,0=bG1;2,1=wQ;3,-1=bA1
57	29	1.000000	terminal	G1|b|29|15|14|-3,2=wB2;-2,0=wS2;-2,1=wA3;-1,0=bQ;0,0=wA1;0,2=bS2;1,-2=wA2;1,-1=wS1;1,0=bS1;1,1=bB1;2,-3=wB1;2,0=bG1;2,1=wQ;2,2=bA1
57	31	1.000000	terminal	G1|b|31|16|15|-4,3=wG1;-3,2=wB2;-2,0=wS2;-2,1=wA3;-1,0=bQ;-1,3=bA2;0,0=wA1;0,2=bS2;1,-2=wA2;1,-1=wS1;1,0=bS1;1,1=bB1;2,-3=wB1;2,0=bG1;2,1=wQ;2,2=bA1
57	33	1.000000	terminal	G1|b|33|17|16|-4,3=wG1;-3,2=wB2;-2,0=wS2;-2,1=wA3;-1,0=bQ;-1,3=bA2;0,0=wA1;0,2=bS2;1,-2=wA2;1,-1=wS1;1,0=bS1;1,1=bB1;1,2=wQ;2,-3=wB1;2,0=bG1;3,-3=bA1
57	35	1.000000	terminal	G1|b|35|18|17|-4,3=wG1;-3,2=wB2;-2,0=wS2;-2,1=wA3;-1,0=bQ;0,0=wA1;0,2=bS2;0,3=bA2;1,-2=wA2;1,-1=wS1;1,0=bS1;1,1=bB1;1,3=wQ;2,-3=wB1;2,0=bG1;3,-3=bA1
57	37	1.000000	terminal	G1|b|37|19|18|-3,2=wB2;-2,0=wS2;-2,1=wA3;-1,0=bQ;0,-1=wG1;0,0=wA1;0,2=bS2;0,3=bA2;1,-2=wA2;1,-1=wS1;1,0=bS1;1,1=bB1;1,3=wQ;2,-3=wB1;2,0=bG1;2,3=bA1
57	39	1.000000	terminal	G1|b|39|20|19|-2,0=wS2;-2,1=wA3,wB2;-1,0=bQ;0,-1=wG1;0,0=wA1;0,2=bS2;0,3=bA2;1,-2=wA2;1,-1=wS1;1,0=bS1;1,1=bB1;1,3=wQ;2,-3=wB1;2,0=bG1;2,3=bA1;3,3=bG2
57	41	1.000000	terminal	G1|b|41|21|20|-2,0=wS2;-2,1=wA3;-1,0=bQ;-1,1=wB2;-1,3=bG1;0,-1=wG1;0,0=wA1;0,2=bS2;0,3=bA2;1,-2=wA2;1,-1=wS1;1,0=bS1;1,1=bB1;1,3=wQ;2,-3=wB1;2,3=bA1;3,3=bG2
57	43	1.000000	terminal	G1|b|43|22|21|-2,0=wS2;-2,1=wA3;-2,2=wG2;-1,0=bQ;-1,1=wB2;0,-1=wG1;0,0=wA1;0,2=bS2;0,3=bA2;1,-2=wA2;1,-1=wS1;1,0=bS1;1,1=bB1;1,3=wQ;2,-3=wB1;2,0=bG1;2,3=bA1;3,3=bG2
57	45	1.000000	terminal	G1|b|45|23|22|-2,-1=wG3;-2,0=wS2;-2,1=wA3;-2,2=wG2;-1,0=bQ;-1,1=wB2;0,-1=wG1;0,0=wA1;0,2=bS2;0,3=bA2;1,-2=wA2;1,-1=wS1;1,0=bS1;1,1=bB1;1,3=wQ;2,-3=wB1;2,0=bG1;2,3=bA1;3,2=bG3;3,3=bG2
57	47	1.000000	terminal	G1|b|47|24|23|-2,-1=wG3;-2,0=wS2;-2,1=wA3;-2,2=wG2;-1,0=bQ;-1,1=wB2;0,-1=wG1;0,0=wA1;0,2=bS2;0,3=bA2;1,-2=wA2;1,0=bS1;1,1=bB1;1,3=wQ;1,4=bG3;2,-3=wB1;2,0=bG1;2,3=bA1;3,0=wS1;3,3=bG2
57	49	1.000000	terminal	G1|b|49|25|24|-2,-2=wG2;-2,-1=wG3;-2,0=wS2;-2,1=wA3;-1,0=bQ;-1,1=wB2;0,-1=wG1;0,0=wA1;0,2=bS2;0,3=bA2;1,-2=wA2;1,0=bS1;1,1=bB1;1,3=wQ;1,4=bG3;2,-3=wB1;2,-1=bB2;2,0=bG1;2,3=bA1;3,0=wS1;3,3=bG2
57	51	1.000000	terminal	G1|b|51|26|25|-2,-2=wG2;-2,-1=wG3;-2,0=wS2;-1,-1=wA3;-1,0=bQ;-1,1=wB2;0,-1=wG1;0,0=wA1;0,2=bS2;0,3=bA2;1,-2=wA2;1,0=bS1;1,1=bB1;1,3=wQ;1,4=bG3;2,-3=wB1;2,-1=bB2;2,0=bG1;2,3=bA1;3,0=wS1;3,3=bG2;4,3=bA3
57	53	1.000000	terminal	G1|b|53|27|26|-2,-1=wG3;-2,0=wS2;-2,1=wG2;-1,-1=wA3;-1,0=bQ;-1,1=wB2;0,-1=wG1;0,0=wA1;0,2=bS2;0,3=bA2;1,-2=wA2;1,0=bS1;1,1=bB1;1,3=wQ;1,4=bG3;2,-3=wB1;2,-1=bB2;2,0=bG1;2,2=bA3;2,3=bA1;3,0=wS1;3,3=bG2
58	0	0.664037	adjudicated	G1|w|0|0|0|
58	6	0.664037	adjudicated	G1|w|6|3|3|-1,0=wB2;-1,2=bG1;0,0=wB1;0,1=bA1;1,-1=wG1;1,1=bB1
58	8	0.664037	adjudicated	G1|w|8|4|4|-1,0=wB2;-1,2=bG1;0,-1=wQ;0,0=wB1;0,1=bA1;1,-1=wG1;1,1=bB1;1,2=bQ
58	10	0.664037	adjudicated	G1|w|10|5|5|-1,-1=wQ;-1,0=wB2;-1,2=bG1;0,0=wB1;0,1=bA1;1,-1=wG1;1,1=bB1;1,2=bQ;2,0=bB2
58	12	0.664037	adjudicated	G1|w|12|6|6|-2,2=bG2;-1,-2=wA1;-1,-1=wQ;-1,0=wB2;-1,2=bG1;0,0=wB1;0,1=bA1;1,-1=wG1;1,1=bB1;1,2=bQ;2,0=bB2
58	14	0.664037	adjudicated	G1|w|14|7|7|-3,2=bG3;-2,2=bG2;-1,-1=wQ;-1,0=wB2;-1,2=bG1;0,0=wB1;0,1=bA1;0,3=wA1;1,-1=wG1;1,1=bB1;1,2=bQ;2,0=bB2
58	16	0.664037	adjudicated	G1|w|16|8|8|-3,2=bG3;-2,2=bG2;-1,-1=wQ;-1,0=wB2;-1,2=bG1;0,0=wB1;0,1=bA1;1,-1=wG1;1,1=bB1;2,0=bB2;2,1=wA1;2,2=bQ
58	18	0.664037	adjudicated	G1|w|18|9|9|-3,1=bA2;-3,2=bG3;-2,2=bG2;-1,-1=wQ;-1,0=wB2;-1,2=bG1;0,0=wB1;0,1=bA1;1,-2=wS1;1,-1=wG1;1,1=bB1;2,0=bB2;2,1=wA1;2,2=bQ
58	20	0.664037	adjudicated	G1|w|20|10|10|-3,2=bG3;-2,2=bG2;-1,-1=wQ;-1,0=wB2;-1,2=bG1;0,-2=bA2;0,0=wB1;0,1=bA1;1,-3=wA2;1,-2=wS1;1,-1=wG1;1,1=bB1;2,0=bB2;2,1=wA1;2,2=bQ
58	22	0.664037	adjudicated	G1|w|22|11|11|-3,2=bG3;-2,2=bG2;-1,-1=wQ;-1,0=bG1;-1,1=wB2;0,-2=bA2;0,0=wB1;0,1=bA1;1,-3=wA2;1,-2=wS1;1,-1=wG1;1,1=bB1;2,0=bB2;2,1=wA1;2,2=bQ
58	24	0.664037	adjudicated	G1|w|24|12|12|-3,2=bG3;-2,2=bG2;-1,-1=wQ;-1,0=bG1;-1,1=wB2;0,-2=bA2;0,0=wB1;0,1=bA1;1,-2=wS1;1,-1=wG1;1,1=bB1;2,1=wA1;2,2=bQ;2,3=wA2;3,0=bB2
58	26	0.664037	adjudicated	G1|w|26|13|13|-3,1=bA2;-3,2=bG3;-2,0=wQ;-2,2=bG2;-1,0=bG1;-1,1=wB2;0,0=wB1;0,1=bA1;1,-2=wS1;1,-1=wG1;1,1=bB1;2,1=wA1;2,2=bQ;2,3=wA2;3,0=bB2
58	28	0.664037	adjudicated	G1|w|28|14|14|-4,3=bS1;-3,0=wQ;-3,1=bA2;-3,2=bG3;-2,2=bG2;-1,0=bG1;-1,1=wB2;0,0=wB1;0,1=bA1;1,-2=wS1;1,-1=wG1;1,1=bB1;2,1=wA1;2,2=bQ;2,3=wA2;3,0=bB2
58	30	0.664037	adjudicated	G1|w|30|15|15|-4,0=bS1;-3,0=wQ;-3,1=bA2;-3,2=bG3;-2,2=bG2;-1,0=bG1;-1,1=wB2;0,0=wB1;0,1=bA1;1,-2=wS1;1,-1=wG1;1,1=bB1;1,3=wA2;2,1=wA1;2,2=bQ;3,0=bB2
58	32	0.664037	adjudicated	G1|w|32|16|16|-4,0=bS1;-3,0=wQ;-3,1=bA2;-3,2=bG3;-3,3=bS2;-2,2=bG2;-1,0=bG1;-1,1=wB2;0,0=wB1;0,1=bA1;1,-2=wS1;1,-1=wG1;1,1=bB1;2,1=wA1;2,2=bQ;2,3=wA2;3,0=bB2
58	34	0.664037	adjudicated	G1|w|34|17|17|-4,0=bS1;-4,1=bS2;-3,0=wQ;-3,1=bA2;-3,2=bG3;-2,2=bG2;-1,0=bG1;-1,1=wB2;0,0=wB1;0,1=bA1;1,-2=wS1;1,-1=wG1;1,1=bB1;2,1=wA1;2,2=bQ;3,0=bB2;3,2=wA2
58	36	0.664037	adjudicated	G1|w|36|18|18|-4,0=bS1;-4,1=bS2;-3,-1=wQ;-3,1=bA2;-3,2=bG3;-2,2=bG2;-1,0=bG1;-1,1=wB2;0,0=wB1;0,1=bA1;1,-2=wS1;1,-1=wG1;1,1=bB1;2,1=wA1;2,2=bQ;3,-1=bA3;3,0=bB2;3,2=wA2
58	38	0.664037	adjudicated	G1|w|38|19|19|-4,0=bS1;-4,1=bS2;-3,-1=wQ;-3,1=bA2;-3,2=bG3;-2,-1=bA3;-2,2=bG2;-1,0=bG1;-1,1=wB2;0,0=wB1;0,1=bA1;1,-2=wS1;1,-1=wG1;1,1=bB1;2,1=wA1;2,2=bQ;2,3=wA2;3,0=bB2
58	40	0.664037	adjudicated	G1|w|40|20|20|-4,-1=bA3;-4,0=bS1;-4,1=bS2;-3,-1=wQ;-3,1=bA2;-3,2=bG3;-2,2=bG2;-1,0=bG1;-1,1=wB2;0,0=wB1;0,1=bA1;1,-2=wS1;1,-1=wG1;1,1=bB1;1,3=wA2;2,1=wA1;2,2=bQ;3,0=bB2
58	42	0.664037	adjudicated	G1|w|42|21|21|-4,-1=bA3;-4,0=bS1;-4,1=bS2;-3,-2=wQ;-3,1=bA2;-3,2=bG3;-2,2=bG2;-1,1=wB2;-1,2=bG1;0,0=wB1;0,1=bA1;1,-2=wS1;1,-1=wG1;1,1=bB1;1,3=wA2;2,1=wA1;2,2=bQ;3,0=bB2
58	44	0.664037	adjudicated	G1|w|44|22|22|-4,-1=bA3;-4,0=bS1;-4,1=bS2;-3,-2=wQ;-3,1=bA2;-3,2=bG3;-2,2=bG2;-1,1=wB2;0,-2=wG2;0,0=wB1;0,1=bA1;1,-2=wS1;1,-1=wG1;1,0=bG1;1,1=bB1;1,3=wA2;2,1=wA1;2,2=bQ;3,0=bB2
58	46	0.664037	adjudicated	G1|w|46|23|23|-4,-1=bA3;-4,0=bS1;-4,1=bS2;-3,-2=wQ;-3,1=bA2;-3,2=bG3;-2,-3=bA1;-2,2=bG2;-1,1=wB2;0,-2=wG2;0,0=wB1;1,-2=wS1;1,-1=wG1;1,0=bG1;1,1=bB1;1,3=wA2;2,-2=wA3;2,1=wA1;2,2=bQ;3,0=bB2
58	48	0.664037	adjudicated	G1|w|48|24|24|-4,-1=bA3;-4,0=bS1;-4,1=bS2;-3,-3=bA1;-3,-2=wQ;-3,1=bA2;-3,2=bG3;-2,2=bG2;-1,1=wB2;0,-2=wG2;0,0=wB1;1,-2=wS1;1,-1=wG1;1,0=bG1;1,1=bB1;1,3=wA2;2,1=wA1;2,2=bQ;3,0=bB2;3,2=wA3
58	50	0.664037	adjudicated	G1|w|50|25|25|-4,-1=bA3;-4,0=bS1;-4,1=bS2;-3,-2=wQ;-3,1=bA2;-3,2=bG3;-2,2=bG2;-1,0=bA1;-1,1=wB2;0,-2=wG2;0,0=wB1;0,4=wS2;1,-2=wS1;1,-1=wG1;1,0=bG1;1,1=bB1;1,3=wA2;2,1=wA1;2,2=bQ;3,0=bB2;3,2=wA3
58	52	0.664037	adjudicated	G1|w|52|26|26|-4,-1=bA3;-4,0=bS1;-4,1=bS2;-3,-2=wQ;-3,1=bA2;-3,2=bG3;-2,-3=bA1;-2,2=bG2;-1,1=wB2;0,-2=wG2;0,0=wB1;0,3=wG3;0,4=wS2;1,-2=wS1;1,-1=wG1;1,0=bG1;1,1=bB1;1,3=wA2;2,1=wA1;2,2=bQ;3,0=bB2;3,2=wA3
58	54	0.664037	adjudicated	G1|w|54|27|27|-4,-1=bA3;-4,0=bS1;-4,1=bS2;-3,-2=wQ;-3,1=bA2;-3,2=bG3;-2,-3=bA1;-2,2=bG2;-1,1=wB2;0,-2=wG2;0,0=wB1;0,4=wS2;1,-2=wS1;1,-1=wG1;1,0=bG1;1,1=bB1;1,3=wA2;2,0=bB2;2,1=wA1;2,2=bQ;2,3=wG3;3,2=wA3
58	56	0.664037	adjudicated	G1|w|56|28|28|-4,-2=bA1;-4,-1=bA3;-4,0=bS1;-4,1=bS2;-3,-2=wQ;-3,1=bA2;-3,2=bG3;-2,2=bG2;-1,1=wB2;0,-2=wG2;0,0=wB1;1,-2=wS1;1,-1=wG1;1,0=bG1;1,1=bB1;1,3=wA2;2,0=bB2;2,1=wA1;2,2=bQ;2,3=wG3;3,2=wA3;3,3=wS2
58	58	0.664037	adjudicated	G1|w|58|29|29|-4,-2=bA1;-4,-1=bA3;-4,0=bS1;-4,1=bS2;-3,-3=wQ;-3,1=bA2;-3,2=bG3;-2,2=bG2;-1,1=wB2;0,-2=wG2;0,0=wB1;1,-2=wS1;1,-1=wG1;1,0=bG1;1,1=bB1;1,3=wA2;2,-1=bB2;2,1=wA1;2,2=bQ;2,3=wG3;3,2=wA3;3,3=wS2
58	60	0.664037	adjudicated	G1|w|60|30|30|-4,-2=bA1;-4,-1=bA3;-4,0=bS1;-4,1=bS2;-3,-3=wQ;-3,1=bA2;-3,2=bG3;-2,2=bG2;-1,1=wB2;0,-2=wG2;0,0=wB1;1,-2=wS1;1,-1=wG1;1,0=bG1;1,1=bB1;1,3=wA2;2,-2=bB2;2,1=wA1;2,2=bQ;2,3=wG3;3,1=wS2;3,2=wA3
58	62	0.664037	adjudicated	G1|w|62|31|31|-4,-2=bA1;-4,-1=bA3;-4,0=bS1;-4,1=bS2;-3,-3=wQ;-3,1=bA2;-3,2=bG3;-2,2=bG2;-1,1=wB2;0,-2=wG2;0,0=wB1;1,-2=wS1;1,-1=wG1;1,0=bG1;1,1=bB1;1,2=wA2;2,-1=bB2;2,1=wA1;2,2=bQ;2,3=wG3;3,1=wS2;3,2=wA3
58	64	0.664037	adjudicated	G1|w|64|32|32|-4,-2=bA1;-4,-1=bA3;-4,0=bS1;-4,1=bS2;-3,-3=wQ;-3,1=bA2;-3,2=bG3;-2,2=bG2;-1,1=wB2;0,-2=wG2;0,0=wB1;1,-2=wS1;1,-1=wG1;1,0=bG1,bB2;1,1=bB1;1,2=wA2;1,3=wA3;2,1=wA1;2,2=bQ;2,3=wG3;3,1=wS2
58	66	0.664037	adjudicated	G1|w|66|33|33|-4,-2=bA1;-4,-1=bA3;-4,0=bS1;-4,1=bS2;-3,-3=wQ;-3,1=bA2;-3,2=bG3;-2,2=bG2;-1,1=wB2;0,-2=wG2;0,0=wB1;1,-2=wS1;1,-1=wG1;1,0=bG1;1,1=bB1;1,2=wA2;2,0=bB2;2,1=wA1;2,2=bQ;2,3=wG3;3,1=wS2;3,2=wA3
58	68	0.664037	adjudicated	G1|w|68|34|34|-4,-2=bA1;-4,-1=bA3;-4,0=bS1;-4,1=bS2;-3,-3=wQ;-3,1=bA2;-3,2=bG3;-2,2=bG2;-1,1=wB2;0,0=wB1;1,-2=wS1;1,-1=wG1;1,0=bG1;1,2=wA2;2,-2=wG2;2,0=bB2,bB1;2,1=wA1;2,2=bQ;2,3=wG3;3,1=wS2;3,2=wA3
58	70	0.664037	adjudicated	G1|w|70|35|35|-4,-2=bA1;-4,-1=bA3;-4,0=bS1;-4,1=bS2;-3,-3=wQ;-3,1=bA2;-3,2=bG3;-3,3=wA2;-2,2=bG2;-1,1=wB2;0,0=wB1;1,-2=wS1;1,-1=wG1;1,0=bG1;1,2=bQ;2,-2=wG2;2,0=bB2,bB1;2,1=wA1;2,3=wG3;3,1=wS2;3,2=wA3
58	72	0.664037	adjudicated	G1|w|72|36|36|-4,-2=bA1;-4,-1=bA3;-4,0=bS1;-4,1=bS2;-3,-2=wQ;-3,1=bA2;-3,2=bG3;-3,3=wA2;-2,2=bG2;-1,1=wB2;0,0=wB1;1,-2=wS1;1,-1=wG1;1,0=bG1;1,2=bQ;2,-2=wG2;2,0=bB2;2,1=wA1;2,3=wG3;3,0=bB1;3,1=wS2;3,2=wA3
58	74	0.664037	adjudicated	G1|w|74|37|37|-4,-1=bA3;-4,0=bS1;-4,1=bS2;-4,4=wG2;-3,-2=wQ;-3,-1=bA1;-3,1=bA2;-3,2=bG3;-3,3=wA2;-2,2=bG2;-1,1=wB2;0,0=wB1;1,-2=wS1;1,-1=wG1;1,0=bG1;1,2=bQ;2,0=bB2;2,1=wA1;2,3=wG3;3,0=bB1;3,1=wS2;3,2=wA3
58	76	0.664037	adjudicated	G1|w|76|38|38|-4,0=bS1;-4,1=bS2;-4,4=wG2;-3,-1=bA1;-3,1=bA2;-3,2=bG3;-3,3=wA2;-2,-2=wQ;-2,2=bG2;-1,-2=bA3;-1,1=wB2;0,0=wB1;1,-2=wS1;1,-1=wG1;1,0=bG1;1,2=bQ;2,0=bB2;2,1=wA1;2,3=wG3;3,0=bB1;3,1=wS2;3,2=wA3
58	78	0.664037	adjudicated	G1|w|78|39|39|-4,0=bS1;-4,1=bS2;-4,4=wG2;-3,-1=bA1;-3,1=bA2;-3,2=bG3;-3,3=wA2;-2,-2=wQ;-2,2=bG2;-1,-2=bA3;-1,1=wB2;0,0=wB1;1,-1=wG1;1,0=bG1;1,2=bQ;2,0=bB2;2,1=wA1;2,3=wG3;3,-1=wS1,bB1;3,1=wS2;3,2=wA3
58	80	0.664037	adjudicated	G1|w|80|40|40|-4,0=bS1;-4,1=bS2;-4,4=wG2;-3,-1=bA1;-3,1=bA2;-3,2=bG3;-3,3=wA2;-2,-2=wQ;-2,2=bG2;-1,-2=bA3;-1,1=wB2;0,0=wB1;0,2=bQ;1,0=bG1;1,1=wG1;2,0=bB2;2,1=wA1;2,3=wG3;3,-1=wS1,bB1;3,1=wS2;3,2=wA3
58	82	0.664037	adjudicated	G1|w|82|41|41|-4,0=bS1;-4,1=bS2;-4,4=wG2;-3,-1=bA1;-3,1=bA2;-3,2=bG3;-3,3=wA2;-2,-2=wQ;-2,2=bG2;-1,-2=bA3;-1,1=wB2;0,0=wB1;0,2=bQ;1,0=bG1;1,1=wG1;2,0=bB2,bB1;2,1=wA1;3,-1=wS1;3,1=wS2;3,2=wA3;4,1=wG3
58	84	0.664037	adjudicated	G1|w|84|42|42|-4,0=bS1;-4,1=bS2;-4,4=wG2;-3,-1=bA1;-3,1=bA2;-3,2=bG3;-3,3=wA2;-2,-2=wQ;-2,2=bG2;-1,-2=bA3;-1,1=wB2;-1,3=wA3;0,0=wB1;0,2=bQ;1,0=bG1;1,1=wG1;2,0=bB2;2,1=wA1,bB1;3,-1=wS1;3,1=wS2;4,1=wG3
58	86	0.664037	adjudicated	G1|w|86|43|43|-4,0=bS1;-4,1=bS2;-4,4=wG2;-3,-1=bA1;-3,1=bA2;-3,2=bG3;-3,3=wA2;-2,-2=wQ;-2,2=bG2;-1,-2=bA3;-1,1=wB2;-1,3=wA3;0,0=wB1;0,1=wG3;0,2=bQ;1,0=bG1;1,1=wG1;2,0=bB2;2,1=wA1;3,-1=wS1;3,0=bB1;3,1=wS2
58	88	0.664037	adjudicated	G1|w|88|44|44|-4,0=bS1;-4,1=bS2;-4,4=wG2;-3,-1=bA1;-3,1=bA2;-3,2=bG3;-3,3=wA2;-2,-2=wQ;-2,2=bG2;-1,-2=bA3;-1,1=wB2;-1,3=wA3;0,1=wG3,wB1;0,2=bQ;1,1=wG1;1,2=bG1;2,0=bB2;2,1=wA1;3,-1=wS1;3,0=bB1;3,1=wS2
58	90	0.664037	adjudicated	G1|w|90|45|45|-4,0=bS1;-4,1=bS2;-4,4=wG2;-3,-1=bA1;-3,1=bA2;-3,2=bG3;-3,3=wA2;-2,-2=wQ;-2,2=bG2;-1,-2=bA3;-1,1=wB2;-1,3=wA3;-1,4=bG1;0,1=wG3,wB1;0,2=bQ;0,3=wS2;1,1=wG1;2,0=bB2;2,1=wA1;3,-1=wS1;3,0=bB1
58	92	0.664037	adjudicated	G1|w|92|46|46|-4,0=bS1;-4,1=bS2;-4,4=wG2;-3,-1=bA1;-3,1=bA2;-3,2=bG3;-3,3=wA2;-2,-2=wQ;-2,2=bG2;-1,-2=bA3;-1,1=wB2;-1,3=wA3;-1,4=bG1;0,1=wG3,wB1;0,2=bQ;0,3=wS2;1,1=wG1;1,2=wA1;2,0=bB2;2,1=bB1;3,-1=wS1
58	94	0.664037	adjudicated	G1|w|94|47|47|-4,0=bS1;-4,1=bS2;-4,4=wG2;-3,-1=bA1;-3,1=bA2;-3,2=bG3;-3,3=wA2;-2,-2=wQ;-2,2=bG2;-1,1=wB2;-1,3=wA3;-1,4=bG1;-1,5=bA3;0,1=wG3;0,2=bQ;0,3=wS2;1,1=wG1,wB1;1,2=wA1;2,0=bB2;2,1=bB1;3,-1=wS1
58	96	0.664037	adjudicated	G1|w|96|48|48|-4,0=bS1;-4,1=bS2;-4,4=wG2;-3,-1=bA1;-3,1=bA2;-3,2=bG3;-3,3=wA2;-2,-2=wQ;-2,2=bG2;-1,-3=bA3;-1,1=wB2;-1,3=wA3;-1,4=bG1;0,1=wG3;0,2=bQ;0,3=wS2;1,1=wG1,wB1;2,0=bB2;2,1=bB1;3,-1=wS1;3,0=wA1
59	0	1.000000	terminal	G1|w|0|0|0|
59	7	1.000000	terminal	G1|b|7|4|3|-2,1=bG1;-1,1=bA1;-1,2=bB1;0,-1=wQ;0,0=wG1;1,0=wA1;1,1=wA2
59	9	1.000000	terminal	G1|b|9|5|4|-3,3=wA2;-2,1=bG1;-2,2=bQ;-1,1=bA1;-1,2=bB1;0,-1=wQ;0,0=wG1;1,0=wA1
59	11	1.000000	terminal	G1|b|11|6|5|-2,2=bQ;-1,1=bA1;-1,2=bB1;0,-1=wQ;0,0=wG1;0,1=bG1;0,2=wA2;1,0=wA1
59	13	1.000000	terminal	G1|b|13|7|6|-2,1=wA1;-2,2=bQ;-1,1=bA1;-1,2=bB1;0,-2=bG1;0,-1=wQ;0,0=wG1;0,2=wA2
59	15	1.000000	terminal	G1|b|15|8|7|-3,1=wA2;-3,2=bQ;-2,1=wA1;-1,1=bA1;-1,2=bB1;0,-2=bG1;0,-1=wQ;0,0=wG1
59	17	1.000000	terminal	G1|b|17|9|8|-4,2=bQ;-3,0=wB1;-3,1=wA2;-2,1=wA1;-1,1=bA1;-1,2=bB1;0,-2=bG1;0,-1=wQ;0,0=wG1
59	19	1.000000	terminal	G1|b|19|10|9|-4,1=wB1;-4,2=bQ;-3,1=wA2;-2,1=wA1;-1,1=bA1;-1,2=bB1;0,-3=bA2;0,-2=bG1;0,-1=wQ;0,0=wG1
59	21	1.000000	terminal	G1|b|21|11|10|-4,1=wB1;-4,2=bQ;-3,0=wS1;-3,1=wA2;-2,1=wA1;-1,1=bA1;-1,2=bB1;0,-2=bG1;0,-1=wQ;0,0=wG1;1,-2=bA2
59	23	1.000000	terminal	G1|b|23|12|11|-6,2=wS1;-5,2=bQ;-4,1=wB1;-3,1=wA2;-2,1=wA1;-1,1=bA1;-1,2=bB1;0,-2=bG1;0,-1=wQ;0,0=wG1;1,-2=bA2
59	25	1.000000	terminal	G1|b|25|13|12|-6,2=wS1;-5,2=bQ;-4,1=wB1;-3,1=wA2;-2,1=wA1;-2,2=wG1;-1,0=bA2;-1,1=bA1;-1,2=bB1;0,-2=bG1;0,-1=wQ
59	27	1.000000	terminal	G1|b|27|14|13|-6,2=wS1;-5,2=bQ;-4,1=wB1;-3,0=wS2;-3,1=wA2;-2,1=wA1;-2,2=wG1;-1,0=bA2;-1,2=bB1;0,-2=bG1;0,-1=wQ;0,0=bA1
59	29	1.000000	terminal	G1|b|29|15|14|-6,2=wS1;-5,2=bQ;-4,1=wB1;-3,0=wS2;-3,1=wA2;-2,-1=wG2;-2,1=wA1;-2,2=wG1,bB1;-1,0=bA2;0,-2=bG1;0,-1=wQ;0,0=bA1
59	31	1.000000	terminal	G1|b|31|16|15|-7,2=wB2;-6,2=wS1;-5,2=bQ;-4,1=wB1;-3,0=wS2;-3,1=wA2;-3,3=bA3;-2,-1=wG2;-2,1=wA1;-2,2=wG1,bB1;-1,0=bA2;0,-2=bG1;0,-1=wQ;0,0=bA1
59	33	1.000000	terminal	G1|b|33|17|16|-7,2=wB2;-6,2=wS1;-6,3=wG2;-5,2=bQ;-4,1=wB1;-3,0=wS2;-3,1=wA2;-2,1=wA1;-2,2=wG1,bB1;-1,0=bA2;0,-2=bG1;0,-1=wQ;0,0=bA1;1,-1=bA3
59	35	1.000000	terminal	G1|b|35|18|17|-6,2=wS1,wB2;-6,3=wG2;-5,2=bQ;-4,1=wB1;-3,0=wS2;-3,1=wA2;-2,1=wA1;-2,2=wG1,bB1;-2,3=bS1;-1,0=bA2;0,-2=bG1;0,-1=wQ;0,0=bA1;1,-1=bA3
59	37	1.000000	terminal	G1|b|37|19|18|-6,2=wS1;-6,3=wG2;-5,1=wB2;-5,2=bQ;-4,1=wB1;-3,0=wS2;-3,1=wA2;-3,3=bG2;-2,1=wA1;-2,2=wG1,bB1;-2,3=bS1;-1,0=bA2;0,-2=bG1;0,-1=wQ;0,0=bA1;1,-1=bA3
59	39	1.000000	terminal	G1|b|39|20|19|-7,2=wA3;-6,2=wS1;-6,3=wG2;-5,1=wB2;-5,3=bQ;-4,1=wB1;-3,0=wS2;-3,1=wA2;-3,3=bG2;-2,1=wA1;-2,2=wG1,bB1;-2,3=bS1;-1,0=bA2;0,-2=bG1;0,-1=wQ;0,0=bA1;1,-1=bA3
59	41	1.000000	terminal	G1|b|41|21|20|-6,2=wS1;-6,3=wG2;-5,1=wB2;-5,3=bQ;-4,1=wB1;-4,2=wA3;-3,0=wS2;-3,1=wA2;-3,3=bG2;-2,1=wA1;-2,2=wG1,bB1;-2,3=bS1;-1,0=bA2;0,-2=bG1;0,-1=wQ;0,0=bA1;1,-1=bA3;2,-1=bS2
59	43	1.000000	terminal	G1|b|43|22|21|-6,2=wS1;-6,3=wG2;-6,4=bQ;-6,5=wA3;-5,1=wB2;-4,1=wB1;-3,0=wS2;-3,1=wA2;-3,3=bG2;-2,1=wA1;-2,2=wG1,bB1;-2,3=bS1;-1,0=bA2;0,-2=bG1;0,-1=wQ;0,0=bA1;1,-1=bA3;2,-1=bS2
59	45	1.000000	terminal	G1|b|45|23|22|-7,2=wG3;-6,2=wS1;-6,3=wG2;-6,4=bQ;-6,5=wA3;-5,1=wB2;-4,1=wB1;-3,0=wS2;-3,1=wA2;-3,3=bG2;-2,1=wA1;-2,2=wG1,bB1;-2,3=bS1;-1,0=bA2;0,-2=bG1;0,-1=wQ;0,0=bA1;0,1=bB2;1,-1=bA3;2,-1=bS2
59	47	1.000000	terminal	G1|b|47|24|23|-7,2=wG3;-6,2=wS1;-6,3=wG2;-6,4=bQ;-6,5=wA3;-5,1=wB2;-4,1=wB1;-4,4=bG3;-3,1=wA2;-3,3=bG2;-2,1=wA1;-2,2=wG1,bB1;-2,3=bS1;-1,-2=wS2;-1,0=bA2;0,-2=bG1;0,-1=wQ;0,0=bA1;0,1=bB2;1,-1=bA3;2,-1=bS2
59	49	1.000000	terminal	G1|b|49|25|24|-6,2=wS1;-6,3=wG2;-6,4=bQ;-6,5=wA3;-5,1=wB2;-5,2=wG3;-4,1=wB1;-4,4=bG3;-3,1=wA2;-3,3=bG2;-2,1=wA1;-2,2=wG1,bB1;-2,3=bS1;-1,-2=wS2;-1,0=bA2;0,-2=bG1;0,-1=wQ;0,0=bA1;0,1=bB2;0,2=bS2;1,-1=bA3
59	51	1.000000	terminal	G1|b|51|26|25|-7,5=wS1;-6,3=wG2;-6,4=bQ;-6,5=wA3;-5,1=wB2;-5,2=wG3;-4,1=wB1;-4,4=bG3;-3,1=wA2;-3,3=bG2;-2,1=wA1;-2,2=wG1,bB1;-2,3=bS1;-2,4=bS2;-1,-2=wS2;-1,0=bA2;0,-2=bG1;0,-1=wQ;0,0=bA1;0,1=bB2;1,-1=bA3
59	53	1.000000	terminal	G1|b|53|27|26|-7,5=wS1;-6,3=wG2;-6,4=bQ;-6,5=wA3;-5,1=wB2;-5,2=wG3;-4,1=wB1;-4,4=bG3;-3,0=wS2;-3,1=wA2;-3,3=bG2;-2,1=wA1;-2,2=wG1;-2,3=bS1;-2,4=bS2;-1,0=bA2;-1,2=bB1;0,-2=bG1;0,-1=wQ;0,0=bA1;0,1=bB2;1,-1=bA3
59	55	1.000000	terminal	G1|b|55|28|27|-7,5=wS1;-6,3=wG2;-6,4=bQ;-5,1=wB2;-5,2=wG3;-5,4=wA3;-4,1=wB1;-4,4=bG3;-3,0=wS2;-3,1=wA2;-3,3=bG2;-2,1=wA1;-2,2=wG1;-2,3=bS1,bB1;-2,4=bS2;-1,0=bA2;0,-2=bG1;0,-1=wQ;0,0=bA1;0,1=bB2;1,-1=bA3
59	57	1.000000	terminal	G1|b|57|29|28|-7,5=wS1;-6,1=wS2;-6,3=wG2;-6,4=bQ;-5,1=wB2;-5,2=wG3;-5,4=wA3;-5,5=bG2;-4,1=wB1;-4,4=bG3;-3,1=wA2;-2,1=wA1;-2,2=wG1;-2,3=bS1,bB1;-2,4=bS2;-1,0=bA2;0,-2=bG1;0,-1=wQ;0,0=bA1;0,1=bB2;1,-1=bA3
59	59	1.000000	terminal	G1|b|59|30|29|-7,4=wS2;-7,5=wS1;-6,3=wG2;-6,4=bQ;-5,1=wB2;-5,2=wG3;-5,4=wA3;-4,1=wB1;-4,4=bG3;-3,1=wA2;-3,3=bG2;-2,1=wA1;-2,2=wG1;-2,3=bS1,bB1;-2,4=bS2;-1,0=bA2;0,-2=bG1;0,-1=wQ;0,0=bA1;0,1=bB2;1,-1=bA3
59	61	1.000000	terminal	G1|b|61|31|30|-7,4=wS2;-7,5=wS1;-6,3=wG2;-6,4=bQ;-5,2=wG3;-5,4=wA3;-4,0=wB2;-4,1=wB1;-4,4=bG3;-3,1=wA2;-2,1=wA1;-2,2=wG1;-2,3=bS1,bB1;-2,4=bS2;-1,0=bA2;-1,3=bG2;0,-2=bG1;0,-1=wQ;0,0=bA1;0,1=bB2;1,-1=bA3
59	63	1.000000	terminal	G1|b|63|32|31|-8,5=wG3;-7,4=wS2;-7,5=wS1;-6,3=wG2;-6,4=bQ;-5,4=wA3;-4,0=wB2;-4,1=wB1;-4,4=bG3;-3,1=wA2;-3,3=bB1;-2,1=wA1;-2,2=wG1;-2,3=bS1;-2,4=bS2;-1,0=bA2;-1,3=bG2;0,-2=bG1;0,-1=wQ;0,0=bA1;0,1=bB2;1,-1=bA3
59	65	1.000000	terminal	G1|b|65|33|32|-7,4=wS2;-7,5=wS1;-6,3=wG2;-6,4=bQ;-6,5=wG3;-5,4=wA3;-4,0=wB2;-4,1=wB1;-4,4=bG3;-3,1=wA2;-3,3=bB1;-2,1=wA1;-2,2=wG1;-2,3=bS1;-2,4=bS2;-1,0=bA2;-1,3=bG2;0,-2=bG1;0,-1=wQ;0,0=bA1;0,1=bB2;1,-2=bA3
59	67	1.000000	terminal	G1|b|67|34|33|-7,4=wS2;-7,5=wS1;-6,3=wG2;-6,4=bQ;-6,5=wG3;-5,4=wA3;-5,5=wG1;-4,0=wB2;-4,1=wB1;-4,4=bG3;-3,1=wA2;-3,3=bB1;-2,1=wA1;-2,3=bS1;-1,0=bA2;-1,3=bG2;0,-2=bG1;0,-1=wQ;0,0=bA1;0,1=bB2;0,2=bS2;1,-2=bA3
59	69	1.000000	terminal	G1|b|69|35|34|-7,3=wS1;-7,4=wS2;-6,3=wG2;-6,4=bQ;-6,5=wG3;-5,4=wA3;-5,5=wG1;-4,0=wB2;-4,1=wB1;-4,4=bG3;-3,1=wA2;-3,3=bB1;-2,1=wA1;-2,3=bS1;-1,0=bA2;-1,3=bG2;0,-2=bG1;0,-1=wQ;0,0=bA1;0,1=bB2;0,2=bS2;1,-1=bA3
59	71	1.000000	terminal	G1|b|71|36|35|-7,3=wS1;-7,4=wS2;-6,3=wG2;-6,4=bQ;-6,5=wG3;-5,4=wA3;-5,5=wG1;-4,0=wB2;-4,1=wB1;-4,4=bG3;-3,1=wA2;-3,3=bB1;-2,1=wA1;-2,3=bS1;-1,-1=bA3;-1,0=bA2;-1,3=bG2;0,-2=bG1;0,0=bA1;0,1=bB2;0,2=bS2;1,-1=wQ
59	73	1.000000	terminal	G1|b|73|37|36|-7,3=wS1;-7,4=wS2;-7,5=wG1;-6,3=wG2;-6,4=bQ;-6,5=wG3;-5,4=wA3;-4,0=wB2;-4,1=wB1;-4,4=bG3;-3,1=wA2;-3,3=bB1;-2,0=bG1;-2,1=wA1;-2,3=bS1;-1,-1=bA3;-1,0=bA2;-1,3=bG2;0,0=bA1;0,1=bB2;0,2=bS2;1,-1=wQ
59	75	1.000000	terminal	G1|b|75|38|37|-7,3=wS1;-7,4=wS2;-7,5=wG1;-6,3=wG2;-6,4=bQ;-6,5=wG3;-5,3=wA1;-5,4=wA3;-4,0=wB2;-4,1=wB1;-4,4=bG3;-3,1=wA2;-3,3=bB1;-2,0=bG1;-2,3=bS1;-1,0=bA2;-1,3=bG2;0,0=bA1;0,1=bB2;0,2=bS2;1,-1=wQ;1,0=bA3
60	0	-1.000000	terminal	G1|w|0|0|0|
60	6	-1.000000	terminal	G1|w|6|3|3|-2,0=bS1;-1,-1=bB1;-1,0=bG1;0,0=wA1;1,-2=wS1;1,-1=wB1
60	8	-1.000000	terminal	G1|w|8|4|4|-3,0=bQ;-2,0=bS1;-1,-1=bB1;-1,0=bG1;0,0=wA1;0,1=wQ;1,-2=wS1;1,-1=wB1
60	10	-1.000000	terminal	G1|w|10|5|5|-3,0=bQ;-2,0=bS1;-1,0=bG1,bB1;0,0=wA1;0,1=wQ;1,-3=wG1;1,-2=wS1;1,-1=wB1
60	12	-1.000000	terminal	G1|w|12|6|6|-3,0=bQ;-2,0=bS1;-1,0=bG1;-1,1=bB1;0,0=wA1;0,1=wQ;1,-3=wG1;1,-2=wS1;1,-1=wB1;2,-1=wS2
60	14	-1.000000	terminal	G1|w|14|7|7|-3,0=bQ;-2,0=bS1;-1,-1=bA1;-1,0=bG1;-1,1=bB1;-1,2=wQ;0,0=wA1;1,-3=wG1;1,-2=wS1;1,-1=wB1;2,-1=wS2
60	16	-1.000000	terminal	G1|w|16|8|8|-3,0=bQ;-2,0=bS1;-2,2=bA1;-1,0=bG1;-1,1=bB1;-1,2=wQ;0,0=wA1;1,-3=wG1;1,-2=wS1;1,-1=wB1;2,-1=wS2;2,0=wA2
60	18	-1.000000	terminal	G1|w|18|9|9|-3,0=bQ;-2,0=bS1;-2,2=bA1;-2,3=wQ;-1,-1=bS2;-1,0=bG1;-1,1=bB1;0,0=wA1;1,-3=wG1;1,-2=wS1;1,-1=wB1;2,-1=wS2;2,0=wA2
60	20	-1.000000	terminal	G1|w|20|10|10|-4,1=wA2;-3,0=bQ;-2,0=bS1;-2,1=bG2;-2,2=bA1;-2,3=wQ;-1,-1=bS2;-1,0=bG1;-1,1=bB1;0,0=wA1;1,-3=wG1;1,-2=wS1;1,-1=wB1;2,-1=wS2
60	22	-1.000000	terminal	G1|w|22|11|11|-4,1=wA2;-3,0=bQ;-2,0=bS1;-2,2=bA1;-2,3=wQ;-2,4=bG2;-1,-1=bS2;-1,0=bG1;-1,1=bB1;0,0=wA1;1,-3=wG1;1,-2=wS1;1,-1=wB1;2,-1=wS2;2,0=wA3
60	24	-1.000000	terminal	G1|w|24|12|12|-4,1=wA2;-3,-1=wA3;-3,0=bQ;-3,5=bG3;-2,0=bS1;-2,2=bA1;-2,3=wQ;-2,4=bG2;-1,-1=bS2;-1,0=bG1;-1,1=bB1;0,0=wA1;1,-3=wG1;1,-2=wS1;1,-1=wB1;2,-1=wS2
60	26	-1.000000	terminal	G1|w|26|13|13|-4,1=wA2;-3,-1=wA3;-3,0=bQ;-3,5=bG3;-2,0=bS1;-2,1=bA2;-2,2=bA1;-2,3=wQ;-2,4=bG2;-1,-1=bS2;-1,0=bG1;-1,1=bB1;0,0=wA1;1,-4=wG2;1,-3=wG1;1,-2=wS1;1,-1=wB1;2,-1=wS2
60	28	-1.000000	terminal	G1|w|28|14|14|-4,1=wA2;-3,0=bQ;-3,3=bA2;-3,5=bG3;-2,0=bS1;-2,2=bA1;-2,3=wQ;-2,4=bG2;-1,-1=bS2;-1,0=bG1;-1,1=bB1;0,0=wA1;1,-4=wG2;1,-3=wG1;1,-2=wS1;1,-1=wB1;2,-4=wA3;2,-1=wS2
60	30	-1.000000	terminal	G1|w|30|15|15|-4,1=wA2;-3,-1=wA3;-3,0=bQ;-3,3=bA2;-2,0=bS1;-2,2=bA1;-2,3=wQ;-2,4=bG2;-1,-1=bS2;-1,0=bG1;-1,1=bB1;-1,3=bG3;0,0=wA1;1,-4=wG2;1,-3=wG1;1,-2=wS1;1,-1=wB1;2,-1=wS2
60	32	-1.000000	terminal	G1|w|32|16|16|-4,1=wA2;-3,-1=wA3;-3,0=bQ;-3,3=bA2;-2,0=bS1;-2,2=bA1;-2,3=wQ;-2,4=bG2;-1,-1=bS2;-1,0=bG1;-1,1=bB1;-1,3=bG3;0,-4=wG3;0,0=wA1;0,2=bB2;1,-4=wG2;1,-3=wG1;1,-2=wS1;1,-1=wB1;2,-1=wS2
60	34	-1.000000	terminal	G1|w|34|17|17|-4,1=wA2;-3,-1=wA3;-3,0=bQ;-3,3=bA2;-2,0=bS1;-2,2=bA1;-2,3=wQ;-2,4=bG2;-1,-4=wB2;-1,-1=bS2;-1,0=bG1;-1,1=bB1;-1,2=bB2;-1,3=bG3;0,-4=wG3;0,0=wA1;1,-4=wG2;1,-3=wG1;1,-2=wS1;1,-1=wB1;2,-1=wS2
60	36	-1.000000	terminal	G1|w|36|18|18|-3,-1=wA3;-3,0=bQ;-3,3=bA2;-2,0=bS1;-2,2=bA1;-2,3=wQ;-2,4=bG2;-1,-4=wB2;-1,-2=bA3;-1,-1=bS2;-1,0=bG1;-1,1=bB1;-1,2=bB2;-1,3=bG3;0,-4=wG3;0,0=wA1;0,1=wA2;1,-4=wG2;1,-3=wG1;1,-2=wS1;1,-1=wB1;2,-1=wS2
60	38	-1.000000	terminal	G1|w|38|19|19|-4,0=bA1;-3,-1=wA3;-3,0=bQ;-3,1=wA2;-3,3=bA2;-2,0=bS1;-2,3=wQ;-2,4=bG2;-1,-4=wB2;-1,-2=bA3;-1,-1=bS2;-1,0=bG1;-1,1=bB1;-1,2=bB2;-1,3=bG3;0,-4=wG3;0,0=wA1;1,-4=wG2;1,-3=wG1;1,-2=wS1;1,-1=wB1;2,-1=wS2
60	40	-1.000000	terminal	G1|w|40|20|20|-3,0=bQ;-3,1=wA2;-3,3=bA2;-2,-1=wA3;-2,0=bS1;-2,2=bA1;-2,3=wQ;-2,4=bG2;-1,-4=wB2;-1,-2=bA3;-1,-1=bS2;-1,0=bG1;-1,1=bB1;-1,2=bB2;-1,3=bG3;0,-4=wG3;0,0=wA1;1,-4=wG2;1,-3=wG1;1,-2=wS1;1,-1=wB1;2,-1=wS2
60	42	-1.000000	terminal	G1|w|42|21|21|-3,0=bQ;-3,1=wA2;-3,3=bA2;-3,4=bA3;-2,-1=wA3;-2,0=bS1;-2,2=bA1;-2,3=wQ;-2,4=bG2;-1,-4=wB2;-1,-1=bS2;-1,0=bG1;-1,1=bB1;-1,2=bB2;-1,3=bG3;0,-4=wG3;0,0=wA1;0,2=wS2;1,-4=wG2;1,-3=wG1;1,-2=wS1;1,-1=wB1
61	0	-1.000000	terminal	G1|w|0|0|0|
61	7	-1.000000	terminal	G1|b|7|4|3|-2,1=bG2;-2,2=bA1;-1,0=bG1;0,0=wS1;0,1=wS2;0,2=wA1;1,-1=wQ
61	9	-1.000000	terminal	G1|b|9|5|4|-3,2=bQ;-2,1=bG2;-2,2=bA1;-1,0=bG1;0,0=wS1;0,1=wS2;0,2=wA1;1,-1=wQ;1,2=wG1
61	11	-1.000000	terminal	G1|b|11|6|5|-3,2=bQ;-2,1=bG2;-1,0=bG1;0,0=wS1;0,1=wS2;0,2=wA1;1,-1=wQ;1,2=wG1;2,-2=bA1;2,1=wG2
61	13	-1.000000	terminal	G1|b|13|7|6|-3,2=bQ;-2,1=bG2;-1,0=bG1;0,0=wS1;0,1=wS2;0,2=wA1;0,3=wB1;1,-1=wQ;1,2=wG1;2,-3=bS1;2,-2=bA1;2,1=wG2
61	15	-1.000000	terminal	G1|b|15|8|7|-3,2=bQ;-2,1=bG2;-1,0=bG1;0,0=wS1;0,1=wS2;0,2=wA1;0,3=wB1;0,4=wB2;1,-1=wQ;1,2=wG1;2,-2=bA1;2,-1=bS1;2,1=wG2
61	17	-1.000000	terminal	G1|b|17|9|8|-3,2=bQ;-2,1=bG2;-1,0=bG1;0,0=wS1;0,1=wS2;0,2=wA1;0,3=wB1;0,4=wB2;1,-1=wQ;1,2=wG1;2,-2=bA1;2,-1=bS1;2,1=wG2;3,-2=bB1;3,1=wG3
61	19	-1.000000	terminal	G1|b|19|10|9|-3,1=bQ;-2,1=bG2;-1,0=bG1;0,0=wS1;0,1=wS2;0,2=wA1;0,3=wB1;0,4=wB2;1,-1=wQ;1,2=wG1;2,-2=bA1;2,-1=bS1;2,1=wG2;2,2=wA2;3,-2=bB1;3,1=wG3
61	21	-1.000000	terminal	G1|b|21|11|10|-3,0=wA2;-3,1=bQ;-2,1=bG2;-1,0=bG1;0,0=wS1;0,1=wS2;0,2=wA1;0,3=wB1;0,4=wB2;1,-1=wQ;1,2=wG1;2,-2=bA1;2,-1=bS1;2,1=wG2;3,-3=bA2;3,-2=bB1;3,1=wG3
61	23	-1.000000	terminal	G1|b|23|12|11|-4,1=wA2;-3,1=bQ;-2,1=bG2;-1,0=bG1;0,-1=bA2;0,0=wS1;0,1=wS2;0,2=wA1;0,3=wB1;0,4=wB2;1,-1=wQ;1,2=wG1;2,-2=bA1;2,-1=bS1;2,1=wG2;3,-2=bB1;3,1=wG3
61	25	-1.000000	terminal	G1|b|25|13|12|-3,1=bQ;-2,0=bA3;-2,1=bG2;-1,0=bG1;0,-1=bA2;0,0=wS1;0,1=wS2;0,2=wA1;0,3=wB1;0,4=wB2;1,-1=wQ;1,2=wG1;2,-3=wA2;2,-2=bA1;2,-1=bS1;2,1=wG2;3,-2=bB1;3,1=wG3
61	27	-1.000000	terminal	G1|b|27|14|13|-3,1=bQ;-2,1=bG2;-1,0=bG1;0,-1=bA2;0,0=wS1;0,1=wS2;0,2=wA1;0,3=wB1;0,4=wB2;1,-1=wQ;1,2=wG1;1,3=bA3;2,-2=bA1;2,-1=bS1;2,1=wG2;2,2=wA2;3,-2=bB1;3,1=wG3
61	29	-1.000000	terminal	G1|b|29|15|14|-4,2=wA2;-3,1=bQ;-2,1=bG2;-1,0=bG1;0,-1=bA2;0,0=wS1;0,1=wS2;0,2=wA1;0,3=wB1;0,4=wB2;1,-1=wQ;1,0=bA3;1,2=wG1;2,-2=bA1;2,-1=bS1;2,1=wG2;3,-2=bB1;3,1=wG3
61	31	-1.000000	terminal	G1|b|31|16|15|-4,2=wA2;-3,1=bQ;-2,1=bG2;-1,0=bG1;0,-1=bA2;0,0=wS1;0,1=wS2;0,2=wA1;0,3=wB1;0,4=wB2;1,-1=wQ;1,0=bA3;1,2=wG1;2,-2=bA1;2,-1=bS1;2,1=wG2;3,-2=bB1;3,0=wA3;3,1=wG3;4,-3=bB2
61	33	-1.000000	terminal	G1|b|33|17|16|-4,2=wA2;-3,1=bQ;-2,0=wA3;-2,1=bG2;-1,-1=bG3;-1,0=bG1;0,-1=bA2;0,0=wS1;0,1=wS2;0,2=wA1;0,3=wB1;0,4=wB2;1,-1=wQ;1,0=bA3;1,2=wG1;2,-2=bA1;2,-1=bS1;2,1=wG2;3,-2=bB1;3,1=wG3;4,-3=bB2
62	0	0.921669	adjudicated	G1|w|0|0|0|
62	6	0.921669	adjudicated	G1|w|6|3|3|-1,0=wG1;-1,1=wA1;0,0=wS1;1,-1=bA1;2,-2=bS1;3,-2=bA2
62	8	0.921669	adjudicated	G1|w|8|4|4|-1,0=wG1;-1,1=wA1;-1,2=wQ;0,0=wS1;1,-1=bA1;2,-2=bS1;2,-1=bQ;3,-2=bA2
62	10	0.921669	adjudicated	G1|w|10|5|5|-1,1=wA1;-1,2=wQ;0,0=wS1;1,-1=bA1;1,0=wG1;2,-2=bS1;3,-2=bA2;3,-1=bQ
62	12	0.921669	adjudicated	G1|w|12|6|6|-2,1=wG2;-1,1=wA1;-1,2=wQ;0,0=wS1;1,-1=bA1;1,0=wG1;2,-2=bS1;3,-2=bA2;3,-1=bQ;4,-3=bB1
62	14	0.921669	adjudicated	G1|w|14|7|7|-2,1=wG2;-1,0=wG3;-1,1=wA1;-1,2=wQ;0,0=wS1;1,-1=bA1;1,0=wG1;2,-2=bS1;3,-3=bG1;3,-2=bA2;3,-1=bQ;4,-3=bB1
62	16	0.921669	adjudicated	G1|w|16|8|8|-2,1=wG2;-1,1=wA1;-1,2=wQ;-1,3=bA1;0,0=wS1;1,0=wG1;2,-2=bS1;2,0=wG3;3,-3=bG1;3,-2=bA2;3,-1=bQ;4,-3=bB1
62	18	0.921669	adjudicated	G1|w|18|9|9|-3,2=wA2;-2,1=wG2;-1,1=wA1;-1,2=wQ;-1,3=bA1;0,0=wS1;1,0=wG1;2,-3=bB2;2,-2=bS1;2,0=wG3;3,-3=bG1;3,-2=bA2;3,-1=bQ;4,-3=bB1
62	20	0.921669	adjudicated	G1|w|20|10|10|-2,1=wG2;-2,4=bG2;-1,1=wA1;-1,2=wQ;-1,3=bA1;0,0=wS1;1,-2=wA2;1,0=wG1;2,-3=bB2;2,-2=bS1;2,0=wG3;3,-3=bG1;3,-2=bA2;3,-1=bQ;4,-3=bB1
62	22	0.921669	adjudicated	G1|w|22|11|11|-2,1=wG2;-1,1=wA1;-1,2=wQ;-1,3=bA1;0,0=wS1;0,2=bG2;1,0=wG1;2,-3=bB2;2,-2=bS1;2,0=wG3;3,-3=bG1;3,-2=bA2;3,-1=bQ;4,-3=bB1;4,-1=wA2
62	24	0.921669	adjudicated	G1|w|24|12|12|-2,1=wG2;-2,4=bA3;-1,0=wA3;-1,1=wA1;-1,2=wQ;-1,3=bA1;0,0=wS1;0,2=bG2;1,0=wG1;2,-3=bB2;2,-2=bS1;2,0=wG3;3,-3=bG1;3,-2=bA2;3,-1=bQ;4,-3=bB1;4,-1=wA2
62	26	0.921669	adjudicated	G1|w|26|13|13|-2,1=wG2;-2,4=bA3;-1,1=wA1;-1,2=wQ;-1,3=bA1;0,0=wS1;0,2=bG2;1,-2=bB2;1,0=wG1;2,-2=bS1;2,0=wG3;3,-3=bG1;3,-2=bA2;3,-1=bQ;3,0=wA3;4,-3=bB1;4,-1=wA2
62	28	0.921669	adjudicated	G1|w|28|14|14|-2,1=wG2;-1,0=wB1;-1,1=wA1;-1,2=wQ;-1,3=bA1;0,0=wS1;0,2=bG2;1,-2=bB2;1,0=wG1;2,-2=bS1;2,0=wG3;3,-3=bG1;3,-2=bA2;3,-1=bQ;3,0=wA3;4,-3=bB1;4,-1=wA2;5,-4=bA3
62	30	0.921669	adjudicated	G1|w|30|15|15|-2,1=wG2;-2,2=bA3;-1,1=wA1,wB1;-1,2=wQ;-1,3=bA1;0,0=wS1;0,2=bG2;1,-2=bB2;1,0=wG1;2,-2=bS1;2,0=wG3;3,-3=bG1;3,-2=bA2;3,-1=bQ;3,0=wA3;4,-3=bB1;4,-1=wA2
62	32	0.921669	adjudicated	G1|w|32|16|16|-2,0=wS2;-2,1=wG2;-2,2=bA3;-1,1=wA1,wB1;-1,2=wQ;-1,3=bA1;0,0=wS1;0,2=bG2;1,-2=bB2;1,0=wG1;2,-2=bS1;2,0=wG3;3,-4=bG3;3,-3=bG1;3,-2=bA2;3,-1=bQ;3,0=wA3;4,-3=bB1;4,-1=wA2
62	34	0.921669	adjudicated	G1|w|34|17|17|-2,0=wS2;-2,1=wG2;-2,2=bA3,wB1;-1,1=wA1;-1,2=wQ;-1,3=bA1;0,-2=bS2;0,0=wS1;0,2=bG2;1,-2=bB2;1,0=wG1;2,-2=bS1;2,0=wG3;3,-4=bG3;3,-3=bG1;3,-2=bA2;3,-1=bQ;3,0=wA3;4,-3=bB1;4,-1=wA2
62	36	0.921669	adjudicated	G1|w|36|18|18|-2,0=wS2;-2,1=wG2;-2,2=bA3,wB1;-1,1=wA1;-1,2=wQ;-1,3=bA1;0,-2=bS2;0,0=wS1;0,2=bG2;1,-2=bB2;1,0=wG1;2,-2=bS1;2,0=wG3;3,-3=bG1;3,-2=bA2;3,-1=bQ;3,0=wA3;3,1=wB2;3,2=bG3;4,-3=bB1;4,-1=wA2
62	38	0.921669	adjudicated	G1|w|38|19|19|-2,1=wG2;-2,2=bA3,wB1;-1,-1=wS2;-1,1=wA1;-1,2=wQ;-1,3=bA1;0,-2=bS2;0,0=wS1;0,2=bG2;1,-2=bB2;1,0=wG1;2,-2=bS1;2,0=wG3;3,-3=bG1;3,-2=bA2,bB1;3,-1=bQ;3,0=wA3;3,1=wB2;3,2=bG3;4,-1=wA2
62	40	0.921669	adjudicated	G1|w|40|20|20|-3,2=wB1;-2,1=wG2;-2,3=bA3;-1,-1=wS2;-1,1=wA1;-1,2=wQ;-1,3=bA1;0,-2=bS2;0,0=wS1;0,2=bG2;1,-2=bB2;1,0=wG1;2,-2=bS1;2,0=wG3;3,-3=bG1;3,-2=bA2,bB1;3,-1=bQ;3,0=wA3;3,1=wB2;3,2=bG3;4,-1=wA2
62	42	0.921669	adjudicated	G1|w|42|21|21|-3,2=wB1;-2,1=wG2;-2,2=bA3;-1,-1=wS2;-1,1=wA1;-1,2=wQ;-1,3=bA1;0,-2=bS2;0,0=wS1;0,2=bG2;1,-2=bB2;1,0=wG1;2,-2=bS1;2,0=wG3;3,-3=bG1;3,-2=bA2,bB1;3,-1=bQ;3,0=wA3;3,1=wB2;3,2=bG3;4,-2=wA2
62	44	0.921669	adjudicated	G1|w|44|22|22|-3,2=wB1;-2,1=wG2;-1,1=wA1;-1,2=wQ;-1,3=bA1;0,-2=bS2;0,0=wS1;0,2=bG2;1,-3=wS2;1,-2=bB2;1,0=wG1;2,-2=bS1;2,0=wG3;2,3=bA3;3,-3=bG1;3,-2=bA2,bB1;3,-1=bQ;3,0=wA3;3,1=wB2;3,2=bG3;4,-2=wA2
62	46	0.921669	adjudicated	G1|w|46|23|23|-3,2=wB1;-2,1=wG2;-2,3=bA3;-1,1=wA1;-1,2=wQ;-1,3=bA1;0,-2=bS2;0,0=wS1;0,2=bG2;1,-3=wS2;1,-2=bB2;1,0=wG1;2,-2=bS1;2,0=wG3;3,-3=bG1;3,-2=bA2,bB1;3,-1=bQ;3,0=wA3;3,1=wB2;3,2=bG3;4,-1=wA2
62	48	0.921669	adjudicated	G1|w|48|24|24|-3,1=wB1;-2,1=wG2;-1,1=wA1;-1,2=wQ;-1,3=bA1;0,-2=bS2;0,0=wS1;0,2=bG2;1,-3=wS2;1,-2=bB2;1,0=wG1;1,2=bA3;2,-2=bS1;2,0=wG3;3,-3=bG1;3,-2=bA2,bB1;3,-1=bQ;3,0=wA3;3,1=wB2;3,2=bG3;4,-1=wA2
62	50	0.921669	adjudicated	G1|w|50|25|25|-3,2=wB1;-2,1=wG2;-2,3=bA3;-1,1=wA1;-1,2=wQ;-1,3=bA1;0,-2=bS2;0,0=wS1;0,2=bG2;1,-3=wS2;1,-2=bB2;1,0=wG1;2,-2=bS1;2,0=wG3;3,-3=bG1;3,-2=bA2,bB1;3,-1=bQ;3,0=wA3;3,1=wB2;3,2=bG3;4,-1=wA2
62	52	0.921669	adjudicated	G1|w|52|26|26|-3,2=wB1;-2,1=wG2;-2,2=bG2;-2,3=bA3;-1,1=wA1;-1,2=wQ;-1,3=bA1;0,-2=bS2;0,0=wS1;1,-2=bB2;1,0=wG1;2,-2=bS1;2,0=wG3;3,-3=bG1;3,-2=bA2,bB1;3,-1=bQ;3,0=wA3;3,1=wB2;3,2=bG3;4,-4=wS2;4,-1=wA2
62	54	0.921669	adjudicated	G1|w|54|27|27|-3,2=wB1;-2,0=bS2;-2,1=wG2;-2,2=bG2;-2,3=bA3;-1,1=wA1;-1,3=bA1;0,0=wS1;0,2=wQ;1,-2=bB2;1,0=wG1;2,-2=bS1;2,0=wG3;3,-3=bG1;3,-2=bA2,bB1;3,-1=bQ;3,0=wA3;3,1=wB2;3,2=bG3;4,-4=wS2;4,-1=wA2
62	56	0.921669	adjudicated	G1|w|56|28|28|-3,2=wB1;-2,0=bS2;-2,1=wG2;-2,2=bG2;-2,3=bA3;-1,1=wA1;-1,3=bA1;0,0=wS1;0,2=wQ;1,-2=bB2;1,0=wG1;2,-2=bS1;2,0=wG3;3,-3=bG1;3,-2=bA2;3,-1=bQ,bB1;3,0=wA3;3,1=wB2;3,2=bG3;4,-1=wA2;5,-2=wS2
62	58	0.921669	adjudicated	G1|w|58|29|29|-4,3=bS2;-3,2=wB1;-2,1=wG2;-2,2=bG2;-2,3=bA3;-1,1=wA1;-1,3=bA1;0,0=wS1;0,2=wQ;1,-2=bB2;1,0=wG1;2,-2=bS1;2,0=wG3;3,-3=bG1;3,-2=bA2;3,-1=bQ,bB1;3,0=wA3;3,1=wB2;3,2=bG3;4,-4=wS2;4,-1=wA2
62	60	0.921669	adjudicated	G1|w|60|30|30|-4,3=bS2;-3,2=wB1;-2,1=wG2;-2,2=bG2;-2,3=bA3;-1,1=wA1;-1,3=bA1;0,0=wS1;0,2=wQ;1,-2=bB2;1,0=wG1;2,-2=bS1;2,0=wG3;3,-3=bG1;3,-2=bA2,bB1;3,-1=bQ;3,0=wA3;3,1=wB2;3,2=bG3;4,-4=wS2;4,-2=wA2
62	62	0.921669	adjudicated	G1|w|62|31|31|-4,3=bS2;-3,2=wB1;-2,1=wG2;-2,2=bG2;-2,3=bA3;-1,1=wA1;-1,3=bA1;0,0=wS1;0,3=wQ;1,-2=bB2;1,0=wG1;2,-2=bS1,bB1;2,0=wG3;3,-3=bG1;3,-2=bA2;3,-1=bQ;3,0=wA3;3,1=wB2;3,2=bG3;4,-4=wS2;4,-2=wA2
62	64	0.921669	adjudicated	G1|w|64|32|32|-4,3=bS2;-3,2=wB1;-2,1=wG2;-2,2=bG2;-2,3=bA3;-1,1=wA1;-1,3=bA1;0,0=wS1;0,3=wQ;1,0=wG1;2,-2=bS1,bB1,bB2;2,0=wG3;3,-3=bG1;3,-2=bA2;3,-1=bQ;3,0=wA3;3,1=wB2;3,2=bG3;4,-2=wA2;5,-2=wS2
62	66	0.921669	adjudicated	G1|w|66|33|33|-5,4=wG2;-4,3=bS2;-3,2=wB1;-2,2=bG2;-2,3=bA3;-1,1=wA1;-1,3=bA1;0,0=wS1;0,3=wQ;1,-1=bG1;1,0=wG1;2,-2=bS1,bB1,bB2;2,0=wG3;3,-2=bA2;3,-1=bQ;3,0=wA3;3,1=wB2;3,2=bG3;4,-2=wA2;5,-2=wS2
62	68	0.921669	adjudicated	G1|w|68|34|34|-5,4=wG2;-4,3=bS2;-3,2=wB1;-2,2=bG2;-2,3=bA3;-1,1=wA1;-1,3=bA1;0,0=wS1;0,3=wQ;1,-1=bG1;2,-2=bS1,bB1;2,0=wG3;3,-2=bA2,bB2;3,-1=bQ;3,0=wA3;3,1=wB2;3,2=bG3;4,-2=wA2;4,0=wG1;5,-2=wS2
62	70	0.921669	adjudicated	G1|w|70|35|35|-3,2=wB1;-2,0=bS2;-2,1=wG2;-2,2=bG2;-2,3=bA3;-1,1=wA1;-1,3=bA1;0,0=wS1;0,3=wQ;1,-1=bG1;2,-2=bS1,bB1;2,0=wG3;3,-2=bA2,bB2;3,-1=bQ;3,0=wA3;3,1=wB2;3,2=bG3;4,-2=wA2;4,0=wG1;5,-2=wS2
62	72	0.921669	adjudicated	G1|w|72|36|36|-2,1=wG2;-2,2=bG2,wB1;-2,3=bA3;-1,1=wA1;-1,3=bA1;0,0=wS1;0,3=wQ;1,-2=bS2;1,-1=bG1;2,-2=bS1,bB1;2,0=wG3;3,-2=bA2,bB2;3,-1=bQ;3,0=wA3;3,1=wB2;3,2=bG3;4,-2=wA2;4,0=wG1;5,-2=wS2
62	74	0.921669	adjudicated	G1|w|74|37|37|-2,1=wG2;-2,2=bG2,wB1;-2,3=bA3;-1,1=wA1;-1,3=bA1;0,0=wS1;0,3=wQ;1,-2=bS2;1,0=wG1;1,1=bG1;2,-2=bS1,bB1;2,0=wG3;3,-2=bA2,bB2;3,-1=bQ;3,0=wA3;3,1=wB2;3,2=bG3;4,-2=wA2;5,-2=wS2
62	76	0.921669	adjudicated	G1|w|76|38|38|-2,1=wG2;-2,2=bG2,wB1;-2,3=bA3;-1,1=wA1;-1,3=bA1;0,0=wS1;0,3=wQ;1,-2=bS2,bB1;1,0=wG1;1,1=bG1;2,-2=bS1;2,0=wG3;3,-3=wS2;3,-2=bA2,bB2;3,-1=bQ;3,0=wA3;3,1=wB2;3,2=bG3;4,-2=wA2
62	78	0.921669	adjudicated	G1|w|78|39|39|-2,1=wG2;-2,2=bG2,wB1;-2,3=bA3;-1,1=wA1;-1,3=bA1;0,-2=wS2;0,0=wS1;0,3=wQ;1,-2=bS2,bB1;1,0=wG1;1,1=bG1;2,-2=bS1,bB2;2,0=wG3;3,-2=bA2;3,-1=bQ;3,0=wA3;3,1=wB2;3,2=bG3;4,-2=wA2
62	80	0.921669	adjudicated	G1|w|80|40|40|-3,3=wB1;-2,1=wG2;-2,2=bG2;-2,3=bA3;-1,1=wA1;-1,3=bA1;0,-2=wS2,bB1;0,0=wS1;0,3=wQ;1,-2=bS2;1,0=wG1;1,1=bG1;2,-2=bS1,bB2;2,0=wG3;3,-2=bA2;3,-1=bQ;3,0=wA3;3,1=wB2;3,2=bG3;4,-2=wA2
62	82	0.921669	adjudicated	G1|w|82|41|41|-3,4=wB1;-2,1=wG2;-2,2=bG2;-2,3=bA3;-1,-1=bB1;-1,1=wA1;-1,3=bA1;0,-2=wS2;0,0=wS1;0,3=wQ;1,-2=bS2;1,0=wG1;1,1=bG1;2,-2=bS1,bB2;2,0=wG3;3,-2=bA2;3,-1=bQ;3,0=wA3;3,1=wB2;3,2=bG3;4,-2=wA2
62	84	0.921669	adjudicated	G1|w|84|42|42|-3,4=wB1;-2,1=wG2;-2,2=bG2;-2,3=bA3;-1,1=wA1;-1,3=bA1;-1,4=wQ;0,-2=wS2;0,-1=bB1;0,0=wS1;1,-2=bS2;1,0=wG1;1,1=bG1;2,-2=bS1,bB2;2,0=wG3;3,-2=bA2;3,-1=bQ;3,0=wA3;3,1=wB2;3,2=bG3;4,-2=wA2
62	86	0.921669	adjudicated	G1|w|86|43|43|-3,4=wB1;-2,2=bG2;-2,3=bA3;-1,1=wA1;-1,3=bA1;-1,4=wQ;0,-2=wS2;0,-1=bB1;0,0=wS1;0,1=wG2;0,3=bA2;1,-2=bS2;1,0=wG1;1,1=bG1;2,-2=bS1,bB2;2,0=wG3;3,-1=bQ;3,0=wA3;3,1=wB2;3,2=bG3;4,-2=wA2
62	88	0.921669	adjudicated	G1|w|88|44|44|-3,4=wB1;-2,2=bG2;-2,3=bA3;-1,1=wA1;-1,3=bA1;-1,4=wQ;0,-2=wS2;0,-1=bB1;0,0=wS1;1,-2=bS2;1,0=wG1;1,1=bG1;2,-2=bS1,bB2;2,-1=wG2;2,0=wG3;3,-1=bQ;3,0=wA3;3,1=wB2;3,2=bG3;4,-2=wA2;4,2=bA2
62	90	0.921669	adjudicated	G1|w|90|45|45|-3,4=wB1;-2,2=bG2;-2,3=bA3;-1,1=wA1;-1,3=bA1;-1,4=wQ;-1,5=bA2;0,-2=wS2;0,-1=bB1;0,0=wS1;1,-2=bS2;1,1=bG1;2,-2=bS1,bB2;2,-1=wG2;2,0=wG3;3,-2=wG1;3,-1=bQ;3,0=wA3;3,1=wB2;3,2=bG3;4,-2=wA2
62	92	0.921669	adjudicated	G1|w|92|46|46|-3,4=wB1;-2,2=bG2;-2,3=bA3;-1,1=wA1;-1,3=bA1;-1,4=wQ;-1,5=bA2;0,-2=wS2;0,-1=bB1;0,0=wS1;1,-2=bS2;1,1=bG1;2,-2=bS1;2,0=wG3;3,-2=wG1,bB2;3,-1=bQ;3,0=wA3;3,1=wB2;3,2=bG3;4,-2=wA2;4,-1=wG2
62	94	0.921669	adjudicated	G1|w|94|47|47|-3,4=wB1;-2,1=wS2;-2,2=bG2;-2,3=bA3;-1,1=wA1;-1,3=bA1;-1,4=wQ;0,-1=bB1;0,0=wS1;0,3=bA2;1,-2=bS2;1,1=bG1;2,-2=bS1;2,0=wG3;3,-2=wG1,bB2;3,-1=bQ;3,0=wA3;3,1=wB2;3,2=bG3;4,-2=wA2;4,-1=wG2
62	96	0.921669	adjudicated	G1|w|96|48|48|-3,4=wB1;-2,1=wS2;-2,2=bG2;-2,3=bA3;-1,1=wA1;-1,3=bA1;0,-1=bB1;0,0=wS1;0,3=bA2;0,4=wQ;1,-2=bS2;2,-2=bS1;2,0=wG3;3,-2=wG1,bB2;3,-1=bQ;3,0=wA3;3,1=wB2;3,2=bG3;4,-2=wA2;4,-1=wG2;5,-3=bG1
63	0	-1.000000	terminal	G1|w|0|0|0|
63	7	-1.000000	terminal	G1|b|7|4|3|-3,1=bS1;-2,1=bG1;-1,1=bB1;0,-1=wB2;0,0=wS1;1,0=wB1;2,-1=wQ
63	9	-1.000000	terminal	G1|b|9|5|4|-4,2=bQ;-3,1=bS1;-2,1=bG1;-1,1=bB1;0,-1=wB2;0,0=wS1;1,-2=wG1;1,0=wB1;2,-1=wQ
63	11	-1.000000	terminal	G1|b|11|6|5|-4,2=bQ;-3,1=bS1;-2,1=bG1;-2,2=bG2;-1,-1=wS2;-1,1=bB1;0,-1=wB2;0,0=wS1;1,-2=wG1;1,0=wB1;2,-1=wQ
63	13	-1.000000	terminal	G1|b|13|7|6|-4,2=bQ;-3,1=bS1;-2,1=bG1;-1,-1=wS2;-1,1=bB1;0,-1=wB2;0,0=wS1;1,-2=wG1;1,-1=bG2;1,0=wB1;2,0=wQ
63	15	-1.000000	terminal	G1|b|15|8|7|-4,2=bQ;-3,1=bS1;-2,1=bG1;-1,-1=wS2;-1,1=bB1;0,-1=wB2;0,0=wS1;1,-2=wG1;1,0=wB1;1,1=bG2;2,-1=wQ
63	17	-1.000000	terminal	G1|b|17|9|8|-4,2=bQ;-3,1=bS1;-2,1=bG1;-1,-1=wS2;-1,1=bB1;0,-1=wB2;0,0=wS1;1,-2=wG1;1,0=wB1;1,1=bG2;1,2=bB2;2,-3=wA1;2,-1=wQ
63	19	-1.000000	terminal	G1|b|19|10|9|-4,2=bQ;-4,3=wA1;-3,0=bG3;-3,1=bS1;-2,1=bG1;-1,-1=wS2;-1,1=bB1;0,-1=wB2;0,0=wS1;1,-2=wG1;1,0=wB1;1,1=bG2;1,2=bB2;2,-1=wQ
63	21	-1.000000	terminal	G1|b|21|11|10|-4,2=bQ;-4,3=wA1;-3,0=bG3;-3,1=bS1;-2,1=bG1;-1,-1=wS2;-1,1=bB1;0,-2=wA2;0,-1=wB2;0,0=wS1;0,3=bA1;1,-2=wG1;1,0=wB1;1,1=bG2;1,2=bB2;2,-1=wQ
63	23	-1.000000	terminal	G1|b|23|12|11|-5,3=wA2;-4,2=bQ;-4,3=wA1;-3,0=bG3;-3,1=bS1;-2,1=bG1;-1,-1=wS2;-1,1=bB1;0,-1=wB2;0,0=wS1;1,-2=wG1;1,0=wB1;1,1=bG2;1,2=bB2;2,-1=wQ;3,-2=bA1
63	25	-1.000000	terminal	G1|b|25|13|12|-4,2=bQ;-4,3=wA1;-3,0=bG3;-3,1=bS1;-2,1=bG1;-1,-1=wS2;-1,1=bB1;0,-1=wB2;0,0=wS1;0,2=wA2;1,-2=wG1;1,0=wB1;1,1=bG2,bB2;2,-1=wQ;3,-2=bA1
63	27	-1.000000	terminal	G1|b|27|14|13|-5,3=wA2;-4,2=bQ;-4,3=wA1;-3,0=bG3;-3,1=bS1;-2,1=bG1;-1,-1=wS2;-1,1=bB1;0,-1=wB2;0,0=wS1;1,-2=wG1;1,0=wB1;1,1=bG2;2,-1=wQ;2,0=bB2;3,-2=bA1
63	29	-1.000000	terminal	G1|b|29|15|14|-5,3=wA2;-4,2=bQ;-4,3=wA1;-3,0=bG3;-3,1=bS1;-2,1=bG1;-1,-1=wS2;-1,1=bB1;0,-1=wB2;0,0=wS1;1,-2=wG1;1,0=wB1;2,-2=wQ;2,0=bB2;3,-2=bA1;3,-1=bG2
63	31	-1.000000	terminal	G1|b|31|16|15|-5,3=wA2;-4,2=bQ;-3,0=bG3;-3,1=bS1;-2,1=bG1;-1,-1=wS2;-1,1=bB1;0,-1=wB2;0,0=wS1;1,-3=wA1;1,-2=wG1;1,0=wB1;2,-2=wQ;2,0=bB2;3,-3=bG2;3,-2=bA1
63	33	-1.000000	terminal	G1|b|33|17|16|-5,3=wA2;-4,2=bQ;-3,0=bG3;-3,1=bS1;-3,2=wA1;-2,1=bG1;-1,-1=wS2;-1,1=bB1;0,-1=wB2;0,0=wS1;1,-2=wG1;1,0=wB1;2,-2=wQ;2,-1=bB2;3,-3=bG2;3,-2=bA1
63	35	-1.000000	terminal	G1|b|35|18|17|-5,3=wA2;-4,2=bQ;-3,0=bG3;-3,1=bS1;-3,2=wA1;-2,1=bG1;-1,-1=wS2;-1,0=wG1;-1,1=bB1;-1,2=bA2;0,-1=wB2;0,0=wS1;1,0=wB1;2,-2=wQ;2,-1=bB2;3,-3=bG2;3,-2=bA1
63	37	-1.000000	terminal	G1|b|37|19|18|-4,2=bQ;-3,0=bG3;-3,1=bS1;-3,2=wA1;-2,1=bG1;-1,-1=wS2;-1,0=wG1;-1,1=bB1;0,-1=wB2;0,0=wS1;1,0=wB1;2,-3=bA2;2,-2=wQ;2,-1=bB2;3,-4=wA2;3,-3=bG2;3,-2=bA1
63	39	-1.000000	terminal	G1|b|39|20|19|-4,3=bQ;-3,0=bG3;-3,1=bS1;-3,2=wA1;-2,1=bG1;-1,-1=wS2;-1,0=wG1;-1,1=bB1;0,-1=wB2;0,0=wS1;1,-2=wQ;1,0=wB1;2,-3=bA2;2,-1=bB2;3,-4=wA2;3,-3=bG2;3,-2=bA1
63	41	-1.000000	terminal	G1|b|41|21|20|-4,3=bQ;-3,0=bG3;-3,1=bS1;-3,2=wA1;-2,1=bG1;-1,-1=wS2;-1,0=wG1,wB2;-1,1=bB1;0,0=wS1;1,-2=wQ;1,-1=bB2;1,0=wB1;2,-3=bA2;3,-4=wA2;3,-3=bG2;3,-2=bA1
63	43	-1.000000	terminal	G1|b|43|22|21|-4,3=bQ;-3,0=bG3;-3,1=bS1;-3,2=wA1;-2,1=bG1;-1,-1=wS2;-1,0=wG1,wB2;-1,1=bB1;0,0=wS1;1,-3=wQ;1,-1=bB2;1,0=wB1;2,-3=bA2;2,-2=bA1;3,-4=wA2;3,-3=bG2
63	45	-1.000000	terminal	G1|b|45|23|22|-5,4=wA2;-4,3=bQ;-3,0=bG3;-3,1=bS1;-3,2=wA1;-2,1=bG1;-1,-1=wS2;-1,0=wG1,wB2;-1,1=bB1;0,-3=bG2;0,0=wS1;1,-3=wQ;1,-1=bB2;1,0=wB1;2,-3=bA2;2,-2=bA1
63	47	-1.000000	terminal	G1|b|47|24|23|-4,3=bQ;-3,0=bG3;-3,1=bS1;-3,2=wA1;-2,1=bG1;-1,-1=wS2;-1,0=wG1,wB2;-1,1=bB1;-1,2=bS2;-1,3=wA2;0,-3=bG2;0,0=wS1;1,-3=wQ;1,-1=bB2;1,0=wB1;2,-3=bA2;2,-2=bA1
63	49	-1.000000	terminal	G1|b|49|25|24|-5,4=wA2;-4,1=bA3;-4,3=bQ;-3,0=bG3;-3,1=bS1;-3,2=wA1;-2,1=bG1;-1,-1=wS2;-1,0=wG1,wB2;-1,1=bB1;-1,2=bS2;0,-3=bG2;0,0=wS1;1,-3=wQ;1,-1=bB2;1,0=wB1;2,-3=bA2;2,-2=bA1
63	51	-1.000000	terminal	G1|b|51|26|25|-5,4=wA2;-4,3=bQ;-3,0=bG3;-3,1=bS1;-3,2=wA1;-2,1=bG1;-1,-1=wS2;-1,0=wG1,wB2;-1,1=bB1;-1,2=bS2;0,-3=bG2;0,0=wS1;0,1=wB1;1,-4=bA3;1,-3=wQ;1,-1=bB2;2,-3=bA2;2,-2=bA1
63	53	-1.000000	terminal	G1|b|53|27|26|-5,4=wA2;-4,3=bQ;-3,0=bG3;-3,1=bS1;-3,2=wA1;-2,1=bG1;-1,-1=wS2;-1,0=wG1,wB2;-1,1=bB1,wB1;-1,2=bS2;0,-3=bG2;0,0=wS1;1,-3=wQ;1,-1=bB2;2,-3=bA2;2,-2=bA1;3,-4=bA3
63	55	-1.000000	terminal	G1|b|55|28|27|-6,5=wA3;-5,4=wA2;-4,3=bQ;-3,0=bG3;-3,1=bS1;-3,2=wA1;-2,1=bG1;-1,-1=wS2;-1,0=wG1,wB2;-1,1=bB1,wB1;-1,2=bS2;0,-3=bG2;0,0=wS1;1,-4=bA3;1,-3=wQ;1,-1=bB2;2,-3=bA2;2,-2=bA1
63	57	-1.000000	terminal	G1|b|57|29|28|-6,5=wA3;-6,6=wG2;-5,4=wA2;-4,3=bQ;-3,0=bG3;-3,1=bS1;-3,2=wA1;-2,1=bG1;-1,-1=wS2;-1,0=wG1,wB2;-1,1=bB1,wB1;0,-3=bG2;0,0=wS1;1,-4=bA3;1,-3=wQ;1,-1=bB2;2,-3=bA2;2,-2=bA1;2,-1=bS2
63	59	-1.000000	terminal	G1|b|59|30|29|-6,5=wA3;-6,6=wG2;-5,4=wA2;-4,3=bQ;-3,0=bG3;-3,1=bS1;-3,2=wA1;-2,1=bG1;-2,2=wB1;-1,-1=wS2;-1,0=wG1,wB2;-1,1=bB1;0,-3=bG2;0,0=wS1;1,-4=bA3;1,-3=wQ;1,-1=bB2;2,-3=bA2;2,-2=bA1;3,-4=bS2
63	61	-1.000000	terminal	G1|b|61|31|30|-6,5=wA3;-6,6=wG2;-5,4=wA2;-4,3=bQ;-3,0=bG3;-3,1=bS1;-3,2=wA1;-3,3=wB1;-2,1=bG1;-1,-1=wS2;-1,0=wG1,wB2;0,-3=bG2;0,0=wS1;0,1=bB1;1,-4=bA3;1,-3=wQ;1,-1=bB2;2,-3=bA2;2,-2=bA1;3,-4=bS2
63	63	-1.000000	terminal	G1|b|63|32|31|-6,5=wA3;-6,6=wG2;-5,4=wA2;-4,3=bQ;-3,0=bG3;-3,1=bS1;-3,2=wA1;-3,3=wB1;-2,1=bG1,wB2;-1,-1=wS2;-1,0=wG1;0,-3=bG2;0,0=wS1;0,1=bB1;1,-3=wQ;1,-1=bB2;2,-4=bA3;2,-3=bA2;2,-2=bA1;3,-4=bS2
63	65	-1.000000	terminal	G1|b|65|33|32|-6,5=wA3;-6,6=wG2;-5,4=wA2;-4,3=bQ;-3,0=bG3;-3,1=bS1;-3,2=wA1;-3,3=wB1;-2,1=bG1,wB2;-1,-1=wS2;-1,0=wG1;0,-3=bG2;0,-2=wQ;0,0=wS1;0,1=bB1;1,-4=bS2;1,-1=bB2;2,-4=bA3;2,-3=bA2;2,-2=bA1
63	67	-1.000000	terminal	G1|b|67|34|33|-6,5=wA3;-6,6=wG2;-5,4=wA2;-5,5=wG3;-4,3=bQ;-3,0=bG3;-3,1=bS1;-3,2=wA1;-3,3=wB1;-2,1=bG1,wB2;-1,-2=bA3;-1,-1=wS2;-1,0=wG1;0,-3=bG2;0,-2=wQ;0,0=wS1;0,1=bB1;1,-4=bS2;1,-1=bB2;2,-3=bA2;2,-2=bA1
63	69	-1.000000	terminal	G1|b|69|35|34|-6,6=wG2;-5,4=wA2;-5,5=wG3;-4,3=bQ;-4,4=wA3;-3,0=bG3;-3,1=bS1;-3,2=wA1;-3,3=wB1;-2,1=bG1,wB2;-1,-2=bA3;-1,-1=wS2;-1,0=wG1;0,-3=bG2;0,-2=wQ;0,0=wS1;0,1=bB1;1,-4=bS2;1,-3=bA2;1,-1=bB2;2,-2=bA1
63	71	-1.000000	terminal	G1|b|71|36|35|-6,6=wG2;-5,3=bQ;-5,4=wA2;-5,5=wG3;-4,4=wA3;-3,0=bG3;-3,1=bS1;-3,2=wA1;-3,3=wB1;-2,1=bG1,wB2;-1,-2=bA3;-1,-1=wS2;-1,0=wG1;0,-3=bG2;0,0=wS1;0,1=bB1;1,-4=bS2;1,-3=bA2;1,-2=wQ;1,-1=bB2;2,-2=bA1
63	73	-1.000000	terminal	G1|b|73|37|36|-6,6=wG2;-5,3=bQ;-5,4=wA2;-5,5=wG3;-4,4=wA3;-3,0=bG3;-3,1=bS1;-3,2=wA1;-3,3=wB1;-2,1=bG1,wB2;-1,-2=bA3;-1,-1=wS2;-1,0=wG1;0,-2=wQ;0,0=wS1;0,1=bB1;1,-4=bS2;1,-3=bA2;1,-1=bB2;2,-3=bG2;2,-2=bA1
63	75	-1.000000	terminal	G1|b|75|38|37|-6,4=bQ;-6,6=wG2;-5,4=wA2;-5,5=wG3;-4,4=wA3;-3,0=bG3;-3,1=bS1;-3,2=wA1;-3,3=wB1;-2,-2=wS2;-2,1=bG1,wB2;-1,-2=bA3;-1,0=wG1;0,-2=wQ;0,0=wS1;0,1=bB1;1,-4=bS2;1,-3=bA2;1,-1=bB2;2,-3=bG2;2,-2=bA1
63	77	-1.000000	terminal	G1|b|77|39|38|-6,4=bQ;-6,6=wG2;-5,4=wA2;-5,5=wG3;-4,4=wA3;-3,0=bG3;-3,1=bS1;-3,2=wA1;-3,3=wB1;-2,-2=wS2;-2,0=wB2;-2,1=bG1;-1,-2=bA3;-1,0=wG1;0,-2=wQ;0,0=wS1,bB1;1,-4=bS2;1,-3=bA2;1,-1=bB2;2,-3=bG2;2,-2=bA1
63	79	-1.000000	terminal	G1|b|79|40|39|-6,4=bQ;-6,6=wG2;-5,4=wA2;-5,5=wG3;-4,0=wS2;-4,4=wA3;-3,0=bG3;-3,1=bS1;-3,2=wA1;-3,3=wB1;-2,0=wB2;-1,-2=bA3;-1,0=wG1;0,-2=wQ;0,-1=bG1;0,0=wS1,bB1;1,-4=bS2;1,-3=bA2;1,-1=bB2;2,-3=bG2;2,-2=bA1
63	81	-1.000000	terminal	G1|b|81|41|40|-6,4=bQ;-6,6=wG2;-5,4=wA2;-5,5=wG3;-4,3=wS2;-4,4=wA3;-3,0=bG3;-3,1=bS1;-3,2=wA1;-3,3=wB1;-2,0=wB2;-1,-2=bA3;-1,0=wG1;0,-3=bG2;0,-2=wQ;0,-1=bG1;0,0=wS1,bB1;1,-4=bS2;1,-3=bA2;1,-1=bB2;2,-2=bA1
63	83	-1.000000	terminal	G1|b|83|42|41|-6,4=bQ;-6,6=wG2;-5,3=wA3;-5,4=wA2;-5,5=wG3;-4,3=wS2;-3,0=bG3;-3,1=bS1;-3,2=wA1;-3,3=wB1;-2,0=wB2;-1,-2=bA3;-1,0=wG1;0,-3=bG2;0,-2=wQ;0,-1=bG1;0,0=wS1,bB1;1,-4=bS2;1,-3=bA2;1,-2=bA1;1,-1=bB2
63	85	-1.000000	terminal	G1|b|85|43|42|-6,3=bQ;-6,6=wG2;-5,3=wA3;-5,4=wA2;-5,5=wG3;-4,3=wS2,wB1;-3,0=bG3;-3,1=bS1;-3,2=wA1;-2,0=wB2;-1,-2=bA3;-1,0=wG1;0,-3=bG2;0,-2=wQ;0,-1=bG1;0,0=wS1,bB1;1,-4=bS2;1,-3=bA2;1,-2=bA1;1,-1=bB2
63	87	-1.000000	terminal	G1|b|87|44|43|-6,3=bQ;-6,6=wG2;-5,3=wA3;-5,4=wA2;-5,5=wG3;-4,3=wS2;-3,0=bG3;-3,1=bS1;-3,2=wA1;-3,3=wB1;-2,0=wB2;-1,-2=bA3;-1,0=wG1,bB1;0,-3=bG2;0,-2=wQ;0,-1=bG1;0,0=wS1;1,-4=bS2;1,-3=bA2;1,-2=bA1;1,-1=bB2
64	0	0.000000	adjudicated	G1|w|0|0|0|
64	6	0.000000	adjudicated	G1|w|6|3|3|-1,0=wB1;0,-1=wA1;0,0=wS1;1,0=bA1;2,0=bG1;3,0=bB1
64	8	0.000000	adjudicated	G1|w|8|4|4|-1,0=wB1;0,-1=wA1;0,0=wS1;1,-2=wQ;1,0=bA1;2,0=bG1;3,0=bB1;4,-1=bQ
64	10	0.000000	adjudicated	G1|w|10|5|5|0,-1=wA1;0,0=wS1,wB1;1,-2=wQ;1,0=bA1;1,1=bS1;2,0=bG1;3,0=bB1;4,-1=bQ
64	12	0.000000	adjudicated	G1|w|12|6|6|-1,0=wB1;0,-1=wA1;0,0=wS1;0,2=bG2;1,-2=wQ;1,0=bA1;1,1=bS1;2,0=bG1;3,0=bB1;4,-1=bQ
64	14	0.000000	adjudicated	G1|w|14|7|7|-2,0=wA2;-1,0=wB1;0,-1=wA1;0,0=wS1;0,2=bG2;1,-2=wQ;1,0=bA1;1,1=bS1;1,2=bS2;2,0=bG1;3,0=bB1;4,-1=bQ
64	16	0.000000	adjudicated	G1|w|16|8|8|-1,0=wB1;0,-1=wA1;0,0=wS1;0,2=bG2;1,-2=wQ;1,0=bA1;1,1=bS1;1,2=bS2;2,0=bG1;3,0=bB1;4,0=wA2;5,-1=bQ
64	18	0.000000	adjudicated	G1|w|18|9|9|-2,1=wA3;-1,0=wB1;-1,3=bB2;0,-1=wA1;0,0=wS1;0,2=bG2;1,-2=wQ;1,0=bA1;1,1=bS1;1,2=bS2;2,0=bG1;3,0=bB1;4,0=wA2;5,-1=bQ
64	20	0.000000	adjudicated	G1|w|20|10|10|-1,0=wB1;-1,3=bB2;0,-1=wA1;0,0=wS1;0,2=bG2;1,-2=wQ;1,0=bA1;1,1=bS1;1,2=bS2;2,0=bG1;3,0=bB1;4,0=wA2;5,0=wA3;6,-1=bQ
64	22	0.000000	adjudicated	G1|w|22|11|11|-2,4=bA2;-1,-1=wB2;-1,0=wB1;-1,3=bB2;0,-1=wA1;0,0=wS1;0,2=bG2;1,-2=wQ;1,0=bA1;1,1=bS1;1,2=bS2;2,0=bG1;3,0=bB1;4,0=wA2;5,0=wA3;6,-1=bQ
64	24	0.000000	adjudicated	G1|w|24|12|12|-1,0=wB1;-1,3=bB2;0,-1=wA1,wB2;0,0=wS1;0,2=bG2;1,-2=wQ;1,0=bA1;1,1=bS1;1,2=bS2;2,-3=bA2;2,0=bG1;3,0=bB1;4,0=wA2;5,0=wA3;6,-1=bQ
64	26	0.000000	adjudicated	G1|w|26|13|13|-2,3=bG3;-1,3=bB2;0,-1=wA1,wB2,wB1;0,0=wS1;0,2=bG2;1,-2=wQ;1,0=bA1;1,1=bS1;1,2=bS2;2,-3=bA2;2,0=bG1;3,0=bB1;4,0=wA2;5,0=wA3;6,-1=bQ
64	28	0.000000	adjudicated	G1|w|28|14|14|-1,0=wB1;-1,3=bB2;0,-1=wA1,wB2;0,0=wS1;0,2=bG2;0,3=bG3;1,-2=wQ;1,0=bA1;1,1=bS1;1,2=bS2;2,-3=bA2;2,0=bG1;3,0=bB1;4,0=wA2;5,0=wA3;6,-1=bQ
64	30	0.000000	adjudicated	G1|w|30|15|15|-1,0=wB1;-1,1=wS2;-1,3=bB2;0,-1=wA1,wB2;0,0=wS1;0,2=bG2;1,-2=wQ;1,0=bA1;1,1=bS1;1,2=bS2;2,-3=bA2;2,0=bG1;2,1=bG3;3,0=bB1;4,0=wA2;5,0=wA3;6,-1=bQ
64	32	0.000000	adjudicated	G1|w|32|16|16|-1,1=wS2;-1,3=bB2;0,-1=wA1,wB2;0,0=wS1,wB1;0,2=bG2;1,-2=wQ;1,0=bA1;1,1=bS1;1,2=bS2;2,-3=bA2;2,0=bG1;3,0=bB1;4,-1=bG3;4,0=wA2;5,0=wA3;6,-1=bQ
64	34	0.000000	adjudicated	G1|w|34|17|17|-1,-1=wB2;-1,1=wS2;-1,3=bB2;0,-1=wA1;0,0=wS1,wB1;0,2=bG2;1,-2=wQ;1,0=bA1;1,1=bS1;1,2=bS2;2,-3=bA2;2,0=bG1;3,-4=bA3;3,0=bB1;4,-1=bG3;4,0=wA2;5,0=wA3;6,-1=bQ
64	36	0.000000	adjudicated	G1|w|36|18|18|-2,2=wG1;-1,-1=wB2;-1,1=wS2;-1,3=bB2;0,-1=wA1;0,0=wS1,wB1;0,2=bG2;1,-2=wQ;1,-1=bA3;1,0=bA1;1,1=bS1;1,2=bS2;2,-3=bA2;2,0=bG1;3,0=bB1;4,-1=bG3;4,0=wA2;5,0=wA3;6,-1=bQ
64	38	0.000000	adjudicated	G1|w|38|19|19|-2,2=wG1;-1,1=wS2;0,-1=wA1,wB2;0,0=wS1,wB1;0,2=bG2;0,3=bB2;1,-2=wQ;1,-1=bA3;1,0=bA1;1,1=bS1;1,2=bS2;2,-3=bA2;2,0=bG1;3,0=bB1;4,-1=bG3;4,0=wA2;5,0=wA3;6,-1=bQ
64	40	0.000000	adjudicated	G1|w|40|20|20|-3,2=wG2;-2,2=wG1;-1,1=wS2;0,-1=wA1,wB2;0,0=wS1,wB1;0,2=bG2,bB2;1,-2=wQ;1,-1=bA3;1,0=bA1;1,1=bS1;1,2=bS2;2,-3=bA2;2,0=bG1;3,0=bB1;4,-1=bG3;4,0=wA2;5,0=wA3;6,-1=bQ
64	42	0.000000	adjudicated	G1|w|42|21|21|-3,2=wG2;-3,3=wG3;-2,2=wG1;-1,1=wS2;-1,2=bB2;0,-1=wA1,wB2;0,0=wS1,wB1;0,2=bG2;1,-2=wQ;1,-1=bA3;1,0=bA1;1,1=bS1;1,2=bS2;2,-3=bA2;2,0=bG1;3,0=bB1;4,-1=bG3;4,0=wA2;5,0=wA3;6,-1=bQ
64	44	0.000000	adjudicated	G1|w|44|22|22|-4,2=bG2;-3,2=wG2;-3,3=wG3;-2,2=wG1;-1,1=wS2;-1,2=bB2;0,-1=wA1,wB2;0,0=wS1;1,-2=wQ;1,-1=bA3,wB1;1,0=bA1;1,1=bS1;1,2=bS2;2,-3=bA2;2,0=bG1;3,0=bB1;4,-1=bG3;4,0=wA2;5,0=wA3;6,-1=bQ
64	46	0.000000	adjudicated	G1|w|46|23|23|-3,1=wG3;-3,2=wG2;-2,0=bG2;-2,2=wG1;-1,1=wS2;-1,2=bB2;0,-1=wA1,wB2;0,0=wS1;1,-2=wQ;1,-1=bA3,wB1;1,0=bA1;1,1=bS1;1,2=bS2;2,-3=bA2;2,0=bG1;3,0=bB1;4,-1=bG3;4,0=wA2;5,0=wA3;6,-1=bQ
64	48	0.000000	adjudicated	G1|w|48|24|24|-3,1=wG3;-3,2=wG2;-2,0=bG2;-2,2=wG1;-1,1=wS2;-1,2=bB2;0,-1=wA1,wB2;0,0=wS1,wB1;1,-3=bA3;1,-2=wQ;1,0=bA1;1,1=bS1;1,2=bS2;2,-3=bA2;2,0=bG1;3,0=bB1;4,-1=bG3;4,0=wA2;5,0=wA3;6,-1=bQ
64	50	0.000000	adjudicated	G1|w|50|25|25|-3,1=wG3;-3,2=wG2;-2,0=bG2;-2,2=wG1,bB2;-1,0=wB2;-1,1=wS2;0,-1=wA1;0,0=wS1,wB1;1,-3=bA3;1,-2=wQ;1,0=bA1;1,1=bS1;1,2=bS2;2,-3=bA2;2,0=bG1;3,0=bB1;4,-1=bG3;4,0=wA2;5,0=wA3;6,-1=bQ
64	52	0.000000	adjudicated	G1|w|52|26|26|-3,2=wG2;-2,2=wG1,bB2;-1,-1=wG3;-1,0=wB2;-1,1=wS2;0,-2=bG2;0,-1=wA1;0,0=wS1,wB1;1,-3=bA3;1,-2=wQ;1,0=bA1;1,1=bS1;1,2=bS2;2,-3=bA2;2,0=bG1;3,0=bB1;4,-1=bG3;4,0=wA2;5,0=wA3;6,-1=bQ
64	54	0.000000	adjudicated	G1|w|54|27|27|-3,2=wG2;-2,2=wG1;-1,-1=wG3;-1,0=wB2;-1,1=wS2,bB2;0,-2=bG2;0,-1=wA1;0,0=wS1,wB1;1,-3=bA3;1,0=bA1;1,1=bS1;1,2=bS2;2,-3=bA2;2,-2=wQ;2,0=bG1;3,0=bB1;4,-1=bG3;4,0=wA2;5,0=wA3;6,-1=bQ
64	56	0.000000	adjudicated	G1|w|56|28|28|-3,2=wG2;-2,2=wG1;-1,0=wB2;-1,1=wS2,bB2;0,-2=bG2;0,-1=wA1;0,0=wS1,wB1;1,-3=bA3;1,0=bA1;1,1=bS1;1,2=bS2;2,-4=wG3;2,-3=bA2;2,-2=wQ;2,0=bG1;3,0=bB1;4,-1=bG3;4,0=wA2;5,-1=bQ;5,0=wA3
64	58	0.000000	adjudicated	G1|w|58|29|29|-3,2=wG2;-2,2=wG1;-1,1=wS2,bB2;-1,2=bS2;0,-2=bG2;0,-1=wA1,wB2;0,0=wS1,wB1;1,-3=bA3;1,0=bA1;1,1=bS1;2,-4=wG3;2,-3=bA2;2,-2=wQ;2,0=bG1;3,0=bB1;4,-1=bG3;4,0=wA2;5,-1=bQ;5,0=wA3
64	60	0.000000	adjudicated	G1|w|60|30|30|-3,2=wG2;-2,2=wG1;-1,0=wA2;-1,1=wS2,bB2;0,-2=bG2;0,-1=wA1,wB2;0,0=wS1,wB1;1,-3=bA3;1,0=bA1;1,1=bS1;1,2=bS2;2,-4=wG3;2,-3=bA2;2,-2=wQ;2,0=bG1;3,0=bB1;4,-1=bG3;5,-1=bQ;5,0=wA3
64	62	0.000000	adjudicated	G1|w|62|31|31|-3,2=wG2;-2,2=wG1;-1,1=wS2,bB2;0,-2=bG2;0,-1=wA1,wB2;0,0=wS1,wB1;1,-3=bA3;1,0=bA1;1,1=bS1;2,-4=wG3;2,-3=bA2;2,-2=wQ;2,0=bG1;3,0=bB1;4,-1=bG3;4,0=bS2;5,-2=wA2;5,-1=bQ;5,0=wA3
64	64	0.000000	adjudicated	G1|w|64|32|32|-3,2=wG2;-2,2=wG1;-1,-1=wB2;-1,1=wS2,bB2;0,-2=bG2;0,-1=wA1;0,0=wS1,wB1;1,-3=bA3;1,0=bA1;1,1=bS1;2,-4=wG3;2,-3=bA2;2,-2=wQ;2,0=bG1;3,0=bB1;4,-1=bG3;4,0=bS2;5,-2=wA2;5,0=wA3;6,-2=bQ
64	66	0.000000	adjudicated	G1|w|66|33|33|-3,2=wG2;-2,2=wG1;-1,-1=wB2;-1,1=wS2,bB2;0,-2=bG2;0,-1=wA1;0,0=wS1,wB1;1,0=bA1;1,1=bS1;2,-4=wG3;2,-3=bA2;2,-2=wQ;2,-1=wA3;2,0=bG1;3,-3=bA3;3,0=bB1;4,-1=bG3;4,0=bS2;5,-2=wA2;6,-2=bQ
64	68	0.000000	adjudicated	G1|w|68|34|34|-3,2=wG2;-2,2=wG1,bB2;-1,0=wB2;-1,1=wS2;0,-2=bG2;0,-1=wA1;0,0=wS1,wB1;1,0=bA1;1,1=bS1;2,-4=wG3;2,-3=bA2;2,-2=wQ;2,-1=wA3;2,0=bG1;3,-3=bA3;3,0=bB1;4,-1=bG3;4,0=bS2;5,-2=wA2;6,-2=bQ
64	70	0.000000	adjudicated	G1|w|70|35|35|-3,2=wG2;-2,0=bG2;-2,2=wG1,bB2;-1,-1=wB2;-1,1=wS2;0,-1=wA1;0,0=wS1,wB1;1,0=bA1;1,1=bS1;2,-4=wG3;2,-3=bA2;2,-2=wQ;2,-1=wA3;2,0=bG1;3,-3=bA3;3,0=bB1;4,-1=bG3;4,0=bS2;5,-2=wA2;6,-2=bQ
64	72	0.000000	adjudicated	G1|w|72|36|36|-3,2=bB2;-2,0=bG2;-2,2=wG1;-1,-1=wB2;-1,1=wS2;-1,2=wG2;0,-1=wA1;0,0=wS1,wB1;1,0=bA1;1,1=bS1;2,-4=wG3;2,-3=bA2;2,-2=wQ;2,-1=wA3;2,0=bG1;3,-3=bA3;3,0=bB1;4,-1=bG3;4,0=bS2;5,-2=wA2;6,-2=bQ
64	74	0.000000	adjudicated	G1|w|74|37|37|-3,2=bB2;-2,0=bG2;-2,2=wG1;-1,-1=wB2;-1,1=wS2;-1,2=wG2;0,-1=wA1;0,0=wS1,wB1;1,0=bA1;1,1=bS1;1,2=bS2;2,-3=bA2;2,-2=wQ;2,-1=wA3;2,0=bG1;2,1=wG3;3,-3=bA3;3,0=bB1;4,-1=bG3;5,-2=wA2;6,-2=bQ
64	76	0.000000	adjudicated	G1|w|76|38|38|-3,2=bB2;-2,0=bG2;-2,2=wG1;-1,-1=wB2;-1,1=wS2;-1,2=wG2;-1,3=bS1;0,-1=wA1;0,0=wS1;1,-1=wB1;1,0=bA1;1,2=bS2;2,-3=bA2;2,-2=wQ;2,-1=wA3;2,0=bG1;2,1=wG3;3,-3=bA3;3,0=bB1;4,-1=bG3;5,-2=wA2;6,-2=bQ
64	78	0.000000	adjudicated	G1|w|78|39|39|-3,2=bB2;-2,0=bG2;-2,2=wG1;-1,-1=wB2;-1,1=wS2;-1,2=wG2;-1,3=bS1;0,-1=wA1;0,0=wS1;1,-2=bA2;1,-1=wB1;1,0=bA1;1,2=bS2;2,-2=wQ;2,0=bG1;2,1=wG3;3,-3=bA3;3,0=bB1;4,-1=bG3;5,-2=wA2;6,-2=bQ;7,-3=wA3
64	80	0.000000	adjudicated	G1|w|80|40|40|-3,2=bB2;-2,0=bG2;-2,2=wG1;-1,-1=wB2;-1,1=wS2;-1,2=wG2;-1,3=bS1;0,-1=wA1,wB1;0,0=wS1;1,-2=bA2;1,0=bA1;1,2=bS2;2,-3=bA3;2,-2=wQ;2,0=bG1;2,1=wG3;3,0=bB1;4,-1=bG3;5,-2=wA2;6,-2=bQ;7,-3=wA3
64	82	0.000000	adjudicated	G1|w|82|41|41|-3,2=bB2;-2,0=bG2;-2,2=wG1;-1,-1=wB2;-1,1=wS2;-1,2=wG2;0,-1=wA1,wB1;0,0=wS1;1,-2=bA2;1,0=bA1;1,1=bS1;1,2=bS2;2,-3=bA3;2,0=bG1;2,1=wG3;3,-3=wQ;3,0=bB1;4,-1=bG3;5,-2=wA2;6,-2=bQ;7,-3=wA3
64	84	0.000000	adjudicated	G1|w|84|42|42|-3,2=bB2;-2,0=bG2;-2,2=wG1;-1,-1=wB2;-1,1=wS2;-1,2=wG2;0,-1=wA1,wB1;0,0=wS1;1,-2=bA2;1,0=bA1;1,1=bS1;1,2=bS2;2,-3=bA3;2,0=bG1;3,-3=wQ;3,0=bB1;4,-1=bG3;5,-2=wA2;6,-3=wG3;7,-3=wA3;7,-2=bQ
64	86	0.000000	adjudicated	G1|w|86|43|43|-3,2=bB2;-2,0=bG2;-2,2=wG1;-1,-1=wB2;-1,1=wS2;-1,2=wG2;0,-1=wA1;0,0=wS1;1,-2=bA2,wB1;1,0=bA1;1,1=bS1;1,2=bS2;2,-3=bA3;2,0=bG1;3,-3=wQ;3,0=bB1;4,-1=bG3;5,-2=wA2;6,-3=wG3;6,-2=bQ;7,-3=wA3
64	88	0.000000	adjudicated	G1|w|88|44|44|-3,2=bB2;-2,0=bG2;-2,2=wG1;-1,-1=wB2;-1,1=wS2;-1,2=wG2;0,-1=wA1;0,0=wS1;1,-2=bA2,wB1;1,0=bA1;1,1=bS1;1,2=bS2;2,-3=bA3;2,0=bG1;3,-3=wQ;3,0=bB1;4,-1=bG3;5,-2=wA2;5,-1=wA3;6,-3=wG3;7,-3=bQ
64	90	0.000000	adjudicated	G1|w|90|45|45|-2,0=bG2;-2,1=bB2;-2,2=wG1;-1,-1=wB2;-1,1=wS2;-1,2=wG2;0,-1=wA1;0,0=wS1;1,-2=bA2,wB1;1,0=bA1;1,1=bS1;1,2=bS2;2,-3=bA3;2,0=bG1;3,-3=wQ;3,0=bB1;4,-1=bG3;5,-2=wA2;6,-3=wG3;7,-3=bQ;7,-2=wA3
64	92	0.000000	adjudicated	G1|w|92|46|46|-2,0=bG2;-2,1=bB2;-2,2=wG1;-1,-1=wB2;-1,1=wS2;-1,2=wG2;0,-1=wA1;0,0=wS1;1,-2=bA2,wB1;1,0=bA1;1,1=bS1;1,2=bS2;2,-3=bA3;2,0=bG1;3,-3=wQ;3,0=bB1;4,-1=bG3;5,-2=wA2;6,-3=wG3;6,-2=wA3;7,-2=bQ
64	94	0.000000	adjudicated	G1|w|94|47|47|-2,0=bG2;-2,1=bB2;-2,2=wG1;-1,-1=wB2;-1,1=wS2;-1,2=wG2;0,-1=wA1;0,0=wS1;1,-2=bA2,wB1;1,0=bA1;1,1=bS1;1,2=bS2;2,-3=bA3;2,0=bG1;3,-3=wQ;3,0=bB1;4,-1=bG3;5,-2=wA2;6,-2=wA3;6,-1=wG3;7,-1=bQ
64	96	0.000000	adjudicated	G1|w|96|48|48|-2,0=bG2;-2,1=bB2;-2,2=wG1;-1,1=wS2;-1,2=wG2;0,-1=wA1,wB2;0,0=wS1;1,-2=bA2,wB1;1,0=bA1;1,1=bS1;1,2=bS2;2,-3=bA3;2,0=bG1;3,-3=wQ;3,0=bB1;4,-1=bG3;5,-2=wA2;6,-2=wA3;6,-1=wG3;6,0=bQ
65	0	-0.921669	adjudicated	G1|w|0|0|0|
65	7	-0.921669	adjudicated	G1|b|7|4|3|-2,2=bG2;-1,1=bG1;-1,2=bS1;0,-1=wQ;0,0=wS1;1,0=wA1;1,1=wB1
65	9	-0.921669	adjudicated	G1|b|9|5|4|-3,3=bQ;-2,2=bG2;-1,1=bG1;-1,2=bS1;0,-1=wQ;0,0=wS1;1,0=wA1;1,1=wB1;2,0=wA2
65	11	-0.921669	adjudicated	G1|b|11|6|5|-3,2=wA2;-3,3=bQ;-2,1=bB1;-2,2=bG2;-1,1=bG1;-1,2=bS1;0,-1=wQ;0,0=wS1;1,0=wA1;1,1=wB1
65	13	-0.921669	adjudicated	G1|b|13|7|6|-3,2=wA2;-3,3=bQ;-2,1=bB1;-1,1=bG1;-1,2=bS1;0,0=wS1;1,-2=wQ;1,-1=bG2;1,0=wA1;1,1=wB1
65	15	-0.921669	adjudicated	G1|b|15|8|7|-4,3=bQ;-3,2=wA2;-2,1=bB1;-1,1=bG1;-1,2=bS1;0,0=wS1;1,-2=wQ;1,-1=bG2;1,0=wA1;1,1=wB1;2,1=wA3
65	17	-0.921669	adjudicated	G1|b|17|9|8|-4,3=bQ;-3,2=wA2;-2,1=bB1;-2,2=wA3;-1,1=bG1;-1,2=bS1;-1,3=bG3;0,0=wS1;1,-2=wQ;1,-1=bG2;1,0=wA1;1,1=wB1
65	19	-0.921669	adjudicated	G1|b|19|10|9|-5,3=wA3;-4,3=bQ;-3,2=wA2;-2,1=bB1;-1,1=bG1;-1,2=bS1;-1,3=bG3;-1,4=bS2;0,0=wS1;1,-2=wQ;1,-1=bG2;1,0=wA1;1,1=wB1
65	21	-0.921669	adjudicated	G1|b|21|11|10|-5,2=wS2;-5,3=wA3;-4,3=bQ;-3,2=wA2;-2,1=bB1;-2,5=bB2;-1,1=bG1;-1,2=bS1;-1,3=bG3;-1,4=bS2;0,0=wS1;1,-2=wQ;1,-1=bG2;1,0=wA1;1,1=wB1
65	23	-0.921669	adjudicated	G1|b|23|12|11|-5,3=wA3;-5,4=wS2;-4,3=bQ;-3,2=wA2;-2,1=bB1;-1,1=bG1;-1,2=bS1;-1,3=bG3;-1,4=bS2;-1,5=bB2;0,0=wS1;1,-2=wQ;1,-1=bG2;1,0=wA1;1,1=wB1
65	25	-0.921669	adjudicated	G1|b|25|13|12|-5,3=wA3;-5,4=wS2;-4,3=bQ;-3,2=wA2;-2,1=bB1;-1,1=bG1;-1,2=bS1;-1,3=bG3;-1,4=bS2,bB2;0,0=wS1;1,-2=wQ;1,-1=bG2;1,0=wA1;1,1=wB1;2,1=wG1
65	27	-0.921669	adjudicated	G1|b|27|14|13|-5,3=wA3;-5,4=wS2;-4,3=bQ;-3,2=wA2;-2,1=bB1;-1,1=bG1;-1,2=bS1;-1,3=bG3;-1,4=bS2;-1,5=bB2;0,-2=wG2;0,0=wS1;1,-2=wQ;1,-1=bG2;1,0=wA1;1,1=wB1;2,1=wG1
65	29	-0.921669	adjudicated	G1|b|29|15|14|-5,3=wA3;-5,4=wS2;-4,3=bQ;-3,2=wA2;-2,0=bA1;-2,1=bB1;-1,1=bG1;-1,2=bS1;-1,3=bG3;-1,4=bS2;-1,5=bB2;0,-2=wG2;0,0=wS1;1,-2=wQ;1,-1=bG2;1,0=wA1;1,1=wB1;2,0=wB2;2,1=wG1
65	31	-0.921669	adjudicated	G1|b|31|16|15|-6,4=bA1;-5,3=wA3;-5,4=wS2;-4,3=bQ;-3,2=wA2;-2,1=bB1;-1,1=bG1;-1,2=bS1;-1,3=bG3;-1,4=bS2;-1,5=bB2;0,0=wS1;1,-2=wQ;1,-1=bG2;1,0=wA1;1,1=wB1;2,-2=wG2;2,0=wB2;2,1=wG1
65	33	-0.921669	adjudicated	G1|b|33|17|16|-5,3=wA3;-5,4=wS2;-4,3=bQ;-3,2=wA2;-2,1=bB1;-1,1=bG1;-1,2=bS1;-1,3=bG3;-1,4=bS2;-1,5=bB2;0,0=wS1;1,-3=wQ;1,-1=bG2;1,0=wA1;1,1=wB1;2,-3=bA1;2,-2=wG2;2,0=wB2;2,1=wG1
65	35	-0.921669	adjudicated	G1|b|35|18|17|-5,3=wA3;-5,4=wS2;-4,3=bQ;-3,2=wA2;-2,1=bB1;-2,6=bA2;-1,1=bG1;-1,2=bS1;-1,3=bG3;-1,4=bS2;-1,5=bB2;0,0=wS1;1,-3=wQ;1,-1=bG2;1,0=wA1;1,1=wB1;1,2=wG3;2,-3=bA1;2,-2=wG2;2,0=wB2;2,1=wG1
65	37	-0.921669	adjudicated	G1|b|37|19|18|-5,4=wS2;-4,2=wA3;-4,3=bQ;-3,2=wA2;-2,1=bB1;-1,1=bG1;-1,2=bS1;-1,3=bG3;-1,4=bS2;-1,5=bB2;0,-2=bA2;0,0=wS1;1,-3=wQ;1,-1=bG2;1,0=wA1;1,1=wB1;1,2=wG3;2,-3=bA1;2,-2=wG2;2,0=wB2;2,1=wG1
65	39	-0.921669	adjudicated	G1|b|39|20|19|-5,4=wS2;-4,3=bQ;-4,4=wA3;-3,2=wA2;-2,1=bB1;-2,4=bA3;-1,1=bG1;-1,2=bS1;-1,3=bG3;-1,4=bS2;-1,5=bB2;0,-2=bA2;0,0=wS1;1,-3=wQ;1,-1=bG2;1,0=wA1;1,1=wB1;1,2=wG3;2,-3=bA1;2,-2=wG2;2,0=wB2;2,1=wG1
65	41	-0.921669	adjudicated	G1|b|41|21|20|-5,4=wS2;-4,3=bQ;-3,2=wA2;-2,1=bB1;-1,1=bG1;-1,2=bS1;-1,3=bG3;-1,4=bS2;-1,5=bB2;0,-2=bA2;0,0=wS1;1,-4=bA3;1,-3=wQ;1,-1=bG2;1,0=wA1;1,1=wB1;1,2=wG3;2,-3=bA1;2,-2=wG2;2,0=wB2;2,1=wG1;3,-4=wA3
65	43	-0.921669	adjudicated	G1|b|43|22|21|-5,4=wS2;-4,2=wA3;-4,3=bQ;-3,2=wA2;-2,1=bB1;-1,1=bG1;-1,2=bS1;-1,3=bG3;-1,4=bS2;-1,5=bB2;0,-2=bA2;0,0=wS1;1,-3=wQ;1,-1=bG2;1,0=wA1;1,1=wB1;1,2=wG3;2,-4=bA3;2,-3=bA1;2,-2=wG2;2,0=wB2;2,1=wG1
65	45	-0.921669	adjudicated	G1|b|45|23|22|-5,4=wS2;-4,2=wA3;-4,3=bQ;-3,2=wA2;-2,1=bB1;-1,1=bG1;-1,2=bS1;-1,3=bG3;-1,4=bS2;-1,5=bB2;0,-2=bA2;0,0=wS1;1,-4=bA3;1,-3=wQ;1,-1=bG2;1,0=wA1;1,1=wB1,wB2;1,2=wG3;2,-3=bA1;2,-2=wG2;2,1=wG1
65	47	-0.921669	adjudicated	G1|b|47|24|23|-5,4=wS2;-4,2=wA3;-4,3=bQ;-3,2=wA2;-2,1=bB1;-1,1=bG1;-1,2=bS1;-1,3=bG3;-1,4=bS2,bB2;0,-2=bA2;0,0=wS1;0,3=wG1;1,-4=bA3;1,-3=wQ;1,-1=bG2;1,0=wA1;1,1=wB1,wB2;1,2=wG3;2,-3=bA1;2,-2=wG2
65	49	-0.921669	adjudicated	G1|b|49|25|24|-5,4=wS2;-4,2=wA3;-4,3=bQ;-4,4=wA1;-3,2=wA2;-2,1=bB1;-1,1=bG1;-1,2=bS1;-1,3=bG3,bB2;-1,4=bS2;0,-2=bA2;0,0=wS1;0,3=wG1;1,-4=bA3;1,-3=wQ;1,-1=bG2;1,1=wB1,wB2;1,2=wG3;2,-3=bA1;2,-2=wG2
65	51	-0.921669	adjudicated	G1|b|51|26|25|-5,4=wS2;-4,3=bQ;-4,4=wA1;-3,2=wA2;-2,1=bB1;-2,2=bS2;-1,1=bG1;-1,2=bS1;-1,3=bG3,bB2;0,-3=wA3;0,-2=bA2;0,0=wS1;0,3=wG1;1,-4=bA3;1,-3=wQ;1,-1=bG2;1,1=wB1,wB2;1,2=wG3;2,-3=bA1;2,-2=wG2
65	53	-0.921669	adjudicated	G1|b|53|27|26|-5,4=wS2;-4,3=bQ;-4,4=wA1;-3,2=wA2;-2,1=bB1;-2,2=bS2;-1,1=bG1;-1,2=bS1;-1,3=bG3,bB2;0,-3=wA3;0,-2=wQ;0,0=wS1;0,3=wG1;1,-4=bA3;1,-1=bG2;1,1=wB1,wB2;1,2=wG3;2,-4=bA2;2,-3=bA1;2,-2=wG2
65	55	-0.921669	adjudicated	G1|b|55|28|27|-5,4=wS2;-4,3=bQ;-4,4=wA1;-3,2=wA2;-2,2=bS2,bB1;-1,1=bG1;-1,2=bS1;-1,3=bG3,bB2;0,-3=wA3;0,-2=wQ;0,0=wS1;0,3=wG1;1,-4=bA3;1,-1=bG2;1,1=wB1;1,2=wG3,wB2;2,-4=bA2;2,-3=bA1;2,-2=wG2
65	57	-0.921669	adjudicated	G1|b|57|29|28|-5,4=wS2;-4,3=bQ;-4,4=wA1;-3,2=wA2;-2,2=bS2,bB1;-2,4=bB2;-1,1=bG1;-1,2=bS1;-1,3=bG3;0,-3=wA3;0,-2=wQ;0,0=wS1;0,2=wB1;0,3=wG1;1,-4=bA3;1,-1=bG2;1,2=wG3,wB2;2,-4=bA2;2,-3=bA1;2,-2=wG2
65	59	-0.921669	adjudicated	G1|b|59|30|29|-5,4=wS2;-4,3=bQ;-4,4=wA1;-3,2=wA2;-2,1=bB1;-2,2=bS2;-2,4=bB2;-1,1=bG1;-1,2=bS1;-1,3=bG3;0,-3=wA3;0,-2=wQ;0,0=wS1;0,2=wB1;0,3=wG1;1,-4=bA3;1,-1=bG2;1,2=wG3;2,-4=bA2;2,-3=bA1;2,-2=wG2;2,2=wB2
65	61	-0.921669	adjudicated	G1|b|61|31|30|-5,4=wS2;-4,3=bQ;-4,4=wA1;-3,2=wA2;-2,2=bS2;-2,4=bB2;-1,1=bG1,bB1;-1,2=bS1;-1,3=bG3;0,-3=wA3;0,-2=wQ;0,0=wS1;0,2=wB1;0,3=wG1;1,-4=bA3;1,-1=bG2;1,2=wG3,wB2;2,-4=bA2;2,-3=bA1;2,-2=wG2
65	63	-0.921669	adjudicated	G1|b|63|32|31|-5,4=wS2;-4,2=wA1;-4,3=bQ;-3,2=wA2;-2,2=bS2;-2,4=bB2;-1,1=bG1;-1,2=bS1;-1,3=bG3;0,-3=wA3;0,-2=wQ;0,0=wS1,bB1;0,2=wB1;0,3=wG1;1,-4=bA3;1,-1=bG2;1,2=wG3,wB2;2,-4=bA2;2,-3=bA1;2,-2=wG2
65	65	-0.921669	adjudicated	G1|b|65|33|32|-5,4=wS2;-4,2=wA1;-4,3=bQ;-4,4=wA3;-3,2=wA2;-2,2=bS2;-2,4=bB2;-1,1=bG1;-1,2=bS1;-1,3=bG3;0,-2=wQ;0,-1=bB1;0,0=wS1;0,2=wB1;0,3=wG1;1,-4=bA3;1,-1=bG2;1,2=wG3,wB2;2,-4=bA2;2,-3=bA1;2,-2=wG2
65	67	-0.921669	adjudicated	G1|b|67|34|33|-5,4=wS2;-4,3=bQ;-4,4=wA3;-3,2=wA2;-2,2=bS2;-2,4=bB2;-1,-2=bA3;-1,1=bG1;-1,2=bS1;-1,3=bG3;0,-2=wQ;0,-1=bB1;0,0=wS1;0,2=wB1;0,3=wG1;1,-1=bG2;1,0=wA1;1,2=wG3,wB2;2,-4=bA2;2,-3=bA1;2,-2=wG2
65	69	-0.921669	adjudicated	G1|b|69|35|34|-5,4=wS2;-4,3=bQ;-4,4=wA3;-3,2=wA2;-3,3=wA1;-2,2=bS2;-2,4=bB2;-1,-2=bA3;-1,1=bG1;-1,2=bS1;-1,3=bG3;0,-3=bA2;0,-2=wQ;0,-1=bB1;0,0=wS1;0,2=wB1;0,3=wG1;1,-1=bG2;1,2=wG3,wB2;2,-3=bA1;2,-2=wG2
65	71	-0.921669	adjudicated	G1|b|71|36|35|-5,4=wS2;-4,3=bQ;-4,4=wA3;-3,2=wA2;-3,3=wA1;-2,2=bS2;-2,4=bB2;-1,-2=bA3;-1,0=bA2;-1,1=bG1;-1,2=bS1;-1,3=bG3;0,-2=wQ;0,-1=bB1;0,2=wB1;0,3=wG1;1,-1=bG2;1,2=wG3,wB2;2,-3=bA1;2,-2=wG2;2,1=wS1
65	73	-0.921669	adjudicated	G1|b|73|37|36|-5,4=wS2;-4,3=bQ;-4,4=wA3;-3,2=wA2;-3,3=wA1;-2,2=bS2;-2,4=bB2;-1,-2=bA3;-1,0=bA2;-1,1=bG1;-1,2=bS1;-1,3=bG3;0,-3=bA1;0,-2=wQ;0,-1=bB1;0,3=wG1;1,-1=bG2;1,1=wB1;1,2=wG3,wB2;2,-2=wG2;2,1=wS1
65	75	-0.921669	adjudicated	G1|b|75|38|37|-5,4=wS2;-4,3=bQ;-4,4=wA3;-3,1=bA3;-3,2=wA2;-3,3=wA1;-2,2=bS2;-2,4=bB2;-1,0=bA2;-1,1=bG1;-1,2=bS1;-1,3=bG3;0,-3=bA1;0,-2=wQ;0,-1=bB1;0,3=wG1;1,-1=bG2;1,1=wB1,wB2;1,2=wG3;2,-2=wG2;2,1=wS1
65	77	-0.921669	adjudicated	G1|b|77|39|38|-5,3=bQ;-5,4=wS2;-4,4=wA3;-3,1=bA3;-3,2=wA2;-3,3=wA1;-2,2=bS2;-2,4=bB2;-1,0=bA2;-1,1=bG1;-1,2=bS1;-1,3=bG3;0,-3=bA1;0,-2=wQ;0,-1=bB1;0,3=wG1;1,-1=bG2;1,1=wB1,wB2;1,2=wG3;2,-2=wG2;2,-1=wS1
65	79	-0.921669	adjudicated	G1|b|79|40|39|-5,3=bQ;-5,4=wS2;-4,3=wA2;-4,4=wA3;-3,3=wA1;-2,2=bS2;-2,4=bB2;-1,0=bA2;-1,1=bG1;-1,2=bS1;-1,3=bG3;0,-3=bA1;0,-2=wQ;0,-1=bB1;0,3=wG1;1,-1=bG2;1,1=wB1,wB2;1,2=wG3;2,-2=wG2;2,-1=wS1;2,1=bA3
65	81	-0.921669	adjudicated	G1|b|81|41|40|-6,4=wA3;-6,5=bA3;-5,3=bQ;-5,4=wS2;-4,3=wA2;-3,3=wA1;-2,2=bS2;-2,4=bB2;-1,0=bA2;-1,1=bG1;-1,2=bS1;-1,3=bG3;0,-3=bA1;0,-2=wQ;0,-1=bB1;0,3=wG1;1,-1=bG2;1,1=wB1,wB2;1,2=wG3;2,-2=wG2;2,-1=wS1
65	83	-0.921669	adjudicated	G1|b|83|42|41|-6,4=wA3;-5,3=bQ;-5,4=wS2;-4,3=wA2;-3,3=wA1;-2,0=bA3;-2,2=bS2;-2,4=bB2;-1,0=bA2;-1,1=bG1;-1,2=bS1;-1,3=bG3;0,-3=bA1;0,-2=wQ;0,-1=bB1;0,3=wG1;1,-1=bG2;1,1=wB1;1,2=wG3,wB2;2,-2=wG2;2,-1=wS1
65	85	-0.921669	adjudicated	G1|b|85|43|42|-6,3=bQ;-6,4=wA3;-5,4=wS2;-4,3=wA2;-3,3=wA1;-2,0=bA3;-2,2=bS2;-2,4=bB2;-1,0=bA2;-1,1=bG1;-1,2=bS1;-1,3=bG3;0,-3=bA1;0,-2=wQ;0,-1=bB1;0,0=wG2;0,3=wG1;1,-1=bG2;1,1=wB1;1,2=wG3,wB2;2,-1=wS1
65	87	-0.921669	adjudicated	G1|b|87|44|43|-6,3=bQ;-6,4=wA3;-5,4=wS2;-4,3=wA2;-3,3=wA1;-2,2=bS2;-2,4=bB2;-1,-2=bA3;-1,0=bA2;-1,1=bG1;-1,2=bS1;-1,3=bG3;0,-3=bA1;0,-2=wQ;0,-1=bB1;0,0=wG2;0,3=wG1;1,-1=bG2;1,1=wB1;1,2=wG3,wB2;2,1=wS1
65	89	-0.921669	adjudicated	G1|b|89|45|44|-6,3=bQ;-6,4=wA3;-5,4=wS2;-4,3=wA2;-3,3=wA1;-2,2=bS2;-2,4=bB2;-1,-2=bA3;-1,-1=bG2;-1,0=bA2;-1,1=bG1;-1,2=bS1;-1,3=bG3;0,-3=bA1;0,-2=wQ;0,-1=bB1;0,0=wG2;0,3=wG1;1,-1=wS1;1,1=wB1;1,2=wG3,wB2
65	91	-0.921669	adjudicated	G1|b|91|46|45|-6,3=bQ;-6,4=wA3;-5,4=wS2;-4,3=wA2;-3,3=wA1;-2,2=bS2;-2,4=bB2;-1,-2=bA3;-1,-1=bG2;-1,1=bG1;-1,2=bS1;-1,3=bG3;0,-3=bA1;0,-2=wQ;0,-1=bB1;0,0=wG2;0,3=wG1;1,-3=bA2;1,1=wB1;1,2=wG3,wB2;2,-4=wS1
65	93	-0.921669	adjudicated	G1|b|93|47|46|-6,3=bQ;-6,4=wA3;-5,4=wS2;-4,3=wA2;-3,3=wA1;-2,2=bS2;-1,-2=bA3;-1,-1=bG2;-1,1=bG1;-1,2=bS1;-1,3=bG3,bB2;0,-3=bA1;0,-2=wQ;0,-1=bB1;0,0=wG2;0,3=wG1;1,-3=bA2;1,2=wG3,wB2,wB1;2,-4=wS1
65	95	-0.921669	adjudicated	G1|b|95|48|47|-6,3=bQ;-6,4=wA3;-5,4=wS2;-4,3=wA2;-3,3=wA1;-2,2=bS2;-1,-2=bA3;-1,-1=bG2;-1,1=bG1;-1,2=bS1;-1,3=bG3;-1,4=bB2;0,-3=bA1;0,-2=wQ;0,-1=bB1;0,0=wG2;0,3=wG1;1,-3=bA2;1,2=wG3,wB2;2,-4=wS1;2,2=wB1
66	0	1.000000	terminal	G1|w|0|0|0|
66	6	1.000000	terminal	G1|w|6|3|3|-1,2=wB1;0,0=wA1;0,1=wA2;1,-2=bA2;1,-1=bB1;2,-1=bA1
66	8	1.000000	terminal	G1|w|8|4|4|-1,0=wQ;-1,2=wB1;0,0=wA1;0,1=wA2;1,-3=bQ;1,-2=bA2;1,-1=bB1;2,-1=bA1
66	10	1.000000	terminal	G1|w|10|5|5|-1,-1=wG1;-1,0=wQ;-1,1=bA1;-1,2=wB1;0,0=wA1;0,1=wA2;1,-3=bQ;1,-2=bA2;1,-1=bB1
66	12	1.000000	terminal	G1|w|12|6|6|-1,-1=wG1;-1,0=wQ;-1,1=bA1;-1,2=wB1;0,0=wA1;1,-4=wA2;1,-3=bQ;1,-2=bA2;1,-1=bB1;2,-3=bG1
66	14	1.000000	terminal	G1|w|14|7|7|-1,0=wQ;-1,1=bA1;-1,2=wB1;-1,3=wG1;0,-1=bG1;0,0=wA1;1,-4=wA2;1,-3=bQ;1,-2=bA2;1,-1=bB1
66	16	1.000000	terminal	G1|w|16|8|8|-1,0=wQ;-1,1=bA1;-1,2=wB1;-1,3=wG1;0,-1=bG1;0,0=wA1;1,-4=wA2;1,-3=bQ;1,-2=bA2;1,-1=bB1;2,-5=wG2;2,-1=bB2
66	18	1.000000	terminal	G1|w|18|9|9|-1,0=wQ;-1,1=bA1;-1,2=wB1;-1,3=wG1;0,-3=wA1;0,-1=bG1;1,-4=wA2;1,-3=bQ;1,-2=bA2;1,-1=bB1;1,0=bG2;2,-5=wG2;2,-1=bB2
66	20	1.000000	terminal	G1|w|20|10|10|-1,-2=wG2;-1,0=wQ;-1,1=bA1;-1,2=wB1;-1,3=wG1;0,-3=wA1;0,-1=bG1;1,-4=wA2;1,-3=bQ;1,-2=bA2;1,-1=bB1;1,0=bG2;1,1=bG3;2,-1=bB2
66	22	1.000000	terminal	G1|w|22|11|11|-1,-2=wG2;-1,0=wQ;-1,1=bA1;-1,2=wB1;-1,3=wG1;0,-4=wS1;0,-3=wA1;0,-1=bG1;1,-4=wA2;1,-3=bQ;1,-2=bA2;1,-1=bB1;1,0=bG2;1,1=bG3;2,-1=bB2;3,-2=bA3
66	24	1.000000	terminal	G1|w|24|12|12|-1,-2=wG2;-1,-1=bA3;-1,0=wQ;-1,1=bA1;-1,2=wB1;-1,3=wG1;0,-3=wA1;0,-1=bG1;1,-4=wA2;1,-3=bQ;1,-2=bA2;1,-1=bB1;1,0=bG2;1,1=bG3;2,-4=wS1;2,-1=bB2
66	26	1.000000	terminal	G1|w|26|13|13|-2,1=bA2;-1,-2=wG2;-1,-1=bA3;-1,0=wQ;-1,1=bA1;-1,2=wB1;-1,3=wG1;0,-3=wA1;0,-1=bG1;1,-4=wA2;1,-3=bQ;1,-1=bB1;1,0=bG2;1,1=bG3;2,-5=wA3;2,-4=wS1;2,-1=bB2
66	28	1.000000	terminal	G1|w|28|14|14|-2,1=bA2;-1,-2=wG2;-1,-1=bA3;-1,0=wQ;-1,1=bA1;-1,2=wB1;-1,3=wG1;0,-3=wA1;0,-1=bG1;1,-5=bG3;1,-4=wA2;1,-3=bQ;1,-2=wA3;1,-1=bB1;1,0=bG2;2,-4=wS1;2,-1=bB2
66	30	1.000000	terminal	G1|w|30|15|15|-2,-2=wG3;-2,1=bA2;-1,-2=wG2;-1,0=wQ;-1,1=bA1;-1,2=wB1;-1,3=wG1;0,-3=wA1;0,-1=bG1;1,-5=bG3;1,-4=wA2;1,-3=bQ;1,-2=wA3;1,-1=bB1;1,0=bG2;2,-4=wS1;2,-3=bA3;2,-1=bB2
67	0	1.000000	terminal	G1|w|0|0|0|
67	7	1.000000	terminal	G1|b|7|4|3|-1,0=wA1;0,0=wS1;0,1=wA2;1,-1=bA1;1,1=wQ;2,-3=bA2;2,-2=bG1
67	9	1.000000	terminal	G1|b|9|5|4|0,0=wS1;0,1=wA2;1,-1=bA1;1,1=wQ;2,-5=wA1;2,-4=bQ;2,-3=bA2;2,-2=bG1
67	11	1.000000	terminal	G1|b|11|6|5|-1,1=wS2;0,0=wS1;0,1=wA2;1,-3=bB1;1,-1=bA1;1,1=wQ;2,-5=wA1;2,-4=bQ;2,-3=bA2;2,-2=bG1
67	13	1.000000	terminal	G1|b|13|7|6|-1,1=wS2;0,0=wS1;0,1=wA2;1,-4=wA1;1,-1=bA1;1,1=wQ;2,-4=bQ;2,-3=bA2,bB1;2,-2=bG1
67	15	1.000000	terminal	G1|b|15|8|7|-1,1=wS2;0,-4=wB1;0,0=wS1;0,1=wA2;1,-4=wA1;1,-1=bA1;1,1=wQ;2,-4=bQ;2,-3=bA2;2,-2=bG1;3,-3=bB1
67	17	1.000000	terminal	G1|b|17|9|8|-1,-4=wA3;-1,1=wS2;0,-4=wB1;0,0=wS1;0,1=wA2;1,-4=wA1;1,-1=bA1;1,1=wQ;2,-4=bQ;2,-3=bA2;2,-2=bG1,bB1
67	19	1.000000	terminal	G1|b|19|10|9|-1,1=wS2;0,-4=wB1;0,0=wS1;0,1=wA2;1,-4=wA1;1,-1=bA1,bB1;1,1=wQ;2,-4=bQ;2,-3=bA2;2,-2=bG1;3,-2=wA3
67	21	1.000000	terminal	G1|b|21|11|10|-1,1=wS2;0,-4=wB1;0,0=wS1;0,1=wA2;1,-4=wA1;1,-2=bB2;1,-1=bA1,bB1;1,1=wQ;2,-4=bQ;2,-3=bA2;2,-2=bG1;3,-4=wA3
67	23	1.000000	terminal	G1|b|23|12|11|-1,1=wS2;0,-4=wB1;0,0=wS1;1,-4=wA1;1,-2=bB2;1,-1=bA1;1,0=bB1;1,1=wQ;2,-5=wA2;2,-4=bQ;2,-3=bA2;2,-2=bG1;3,-4=wA3
67	25	1.000000	terminal	G1|b|25|13|12|-1,-3=wG1;-1,1=wS2;0,-4=wB1;0,0=wS1;1,-4=wA1;1,-2=bB2;1,-1=bA1;1,0=bB1;1,1=wQ;2,-5=wA2;2,-4=bQ;2,-3=bA2;2,-2=bG1;3,-4=wA3;3,-2=bS1
67	27	1.000000	terminal	G1|b|27|14|13|-1,-3=wG1;-1,1=wS2;0,-4=wB1;0,0=wS1;1,-5=wG2;1,-4=wA1;1,-2=bB2;1,-1=bA1;1,0=bB1;1,1=wQ;2,-5=wA2;2,-4=bQ;2,-3=bA2;2,-2=bG1;2,1=bS1;3,-4=wA3
67	29	1.000000	terminal	G1|b|29|15|14|-1,-3=wG1;-1,1=wS2;0,-4=wB1;0,0=wS1;1,-4=wA1;1,-3=wG2;1,-2=bB2;1,-1=bA1;1,0=bB1;1,1=wQ;2,-5=wA2;2,-4=bQ;2,-3=bA2;2,-2=bG1;2,-1=bG2;2,1=bS1;3,-4=wA3
67	31	1.000000	terminal	G1|b|31|16|15|-1,-3=wG1;-1,1=wS2;0,-4=wB1;0,0=wS1;1,-4=wA1;1,-3=wG2;1,-2=bB2;1,-1=bA1;1,0=bB1;1,2=wQ;2,-5=wA2;2,-4=bQ;2,-3=bA2;2,-1=bG2;2,0=bG1;2,1=bS1;3,-4=wA3
67	33	1.000000	terminal	G1|b|33|17|16|-2,2=wG3;-1,-3=wG1;-1,1=wS2;0,-4=wB1;0,0=wS1;1,-4=wA1;1,-3=wG2;1,-2=bB2;1,-1=bA1;1,0=bB1;1,2=wQ;1,3=bA2;2,-5=wA2;2,-4=bQ;2,-1=bG2;2,0=bG1;2,1=bS1;3,-4=wA3
67	35	1.000000	terminal	G1|b|35|18|17|-2,2=wG3;-1,-3=wG1;-1,1=wS2;0,-4=wB1;0,0=wS1;0,3=wQ;1,-4=wA1;1,-3=wG2;1,-2=bB2;1,-1=bA1;1,0=bB1;1,3=bA2;2,-5=wA2;2,-4=bQ;2,0=bG1;2,1=bS1;2,2=bG2;3,-4=wA3
67	37	1.000000	terminal	G1|b|37|19|18|-3,2=wB2;-2,2=wG3;-1,-3=wG1;-1,1=wS2;0,-4=wB1;0,0=wS1;0,3=wQ;1,-4=wA1;1,-3=wG2;1,-2=bB2;1,-1=bA1;1,0=bB1;1,3=bA2;2,-5=wA2;2,-4=bQ;2,0=bG1;2,1=bS1;2,2=bG2;2,3=bG3;3,-4=wA3
67	39	1.000000	terminal	G1|b|39|20|19|-3,2=wB2;-2,2=wG3;-1,-3=wG1;-1,1=wS2;0,-4=wB1;0,0=wS1;0,3=wQ;1,-4=wA1;1,-3=wG2;1,-2=bB2;1,-1=bA1;1,0=bB1;1,3=bA2;2,-4=bQ;2,-3=wA2;2,0=bG1;2,1=bS1;2,2=bG2;2,3=bG3;3,-4=wA3;3,3=bS2
67	41	1.000000	terminal	G1|b|41|21|20|-3,2=wB2;-2,2=wG3;-1,1=wS2;0,-4=wB1;0,0=wS1;0,3=wQ;1,-5=wG1;1,-4=wA1;1,-3=wG2;1,-2=bB2;1,-1=bA1;1,0=bB1;1,3=bA2;2,-3=wA2;2,0=bG1;2,1=bS1;2,2=bG2;2,3=bG3;3,-5=bQ;3,-4=wA3;3,3=bS2
67	43	1.000000	terminal	G1|b|43|22|21|-3,2=wB2;-2,2=wG3;-1,1=wS2;-1,4=wQ;0,-4=wB1;0,0=wS1;0,4=bS2;1,-5=wG1;1,-4=wA1;1,-3=wG2;1,-2=bB2;1,-1=bA1;1,0=bB1;1,3=bA2;2,-3=wA2;2,0=bG1;2,1=bS1;2,2=bG2;2,3=bG3;3,-5=bQ;3,-4=wA3
67	45	1.000000	terminal	G1|b|45|23|22|-3,2=wB2;-2,2=wG3;-1,1=wS2;-1,4=wQ;0,0=wS1;0,3=bG3;0,4=bS2;1,-5=wG1,wB1;1,-4=wA1;1,-3=wG2;1,-2=bB2;1,-1=bA1;1,0=bB1;1,3=bA2;2,-3=wA2;2,0=bG1;2,1=bS1;2,2=bG2;3,-5=bQ;3,-4=wA3
67	47	1.000000	terminal	G1|b|47|24|23|-3,2=wB2;-2,2=wG3;-1,1=wS2;-1,3=wQ;0,0=wS1;0,3=bG3;0,4=bS2;1,-5=wG1,wB1;1,-4=wA1;1,-3=wG2;1,-2=bB2;1,-1=bA1;1,0=bB1;1,3=bA2;2,-3=wA2;2,0=bG1;2,1=bS1;2,2=bG2;3,-5=bQ;3,-4=wA3;3,0=bA3
67	49	1.000000	terminal	G1|b|49|25|24|-3,2=wB2;-2,2=wG3;-2,4=bA3;-1,1=wS2;-1,3=wQ;0,0=wS1;0,3=bG3;0,4=bS2;1,-5=wG1;1,-4=wA1;1,-3=wG2;1,-2=bB2;1,-1=bA1;1,0=bB1;1,3=bA2;2,-5=wB1;2,-3=wA2;2,0=bG1;2,1=bS1;2,2=bG2;3,-5=bQ;3,-4=wA3
67	51	1.000000	terminal	G1|b|51|26|25|-3,2=wB2;-2,2=wG3;-2,4=bA3;-1,1=wS2;-1,3=wQ;0,0=wS1;0,3=bG3;0,4=bS2;1,-5=wG1;1,-4=wA1;1,-3=wG2;1,-2=bB2;1,-1=bA1;1,0=bB1;1,3=bA2;2,-5=wB1;2,-3=wA2;2,0=bG1;2,1=bS1;2,2=bG2;3,-7=wA3;3,-6=bQ
67	53	1.000000	terminal	G1|b|53|27|26|-3,2=wB2;-3,5=bS2;-2,2=wG3;-2,4=bA3;-1,1=wS2;-1,3=wQ;0,0=wS1;0,3=bG3;1,-5=wG1;1,-4=wA1;1,-3=wG2;1,-2=bB2;1,-1=bA1;1,0=bB1;1,3=bA2;2,-6=wA2;2,-5=wB1;2,0=bG1;2,1=bS1;2,2=bG2;3,-7=wA3;3,-6=bQ
67	55	1.000000	terminal	G1|b|55|28|27|-3,2=wB2;-3,5=bS2;-2,2=wG3;-2,4=bA3;-1,1=wS2;-1,3=wQ;0,0=wS1;0,3=bG3;1,-5=wG1;1,-4=wA1;1,-3=wG2;1,-2=bB2;1,-1=bA1;1,0=bB1;1,3=bA2;2,-6=wA2;2,-5=wB1;2,0=bG1;2,1=bS1;2,2=bG2;3,-5=bQ;4,-6=wA3
67	57	1.000000	terminal	G1|b|57|29|28|-3,2=wB2;-2,2=wG3;-2,4=bA3;-1,1=wS2;-1,3=wQ;0,0=wS1;0,3=bG3;0,4=bS2;1,-5=wG1;1,-4=wA1;1,-3=wG2;1,-2=bB2;1,-1=bA1;1,0=bB1;1,3=bA2;2,-5=wB1;2,0=bG1;2,1=bS1;2,2=bG2;3,-5=bQ;3,-4=wA2;4,-6=wA3
67	59	1.000000	terminal	G1|b|59|30|29|-3,2=wB2;-2,2=wG3;-1,1=wS2;-1,3=wQ;-1,4=bA3;0,0=wS1;0,3=bG3;0,4=bS2;1,-4=wA1;1,-3=wG2;1,-2=bB2;1,-1=bA1;1,0=bB1;1,3=bA2;2,-5=wB1;2,0=bG1;2,1=bS1;2,2=bG2;3,-5=bQ;3,-4=wA2;4,-6=wA3;4,-5=wG1
67	61	1.000000	terminal	G1|b|61|31|30|-3,2=wB2;-2,2=wG3;-2,4=bS2;-1,1=wS2;-1,4=bA3;0,0=wS1;0,2=wQ;0,3=bG3;1,-4=wA1;1,-3=wG2;1,-2=bB2;1,-1=bA1;1,0=bB1;1,3=bA2;2,-5=wB1;2,0=bG1;2,1=bS1;2,2=bG2;3,-5=bQ;3,-4=wA2;4,-6=wA3;4,-5=wG1
67	63	1.000000	terminal	G1|b|63|32|31|-3,2=wB2;-2,2=wG3;-2,3=bS2;-1,1=wS2;-1,4=bA3;0,0=wS1;0,2=wQ;0,3=bG3;1,-4=wA1;1,-3=wG2;1,-2=bB2;1,-1=bA1;1,0=bB1;1,3=bA2;2,-5=wB1;2,0=bG1;2,1=bS1;2,2=bG2;3,-6=wA3;3,-5=bQ;3,-4=wA2;4,-5=wG1
67	65	1.000000	terminal	G1|b|65|33|32|-3,3=wB2;-2,2=wG3;-2,3=bS2;-1,1=wS2;-1,3=bA3;0,0=wS1;0,2=wQ;0,3=bG3;1,-4=wA1;1,-3=wG2;1,-2=bB2;1,-1=bA1;1,0=bB1;1,3=bA2;2,-5=wB1;2,0=bG1;2,1=bS1;2,2=bG2;3,-6=wA3;3,-5=bQ;3,-4=wA2;4,-5=wG1
67	67	1.000000	terminal	G1|b|67|34|33|-3,3=wB2;-2,3=bS2;-1,1=wS2;-1,3=bA3;0,0=wS1;0,1=bB1;0,2=wQ;0,3=bG3;1,-4=wA1;1,-3=wG2;1,-2=bB2;1,-1=bA1;1,3=bA2;2,-5=wB1;2,-2=wG3;2,0=bG1;2,1=bS1;2,2=bG2;3,-6=wA3;3,-5=bQ;3,-4=wA2;4,-5=wG1
67	69	1.000000	terminal	G1|b|69|35|34|-3,3=wB2;-2,3=bS2;-1,1=wS2;-1,3=bA3;0,0=wS1;0,1=bB1;0,2=wQ;0,3=bG3;1,-4=wA1;1,-3=wG2;1,-2=bB2;1,-1=bA1;1,3=bA2;2,-5=wB1;2,-4=wA2;2,-2=wG3;2,1=bS1;2,2=bG2;2,3=bG1;3,-6=wA3;3,-5=bQ;4,-5=wG1
67	71	1.000000	terminal	G1|b|71|36|35|-3,3=wB2;-2,3=bS2;-1,1=wS2;-1,3=bA3;0,0=wS1;0,1=bB1;0,2=wQ;0,3=bG3;1,-3=wG2;1,-2=bB2;1,-1=bA1;1,3=bA2;2,-5=wB1;2,-4=wA2;2,-2=wG3;2,0=bG1;2,1=bS1;2,2=bG2;3,-6=wA3;3,-5=bQ;3,-4=wA1;4,-5=wG1
67	73	1.000000	terminal	G1|b|73|37|36|-3,3=wB2;-2,3=bS2;-1,1=wS2;-1,3=bA3;0,-2=wG3;0,0=wS1;0,1=bB1;0,2=wQ;0,3=bG3;1,-3=wG2;1,-2=bB2;1,-1=bA1;1,3=bA2;2,-5=wB1;2,-4=wA2;2,1=bS1;2,2=bG2;2,3=bG1;3,-6=wA3;3,-5=bQ;3,-4=wA1;4,-5=wG1
67	75	1.000000	terminal	G1|b|75|38|37|-4,3=bG1;-3,3=wB2;-2,3=bS2;-1,1=wS2;-1,3=bA3;0,0=wS1;0,1=bB1;0,2=wQ;0,3=bG3;1,-3=wG2;1,-2=bB2;1,-1=bA1;1,3=bA2;2,-5=wB1;2,-4=wA2;2,1=bS1;2,2=bG2;3,-6=wA3;3,-5=bQ;3,-4=wA1;4,-6=wG3;4,-5=wG1
68	0	0.000000	adjudicated	G1|w|0|0|0|
68	6	0.000000	adjudicated	G1|w|6|3|3|-1,-2=bQ;-1,-1=bG1;-1,0=bA1;0,0=wA1;1,-1=wG1;1,0=wG2
68	8	0.000000	adjudicated	G1|w|8|4|4|-1,-1=bG1;-1,0=bA1;0,-2=bQ;0,0=wA1;1,-1=wG1;1,0=wG2;2,0=wQ
68	10	0.000000	adjudicated	G1|w|10|5|5|-2,-1=bA2;-1,-1=bG1;-1,0=bA1;0,-2=bQ;0,0=wA1;1,-1=wG1;1,0=wG2;1,1=wQ
68	12	0.000000	adjudicated	G1|w|12|6|6|-1,-1=bG1;-1,0=bA1;0,-2=bQ;0,0=wA1;0,2=bA2;1,-1=wG1;1,0=wG2;1,1=wQ;2,-2=wB1
68	14	0.000000	adjudicated	G1|w|14|7|7|-1,-1=bG1;0,-2=bQ;0,0=wA1;0,1=bA1;0,2=bA2;1,-2=wB1;1,-1=wG1;1,0=wG2;1,1=wQ
68	16	0.000000	adjudicated	G1|w|16|8|8|-1,-1=bG1;-1,3=bG2;0,-2=bQ;0,0=wA1;0,1=bA1;0,2=bA2;1,-2=wB1;1,-1=wG1;1,0=wG2;1,2=wQ
68	18	0.000000	adjudicated	G1|w|18|9|9|-1,-3=bG1;-1,-2=wA1;-1,3=bG2;0,-2=bQ;0,1=bA1;0,2=bA2;1,-2=wB1;1,-1=wG1;1,0=wG2;1,2=wQ
68	20	0.000000	adjudicated	G1|w|20|10|10|-1,-3=bG1;-1,-2=wA1;0,-2=bQ;0,1=bA1;0,2=bA2;1,-2=wB1;1,-1=wG1;1,0=wG2;1,1=bG2;1,2=wQ;1,3=wS1
68	22	0.000000	adjudicated	G1|w|22|11|11|-1,-3=bG1;-1,-2=wA1;-1,2=wS1;0,-2=bQ;0,-1=bA2;0,1=bA1;1,-2=wB1;1,-1=wG1;1,0=wG2;1,1=bG2;1,2=wQ
68	24	0.000000	adjudicated	G1|w|24|12|12|-1,-3=bG1;-1,-2=wA1;-1,2=wS1;-1,3=wA2;0,-2=bQ;0,1=bA1;1,-2=wB1;1,-1=wG1;1,0=wG2;1,1=bG2;1,2=wQ;2,2=bA2
68	26	0.000000	adjudicated	G1|w|26|13|13|-2,-3=bB1;-1,-3=bG1;-1,-2=wA1;-1,-1=wA2;-1,2=wS1;0,-2=bQ;0,1=bA1;1,-2=wB1;1,-1=wG1;1,0=wG2;1,1=bG2;1,2=wQ;2,2=bA2
68	28	0.000000	adjudicated	G1|w|28|14|14|-2,-3=bB1;-1,-3=bG1;-1,-2=wA1;-1,-1=wA2;0,-1=wS1;0,1=bA1;1,-3=bQ;1,-2=wB1;1,-1=wG1;1,0=wG2;1,1=bG2;1,2=wQ;2,2=bA2
68	30	0.000000	adjudicated	G1|w|30|15|15|-2,-3=bB1;-2,-1=wG3;-1,-3=bG1;-1,-2=wA1;-1,-1=wA2;0,-1=wS1;1,-3=bQ;1,-2=wB1;1,-1=wG1;1,0=wG2;1,1=bG2;1,2=wQ;1,3=bA1;2,2=bA2
68	32	0.000000	adjudicated	G1|w|32|16|16|-2,-3=bB1;-1,-3=bG1;-1,-2=wA1;-1,-1=wA2;0,-3=wG3;0,-1=wS1;1,-2=wB1;1,-1=wG1;1,0=wG2;1,1=bG2;1,2=wQ;1,3=bA1;2,-3=bQ;2,2=bA2
68	34	0.000000	adjudicated	G1|w|34|17|17|-2,-2=bB1;-2,-1=wG3;-1,-3=bG1;-1,-2=wA1;-1,-1=wA2;0,-1=wS1;1,-2=wB1;1,-1=wG1;1,0=wG2;1,1=bG2;1,2=wQ;1,3=bA1;2,-3=bQ;2,2=bA2
68	36	0.000000	adjudicated	G1|w|36|18|18|-2,-2=bB1;-2,-1=wG3;-1,-3=bG1;-1,-1=wA2;0,-1=wS1;1,-3=wA1;1,-2=wB1;1,-1=wG1;1,0=wG2;1,1=bG2;1,2=wQ;1,3=bA1;2,-3=bQ;2,2=bA2;3,1=bB2
68	38	0.000000	adjudicated	G1|w|38|19|19|-2,-2=bB1;-2,-1=wG3;-1,-3=bG1;-1,-1=wA2;0,-1=wS1;1,-2=wB1;1,-1=wG1;1,0=wG2;1,1=bG2;1,2=wQ;1,3=bA1;2,-3=bQ;2,1=bB2;2,2=bA2;3,-4=wA1
68	40	0.000000	adjudicated	G1|w|40|20|20|-2,-2=bB1;-2,-1=wG3;-1,-3=bG1;-1,-1=wA2;0,-1=wS1;0,2=wQ;1,-2=wB1;1,-1=wG1;1,0=wG2;1,1=bG2;1,2=bA1;2,-3=bQ;2,1=bB2;2,2=bA2;3,-4=wA1
68	42	0.000000	adjudicated	G1|w|42|21|21|-3,-1=bG1;-2,-2=bB1;-2,-1=wG3;-1,-1=wA2;0,-1=wS1;0,3=wQ;1,-2=wB1;1,-1=wG1;1,0=wG2;1,1=bG2;1,2=bA1;2,-3=bQ;2,1=bB2;2,2=bA2;3,-4=wA1
68	44	0.000000	adjudicated	G1|w|44|22|22|-3,-1=bG1;-2,-2=bB1;-2,-1=wG3;-1,-1=wA2;0,-1=wS1;0,2=bA2;0,3=wQ;1,-2=wB1;1,-1=wG1;1,0=wG2;1,1=bG2;1,2=bA1;2,-4=wA1;2,-3=bQ;2,1=bB2
68	46	0.000000	adjudicated	G1|w|46|23|23|-3,-1=bG1;-2,-2=bB1;-2,-1=wG3;-1,-1=wA2;-1,2=bA1;-1,3=wQ;0,-1=wS1;0,2=bA2;1,-2=wB1;1,-1=wG1;1,0=wG2;1,1=bG2;2,-4=wA1;2,-3=bQ;2,1=bB2
68	48	0.000000	adjudicated	G1|w|48|24|24|-2,-2=bB1;-2,-1=wG3;-2,3=wQ;-1,-3=bG1;-1,-1=wA2;-1,2=bA1;0,-1=wS1;0,2=bA2;1,-2=wB1;1,-1=wG1;1,0=wG2;1,1=bG2;2,-4=wA1;2,-3=bQ;2,1=bB2
68	50	0.000000	adjudicated	G1|w|50|25|25|-2,-2=bB1;-2,-1=wG3;-2,3=wQ;-1,-3=bG1;-1,-1=wA2;-1,2=bA1;0,-1=wS1;0,2=bA2;1,-2=wB1;1,-1=wG1;1,0=wG2;1,1=bG2;1,2=bG3;2,-4=wA1;2,-3=bQ;2,-1=wA3;2,1=bB2
68	52	0.000000	adjudicated	G1|w|52|26|26|-2,-3=bA3;-2,-2=bB1;-2,-1=wG3;-2,3=wQ;-1,-3=bG1;-1,-1=wA2;-1,2=bA1;0,-1=wS1;0,2=bA2;1,-2=wB1;1,-1=wG1;1,0=wG2;1,1=bG2;1,2=bG3;2,-4=wA1;2,-3=bQ;2,-2=wA3;2,1=bB2
68	54	0.000000	adjudicated	G1|w|54|27|27|-3,0=wB2;-3,3=bA3;-2,-2=bB1;-2,-1=wG3;-2,3=wQ;-1,-3=bG1;-1,-1=wA2;-1,2=bA1;0,-1=wS1;0,2=bA2;1,-2=wB1;1,-1=wG1;1,0=wG2;1,1=bG2;1,2=bG3;2,-4=wA1;2,-3=bQ;2,-2=wA3;2,1=bB2
68	56	0.000000	adjudicated	G1|w|56|28|28|-3,0=wB2;-3,3=bA3;-2,-2=bB1;-2,-1=wG3;-2,0=wS2;-2,2=bG3;-2,3=wQ;-1,-3=bG1;-1,-1=wA2;-1,2=bA1;0,-1=wS1;0,2=bA2;1,-2=wB1;1,-1=wG1;1,0=wG2;1,1=bG2;2,-4=wA1;2,-3=bQ;2,-2=wA3;2,1=bB2
68	58	0.000000	adjudicated	G1|w|58|29|29|-3,0=wB2;-3,3=bA3;-3,4=wQ;-2,-2=bB1;-2,-1=wG3;-2,0=wS2;-2,2=bG3;-1,-3=bG1;-1,-1=wA2;-1,2=bA1;0,-1=wS1;0,2=bA2;1,-2=wB1;1,-1=wG1;1,0=wG2;1,1=bG2;2,-4=wA1;2,-3=bQ;2,-2=wA3;2,1=bB2;2,2=bS1
68	60	0.000000	adjudicated	G1|w|60|30|30|-4,0=wS2;-3,-2=bS2;-3,0=wB2;-3,3=bA3;-3,4=wQ;-2,-2=bB1;-2,-1=wG3;-2,2=bG3;-1,-3=bG1;-1,-1=wA2;-1,2=bA1;0,-1=wS1;0,2=bA2;1,-2=wB1;1,-1=wG1;1,0=wG2;1,1=bG2;2,-4=wA1;2,-3=bQ;2,-2=wA3;2,1=bB2;2,2=bS1
68	62	0.000000	adjudicated	G1|w|62|31|31|-4,0=wS2;-3,0=wB2;-3,3=bA3;-3,4=wQ;-2,-2=bB1;-2,-1=wG3;-2,2=bG3;-1,-3=bG1;-1,-1=wA2;-1,2=bA1;0,-4=bS2;0,-1=wS1;0,2=bA2;1,-2=wB1;1,-1=wG1;1,0=wG2;1,1=bG2;2,-4=wA1;2,-3=bQ;2,1=bB2;2,2=bS1;3,-4=wA3
68	64	0.000000	adjudicated	G1|w|64|32|32|-4,0=wS2;-3,0=wB2;-3,3=bA3;-3,4=wQ;-2,-2=bB1;-2,-1=wG3;-2,2=bG3;-1,-3=bG1;-1,-1=wA2;-1,2=bA1;0,-4=bS2;0,-1=wS1;0,2=bA2;1,-2=wB1;1,-1=wG1;1,0=wG2;1,1=bG2;2,-3=bQ;2,0=bS1;2,1=bB2;3,-4=wA3;3,-3=wA1
68	66	0.000000	adjudicated	G1|w|66|33|33|-4,0=wS2;-3,0=wB2;-3,3=bA3;-3,4=wQ;-2,-2=bB1;-2,-1=wG3;-2,2=bG3;-1,-3=bG1;-1,-1=wA2;-1,2=bA1;0,-4=bS2;0,-1=wS1;0,2=bA2;1,-4=wA3;1,-2=wB1;1,-1=wG1;1,0=wG2;1,1=bG2;2,-3=bQ;2,1=bB2;3,-3=wA1;3,-2=bS1
68	68	0.000000	adjudicated	G1|w|68|34|34|-4,0=wS2;-3,0=wB2;-3,3=bA3;-3,4=wQ;-2,-2=bB1;-2,-1=wG3;-2,2=bG3;-1,-3=bG1;-1,-2=bS2;-1,-1=wA2;-1,2=bA1;0,-1=wS1;0,2=bA2;1,-3=wA3;1,-2=wB1;1,-1=wG1;1,0=wG2;1,1=bG2;2,-3=bQ;2,1=bB2;3,-3=wA1;3,-2=bS1
68	70	0.000000	adjudicated	G1|w|70|35|35|-4,0=wS2;-3,0=wB2;-3,3=bA3;-3,4=wQ;-3,5=bA2;-2,-2=bB1;-2,-1=wG3;-2,2=bG3;-1,-3=bG1;-1,-2=bS2;-1,-1=wA2;-1,2=bA1;0,-1=wS1;0,1=wA3;1,-2=wB1;1,-1=wG1;1,0=wG2;1,1=bG2;2,-3=bQ;2,1=bB2;3,-3=wA1;3,-2=bS1
68	72	0.000000	adjudicated	G1|w|72|36|36|-3,0=wB2;-3,3=bA3;-3,4=wQ;-2,-2=bB1;-2,-1=wG3;-2,0=wS2;-2,2=bG3;-2,3=bA2;-1,-3=bG1;-1,-2=bS2;-1,-1=wA2;-1,2=bA1;0,-1=wS1;0,1=wA3;1,-2=wB1;1,-1=wG1;1,0=wG2;1,1=bG2;2,-3=bQ;2,1=bB2;3,-3=wA1;3,-2=bS1
68	74	0.000000	adjudicated	G1|w|74|37|37|-5,4=bA2;-4,4=wQ;-3,0=wB2;-3,3=bA3;-2,-2=bB1;-2,-1=wG3;-2,0=wS2;-2,2=bG3;-1,-3=bG1;-1,-2=bS2;-1,-1=wA2;-1,2=bA1;0,-1=wS1;0,1=wA3;1,-2=wB1;1,-1=wG1;1,0=wG2;1,1=bG2;2,-3=bQ;2,1=bB2;3,-3=wA1;3,-2=bS1
68	76	0.000000	adjudicated	G1|w|76|38|38|-5,4=bA2;-5,5=bA1;-4,4=wQ;-3,0=wB2;-3,3=bA3;-2,-2=bB1;-2,0=wS2;-2,1=wG3;-2,2=bG3;-1,-3=bG1;-1,-2=bS2;-1,-1=wA2;0,-1=wS1;0,1=wA3;1,-2=wB1;1,-1=wG1;1,0=wG2;1,1=bG2;2,-3=bQ;2,1=bB2;3,-3=wA1;3,-2=bS1
68	78	0.000000	adjudicated	G1|w|78|39|39|-5,5=bA1;-4,4=wQ;-3,0=wB2;-3,3=bA3;-2,-2=bB1;-2,0=wS2;-2,1=wG3;-2,2=bG3;-1,-3=bG1;-1,-2=bS2;-1,-1=wA2;0,-1=wS1;1,-3=wA3;1,-2=wB1;1,-1=wG1;1,0=wG2;1,1=bG2;2,-3=bQ;2,0=bA2;2,1=bB2;3,-3=wA1;3,-2=bS1
68	80	0.000000	adjudicated	G1|w|80|40|40|-5,4=bA2;-5,5=bA1;-4,4=wQ;-3,1=wB2;-3,3=bA3;-2,-2=bB1;-2,0=wS2;-2,1=wG3;-2,2=bG3;-1,-3=bG1;-1,-2=bS2;-1,-1=wA2;0,-1=wS1;1,-3=wA3;1,-2=wB1;1,-1=wG1;1,0=wG2;1,1=bG2;2,-3=bQ;2,1=bB2;3,-3=wA1;3,-2=bS1
68	82	0.000000	adjudicated	G1|w|82|41|41|-5,4=bA2;-5,5=bA1;-4,4=wQ;-3,0=wB2;-3,3=bA3;-2,0=wS2;-2,1=wG3;-2,2=bG3;-1,-3=bG1;-1,-2=bS2,bB1;-1,-1=wA2;0,-1=wS1;1,-3=wA3;1,-2=wB1;1,-1=wG1;1,0=wG2;1,1=bG2;2,-3=bQ;2,1=bB2;3,-3=wA1;3,-2=bS1
68	84	0.000000	adjudicated	G1|w|84|42|42|-5,4=bA2;-5,5=bA1;-4,4=wQ;-3,0=wB2;-3,3=bA3;-2,0=wS2;-2,1=wG3;-2,2=bG3;-1,-3=bG1;-1,-2=bS2,bB1;-1,-1=wA2;0,-1=wS1;0,0=wA3;1,-2=wB1;1,-1=wG1;1,0=wG2;1,1=bG2;1,2=bB2;2,-3=bQ;3,-3=wA1;3,-2=bS1
68	86	0.000000	adjudicated	G1|w|86|43|43|-5,4=bA2;-4,4=wQ;-3,0=wB2;-3,3=bA3;-2,0=wS2;-2,1=wG3;-2,2=bG3;-1,-3=bG1;-1,-2=bS2,bB1;-1,-1=wA2;0,-1=wS1;0,3=bA1;1,-3=wA3;1,-2=wB1;1,-1=wG1;1,0=wG2;1,1=bG2;1,2=bB2;2,-3=bQ;3,-3=wA1;3,-2=bS1
68	88	0.000000	adjudicated	G1|w|88|44|44|-5,4=bA2;-4,3=bA1;-4,4=wQ;-3,0=wB2;-3,3=bA3;-2,0=wS2;-2,1=wG3;-2,2=bG3;-1,-3=bG1;-1,-2=bS2,bB1;-1,-1=wA2;0,-1=wS1;1,-2=wB1;1,-1=wG1;1,0=wG2;1,1=bG2;1,2=bB2;2,-3=bQ;3,-4=wA3;3,-3=wA1;3,-2=bS1
68	90	0.000000	adjudicated	G1|w|90|45|45|-4,3=bA1;-4,5=bA2;-3,0=wB2;-3,3=bA3;-3,4=wQ;-2,0=wS2;-2,1=wG3;-2,2=bG3;-1,-3=bG1;-1,-2=bS2,bB1;-1,-1=wA2;0,-1=wS1;1,-2=wB1;1,-1=wG1;1,0=wG2;1,1=bG2;1,2=bB2;2,-3=bQ;3,-4=wA3;3,-3=wA1;3,-2=bS1
68	92	0.000000	adjudicated	G1|w|92|46|46|-4,3=bA1;-3,0=wB2;-3,3=bA3;-3,4=wQ;-2,0=wS2;-2,1=wG3;-2,2=bG3;-1,-3=bG1;-1,-2=bS2,bB1;-1,-1=wA2;0,-1=wS1;1,-3=wA3;1,-2=wB1;1,-1=wG1;1,0=wG2;1,1=bG2;1,2=bB2;2,-3=bQ;3,-3=wA1;3,-2=bS1;4,-3=bA2
68	94	0.000000	adjudicated	G1|w|94|47|47|-3,0=wB2;-3,3=bA3;-3,4=wQ;-3,5=bA1;-2,0=wS2;-2,1=wG3;-2,2=bG3;-1,-3=bG1;-1,-2=bS2,bB1;-1,-1=wA2;0,-1=wS1;1,-2=wB1;1,-1=wG1;1,0=wG2;1,1=bG2;1,2=bB2;2,-4=wA3;2,-3=bQ;3,-3=wA1;3,-2=bS1;4,-3=bA2
68	96	0.000000	adjudicated	G1|w|96|48|48|-4,5=bA2;-3,0=wB2;-3,3=bA3;-3,4=wQ;-3,5=bA1;-2,0=wS2;-2,1=wG3;-2,2=bG3;-1,-3=bG1;-1,-2=bS2,bB1;-1,-1=wA2;0,-1=wS1;1,-3=wA3;1,-2=wB1;1,-1=wG1;1,0=wG2;1,1=bG2;1,2=bB2;2,-3=bQ;3,-3=wA1;3,-2=bS1
69	0	1.000000	terminal	G1|w|0|0|0|
69	7	1.000000	terminal	G1|b|7|4|3|-2,2=wQ;-1,-1=bB2;-1,1=wG1;0,-1=bB1;0,0=wA1;0,1=wA2;1,-2=bA1
69	9	1.000000	terminal	G1|b|9|5|4|-3,1=wA2;-2,0=bQ;-2,2=wQ;-1,-1=bB2;-1,1=wG1;0,-1=bB1;0,0=wA1;1,-2=bA1
69	11	1.000000	terminal	G1|b|11|6|5|-3,1=wA2;-3,2=bA1;-2,0=bQ;-1,-1=bB2;-1,1=wG1;-1,2=wQ;0,-1=bB1;0,0=wA1
69	13	1.000000	terminal	G1|b|13|7|6|-4,2=wA3;-3,1=wA2;-2,0=bQ;-1,-1=bB2;-1,1=wG1;-1,2=wQ;-1,3=bA1;0,-1=bB1;0,0=wA1
69	15	1.000000	terminal	G1|b|15|8|7|-3,1=wA2;-2,-1=wA3;-2,0=bQ;-1,-1=bB2;-1,1=wG1;-1,2=wQ;-1,3=bA1;0,-1=bB1;0,0=wA1;1,-2=bG1
69	17	1.000000	terminal	G1|b|17|9|8|-3,1=wA2;-2,-1=wA3;-2,0=bQ;-1,-1=bB2;-1,1=wG1;-1,2=wQ;-1,3=bA1;0,-1=bB1;0,0=wA1;1,-2=bG1;1,0=wG2;2,-3=bA2
69	19	1.000000	terminal	G1|b|19|10|9|-3,1=wA2;-2,-1=wA3;-2,0=bQ;-1,-1=bB2;-1,0=wG2;-1,1=wG1;-1,2=wQ;-1,3=bA1;0,-1=bB1;0,0=wA1;0,2=bA2;1,-2=bG1
69	21	1.000000	terminal	G1|b|21|11|10|-3,0=wA1;-3,1=wA2;-2,-1=wA3;-2,0=bQ;-1,-1=bB2;-1,0=wG2;-1,1=wG1;-1,2=wQ;-1,3=bA1;-1,4=bG2;0,-1=bB1;0,2=bA2;1,-2=bG1
69	23	1.000000	terminal	G1|b|23|12|11|-4,1=wS1;-3,0=wA1;-3,1=wA2;-2,-1=wA3,bB2;-2,0=bQ;-1,0=wG2;-1,1=wG1;-1,2=wQ;-1,3=bA1;-1,4=bG2;0,-1=bB1;0,2=bA2;1,-2=bG1
69	25	1.000000	terminal	G1|b|25|13|12|-3,0=wA1;-3,1=wA2;-2,-1=wA3,bB2;-2,0=bQ;-2,1=wS1;-1,0=wG2;-1,1=wG1;-1,2=wQ;-1,3=bA1;-1,4=bG2;0,-1=bB1;0,2=bA2;1,-3=bS1;1,-2=bG1
69	27	1.000000	terminal	G1|b|27|14|13|-4,2=wG3;-3,0=wA1;-3,1=wA2;-2,-1=wA3,bB2;-2,0=bQ;-2,1=wS1;-1,0=wG2;-1,1=wG1;-1,2=wQ;-1,3=bA1;-1,4=bG2;0,-1=bB1;1,-4=bA2;1,-3=bS1;1,-2=bG1
69	29	1.000000	terminal	G1|b|29|15|14|-4,2=wG3;-3,0=wA1;-3,1=wA2;-2,-1=wA3,bB2;-2,0=bQ;-2,1=wS1;-2,2=bA2;-1,-1=wG1;-1,0=wG2;-1,2=wQ;-1,3=bA1;-1,4=bG2;0,-1=bB1;1,-3=bS1;1,-2=bG1
70	0	1.000000	terminal	G1|w|0|0|0|
70	6	1.000000	terminal	G1|w|6|3|3|-2,1=bA1;-1,1=bS1;-1,2=bG1;0,0=wG1;1,0=wB1;2,-1=wB2
70	8	1.000000	terminal	G1|w|8|4|4|-2,1=bA1;-1,1=bS1;-1,2=bG1;-1,3=bQ;0,-1=wQ;0,0=wG1;1,0=wB1;2,-1=wB2
70	10	1.000000	terminal	G1|w|10|5|5|-1,1=bS1;-1,2=bG1;-1,3=bQ;0,-1=wQ;0,0=wG1;1,-1=bA1;1,0=wB1;2,-1=wB2;2,0=wA1
70	12	1.000000	terminal	G1|w|12|6|6|-2,1=bG2;-2,3=wA1;-1,1=bS1;-1,2=bG1;-1,3=bQ;0,-1=wQ;0,0=wG1;1,-1=bA1;1,0=wB1;2,-1=wB2
70	14	1.000000	terminal	G1|w|14|7|7|-3,2=bG3;-2,1=bG2;-2,3=wA1;-1,1=bS1;-1,2=bG1;-1,3=bQ;0,0=wG1;1,-2=wQ;1,-1=bA1;1,0=wB1;2,-1=wB2
70	16	1.000000	terminal	G1|w|16|8|8|-3,2=bG3;-2,1=bG2;-2,3=wA1;-2,4=bQ;-1,1=bS1;-1,2=bG1;0,0=wG1;1,-2=wQ;1,-1=bA1;1,0=wB1;1,1=wS1;2,-1=wB2
70	18	1.000000	terminal	G1|w|18|9|9|-3,2=bG3;-2,0=bB1;-2,1=bG2;-2,3=wA1;-2,4=bQ;-1,1=bS1;-1,2=bG1;-1,3=wS1;0,0=wG1;1,-2=wQ;1,-1=bA1;1,0=wB1;2,-1=wB2
70	20	1.000000	terminal	G1|w|20|10|10|-3,2=bG3;-3,4=bQ;-2,0=bB1;-2,1=bG2;-2,3=wA1;-1,1=bS1;-1,2=bG1;-1,3=wS1;0,0=wG1;1,-2=wQ;1,-1=bA1;1,0=wB1;1,1=wG2;2,-1=wB2
70	22	1.000000	terminal	G1|w|22|11|11|-4,2=bA2;-4,5=wS1;-3,2=bG3;-3,4=bQ;-2,0=bB1;-2,1=bG2;-2,3=wA1;-1,1=bS1;-1,2=bG1;0,0=wG1;1,-2=wQ;1,-1=bA1;1,0=wB1;1,1=wG2;2,-1=wB2
70	24	1.000000	terminal	G1|w|24|12|12|-5,6=wS2;-4,5=wS1;-3,2=bG3;-3,4=bQ;-2,0=bB1;-2,1=bG2;-2,3=wA1;-1,1=bS1;-1,2=bG1;0,-2=bA2;0,0=wG1;1,-2=wQ;1,-1=bA1;1,0=wB1;1,1=wG2;2,-1=wB2
70	26	1.000000	terminal	G1|w|26|13|13|-4,5=wS1;-3,2=bG3;-3,4=bQ;-2,0=bB1;-2,1=bG2;-2,3=wA1;-2,4=wS2;-1,1=bS1;-1,2=bG1;0,-3=bS2;0,-2=bA2;0,0=wG1;1,-2=wQ;1,-1=bA1;1,0=wB1;1,1=wG2;2,-1=wB2
70	28	1.000000	terminal	G1|w|28|14|14|-4,5=wS1;-4,6=wG3;-3,2=bG3;-3,4=bQ;-2,0=bB1;-2,1=bG2;-2,3=wA1;-2,4=wS2;-1,1=bS1;-1,2=bG1;0,-2=bA2;0,0=wG1;1,-2=wQ;1,-1=bA1;1,0=wB1;1,1=wG2;2,-2=bS2;2,-1=wB2
70	30	1.000000	terminal	G1|w|30|15|15|-4,5=wS1;-4,6=wG3;-3,2=bG3;-3,4=bQ;-2,-1=bA3;-2,0=bB1;-2,1=bG2;-2,3=wA1;-2,4=wS2;-1,1=bS1;-1,2=bG1;0,-2=bA2;0,0=wG1;1,-2=wQ;1,-1=bA1,wB2;1,0=wB1;1,1=wG2;2,-2=bS2
70	32	1.000000	terminal	G1|w|32|16|16|-4,5=wS1;-4,6=wG3;-3,2=bG3;-3,4=bQ;-2,0=bB1;-2,1=bG2;-2,3=wA1;-1,1=bS1;-1,2=bG1;0,-2=bA2;0,0=wG1;1,-2=wQ;1,-1=bA1,wB2;1,0=wB1;1,1=wG2;1,2=wS2;2,-3=bA3;2,-2=bS2
70	34	1.000000	terminal	G1|w|34|17|17|-4,2=bB2;-4,4=wG3;-4,5=wS1;-3,2=bG3;-3,4=bQ;-2,0=bB1;-2,1=bG2;-2,3=wA1;-1,1=bS1;-1,2=bG1;0,-2=bA2;0,0=wG1;1,-2=wQ;1,-1=bA1,wB2;1,0=wB1;1,1=wG2;1,2=wS2;2,-3=bA3;2,-2=bS2
70	36	1.000000	terminal	G1|w|36|18|18|-4,2=bB2;-4,4=wG3;-4,5=wS1;-3,2=bG3;-3,4=bQ;-2,1=bG2;-2,3=wA1;-2,4=wS2;-1,0=bB1;-1,1=bS1;-1,2=bG1;0,-2=bA2;0,0=wG1;1,-2=wQ;1,-1=bA1,wB2;1,0=wB1;1,1=wG2;2,-3=bA3;2,-2=bS2
70	38	1.000000	terminal	G1|w|38|19|19|-4,2=bB2;-4,4=wG3;-4,5=wS1;-3,2=bG3;-3,4=bQ;-2,1=bG2;-2,3=wA1;-2,4=wS2;-1,1=bS1;-1,2=bG1;0,-2=bA2;0,-1=bB1;0,0=wG1;1,-2=wQ;1,-1=bA1,wB2;1,0=wB1;1,1=wG2;2,-3=bA3;2,-2=bS2;2,1=wA2
70	40	1.000000	terminal	G1|w|40|20|20|-4,4=wG3;-4,5=wS1;-3,2=bG3,bB2;-3,4=bQ;-3,5=wA2;-2,1=bG2;-2,3=wA1;-2,4=wS2;-1,1=bS1;-1,2=bG1;0,-2=bA2;0,-1=bB1;0,0=wG1;1,-2=wQ;1,-1=bA1,wB2;1,0=wB1;1,1=wG2;2,-3=bA3;2,-2=bS2
70	42	1.000000	terminal	G1|w|42|21|21|-4,4=wG3;-4,5=wS1;-3,1=bB2;-3,2=bG3;-3,4=bQ;-3,5=wA2;-2,1=bG2;-2,3=wA1;-2,4=wS2;-1,1=bS1;-1,2=bG1;-1,4=wA3;0,-2=bA2;0,-1=bB1;0,0=wG1;1,-2=wQ;1,-1=bA1,wB2;1,0=wB1;1,1=wG2;2,-3=bA3;2,-2=bS2
70	44	1.000000	terminal	G1|w|44|22|22|-4,4=wG3;-4,5=wS1;-3,2=bG3;-3,4=bQ;-3,5=wA2;-2,0=wA3;-2,1=bG2,bB2;-2,3=wA1;-2,4=wS2;-1,1=bS1;-1,2=bG1;0,-2=bA2;0,-1=bB1;0,0=wG1;1,-2=wQ;1,-1=bA1,wB2;1,0=wB1;1,1=wG2;2,-3=bA3;2,-2=bS2
70	46	1.000000	terminal	G1|w|46|23|23|-4,4=wG3;-4,5=wS1;-4,6=bA2;-3,1=wA3;-3,2=bG3;-3,4=bQ;-3,5=wA2;-2,1=bG2,bB2;-2,3=wA1;-2,4=wS2;-1,1=bS1;-1,2=bG1;0,-1=bB1;0,0=wG1;1,-2=wQ;1,-1=bA1,wB2;1,0=wB1;1,1=wG2;2,-3=bA3;2,-2=bS2
70	48	1.000000	terminal	G1|w|48|24|24|-4,4=wG3;-4,5=wS1;-3,1=wA3;-3,2=bG3;-3,4=bQ;-3,5=wA2;-2,1=bG2,bB2;-2,3=wA1;-2,4=wS2;-1,-1=bA2;-1,1=bS1;-1,2=bG1;0,-2=wQ;0,-1=bB1;0,0=wG1;1,-1=bA1,wB2;1,0=wB1;1,1=wG2;2,-3=bA3;2,-2=bS2
70	50	1.000000	terminal	G1|w|50|25|25|-4,4=wG3;-4,5=wS1;-3,1=wA3;-3,2=bG3;-3,4=bQ;-3,5=wA2;-2,1=bG2,bB2;-2,3=wA1;-2,4=wS2;-1,-2=wQ;-1,-1=bA2;-1,1=bS1;-1,2=bG1;0,-3=bA3;0,-1=bB1;0,0=wG1;1,-1=bA1,wB2;1,0=wB1;1,1=wG2;2,-2=bS2
70	52	1.000000	terminal	G1|w|52|26|26|-4,4=wG3;-4,5=wS1;-3,1=wA3;-3,2=bG3;-3,4=bQ;-3,5=wA2;-2,0=bB2;-2,1=bG2;-2,3=wA1;-2,4=wS2;-1,-2=wQ;-1,-1=bA2;-1,1=bS1;-1,2=bG1;0,-3=bA3;0,-1=bB1;0,0=wG1;1,-1=bA1;1,0=wB1;1,1=wG2;2,-2=bS2;2,-1=wB2
70	54	1.000000	terminal	G1|w|54|27|27|-4,4=wG3;-4,5=wS1;-3,1=wA3;-3,4=bQ;-3,5=wA2;-2,0=bB2;-2,1=bG2;-2,3=wA1;-2,4=wS2;-1,-2=wQ;-1,-1=bA2;-1,0=bG3;-1,1=bS1;-1,2=bG1;0,-3=bA3;0,-1=bB1;1,-1=bA1;1,0=wB1;1,1=wG2;2,-2=bS2;2,-1=wB2;2,0=wG1
71	0	-0.664037	adjudicated	G1|w|0|0|0|
71	7	-0.664037	adjudicated	G1|b|7|4|3|-1,-2=wQ;-1,-1=wA1;-1,0=wB1;-1,2=bB1;0,0=wG1;0,1=bS1;0,2=bG1
71	9	-0.664037	adjudicated	G1|b|9|5|4|-2,1=wS1;-2,3=bQ;-1,-2=wQ;-1,-1=wA1;-1,0=wB1;-1,2=bB1;0,0=wG1;0,1=bS1;0,2=bG1
71	11	-0.664037	adjudicated	G1|b|11|6|5|-3,3=wS1;-2,3=bQ;-1,-2=wQ;-1,-1=wA1;-1,0=wB1;-1,2=bB1;0,0=wG1;0,1=bS1;0,2=bG1;1,1=bS2
71	13	-0.664037	adjudicated	G1|b|13|7|6|-3,3=wS1;-2,0=wS2;-2,3=bQ;-1,-2=wQ;-1,-1=wA1;-1,0=wB1;-1,2=bB1;0,0=wG1;0,1=bS1;0,2=bG1;0,3=bG2;1,1=bS2
71	15	-0.664037	adjudicated	G1|b|15|8|7|-3,3=wS1;-2,0=wS2;-2,3=bQ;-1,-2=wQ;-1,-1=wA1;-1,0=wB1;-1,2=bB1;-1,4=bA1;0,-2=wG2;0,0=wG1;0,1=bS1;0,2=bG1;0,3=bG2;1,1=bS2
71	17	-0.664037	adjudicated	G1|b|17|9|8|-3,3=wS1;-2,0=wS2;-2,3=bQ;-1,-3=wQ;-1,-1=wA1;-1,0=wB1;-1,2=bB1;0,-3=bA1;0,-2=wG2;0,0=wG1;0,1=bS1;0,2=bG1;0,3=bG2;1,1=bS2
71	19	-0.664037	adjudicated	G1|b|19|10|9|-3,3=wS1;-2,2=wS2;-2,3=bQ;-1,-3=wQ;-1,-1=wA1;-1,0=wB1;-1,2=bB1;0,-3=bA1;0,-2=wG2;0,0=wG1;0,1=bS1;0,2=bG1;0,3=bG2;0,4=bB2;1,1=bS2
71	21	-0.664037	adjudicated	G1|b|21|11|10|-3,2=wB2;-3,3=wS1;-2,2=wS2;-2,3=bQ;-1,-3=wQ;-1,-1=wA1;-1,0=wB1;-1,2=bB1;-1,5=bG3;0,-3=bA1;0,-2=wG2;0,0=wG1;0,1=bS1;0,2=bG1;0,3=bG2;0,4=bB2;1,1=bS2
71	23	-0.664037	adjudicated	G1|b|23|12|11|-3,2=wB2;-3,3=wS1;-3,4=bQ;-2,1=wA2;-2,2=wS2;-1,-3=wQ;-1,-1=wA1;-1,0=wB1;-1,2=bB1;-1,5=bG3;0,-3=bA1;0,-2=wG2;0,0=wG1;0,1=bS1;0,2=bG1;0,3=bG2;0,4=bB2;1,1=bS2
71	25	-0.664037	adjudicated	G1|b|25|13|12|-3,2=wB2;-3,3=wS1;-3,4=bQ;-2,2=wS2;-2,3=wA2;-1,-3=wQ;-1,-1=wA1;-1,0=wB1;-1,2=bB1;-1,5=bG3;0,-3=bA1;0,-2=wG2;0,0=wG1;0,1=bS1;0,2=bG1;0,3=bG2;0,4=bB2;1,1=bS2;2,0=bA2
71	27	-0.664037	adjudicated	G1|b|27|14|13|-3,3=wS1;-3,4=bQ;-2,1=wB2;-2,2=wS2;-2,3=wA2;-1,-3=wQ;-1,-1=wA1;-1,0=wB1;-1,2=bB1;-1,5=bG3;0,-3=bA1;0,-2=wG2;0,0=wG1;0,1=bS1;0,2=bG1;0,3=bG2;0,4=bB2;0,5=bA3;1,1=bS2;2,0=bA2
71	29	-0.664037	adjudicated	G1|b|29|15|14|-2,1=wB2;-2,2=wS2;-2,3=wA2;-2,4=bQ;-2,5=wS1;-1,-3=wQ;-1,-1=wA1;-1,0=wB1;-1,2=bB1;-1,5=bG3;0,-3=bA1;0,-2=wG2;0,0=wG1;0,1=bS1;0,2=bG1;0,3=bG2;0,4=bB2;0,5=bA3;1,1=bS2;2,0=bA2
71	31	-0.664037	adjudicated	G1|b|31|16|15|-3,5=wS2;-2,1=wB2;-2,3=wA2;-2,4=bQ;-2,5=wS1;-1,-4=bA2;-1,-3=wQ;-1,-1=wA1;-1,0=wB1;-1,2=bB1;-1,5=bG3;0,-3=bA1;0,-2=wG2;0,0=wG1;0,1=bS1;0,2=bG1;0,3=bG2;0,4=bB2;0,5=bA3;1,1=bS2
71	33	-0.664037	adjudicated	G1|b|33|17|16|-3,5=wS2;-2,-2=bA3;-2,3=wA2;-2,4=bQ;-2,5=wS1;-1,-4=bA2;-1,-3=wQ;-1,-1=wA1;-1,0=wB1;-1,1=wB2;-1,2=bB1;-1,5=bG3;0,-3=bA1;0,-2=wG2;0,0=wG1;0,1=bS1;0,2=bG1;0,3=bG2;0,4=bB2;1,1=bS2
71	35	-0.664037	adjudicated	G1|b|35|18|17|-3,4=wA1;-3,5=wS2;-2,-2=bA3;-2,3=wA2;-2,4=bQ;-2,5=wS1;-1,-4=bA2;-1,-3=wQ;-1,0=wB1;-1,1=wB2;-1,2=bB1;-1,5=bG3;0,-3=bA1;0,-2=wG2;0,-1=bS2;0,0=wG1;0,1=bS1;0,2=bG1;0,3=bG2;0,4=bB2
71	37	-0.664037	adjudicated	G1|b|37|19|18|-4,6=wA3;-3,4=wA1;-3,5=wS2;-2,-2=bA3;-2,3=wA2;-2,4=bQ;-2,5=wS1;-1,-4=bA2;-1,-3=wQ;-1,0=wB1;-1,1=wB2;-1,2=bB1;-1,5=bG3;0,-4=bG1;0,-3=bA1;0,-2=wG2;0,-1=bS2;0,0=wG1;0,1=bS1;0,3=bG2;0,4=bB2
71	39	-0.664037	adjudicated	G1|b|39|20|19|-3,4=wA1;-3,5=wS2;-2,-2=bA3;-2,3=wA2;-2,5=wS1;-1,-4=bA2;-1,-3=wQ;-1,0=wB1;-1,1=wB2;-1,2=bB1;-1,3=bQ;-1,5=bG3;0,-4=bG1;0,-3=bA1;0,-2=wG2;0,-1=bS2;0,0=wG1;0,1=bS1;0,2=wA3;0,3=bG2;0,4=bB2
71	41	-0.664037	adjudicated	G1|b|41|21|20|-3,4=wA1;-3,5=wS2;-2,-2=bA3;-2,3=wA2;-2,5=wS1;-1,-4=bA2;-1,-3=wQ;-1,0=wB1,wB2;-1,2=bB1;-1,3=bQ;-1,5=bG3;0,-4=bG1;0,-3=bA1;0,-2=wG2;0,-1=bS2;0,0=wG1;0,1=bS1;0,2=wA3;0,3=bG2,bB2
71	43	-0.664037	adjudicated	G1|b|43|22|21|-3,4=wA1;-3,5=wS2;-2,-2=bA3;-2,3=wA2;-2,5=wS1;-1,-4=bA2;-1,-3=wQ;-1,0=wB1;-1,3=bQ,bB1;-1,5=bG3;0,-4=bG1;0,-3=bA1;0,-2=wG2;0,-1=bS2,wB2;0,0=wG1;0,1=bS1;0,2=wA3;0,3=bG2,bB2
71	45	-0.664037	adjudicated	G1|b|45|23|22|-3,4=wA1;-3,5=wS2;-2,-2=bA3;-2,2=wG3;-2,3=wA2;-2,5=wS1;-1,-4=bA2;-1,-3=wQ;-1,0=wB1;-1,3=bQ;-1,5=bG3;0,-4=bG1;0,-3=bA1;0,-2=wG2;0,-1=bS2,wB2;0,0=wG1;0,1=bS1;0,2=wA3,bB1;0,3=bG2,bB2
71	47	-0.664037	adjudicated	G1|b|47|24|23|-3,4=wA1;-3,5=wS2;-2,-2=bA3;-2,3=wA2;-2,4=wG3;-2,5=wS1;-1,-4=bA2;-1,-3=wQ;-1,0=wB1;-1,3=bQ;-1,5=bG3;0,-4=bG1;0,-3=bA1;0,-2=wG2;0,-1=bS2,wB2;0,0=wG1;0,1=bS1;0,2=wA3;0,3=bG2,bB2,bB1
71	49	-0.664037	adjudicated	G1|b|49|25|24|-3,5=wS2;-2,-2=bA3;-2,3=wA2;-2,4=wG3;-2,5=wS1;-1,-4=bA2;-1,-3=wQ;-1,0=wB1;-1,2=wA1;-1,3=bQ,bB1;-1,5=bG3;0,-4=bG1;0,-3=bA1;0,-2=wG2;0,-1=bS2,wB2;0,0=wG1;0,1=bS1;0,2=wA3;0,3=bG2,bB2
71	51	-0.664037	adjudicated	G1|b|51|26|25|-3,5=wS2;-2,-2=bA3;-2,4=wG3;-2,5=wS1;-1,-4=bA2;-1,-3=wQ;-1,-2=wA2;-1,0=wB1;-1,2=wA1;-1,3=bQ,bB1;-1,5=bG3;0,-4=bG1;0,-3=bA1;0,-2=wG2;0,-1=bS2,wB2;0,0=wG1;0,1=bS1;0,2=wA3,bB2;0,3=bG2
71	53	-0.664037	adjudicated	G1|b|53|27|26|-3,5=wS2;-2,-2=bA3;-2,4=wG3;-2,5=wS1;-1,-4=bA2;-1,-3=wQ;-1,0=wB1;-1,2=wA1;-1,3=bQ,bB1;-1,5=bG3;0,-5=bG2;0,-4=bG1;0,-3=bA1;0,-2=wG2;0,-1=bS2,wB2;0,0=wG1;0,1=bS1;0,2=wA3,bB2;1,-6=wA2
71	55	-0.664037	adjudicated	G1|b|55|28|27|-3,5=wS2;-2,-2=bA3;-2,4=wG3;-2,5=wS1;-1,-4=bA2;-1,-3=wQ;-1,0=wB1;-1,2=wA1,bB1;-1,3=bQ;-1,5=bG3;0,-5=bG2;0,-4=bG1;0,-3=bA1;0,-2=wG2;0,-1=bS2,wB2;0,0=wG1;0,1=bS1;0,2=wA3,bB2;0,3=wA2
71	57	-0.664037	adjudicated	G1|b|57|29|28|-3,5=wS2;-2,-3=bG2;-2,-2=bA3;-2,4=wG3;-2,5=wS1;-1,-4=bA2;-1,-3=wQ;-1,0=wB1;-1,2=wA1,bB1;-1,3=bQ;-1,5=bG3;0,-4=bG1;0,-3=bA1;0,-2=wG2;0,-1=bS2;0,0=wG1;0,1=bS1;0,2=wA3,bB2;0,3=wA2;1,-2=wB2
71	59	-0.664037	adjudicated	G1|b|59|30|29|-3,5=wS2;-2,-3=bG2;-2,-2=bA3;-2,4=wG3;-2,5=wS1;-1,-4=bA2;-1,-3=wQ;-1,0=wB1;-1,2=wA1,bB1,bB2;-1,3=bQ;-1,5=bG3;0,-4=bG1;0,-3=bA1;0,-2=wG2;0,-1=bS2,wB2;0,0=wG1;0,1=bS1;0,2=wA3;0,3=wA2
71	61	-0.664037	adjudicated	G1|b|61|31|30|-3,5=wS2;-2,-3=bG2;-2,-2=bA3;-2,4=wG3;-2,5=wS1;-1,-4=bA2;-1,-3=wQ;-1,-1=wA2;-1,0=wB1;-1,2=wA1,bB1;-1,3=bQ;-1,5=bG3;0,-4=bG1;0,-3=bA1;0,-2=wG2;0,-1=bS2,wB2;0,0=wG1;0,1=bS1;0,2=wA3,bB2
71	63	-0.664037	adjudicated	G1|b|63|32|31|-3,5=wS2;-2,-3=bG2;-2,-2=bA3;-2,2=bB1;-2,3=wA2;-2,4=wG3;-2,5=wS1;-1,-4=bA2;-1,-3=wQ;-1,0=wB1;-1,2=wA1;-1,3=bQ;-1,5=bG3;0,-4=bG1;0,-3=bA1;0,-2=wG2;0,-1=bS2,wB2;0,0=wG1;0,1=bS1;0,2=wA3,bB2
71	65	-0.664037	adjudicated	G1|b|65|33|32|-4,6=bA3;-3,5=wS2;-2,-3=bG2;-2,-2=wQ;-2,2=bB1;-2,3=wA2;-2,4=wG3;-2,5=wS1;-1,-4=bA2;-1,0=wB1;-1,2=wA1;-1,3=bQ;-1,5=bG3;0,-4=bG1;0,-3=bA1;0,-2=wG2;0,-1=bS2,wB2;0,0=wG1;0,1=bS1;0,2=wA3,bB2
71	67	-0.664037	adjudicated	G1|b|67|34|33|-4,6=bA3;-3,5=wS2;-2,-3=bG2;-2,-2=wQ;-2,2=bB1;-2,3=wA2;-2,4=wG3;-2,5=wS1;-1,-4=bA2;-1,2=wA1;-1,5=bG3;0,-4=bG1;0,-3=bA1;0,-2=wG2;0,-1=bS2,wB2;0,0=wG1,wB1;0,1=bS1;0,2=wA3,bB2;0,3=bQ
71	69	-0.664037	adjudicated	G1|b|69|35|34|-3,-2=wQ;-3,5=wS2;-2,-3=bG2;-2,2=bB1;-2,3=wA2;-2,4=wG3;-2,5=wS1;-1,-4=bA2;-1,-2=bA3;-1,2=wA1;-1,5=bG3;0,-4=bG1;0,-3=bA1;0,-2=wG2;0,-1=bS2,wB2;0,0=wG1,wB1;0,1=bS1;0,2=wA3,bB2;0,3=bQ
71	71	-0.664037	adjudicated	G1|b|71|36|35|-3,-2=wQ;-3,5=wS2;-2,-3=bG2;-2,2=bB1;-2,3=wA2;-2,4=wG3;-2,5=wS1;-1,-4=bA2;-1,2=wA1;-1,5=bG3;0,-4=bG1;0,-3=bA1;0,-2=wG2;0,-1=bS2;0,0=wG1,wB1;0,1=bS1;0,2=wA3,bB2;0,3=bQ;0,5=bA3;1,-2=wB2
71	73	-0.664037	adjudicated	G1|b|73|37|36|-3,-3=bA3;-3,5=wS2;-2,-3=bG2;-2,-2=wQ;-2,2=bB1;-2,3=wA2;-2,4=wG3;-2,5=wS1;-1,-4=bA2;-1,2=wA1;-1,5=bG3;0,-4=bG1;0,-3=bA1;0,-2=wG2;0,-1=bS2;0,0=wG1,wB1;0,1=bS1;0,2=wA3,bB2;0,3=bQ;1,-2=wB2
71	75	-0.664037	adjudicated	G1|b|75|38|37|-3,5=wS2;-2,-3=bG2;-2,-2=wQ;-2,-1=bA3;-2,2=bB1;-2,3=wA2;-2,4=wG3;-2,5=wS1;-1,-4=bA2;-1,2=wA1;-1,5=bG3;0,-4=bG1;0,-3=bA1;0,-2=wG2;0,-1=bS2,wB2;0,0=wG1,wB1;0,1=bS1;0,2=wA3,bB2;0,3=bQ
71	77	-0.664037	adjudicated	G1|b|77|39|38|-3,-1=bA3;-3,5=wS2;-2,-3=bG2;-2,-2=wQ;-2,2=bB1;-2,3=wA2;-2,4=wG3;-2,5=wS1;-1,-4=bA2;-1,2=wA1;-1,5=bG3;0,-4=bG1;0,-3=bA1;0,-2=wG2;0,-1=bS2;0,0=wG1,wB1;0,1=bS1;0,2=wA3,bB2;0,3=bQ;1,-1=wB2
71	79	-0.664037	adjudicated	G1|b|79|40|39|-3,-1=bA3;-3,3=bB1;-3,5=wS2;-2,-3=bG2;-2,-2=wQ;-2,3=wA2;-2,4=wG3;-2,5=wS1;-1,-4=bA2;-1,0=wB1;-1,2=wA1;-1,5=bG3;0,-4=bG1;0,-3=bA1;0,-2=wG2;0,-1=bS2;0,0=wG1;0,1=bS1;0,2=wA3,bB2;0,3=bQ;1,-1=wB2
71	81	-0.664037	adjudicated	G1|b|81|41|40|-4,5=bG3;-3,-1=bA3;-3,3=bB1;-3,5=wS2;-2,-3=bG2;-2,-2=wQ;-2,3=wA2;-2,4=wG3;-2,5=wS1;-1,-4=bA2;-1,2=wA1;0,-4=bG1;0,-3=bA1;0,-2=wG2;0,-1=bS2;0,0=wG1,wB1;0,1=bS1;0,2=wA3,bB2;0,3=bQ;1,-1=wB2
71	83	-0.664037	adjudicated	G1|b|83|42|41|-4,5=bG3;-3,-1=bA3;-3,4=bB1;-3,5=wS2;-2,-3=bG2;-2,-2=wQ;-2,3=wA2;-2,4=wG3;-1,-4=bA2;-1,2=wA1;0,-4=bG1;0,-3=bA1;0,-2=wG2;0,-1=bS2;0,0=wG1,wB1;0,1=bS1;0,2=wA3,bB2;0,3=bQ;1,-1=wB2;1,3=wS1
71	85	-0.664037	adjudicated	G1|b|85|43|42|-4,5=bG3;-3,-1=bA3;-3,3=bB1;-3,5=wS2;-2,-3=bG2;-2,-2=wQ;-2,3=wA2;-2,4=wG3;-1,-4=bA2;-1,2=wA1;0,-4=bG1;0,-3=bA1;0,-2=wG2;0,-1=bS2;0,0=wG1;0,1=bS1,wB1;0,2=wA3,bB2;0,3=bQ;1,-1=wB2;1,3=wS1
71	87	-0.664037	adjudicated	G1|b|87|44|43|-4,5=bG3;-3,3=bB1;-3,5=wS2;-2,-3=bG2;-2,3=wA2;-2,4=wG3;-1,-4=bA2;-1,-3=wQ;-1,2=wA1;0,-4=bG1;0,-3=bA1;0,-2=wG2;0,-1=bS2;0,0=wG1;0,1=bS1,wB1;0,2=wA3,bB2;0,3=bQ;1,-1=wB2;1,2=bA3;1,3=wS1
71	89	-0.664037	adjudicated	G1|b|89|45|44|-4,5=bG3;-3,3=bB1;-3,5=wS2;-2,-3=bG2;-2,-2=bA3;-2,3=wA2;-2,4=wG3;-1,-4=bA2;-1,-3=wQ;-1,1=wB1;-1,2=wA1;0,-4=bG1;0,-3=bA1;0,-2=wG2;0,-1=bS2;0,0=wG1;0,1=bS1;0,2=wA3,bB2;0,3=bQ;1,-1=wB2;1,3=wS1
71	91	-0.664037	adjudicated	G1|b|91|46|45|-4,5=bG3;-3,3=bB1;-3,5=wS2;-2,-3=bG2;-2,-2=bA3;-2,3=wA2;-2,4=wG3;-2,5=wS1;-1,-4=bA2;-1,-3=wQ;-1,1=wB1;-1,2=wA1;0,-4=bG1;0,-3=bA1;0,-2=wG2;0,-1=bS2;0,0=wG1;0,2=wA3,bB2;0,3=bQ;1,-1=wB2;2,-2=bS1
71	93	-0.664037	adjudicated	G1|b|93|47|46|-4,5=bG3;-3,3=bB1;-3,5=wS2;-2,-3=bG2;-2,-2=bA3;-2,3=wA2;-2,4=wG3;-1,-4=bA2;-1,-3=wQ;-1,1=wB1;-1,2=wA1;0,-4=bG1;0,-3=bA1;0,-2=wG2;0,-1=bS2;0,0=wG1;0,2=wA3,bB2;0,3=wS1;1,-1=wB2;1,2=bQ;2,-2=bS1
71	95	-0.664037	adjudicated	G1|b|95|48|47|-4,5=bG3;-3,3=bB1;-3,5=wS2;-2,-3=bG2;-2,-2=bA3;-2,3=wA2;-2,4=wG3;-1,-4=bA2;-1,-3=wQ;-1,1=wB1;-1,2=wA1;0,-4=bG1;0,-3=bA1;0,-2=wG2;0,-1=bS2;0,0=wG1;0,2=wA3,bB2;1,-1=wB2;1,1=bQ;2,-2=bS1;2,0=wS1
72	0	1.000000	terminal	G1|w|0|0|0|
72	6	1.000000	terminal	G1|w|6|3|3|-2,2=bG2;-1,1=bG1;-1,2=bB1;0,0=wS1;1,-1=wB1;1,0=wG1
72	8	1.000000	terminal	G1|w|8|4|4|-3,2=bQ;-2,2=bG2;-1,1=bG1;-1,2=bB1;0,0=wS1;1,-1=wB1;1,0=wG1;2,-2=wQ
72	10	1.000000	terminal	G1|w|10|5|5|-3,2=bQ;-2,2=bG2;-1,1=bG1;-1,2=bB1;0,0=wS1;0,2=bB2;1,-2=wQ;1,-1=wB1;1,0=wG1
72	12	1.000000	terminal	G1|w|12|6|6|-3,2=bQ;-2,2=bG2;-1,1=bG1;-1,2=bB1;0,0=wS1;0,1=bB2;1,-3=wB2;1,-2=wQ;1,-1=wB1;1,0=wG1
72	14	1.000000	terminal	G1|w|14|7|7|-3,1=wS1;-3,2=bQ;-2,2=bG2;-1,1=bG1;0,1=bB2;0,2=bB1;1,-3=wB2;1,-2=wQ;1,-1=wB1;1,0=wG1
72	16	1.000000	terminal	G1|w|16|8|8|-3,1=wS1;-3,2=bQ;-2,2=bG2;-1,1=bG1;-1,2=bB1;0,1=bB2;1,-2=wQ,wB2;1,-1=wB1;1,0=wG1
72	18	1.000000	terminal	G1|w|18|9|9|-3,1=wS1;-3,2=bQ;-2,0=wG2;-2,2=bG2;-1,1=bG1;-1,2=bB1;0,1=bB2;0,2=bG3;1,-2=wQ,wB2;1,-1=wB1;1,0=wG1
72	20	1.000000	terminal	G1|w|20|10|10|-4,2=wG2;-3,1=wS1;-3,2=bQ;-2,2=bG2;-1,1=bG1;-1,2=bB1;0,1=bB2;0,2=bG3;1,-2=wQ,wB2;1,-1=wB1;1,0=wG1;1,2=bA1
72	22	1.000000	terminal	G1|w|22|11|11|-4,2=wG2;-3,0=wG3;-3,1=wS1;-3,2=bQ;-2,2=bG2;-1,1=bG1;-1,2=bB1;0,1=bB2;0,2=bG3;1,-2=wQ,wB2;1,-1=wB1;1,0=wG1;2,-3=bA1
72	24	1.000000	terminal	G1|w|24|12|12|-4,2=wG2;-3,1=wS1;-3,2=bQ;-3,3=wG3;-2,2=bG2;-1,2=bB1;-1,3=bG1;0,1=bB2;0,2=bG3;1,-2=wQ,wB2;1,-1=wB1;1,0=wG1;2,-3=bA1
72	26	1.000000	terminal	G1|w|26|13|13|-4,2=wG2;-3,1=wS1;-3,2=bQ;-3,3=wG3;-2,0=wS2;-2,2=bG2;-1,2=bB1;-1,3=bG1;0,1=bB2;0,2=bG3;1,-2=wQ,wB2;1,-1=wB1;1,0=wG1;1,2=bA2;2,-3=bA1
72	28	1.000000	terminal	G1|w|28|14|14|-4,2=wG2;-3,1=wS1;-3,2=bQ;-3,3=wG3;-2,2=bG2;-1,2=bB1;-1,3=bG1;0,-2=bA2;0,0=wS2;0,1=bB2;0,2=bG3;1,-2=wQ,wB2;1,-1=wB1;1,0=wG1;2,-3=bA1
72	30	1.000000	terminal	G1|w|30|15|15|-4,2=wG2;-3,1=wS1;-3,2=bQ;-3,3=wG3;-2,2=bG2;-1,2=bB1;-1,3=bG1;0,-2=bA2;0,-1=bG3;0,0=wS2;0,1=bB2;1,-2=wQ;1,-1=wB1,wB2;1,0=wG1;2,-3=bA1
72	32	1.000000	terminal	G1|w|32|16|16|-4,2=wG2;-3,1=wS1;-3,2=bQ;-3,3=wG3;-2,0=wA1;-2,2=bG2;-1,-2=bS1;-1,2=bB1;-1,3=bG1;0,-2=bA2;0,-1=bG3;0,0=wS2;0,1=bB2;1,-2=wQ;1,-1=wB1,wB2;1,0=wG1;2,-3=bA1
72	34	1.000000	terminal	G1|w|34|17|17|-4,2=wG2;-3,0=wA1;-3,1=wS1;-3,2=bQ;-3,3=wG3;-2,2=bG2;-1,-2=bS1;-1,2=bB1;-1,3=bG1;0,-2=bA2;0,-1=bG3;0,0=wS2;0,1=bB2;1,-2=wQ;1,-1=wB1,wB2;1,0=wG1;2,-2=bA1
72	36	1.000000	terminal	G1|w|36|18|18|-4,2=wG2;-3,0=wA1;-3,1=wS1;-3,2=bQ;-3,3=wG3;-2,2=bG2;-1,2=bB1;-1,3=bG1;0,-2=bA2;0,-1=bG3;0,0=wS2;0,1=bB2;1,-1=wB1,wB2;1,0=wG1;2,-4=bS1;2,-3=wQ;2,-2=bA1
72	38	1.000000	terminal	G1|w|38|19|19|-4,2=wG2;-3,1=wS1;-3,2=bQ;-3,3=wG3;-2,1=wA1;-2,2=bG2;-1,2=bB1;-1,3=bG1;0,-1=bG3;0,0=wS2;0,1=bB2;1,-3=bA2;1,-1=wB1,wB2;1,0=wG1;2,-4=bS1;2,-3=wQ;2,-2=bA1
72	40	1.000000	terminal	G1|w|40|20|20|-4,2=wG2;-3,1=wS1;-3,2=bQ;-3,3=wG3;-3,4=wA2;-2,1=wA1;-2,2=bG2;-1,2=bB1;-1,3=bG1;0,-2=bA3;0,-1=bG3;0,0=wS2;0,1=bB2;1,-3=bA2;1,-1=wB1,wB2;1,0=wG1;2,-4=bS1;2,-3=wQ;2,-2=bA1
72	42	1.000000	terminal	G1|w|42|21|21|-4,2=wG2;-3,1=wS1;-3,2=bQ;-3,3=wG3;-3,4=wA2;-2,2=bG2;-1,1=wA1;-1,2=bB1;-1,3=bG1;0,-1=bG3;0,0=wS2;0,1=bB2;1,-3=bA2;1,-1=wB1,wB2;1,0=wG1;2,-4=bS1;2,-3=wQ;2,-2=bA1;3,-3=bA3
72	44	1.000000	terminal	G1|w|44|22|22|-4,2=wG2;-3,1=wS1;-3,2=bQ;-3,3=wG3;-3,4=wA2;-2,1=wA1;-2,2=bG2;-1,2=bB1;-1,3=bG1;0,-1=bG3;0,0=wS2;0,1=bB2;1,-3=bA2;1,-1=wB1,wB2;1,0=wG1;2,-4=bS1;2,-3=wQ;2,-2=bA1;3,-3=bA3;4,-4=bS2
73	0	0.000000	adjudicated	G1|w|0|0|0|
73	7	0.000000	adjudicated	G1|b|7|4|3|-2,0=bS2;-1,-1=bB1;-1,0=bS1;0,0=wS1;0,1=wS2;0,2=wA1;1,2=wQ
73	9	0.000000	adjudicated	G1|b|9|5|4|-2,0=bS2;-1,-2=bQ;-1,-1=bB1;-1,0=bS1;-1,3=wB1;0,0=wS1;0,1=wS2;0,2=wA1;1,2=wQ
73	11	0.000000	adjudicated	G1|b|11|6|5|-2,0=bS2;-2,1=bG1;-1,-2=bQ;-1,-1=bB1;-1,0=bS1;0,0=wS1;0,1=wS2;0,2=wA1,wB1;1,2=wQ
73	13	0.000000	adjudicated	G1|b|13|7|6|-2,0=bS2;-1,-2=bQ;-1,-1=bB1;-1,0=bS1;0,-1=bG1;0,0=wS1;0,1=wS2;0,2=wA1,wB1;1,0=wA2;1,2=wQ
73	15	0.000000	adjudicated	G1|b|15|8|7|-2,0=bS2;-1,-3=bG2;-1,-2=bQ;-1,-1=bB1;-1,0=bS1;0,-2=wA2;0,-1=bG1;0,0=wS1;0,1=wS2;0,2=wA1,wB1;1,2=wQ
73	17	0.000000	adjudicated	G1|b|17|9|8|-2,0=bS2;-1,-3=bG2;-1,-2=bQ;-1,0=bS1;0,-2=wA2;0,-1=bG1,bB1;0,0=wS1;0,1=wS2;0,2=wA1,wB1;1,0=wG1;1,2=wQ
73	19	0.000000	adjudicated	G1|b|19|10|9|-2,0=bS2;-1,-3=bG2;-1,-2=bQ;-1,0=bS1;-1,2=wA3;0,-2=wA2;0,-1=bG1;0,0=wS1;0,1=wS2;0,2=wA1,wB1;1,-2=bB1;1,0=wG1;1,2=wQ
73	21	0.000000	adjudicated	G1|b|21|11|10|-2,0=bS2;-2,1=bA1;-1,-3=bG2;-1,-2=bQ;-1,0=bS1;-1,2=wA3;0,-2=wA2;0,-1=bG1;0,0=wS1;0,1=wS2;0,2=wA1;1,-2=bB1;1,0=wG1;1,2=wQ,wB1
73	23	0.000000	adjudicated	G1|b|23|12|11|-2,-2=wA3;-2,0=bS2;-1,-3=bG2;-1,-2=bQ;-1,0=bS1;0,-2=wA2;0,-1=bG1;0,0=wS1;0,1=wS2;0,2=wA1;0,3=bA1;1,-2=bB1;1,0=wG1;1,2=wQ,wB1
73	25	0.000000	adjudicated	G1|b|25|13|12|-3,-1=bG2;-2,-2=wA3;-2,0=bS2;-1,-2=bQ;-1,0=bS1;-1,2=wG1;0,-2=wA2;0,-1=bG1;0,0=wS1;0,1=wS2;0,2=wA1;0,3=bA1;1,-2=bB1;1,2=wQ,wB1
73	27	0.000000	adjudicated	G1|b|27|14|13|-3,-1=bG2;-2,-3=wG2;-2,-2=wA3;-2,0=bS2;-1,-2=bQ;-1,0=bS1;-1,2=wG1;-1,4=bB2;0,-2=wA2;0,-1=bG1;0,0=wS1;0,1=wS2;0,2=wA1;0,3=bA1;1,-2=bB1;1,2=wQ,wB1
73	29	0.000000	adjudicated	G1|b|29|15|14|-4,0=bG3;-3,-1=bG2;-2,-2=wA3;-2,-1=wG2;-2,0=bS2;-1,-2=bQ;-1,0=bS1;-1,2=wG1;-1,4=bB2;0,-2=wA2;0,-1=bG1;0,0=wS1;0,1=wS2;0,2=wA1;0,3=bA1;1,-2=bB1;1,2=wQ,wB1
73	31	0.000000	adjudicated	G1|b|31|16|15|-4,0=bG3;-3,-1=bG2;-2,-1=wG2;-2,0=bS2;-1,0=bS1;-1,2=wG1;-1,4=bB2;0,-3=bQ;0,-2=wA2;0,-1=bG1;0,0=wS1;0,1=wS2;0,2=wA1;0,3=bA1;1,-4=wA3;1,-2=bB1;1,2=wQ,wB1
73	33	0.000000	adjudicated	G1|b|33|17|16|-4,0=bG3;-3,-1=bG2;-2,-1=wG2;-2,0=bS2;-1,0=bS1;-1,2=wG1;-1,4=bB2;0,-3=bQ;0,-2=wA2;0,-1=bG1,bB1;0,0=wS1;0,1=wS2;0,2=wA1,wB1;0,3=bA1;1,-4=wA3;1,2=wQ
73	35	0.000000	adjudicated	G1|b|35|18|17|-4,0=bG3;-3,-1=bG2;-2,-1=wG2;-2,0=bS2;-1,0=bS1,bB1;-1,2=wG1;-1,4=bB2;0,-3=bQ;0,-2=wA2;0,-1=bG1;0,0=wS1;0,1=wS2;0,2=wA1,wB1;0,3=bA1;1,-4=wA3;1,3=wQ
73	37	0.000000	adjudicated	G1|b|37|19|18|-4,0=bG3;-3,-1=bG2;-2,-1=wG2;-2,0=bS2;-1,0=bS1,bB1;-1,2=wG1;0,-3=bQ;0,-2=wA2;0,-1=bG1;0,0=wS1;0,1=wS2;0,2=wA1,wB1;0,3=bA1;0,4=bB2;1,-4=wA3;1,4=wQ
73	39	0.000000	adjudicated	G1|b|39|20|19|-4,0=bG3;-3,-2=bA2;-3,-1=bG2;-2,-1=wG2;-2,0=bS2;-1,0=bS1,bB1;-1,2=wG1;0,-3=bQ;0,-2=wA2;0,-1=bG1;0,0=wS1;0,1=wS2;0,2=wA1,wB1;0,3=bA1;0,4=bB2;1,-4=wA3;1,0=wB2;1,4=wQ
73	41	0.000000	adjudicated	G1|b|41|21|20|-4,0=bG3;-3,-1=bG2;-2,-1=wG2;-2,0=bS2;-1,0=bS1,bB1;-1,2=wG1;0,-3=bQ;0,-2=wA2;0,-1=bG1;0,0=wS1;0,1=wS2;0,2=wA1,wB1;0,3=bA1;0,4=bB2;1,-4=wA3;1,0=wB2;1,4=wQ;1,5=bA2;2,-1=wG3
73	43	0.000000	adjudicated	G1|b|43|22|21|-4,0=bG3;-3,-1=bG2;-3,1=bA3;-2,-1=wG2;-2,0=bS2;-1,0=bS1,bB1;-1,2=wG1;0,-3=bQ;0,-2=wA2;0,-1=bG1;0,0=wS1;0,1=wS2;0,2=wA1;0,3=bA1;0,4=bB2;1,-4=wA3;1,0=wB2;1,1=wB1;1,4=wQ;1,5=bA2;2,-1=wG3
73	45	0.000000	adjudicated	G1|b|45|23|22|-4,0=bG3;-3,-1=bG2;-2,-1=wG2;-2,0=bS2;-1,0=bS1,bB1;-1,2=wG1;0,-3=bQ;0,-2=wA2;0,-1=bG1;0,0=wS1;0,1=wS2;0,2=wA1;0,3=bA1;0,4=bB2;0,5=bA3;1,-4=wA3;1,0=wB2;1,1=wB1;1,5=bA2;2,-1=wG3;2,4=wQ
73	47	0.000000	adjudicated	G1|b|47|24|23|-4,0=bG3;-3,-1=bG2;-2,-1=wG2;-2,0=bS2;-2,1=bB1;-1,0=bS1;-1,2=wG1;0,-3=bQ;0,-2=wA2;0,-1=bG1;0,0=wS1;0,1=wS2;0,2=wA1;0,3=bA1;0,4=bB2;0,5=bA3;1,-4=wA3;1,0=wB2;1,2=wB1;1,5=bA2;2,-1=wG3;2,4=wQ
73	49	0.000000	adjudicated	G1|b|49|25|24|-3,-1=bG2;-2,-2=bG3;-2,-1=wG2;-2,0=bS2;-2,1=bB1;-1,0=bS1;-1,2=wG1;0,-3=bQ;0,-2=wA2;0,-1=bG1;0,0=wS1;0,1=wS2;0,2=wA1;0,3=bA1;0,4=bB2;0,5=bA3;1,-3=wA3;1,0=wB2;1,2=wB1;1,5=bA2;2,-1=wG3;2,4=wQ
73	51	0.000000	adjudicated	G1|b|51|26|25|-4,0=bG3;-3,-1=bG2;-2,-1=wG2;-2,0=bS2;-2,1=bB1;-1,0=bS1;-1,2=wG1;0,-3=bQ;0,-2=wA2;0,-1=bG1;0,0=wS1;0,1=wS2;0,2=wA1,wB1;0,3=bA1;0,4=bB2;0,5=bA3;1,-3=wA3;1,0=wB2;1,5=bA2;2,-1=wG3;2,4=wQ
73	53	0.000000	adjudicated	G1|b|53|27|26|-4,0=bG3;-3,-1=bG2;-2,-1=wG2;-2,0=bS2;-2,1=bB1;-2,3=wG3;-1,0=bS1;-1,2=wG1;0,-2=wA2;0,-1=bG1;0,0=wS1;0,1=wS2;0,2=wA1,wB1;0,3=bA1;0,4=bB2;0,5=bA3;1,-4=bQ;1,-3=wA3;1,0=wB2;1,5=bA2;2,4=wQ
73	55	0.000000	adjudicated	G1|b|55|28|27|-3,-1=bG2;-2,-2=bG3;-2,-1=wG2;-2,0=bS2;-2,1=bB1;-2,3=wG3;-1,0=bS1;-1,2=wG1;0,-2=wA2;0,-1=bG1;0,0=wS1,wB2;0,1=wS2;0,2=wA1,wB1;0,3=bA1;0,4=bB2;0,5=bA3;1,-4=bQ;1,-3=wA3;1,5=bA2;2,4=wQ
73	57	0.000000	adjudicated	G1|b|57|29|28|-3,-1=bG2;-2,-2=bG3;-2,-1=wG2;-2,0=bS2;-2,3=wG3;-1,0=bS1,wB2;-1,1=bB1;-1,2=wG1;0,-2=wA2;0,-1=bG1;0,0=wS1;0,1=wS2;0,2=wA1,wB1;0,3=bA1;0,4=bB2;0,5=bA3;1,-4=bQ;1,-3=wA3;1,5=bA2;2,4=wQ
73	59	0.000000	adjudicated	G1|b|59|30|29|-3,-1=bG2;-2,-2=bG3;-2,-1=wG2;-2,0=bS2;-1,0=bS1,wB2;-1,2=wG1,bB1;0,-2=wA2;0,-1=bG1;0,0=wS1;0,1=wS2;0,2=wA1,wB1;0,3=bA1;0,4=bB2;0,5=bA3;1,-4=bQ;1,-3=wA3;1,0=wG3;1,5=bA2;2,4=wQ
73	61	0.000000	adjudicated	G1|b|61|31|30|-3,-1=bG2;-2,-2=bG3;-2,-1=wG2;-2,0=bS2;-1,0=bS1;-1,1=wB2;-1,2=wG1,bB1;0,-3=bQ;0,-2=wA2;0,-1=bG1;0,0=wS1;0,1=wS2;0,2=wA1,wB1;0,3=bA1;0,4=bB2;0,5=bA3;1,-3=wA3;1,0=wG3;1,5=bA2;2,4=wQ
73	63	0.000000	adjudicated	G1|b|63|32|31|-3,-1=bG2;-2,-2=bG3;-2,-1=wG2;-2,0=bS2;-1,0=bS1,wB2;-1,2=wG1,bB1;0,-2=wA2;0,-1=bG1;0,0=wS1;0,1=wS2;0,2=wA1,wB1;0,3=bA1;0,4=bB2;0,5=bA3;1,-4=bQ;1,-3=wA3;1,0=wG3;1,5=bA2;2,4=wQ
73	65	0.000000	adjudicated	G1|b|65|33|32|-3,-1=bG2;-3,4=wG3;-2,-2=bG3;-2,-1=wG2;-2,0=bS2;-2,3=bB1;-1,0=bS1,wB2;-1,2=wG1;0,-2=wA2;0,-1=bG1;0,0=wS1;0,1=wS2;0,2=wA1,wB1;0,3=bA1;0,4=bB2;0,5=bA3;1,-4=bQ;1,-3=wA3;1,5=bA2;2,4=wQ
73	67	0.000000	adjudicated	G1|b|67|34|33|-3,-1=bG2;-3,4=wG3;-2,-1=wG2;-2,0=bS2;-2,1=bG3;-2,3=bB1;-1,0=bS1;-1,2=wG1;0,-2=wA2;0,-1=bG1;0,0=wS1,wB2;0,1=wS2;0,2=wA1,wB1;0,3=bA1;0,4=bB2;0,5=bA3;1,-4=bQ;1,-3=wA3;1,5=bA2;2,4=wQ
73	69	0.000000	adjudicated	G1|b|69|35|34|-3,-1=bG2;-3,4=wG3;-2,-1=wG2;-2,0=bS2;-2,1=bG3;-2,3=bB1;-1,0=bS1;-1,2=wG1;0,-2=wA2;0,-1=bG1,wB2;0,0=wS1;0,1=wS2;0,2=wA1,wB1;0,3=bA1;0,4=bB2;0,5=bA3;1,-3=wA3;1,5=bA2;2,-4=bQ;2,4=wQ
73	71	0.000000	adjudicated	G1|b|71|36|35|-3,-1=bG2;-3,4=wG3;-2,-1=wG2;-2,0=bS2;-2,1=bG3;-2,3=bB1;-1,0=bS1;-1,2=wG1;0,-2=wA2,wB2;0,-1=bG1;0,0=wS1;0,1=wS2;0,2=wA1,wB1;0,3=bA1;0,4=bB2;0,5=bA3;1,-4=bQ;1,-3=wA3;1,5=bA2;2,4=wQ
73	73	0.000000	adjudicated	G1|b|73|37|36|-3,-1=bG2;-3,4=wG3;-2,-1=wG2;-2,0=bS2;-2,1=bG3;-2,3=bB1;-1,0=bS1;-1,2=wG1;-1,3=wB1;0,-2=wA2,wB2;0,-1=bG1;0,0=wS1;0,1=wS2;0,2=wA1;0,3=bA1;0,4=bB2;0,5=bA3;1,-3=wA3;1,5=bA2;2,-4=bQ;2,4=wQ
73	75	0.000000	adjudicated	G1|b|75|38|37|-3,-1=bG2;-3,4=wG3;-2,-1=wG2;-2,0=bS2;-2,1=bG3;-2,3=bB1;-1,0=bS1;-1,2=wG1;-1,3=wB1;0,-2=wA2,wB2;0,-1=bG1;0,0=wS1;0,1=wS2;0,3=bA1;0,4=bB2;0,5=bA3;1,-5=wA1;1,-4=bQ;1,-3=wA3;1,5=bA2;2,4=wQ
73	77	0.000000	adjudicated	G1|b|77|39|38|-3,4=wG3;-2,-1=wG2;-2,0=bS2;-2,1=bG3;-2,3=bB1;-1,-1=bG2;-1,0=bS1;-1,2=wG1;-1,3=wB1;0,-4=wA1;0,-2=wA2,wB2;0,-1=bG1;0,0=wS1;0,1=wS2;0,3=bA1;0,4=bB2;0,5=bA3;1,-4=bQ;1,-3=wA3;1,5=bA2;2,4=wQ
73	79	0.000000	adjudicated	G1|b|79|40|39|-3,4=wG3;-2,-1=wG2;-2,1=bG3;-2,2=bS2;-2,3=bB1;-1,-1=bG2;-1,0=bS1;-1,2=wG1;-1,3=wB1;0,-4=wA1;0,-3=wB2;0,-2=wA2;0,-1=bG1;0,0=wS1;0,1=wS2;0,3=bA1;0,4=bB2;0,5=bA3;1,-4=bQ;1,-3=wA3;1,5=bA2;2,4=wQ
73	81	0.000000	adjudicated	G1|b|81|41|40|-3,4=wG3;-2,-1=wG2;-2,1=bG3;-2,2=bS2;-2,3=bB1;-1,-1=bG2;-1,0=bS1;-1,2=wG1;-1,3=wB1;0,-4=wA1;0,-3=wB2;0,-2=wA2;0,-1=bG1;0,1=wS2;0,3=bA1;0,4=bB2;0,5=bA3;1,-3=wA3;1,5=bA2;2,-4=bQ;2,-3=wS1;2,4=wQ
73	83	0.000000	adjudicated	G1|b|83|42|41|-3,4=wG3;-2,-1=wG2;-2,1=bG3;-2,2=bS2;-2,3=bB1;-1,-1=bG2;-1,0=bS1;-1,2=wG1;-1,3=wB1;0,-3=wB2;0,-2=wA2;0,-1=bG1;0,1=wS2;0,3=bA1;0,4=bB2;0,5=bA3;1,-3=wA3;1,5=bA2;2,-4=wA1;2,-3=wS1;2,4=wQ;3,-4=bQ
73	85	0.000000	adjudicated	G1|b|85|43|42|-3,4=wG3;-2,-1=wG2;-2,1=bG3;-2,2=bS2;-2,3=bB1;-1,-1=bG2;-1,0=bS1;-1,2=wG1;-1,3=wB1;0,-3=wB2;0,-2=wA2;0,-1=bG1;0,1=wS2;0,3=bA1;0,4=bB2;0,5=bA3;1,-3=wA3;1,5=bA2;2,-4=wA1;2,4=wQ;3,-5=bQ;4,-6=wS1
73	87	0.000000	adjudicated	G1|b|87|44|43|-3,2=bG1;-3,4=wG3;-2,-1=wG2;-2,1=bG3;-2,2=bS2;-2,3=bB1;-1,-1=bG2;-1,0=bS1;-1,2=wG1;-1,3=wB1;0,-3=wB2;0,-2=wA2;0,1=wS2;0,3=bA1;0,4=bB2;0,5=bA3;1,-3=wA3;1,5=bA2;2,-4=wA1;2,5=wQ;3,-5=bQ;4,-6=wS1
73	89	0.000000	adjudicated	G1|b|89|45|44|-3,4=wG3;-2,-1=wG2;-2,1=bG3;-2,2=bS2;-2,3=bB1;-1,-1=bG2;-1,0=bS1;-1,2=wG1;-1,3=wB1;0,-3=wB2;0,-2=wA2;0,-1=bG1;0,1=wS2;0,3=bA1;0,4=bB2;0,5=bA3;1,-4=wS1;1,-3=wA3;1,5=bA2;2,-4=wA1;2,5=wQ;3,-5=bQ
73	91	0.000000	adjudicated	G1|b|91|46|45|-3,4=wG3;-2,-1=wG2;-2,1=bG3;-2,2=bS2;-2,3=bB1;-1,-1=bG2;-1,0=bS1;-1,2=wG1;-1,3=wB1;0,-4=bG1,wB2;0,-2=wA2;0,1=wS2;0,3=bA1;0,4=bB2;0,5=bA3;1,-4=wS1;1,-3=wA3;1,5=bA2;2,-4=wA1;2,5=wQ;3,-5=bQ
73	93	0.000000	adjudicated	G1|b|93|47|46|-3,4=wG3;-2,-1=wG2;-2,1=bG3;-2,2=bS2;-2,3=bB1;-1,-1=bG2;-1,0=bS1;-1,2=wG1;-1,3=wB1;0,-5=wB2;0,-4=bG1;0,-2=wA2;0,1=wS2;0,3=bA1;0,4=bB2;0,5=bA3;1,-4=wS1;1,-3=wA3;1,5=bA2;2,-4=wA1;2,5=wQ;3,-4=bQ
73	95	0.000000	adjudicated	G1|b|95|48|47|-3,4=wG3;-2,-1=wG2;-2,1=bG3;-2,2=bS2;-2,3=bB1;-1,-1=bG2;-1,0=bS1;-1,2=wG1;-1,3=wB1;0,-4=bG1;0,-2=wA2;0,1=wS2;0,3=bA1;0,4=bB2;0,5=bA3;1,-5=wB2;1,-4=wS1;1,-3=wA3;1,5=bA2;2,-4=wA1;2,5=wQ;3,-5=bQ
74	0	1.000000	terminal	G1|w|0|0|0|
74	6	1.000000	terminal	G1|w|6|3|3|0,0=wA1;0,1=wS1;0,2=wQ;1,-3=bS1;1,-2=bA2;1,-1=bA1
74	8	1.000000	terminal	G1|w|8|4|4|-1,1=wS2;0,0=wA1;0,1=wS1;0,2=wQ;1,-3=bS1;1,-2=bA2;1,-1=bA1;2,-1=bQ
74	10	1.000000	terminal	G1|w|10|5|5|-2,1=wG1;-1,1=wS2;0,0=wA1;0,1=wS1;0,2=wQ;1,-4=bA3;1,-3=bS1;1,-2=bA2;1,-1=bA1;2,-1=bQ
74	12	1.000000	terminal	G1|w|12|6|6|-4,2=bA3;-3,2=wB1;-2,1=wG1;-1,1=wS2;0,0=wA1;0,1=wS1;0,2=wQ;1,-3=bS1;1,-2=bA2;1,-1=bA1;2,-1=bQ
74	14	1.000000	terminal	G1|w|14|7|7|-3,2=wB1;-2,1=wG1;-1,1=wS2;0,0=wA1;0,1=wS1;1,-3=bS1;1,-2=bA2;1,-1=bA1;1,1=wQ;2,-1=bQ;2,1=bA3
74	16	1.000000	terminal	G1|w|16|8|8|-3,2=wB1;-2,1=wG1;-2,2=wG2;-1,1=wS2;0,0=wA1;0,1=wS1;1,-3=bS1;1,-2=bA2;1,-1=bA1;1,1=wQ;2,-1=bQ;2,1=bA3;3,1=bG1
74	18	1.000000	terminal	G1|w|18|9|9|-3,2=wB1;-2,0=wG3;-2,1=wG1;-2,2=wG2;-1,1=wS2;0,0=wA1;0,1=wS1;1,-3=bS1;1,-2=bA2;1,-1=bA1;1,1=wQ;2,-1=bQ;2,1=bA3;3,1=bG1;4,0=bB1
74	20	1.000000	terminal	G1|w|20|10|10|-3,0=wA2;-3,2=wB1;-2,0=wG3;-2,1=wG1;-2,2=wG2;-1,1=wS2;0,0=wA1;0,1=wS1;1,-3=bS1;1,-2=bA2;1,-1=bA1;1,1=wQ;2,-1=bQ;2,1=bA3;3,1=bG1;4,-1=bB2;4,0=bB1
74	22	1.000000	terminal	G1|w|22|11|11|-3,0=wA2;-3,2=wB1;-2,0=wG3;-2,1=wG1;-2,2=wG2;-1,1=wS2;0,0=wA1;0,1=wS1;0,2=wB2;1,-3=bS1;1,-2=bA2;1,-1=bA1;1,1=wQ;2,-1=bQ;2,1=bA3;3,1=bG1;4,-2=bG2;4,-1=bB2;4,0=bB1
74	24	1.000000	terminal	G1|w|24|12|12|-3,2=wB1;-2,0=wG3;-2,1=wG1;-2,2=wG2;-1,1=wS2;0,0=wA1;0,1=wS1;0,2=wB2;1,-3=bS1;1,-2=bA2;1,-1=bA1;1,1=wQ;2,-1=bQ;2,1=bA3;3,-2=wA2;3,0=bG3;3,1=bG1;4,-2=bG2;4,-1=bB2;4,0=bB1
74	26	1.000000	terminal	G1|w|26|13|13|-3,2=wB1;-2,0=wG3;-2,1=wG1;-2,2=wG2;-1,1=wS2;0,0=wA1;0,1=wS1;1,-3=bS1;1,-2=bA2;1,-1=bA1;1,1=wQ,wB2;1,2=bG3;2,-1=bQ;2,1=bA3;3,-2=wA2;3,1=bG1;4,-2=bG2;4,-1=bB2;4,0=bB1
74	28	1.000000	terminal	G1|w|28|14|14|-3,2=wB1;-2,0=wG3;-2,1=wG1;-1,1=wS2;0,0=wA1;0,1=wS1;1,-3=bS1;1,-2=bA2;1,-1=bA1;1,1=wQ,wB2;1,2=bG3;2,-2=wG2;2,-1=bQ;2,1=bA3;3,-2=wA2;3,1=bG1;3,2=bS2;4,-2=bG2;4,-1=bB2;4,0=bB1
74	30	1.000000	terminal	G1|w|30|15|15|-3,2=wB1;-2,0=wG3;-2,1=wG1;-1,1=wS2;0,0=wA1;1,-3=bS1;1,-2=bA2;1,-1=bA1;1,0=bQ;1,1=wQ,wB2;1,2=bG3;1,3=wS1;2,-2=wG2;2,1=bA3;3,-2=wA2;3,1=bG1;3,2=bS2;4,-2=bG2;4,-1=bB2;4,0=bB1
74	32	1.000000	terminal	G1|w|32|16|16|-3,2=wB1;-2,0=wG3;-2,1=wG1;-1,0=bS1;-1,1=wS2;0,0=wA1;1,-2=bA2;1,-1=bA1;1,0=bQ;1,1=wQ,wB2;1,2=bG3;1,3=wS1;2,-2=wG2;2,-1=wA2;2,1=bA3;3,1=bG1;3,2=bS2;4,-2=bG2;4,-1=bB2;4,0=bB1
74	34	1.000000	terminal	G1|w|34|17|17|-3,2=wB1;-2,0=wG3;-2,1=wG1;-1,0=bS1;-1,1=wS2;0,0=wA1;1,-1=bA1;1,0=bQ;1,1=wQ,wB2;1,2=bG3;1,3=wS1;2,-1=wA2;2,0=wG2;2,1=bA3;3,1=bG1;3,2=bS2;4,-2=bG2;4,-1=bB2;4,0=bB1;5,-3=bA2
75	0	0.664037	adjudicated	G1|w|0|0|0|
75	7	0.664037	adjudicated	G1|b|7|4|3|-1,-1=wQ;-1,0=wS1;-1,1=wG1;0,0=wA1;1,0=bS1;2,0=bS2;3,0=bB1
75	9	0.664037	adjudicated	G1|b|9|5|4|-1,-1=wQ;-1,0=wS1;-1,1=wG1;0,-2=wB1;0,0=wA1;1,0=bS1;2,0=bS2;3,0=bB1;4,0=bQ
75	11	0.664037	adjudicated	G1|b|11|6|5|-1,-1=wQ,wB1;-1,0=wS1;-1,1=wG1;0,0=wA1;1,0=bS1;2,0=bS2;3,-1=bA1;3,0=bB1;4,0=bQ
75	13	0.664037	adjudicated	G1|b|13|7|6|-2,1=wG2;-1,-1=wQ,wB1;-1,0=wS1;-1,1=wG1;0,0=wA1;1,0=bS1;2,-1=bG1;2,0=bS2;3,-1=bA1;3,0=bB1;4,0=bQ
75	15	0.664037	adjudicated	G1|b|15|8|7|-2,1=wG2;-1,-2=bA1;-1,-1=wQ,wB1;-1,0=wS1;-1,1=wG1;-1,2=wS2;0,0=wA1;1,0=bS1;2,-1=bG1;2,0=bS2;3,0=bB1;4,0=bQ
75	17	0.664037	adjudicated	G1|b|17|9|8|-2,1=wG2;-1,-2=bA1;-1,-1=wQ,wB1;-1,0=wS1;-1,1=wG1;-1,2=wS2;0,1=bG1;1,0=bS1;2,0=bS2;3,0=bB1;4,0=bQ;4,1=wA1
75	19	0.664037	adjudicated	G1|b|19|10|9|-3,1=wB2;-2,1=wG2;-1,-2=bA1;-1,-1=wQ,wB1;-1,0=wS1;-1,1=wG1;-1,2=wS2;0,1=bG1;1,0=bS1;2,0=bS2;3,-1=bB2;3,0=bB1;4,0=bQ;4,1=wA1
75	21	0.664037	adjudicated	G1|b|21|11|10|-4,2=wA1;-3,1=wB2;-2,0=bA1;-2,1=wG2;-1,-1=wQ,wB1;-1,0=wS1;-1,1=wG1;-1,2=wS2;0,1=bG1;1,0=bS1;2,0=bS2;3,-1=bB2;3,0=bB1;4,0=bQ
75	23	0.664037	adjudicated	G1|b|23|12|11|-3,1=wB2;-2,1=wG2;-1,-1=wQ,wB1;-1,0=wS1;-1,1=wG1;-1,2=wS2;0,0=bA1;0,1=bG1;1,0=bS1;2,0=bS2;3,-1=bB2;3,0=bB1;4,0=bQ;4,1=wA1
75	25	0.664037	adjudicated	G1|b|25|13|12|-3,1=wB2;-2,1=wG2;-2,3=wA2;-1,-1=wQ,wB1;-1,0=wS1;-1,1=wG1;-1,2=wS2;0,-1=bA1;0,1=bG1;1,0=bS1;2,0=bS2;3,-1=bB2;3,0=bB1;4,0=bQ;4,1=wA1
75	27	0.664037	adjudicated	G1|b|27|14|13|-3,1=wB2;-2,1=wG2;-1,-2=wA2;-1,-1=wQ,wB1;-1,0=wS1;-1,1=wG1;-1,2=wS2;0,-1=bA1;0,1=bG1;1,0=bS1;1,1=bG2;2,0=bS2;3,-1=bB2;3,0=bB1;4,0=bQ;4,1=wA1
75	29	0.664037	adjudicated	G1|b|29|15|14|-3,1=wB2;-2,-1=bA1;-2,1=wG2;-1,-1=wQ,wB1;-1,0=wS1;-1,1=wG1;-1,2=wS2;0,1=bG1;1,0=bS1;1,1=bG2;2,0=bS2;3,-1=bB2;3,0=bB1;4,0=bQ;4,1=wA1;5,-1=wA2
75	31	0.664037	adjudicated	G1|b|31|16|15|-3,1=wB2;-2,-1=bA1;-2,1=wG2;-2,2=wG3;-1,-1=wQ,wB1;-1,0=wS1;-1,1=wG1;-1,2=wS2;0,-2=bS1;0,1=bG1;1,1=bG2;2,0=bS2;3,-1=bB2;3,0=bB1;4,0=bQ;4,1=wA1;5,-1=wA2
75	33	0.664037	adjudicated	G1|b|33|17|16|-3,1=wB2;-2,-1=bA1;-2,1=wG2;-2,2=wG3;-1,-1=wQ,wB1;-1,0=wS1;-1,2=wS2;0,-2=bS1;0,1=bG1;1,1=bG2;2,0=bS2;2,1=bG3;3,-1=bB2;3,0=bB1;3,1=wG1;4,0=bQ;4,1=wA1;5,-1=wA2
75	35	0.664037	adjudicated	G1|b|35|18|17|-3,1=wB2;-2,-1=bA1;-2,1=wG2;-2,2=wG3;-1,-1=wQ,wB1;-1,0=wS1;-1,2=wS2;0,-2=bS1;0,1=bG1;1,1=bG2;2,0=bS2;2,1=bG3;3,-1=bB2,bB1;3,1=wG1;4,0=bQ;4,1=wA1;4,2=wA3;5,-1=wA2
75	37	0.664037	adjudicated	G1|b|37|19|18|-3,1=wB2;-2,-1=bA1;-2,1=wG2;-2,2=wG3;-1,-1=wQ,wB1;-1,0=wS1;-1,2=wS2;0,-2=bS1;0,1=bG1;1,1=bG2;2,0=bS2;2,1=bG3;3,-1=bB2,bB1;3,1=wG1;4,-2=bA2;4,0=bQ;4,1=wA1;5,-1=wA2;5,0=wA3
75	39	0.664037	adjudicated	G1|b|39|20|19|-3,1=wB2;-2,-1=bA1;-2,1=wG2;-2,2=wG3;-1,-1=wQ,wB1;-1,0=wS1;-1,2=wS2;0,-2=bS1;0,1=bG1;1,1=bG2;2,0=bS2;2,1=bG3;3,-1=bB2,bB1;3,1=wG1;4,-2=bA2;4,-1=bQ;4,1=wA1;5,-2=wA3;5,-1=wA2
75	41	0.664037	adjudicated	G1|b|41|21|20|-3,1=wB2;-2,-1=bA1;-2,1=wG2;-2,2=wG3;-1,-1=wQ,wB1;-1,0=wS1;-1,2=wS2;0,-2=bS1;0,-1=bA2;0,1=bG1;1,1=bG2;2,0=bS2;2,1=bG3;3,-1=bB2,bB1;3,1=wG1;4,-2=wA1;4,-1=bQ;5,-2=wA3;5,-1=wA2
75	43	0.664037	adjudicated	G1|b|43|22|21|-3,1=wB2;-3,2=wA1;-2,-1=bA1;-2,1=wG2;-2,2=wG3;-1,-1=wQ,wB1;-1,0=wS1;-1,2=wS2;0,-2=bS1;0,-1=bA2;0,1=bG1;1,1=bG2;2,0=bS2;2,1=bG3;3,-1=bB2,bB1;3,1=wG1;4,0=bQ;5,-2=wA3;5,-1=wA2
75	45	0.664037	adjudicated	G1|b|45|23|22|-3,1=wB2;-3,2=wA1;-2,-1=bA1;-2,1=wG2;-2,2=wG3;-1,-1=wQ,wB1;-1,0=wS1;-1,2=wS2;0,-2=bS1;0,-1=bA2;0,1=bG1;1,1=bG2;2,0=bS2,bB1;2,1=bG3;3,-1=bB2;3,1=wG1;4,-1=wA3;4,0=bQ;5,-1=wA2
75	47	0.664037	adjudicated	G1|b|47|24|23|-3,1=wB2;-3,2=wA1;-2,-1=bA1;-2,1=wG2;-2,2=wG3;-1,-1=wQ,wB1;-1,0=wS1;-1,2=wS2;0,-2=bS1;0,-1=bA2;0,1=bG1;1,1=bG2;2,0=bS2,bB1;2,1=bG3;3,-1=bB2;3,1=wG1;4,-1=wA3;4,0=wA2;4,1=bQ
75	49	0.664037	adjudicated	G1|b|49|25|24|-3,1=wB2;-2,-1=bA1;-2,1=wG2;-2,2=wG3;-1,-1=wQ,wB1;-1,0=wS1;-1,2=wS2;0,-2=bS1;0,-1=bA2;0,1=bG1;1,1=bG2;2,0=bS2,bB1;2,1=bG3;2,3=wA1;3,-1=bB2;3,1=wG1;3,2=bQ;4,-1=wA3;4,0=wA2
75	51	0.664037	adjudicated	G1|b|51|26|25|-3,1=wB2;-2,-1=bA1;-2,1=wG2;-2,2=wG3;-1,-1=wQ,wB1;-1,0=wS1;-1,2=wS2;0,-2=bS1;0,-1=bA2;0,1=bG1;1,1=bG2;2,0=bS2,bB1,bB2;2,1=bG3;2,3=wA1;3,1=wG1;3,2=bQ;4,0=wA2;4,1=wA3
75	53	0.664037	adjudicated	G1|b|53|27|26|-3,1=wB2;-2,-1=bA1;-2,1=wG2;-2,2=wG3;-1,-1=wQ,wB1;-1,0=wS1;-1,2=wS2;0,-2=bS1;0,-1=bA2;0,1=bG1;1,1=bG2;2,0=bS2,bB1;2,1=bG3,bB2;2,2=wA2;2,3=wA1;3,1=wG1;3,2=bQ;4,1=wA3
75	55	0.664037	adjudicated	G1|b|55|28|27|-3,1=wB2;-2,-1=bA1;-2,1=wG2;-2,2=wG3;-1,-1=wQ,wB1;-1,0=wS1;-1,2=wS2;0,-2=bS1;0,-1=bA2;0,1=bG1;1,1=bG2;2,0=bS2,bB1;2,1=bG3,bB2;2,2=wA2;2,3=wA1;3,1=wG1;3,2=wA3;3,3=bQ
75	57	0.664037	adjudicated	G1|b|57|29|28|-3,1=wB2;-2,-1=bA1;-2,1=wG2;-2,2=wG3;-1,-1=wQ,wB1;-1,0=wS1;-1,2=wS2;0,-2=bS1;0,-1=bA2;0,1=bG1;1,1=bG2;2,0=bS2,bB1;2,1=bG3,bB2;2,2=wA2;2,3=wA1;2,4=bQ;3,2=wA3;3,3=wG1
75	59	0.664037	adjudicated	G1|b|59|30|29|-2,-1=bA1;-2,0=wB2;-2,1=wG2;-2,2=wG3;-1,-1=wQ,wB1;-1,0=wS1;-1,2=wS2;0,-2=bS1;0,-1=bA2;0,1=bG1;1,1=bG2;1,4=bQ;2,0=bS2,bB1;2,1=bG3,bB2;2,2=wA2;2,3=wA1;3,2=wA3;3,3=wG1
75	61	0.664037	adjudicated	G1|b|61|31|30|-2,-1=bA1;-2,1=wG2;-2,2=wG3;-1,-1=wQ,wB1,wB2;-1,0=wS1;-1,2=wS2;0,-2=bS1;0,-1=bA2;0,1=bG1;1,1=bG2,bB2;1,4=bQ;2,0=bS2,bB1;2,1=bG3;2,2=wA2;2,3=wA1;3,2=wA3;3,3=wG1
75	63	0.664037	adjudicated	G1|b|63|32|31|-2,-1=bA1;-2,1=wG2;-2,2=wG3;-1,-1=wQ,wB1,wB2;-1,0=wS1;-1,2=wS2;0,-2=bS1;0,-1=bA2;0,1=bG1;0,4=wA3;1,0=bB2;1,1=bG2;1,4=bQ;2,0=bS2,bB1;2,1=bG3;2,2=wA2;2,3=wA1;3,3=wG1
75	65	0.664037	adjudicated	G1|b|65|33|32|-2,-1=bA1;-2,1=wG2;-2,2=wG3;-1,-1=wQ,wB1,wB2;-1,0=wS1;-1,2=wS2;0,-2=bS1;0,-1=bA2;0,1=bG1;0,4=wA3;1,0=bB2;1,3=wG1;1,4=bQ;2,0=bS2,bB1;2,1=bG3;2,2=wA2;2,3=wA1;3,-1=bG2
75	67	0.664037	adjudicated	G1|b|67|34|33|-2,-1=bA1;-2,1=wG2;-2,2=wG3;-1,-1=wQ,wB1,wB2;-1,0=wS1;-1,2=wS2;0,-2=bS1;0,-1=bA2;0,1=bG1;1,0=bB2;1,3=wG1;1,4=wA3;2,0=bS2,bB1;2,1=bG3;2,2=wA2;2,3=wA1;2,4=bQ;3,-1=bG2
75	69	0.664037	adjudicated	G1|b|69|35|34|-2,-1=bA1;-2,1=wG2;-2,2=wG3;-1,-1=wQ,wB1,wB2;-1,0=wS1;-1,2=wS2;0,-2=bS1;0,-1=bA2;0,1=bG1;0,2=wA3;1,0=bB2;1,3=wG1;2,0=bS2,bB1;2,1=bG3;2,2=wA2;2,3=wA1;3,-1=bG2;3,3=bQ
75	71	0.664037	adjudicated	G1|b|71|36|35|-2,-1=bA1;-2,1=wG2;-2,2=wG3;-1,-1=wQ,wB1,wB2;-1,0=wS1;-1,2=wS2;0,-3=bA3;0,-2=bS1;0,-1=bA2;0,1=bG1;1,0=bB2;1,3=wG1;2,0=bS2,bB1;2,1=bG3;2,2=wA2;2,3=wA1;3,-1=bG2;3,3=bQ;4,2=wA3
75	73	0.664037	adjudicated	G1|b|73|37|36|-2,-1=bA1;-2,1=wG2;-2,2=wG3;-1,-2=bA3;-1,-1=wQ,wB1,wB2;-1,0=wS1;-1,2=wS2;0,-2=bS1;0,-1=bA2;0,1=bG1;1,0=bB2;2,0=bS2,bB1;2,1=bG3;2,2=wA2;2,3=wA1;3,-1=bG2;3,3=bQ;4,2=wA3;4,3=wG1
75	75	0.664037	adjudicated	G1|b|75|38|37|-2,-1=bA1;-2,1=wG2;-2,2=wG3;-1,-2=bA3,wB2;-1,-1=wQ,wB1;-1,0=wS1;-1,2=wS2;0,-2=bS1;0,-1=bA2;0,1=bG1;1,0=bB2;2,0=bS2;2,1=bG3;2,2=wA2;2,3=wA1;3,-1=bG2;3,0=bB1;3,3=bQ;4,2=wA3;4,3=wG1
75	77	0.664037	adjudicated	G1|b|77|39|38|-2,-1=bA1;-2,1=wG2;-2,2=wG3;-1,-3=wB2;-1,-2=bA3;-1,-1=wQ,wB1;-1,0=wS1;-1,2=wS2;0,-2=bS1;0,-1=bA2;0,1=bG1;1,0=bB2;2,0=bS2;2,1=bG3;2,2=wA2;2,3=wA1;3,-1=bG2,bB1;3,3=bQ;4,2=wA3;4,3=wG1
75	79	0.664037	adjudicated	G1|b|79|40|39|-2,-1=bA1;-2,1=wG2;-2,2=wG3;-1,-3=wB2;-1,-2=bA3;-1,-1=wQ,wB1;-1,0=wS1;-1,2=wS2;0,-2=bS1;0,-1=bA2;0,1=bG1;1,0=bB2;2,0=bS2;2,1=bG3;2,2=wA2;2,3=wA1;2,4=wA3;3,-1=bG2;3,3=bQ;4,-2=bB1;4,3=wG1
75	81	0.664037	adjudicated	G1|b|81|41|40|-2,-1=bA1;-2,1=wG2;-2,2=wG3;-1,-3=wB2;-1,-2=bA3;-1,-1=wQ,wB1;-1,0=wS1;-1,2=wS2;0,-2=bS1;0,-1=bA2;0,1=bG1;1,0=bB2;2,0=bS2;2,1=bG3;2,2=wA2;2,3=wA1;3,-1=bG2;3,3=bQ;3,4=wA3;4,-1=bB1;4,3=wG1
75	83	0.664037	adjudicated	G1|b|83|42|41|-2,-1=bA1;-2,1=wG2;-2,2=wG3;-1,-3=wB2;-1,-2=bA3,wB1;-1,-1=wQ;-1,0=wS1;-1,2=wS2;0,-2=bS1;0,-1=bA2;0,1=bG1;1,0=bB2;2,0=bS2;2,1=bG3;2,2=wA2;2,3=wA1;3,-1=bG2,bB1;3,3=bQ;3,4=wA3;4,3=wG1
75	85	0.664037	adjudicated	G1|b|85|43|42|-2,-1=bA1;-2,1=wG2;-2,2=wG3;-1,-3=wB2;-1,-2=bA3,wB1;-1,-1=wQ;-1,0=wS1;-1,2=wS2;0,-2=bS1;0,-1=bA2;0,1=bG1;1,0=bB2;2,0=bS2;2,1=bG3;2,2=wA2;2,3=wA1;3,-1=bG2;3,2=wA3;3,3=bQ;4,-2=bB1;4,3=wG1
75	87	0.664037	adjudicated	G1|b|87|44|43|-2,-1=wQ;-2,1=wG2;-2,2=wG3;-1,-3=wB2;-1,-2=bA3,wB1;-1,0=wS1;-1,2=wS2;0,-2=bS1;0,-1=bA2;0,1=bG1;1,0=bB2;1,1=bA1;2,0=bS2;2,1=bG3;2,2=wA2;2,3=wA1;3,-1=bG2;3,2=wA3;3,3=bQ;4,-2=bB1;4,3=wG1
75	89	0.664037	adjudicated	G1|b|89|45|44|-3,-1=wQ;-2,-2=bA1;-2,1=wG2;-2,2=wG3;-1,-3=wB2;-1,-2=bA3,wB1;-1,0=wS1;-1,2=wS2;0,-2=bS1;0,-1=bA2;0,1=bG1;1,0=bB2;2,0=bS2;2,1=bG3;2,2=wA2;2,3=wA1;3,-1=bG2;3,2=wA3;3,3=bQ;4,-2=bB1;4,3=wG1
75	91	0.664037	adjudicated	G1|b|91|46|45|-3,-1=wQ;-2,-2=bA1;-2,1=wG2;-2,2=wG3;-1,-3=wB2;-1,-2=bA3,wB1;-1,0=wS1;-1,2=wS2;0,-2=bS1;0,-1=bA2;0,1=bG1;1,0=bB2;2,0=bS2;2,1=bG3;2,2=wA2;2,3=wA1;3,-1=bG2,bB1;3,3=bQ;4,-2=wA3;4,3=wG1
75	93	0.664037	adjudicated	G1|b|93|47|46|-3,-1=wQ;-2,-2=bA1;-2,1=wG2;-2,2=wG3;-1,-3=wB2;-1,-2=bA3,wB1;-1,0=wS1;-1,2=wS2;0,-2=bS1;0,-1=bA2;0,1=bG1;1,0=bB2;2,0=bS2;2,1=bG3;2,2=wA2;2,3=wA1;3,-2=bB1;3,-1=bG2;3,3=bQ;4,2=wA3;4,3=wG1
75	95	0.664037	adjudicated	G1|b|95|48|47|-3,-1=wQ;-2,-2=bA1;-2,1=wG2;-2,2=wG3;-1,-3=wB2;-1,-2=bA3;-1,0=wS1;-1,2=wS2;0,-3=wB1;0,-2=bS1;0,-1=bA2;0,1=bG1;1,0=bB2;2,0=bS2;2,1=bG3;2,2=wA2;2,3=wA1;3,-1=bG2;3,3=bQ;4,-2=bB1;4,2=wA3;4,3=wG1
76	0	-0.379949	adjudicated	G1|w|0|0|0|
76	6	-0.379949	adjudicated	G1|w|6|3|3|-1,0=wS2;0,-1=wS1;0,0=wB1;1,0=bA1;2,0=bA2;2,1=bS1
76	8	-0.379949	adjudicated	G1|w|8|4|4|-1,0=wS2;0,-2=wQ;0,-1=wS1;0,0=wB1;1,0=bA1;2,0=bA2;2,1=bS1;2,2=bQ
76	10	-0.379949	adjudicated	G1|w|10|5|5|-1,0=wS2;0,-1=wS1;0,0=wB1;1,-2=wQ;1,0=bA1;2,0=bA2;2,1=bS1;2,2=bQ;3,0=bB1
76	12	-0.379949	adjudicated	G1|w|12|6|6|-1,0=wS2;-1,1=wB2;0,-1=wS1;0,0=wB1;1,-2=wQ;1,0=bA1;2,0=bA2;2,1=bS1;2,2=bQ;3,-1=bS2;3,0=bB1
76	14	-0.379949	adjudicated	G1|w|14|7|7|-1,-1=wA1;-1,0=wS2;-1,1=wB2;0,-1=wS1;0,0=wB1;1,-2=wQ;1,0=bA1;2,-2=bS2;2,0=bA2;2,1=bS1;2,2=bQ;3,0=bB1
76	16	-0.379949	adjudicated	G1|w|16|8|8|-1,0=wS2;-1,1=wB2;0,-1=wS1;0,0=wB1;1,-2=wQ;1,0=bA1;2,-2=bS2;2,0=bA2;2,1=bS1;2,2=bQ;3,0=bB1;3,2=wA1;4,0=bG1
76	18	-0.379949	adjudicated	G1|w|18|9|9|-1,0=wS2;-1,1=wB2;0,-1=wS1;0,0=wB1;1,-2=wQ;1,0=bA1;2,-2=bS2;2,0=bA2;2,1=bS1;2,2=bQ;3,-3=bB2;3,0=bB1;3,2=wA1;3,3=wG1;4,0=bG1
76	20	-0.379949	adjudicated	G1|w|20|10|10|-1,0=wS2;-1,1=wB2;0,-1=wS1;0,0=wB1;1,-2=wQ;1,0=bA1;2,-2=bS2;2,0=bA2;2,1=bS1;2,3=bQ;3,-3=bB2;3,0=bB1;3,1=wG1;3,2=wA1;4,0=bG1
76	22	-0.379949	adjudicated	G1|w|22|11|11|-2,1=wA2;-1,0=wS2;-1,1=wB2;0,-1=wS1;0,0=wB1;1,-2=wQ;1,0=bA1;2,-3=bB2;2,-2=bS2;2,0=bA2;2,1=bS1;2,3=bQ;3,0=bB1;3,1=wG1;3,2=wA1;4,0=bG1
76	24	-0.379949	adjudicated	G1|w|24|12|12|-1,0=wS2;-1,1=wB2;0,-1=wS1;0,0=wB1;1,-3=wA2;1,-2=wQ;1,0=bA1;2,-3=bB2;2,-2=bS2;2,0=bA2;2,1=bS1;2,3=bQ;3,-3=bG2;3,0=bB1;3,1=wG1;3,2=wA1;4,0=bG1
76	26	-0.379949	adjudicated	G1|w|26|13|13|-1,0=wS2;-1,1=wB2;0,-1=wS1;0,0=wB1;1,-2=wQ;1,-1=bG2;1,0=bA1;1,4=wA2;2,-3=bB2;2,-2=bS2;2,0=bA2;2,1=bS1;2,3=bQ;3,0=bB1;3,1=wG1;3,2=wA1;4,0=bG1
76	28	-0.379949	adjudicated	G1|w|28|14|14|-1,0=wS2;-1,1=wB2;0,-1=wS1;0,0=wB1;1,-3=wQ;1,-1=bG2;1,0=bA1;1,4=wA2;2,-3=bB2;2,-2=bS2;2,0=bA2;2,1=bS1;2,3=bQ;3,0=bB1;3,1=wG1;3,2=wA1;4,0=bG1;5,0=bG3
76	30	-0.379949	adjudicated	G1|w|30|15|15|-2,0=bG3;-1,0=wS2;-1,1=wB2;0,-1=wS1;0,0=wB1;0,5=wG2;1,-3=wQ;1,-1=bG2;1,0=bA1;1,4=wA2;2,-3=bB2;2,-2=bS2;2,0=bA2;2,1=bS1;2,3=bQ;3,0=bB1;3,1=wG1;3,2=wA1;4,0=bG1
76	32	-0.379949	adjudicated	G1|w|32|16|16|-2,0=bG3;-2,1=wB2;-1,0=wS2;0,-1=wS1;0,0=wB1;0,5=wG2;1,-3=wQ;1,-1=bG2;1,0=bA1;1,4=wA2;2,-3=bB2;2,-2=bS2;2,0=bA2;2,1=bS1;2,3=bQ;3,-4=bA3;3,0=bB1;3,1=wG1;3,2=wA1;4,0=bG1
76	34	-0.379949	adjudicated	G1|w|34|17|17|-2,0=bG3;-2,1=wB2;-1,0=wS2;-1,5=wG3;0,-1=wS1;0,0=wB1;0,5=wG2;1,-4=bA3;1,-3=wQ;1,-1=bG2;1,0=bA1;1,4=wA2;2,-3=bB2;2,-2=bS2;2,0=bA2;2,1=bS1;2,3=bQ;3,0=bB1;3,1=wG1;3,2=wA1;4,0=bG1
76	36	-0.379949	adjudicated	G1|w|36|18|18|-3,2=wA3;-2,0=bG3;-2,1=wB2;-1,0=wS2;-1,5=wG3;0,-1=wS1;0,0=wB1;0,5=wG2;1,-3=wQ;1,-1=bG2;1,0=bA1;1,2=bA3;1,4=wA2;2,-3=bB2;2,-2=bS2;2,0=bA2;2,1=bS1;2,3=bQ;3,0=bB1;3,1=wG1;3,2=wA1;4,0=bG1
76	38	-0.379949	adjudicated	G1|w|38|19|19|-3,1=bA3;-2,0=bG3;-2,1=wB2;-1,0=wS2;-1,5=wG3;0,-1=wS1;0,0=wB1;0,5=wG2;1,-3=wQ;1,-1=bG2;1,0=bA1;1,4=wA2;2,-3=bB2;2,-2=bS2;2,0=bA2;2,1=bS1;2,3=bQ;2,4=wA3;3,0=bB1;3,1=wG1;3,2=wA1;4,0=bG1
76	40	-0.379949	adjudicated	G1|w|40|20|20|-3,1=bA3;-2,0=bG3;-2,1=wB2;-1,0=wS2;-1,5=wG3;0,-1=wS1;0,5=wG2;1,-3=wQ;1,-1=bG2,wB1;1,0=bA1;1,4=wA2;2,-3=bB2;2,-2=bS2;2,0=bA2;2,1=bS1;2,3=bQ;2,4=wA3;3,1=wG1,bB1;3,2=wA1;4,0=bG1
76	42	-0.379949	adjudicated	G1|w|42|21|21|-2,0=bG3,wB2;-1,0=wS2;-1,5=wG3;0,-2=bA3;0,-1=wS1;0,5=wG2;1,-3=wQ;1,-1=bG2,wB1;1,0=bA1;1,4=wA2;2,-3=bB2;2,-2=bS2;2,0=bA2;2,1=bS1;2,3=bQ;2,4=wA3;3,1=wG1,bB1;3,2=wA1;4,0=bG1
76	44	-0.379949	adjudicated	G1|w|44|22|22|-2,0=bG3,wB2;-1,0=wS2;-1,5=wG3;0,-3=wQ;0,-2=bA3;0,-1=wS1;0,5=wG2;1,-2=bB2;1,-1=bG2,wB1;1,0=bA1;1,4=wA2;2,-2=bS2;2,0=bA2;2,1=bS1;2,3=bQ;2,4=wA3;3,1=wG1,bB1;3,2=wA1;4,0=bG1
76	46	-0.379949	adjudicated	G1|w|46|23|23|-2,0=bG3,wB2;-1,0=wS2;-1,5=wG3;0,-3=wQ;0,-2=bA3;0,-1=wS1;0,5=wG2;1,-3=bB2;1,-1=bG2,wB1;1,0=bA1;1,4=wA2;2,-2=bS2;2,0=bA2;2,1=bS1;2,3=bQ;3,1=wG1,bB1;3,2=wA1;3,3=wA3;4,0=bG1
76	48	-0.379949	adjudicated	G1|w|48|24|24|-2,0=bG3,wB2;-1,-2=wQ;-1,0=wS2;-1,5=wG3;0,-3=bB2;0,-2=bA3;0,-1=wS1;0,5=wG2;1,-1=bG2,wB1;1,0=bA1;1,4=wA2;2,-2=bS2;2,0=bA2;2,1=bS1;2,3=bQ;3,1=wG1,bB1;3,2=wA1;3,3=wA3;4,0=bG1
76	50	-0.379949	adjudicated	G1|w|50|25|25|-2,0=bG3,wB2;-1,-3=wQ;-1,0=wS2;-1,5=wG3;0,-3=bB2;0,-2=bA3;0,-1=wS1;0,5=wG2;1,-1=bG2,wB1;1,0=bA1;1,4=wA2;2,-2=bS2;2,0=bA2;2,1=bS1;2,3=bQ;3,0=bB1;3,1=wG1;3,2=wA1;3,3=wA3;4,0=bG1
76	52	-0.379949	adjudicated	G1|w|52|26|26|-2,0=bG3;-1,-3=wQ;-1,-1=wB2;-1,0=wS2;-1,5=wG3;0,-3=bB2;0,-2=bA3;0,-1=wS1;0,5=wG2;1,-4=bS2;1,-1=bG2,wB1;1,0=bA1;1,4=wA2;2,0=bA2;2,1=bS1;2,3=bQ;3,0=bB1;3,1=wG1;3,2=wA1;3,3=wA3;4,0=bG1
76	54	-0.379949	adjudicated	G1|w|54|27|27|-2,-3=bS2;-2,0=bG3;-1,-3=wQ;-1,-1=wB2;-1,0=wS2;-1,5=wG3;0,-3=bB2;0,-2=bA3;0,-1=wS1;0,0=wB1;0,5=wG2;1,-1=bG2;1,0=bA1;1,4=wA2;2,0=bA2;2,1=bS1;2,3=bQ;3,0=bB1;3,1=wG1;3,2=wA1;3,3=wA3;4,0=bG1
76	56	-0.379949	adjudicated	G1|w|56|28|28|-2,-3=bS2;-2,0=bG3;-1,-3=wQ;-1,-1=wB2;-1,0=wS2;-1,5=wG3;0,-3=bB2;0,-2=bA3;0,-1=wS1;0,0=wB1;0,5=wG2;1,-3=bG2;1,-2=wA3;1,0=bA1;1,4=wA2;2,0=bA2;2,1=bS1;2,3=bQ;3,0=bB1;3,1=wG1;3,2=wA1;4,0=bG1
76	58	-0.379949	adjudicated	G1|w|58|29|29|-2,-3=bS2;-1,-3=wQ;-1,-1=wB2;-1,0=wS2;-1,5=wG3;0,-3=bB2;0,-2=bA3;0,-1=wS1;0,0=wB1;0,5=wG2;1,-3=bG2;1,0=bA1;1,3=wA3;1,4=wA2;2,-4=bG3;2,0=bA2;2,1=bS1;2,3=bQ;3,0=bB1;3,1=wG1;3,2=wA1;4,0=bG1
76	60	-0.379949	adjudicated	G1|w|60|30|30|-2,-3=bS2;-1,-4=wA3;-1,-3=wQ;-1,-1=wB2;-1,0=wS2;-1,5=wG3;0,-3=bB2;0,-2=bA3;0,-1=wS1;0,0=wB1;0,5=wG2;1,-3=bG2;1,0=bA1;1,4=wA2;2,-4=bG3;2,0=bA2,bB1;2,1=bS1;2,3=bQ;3,1=wG1;3,2=wA1;4,0=bG1
76	62	-0.379949	adjudicated	G1|w|62|31|31|-2,-3=bS2;-1,-3=wQ;-1,-1=wB2;-1,0=wS2;-1,5=wG3;0,-3=bB2;0,-2=bA3;0,-1=wS1;0,0=wB1;0,5=wG2;1,-3=bG2;1,0=bA1,bB1;1,4=wA2;2,-4=bG3;2,0=bA2;2,1=bS1;2,3=bQ;3,1=wG1;3,2=wA1;3,3=wA3;4,0=bG1
76	64	-0.379949	adjudicated	G1|w|64|32|32|-2,-3=bS2;-1,-3=wQ;-1,-1=bG3;-1,0=wS2;-1,5=wG3;0,-3=bB2;0,-2=bA3,wB2;0,-1=wS1;0,0=wB1;0,5=wG2;1,-3=bG2;1,0=bA1,bB1;1,4=wA2;2,0=bA2;2,1=bS1;2,3=bQ;3,1=wG1;3,2=wA1;3,3=wA3;4,0=bG1
76	66	-0.379949	adjudicated	G1|w|66|33|33|-2,-3=bS2;-2,-2=bA2;-1,-3=wQ;-1,-1=bG3;-1,5=wG3;0,-3=bB2;0,-2=bA3,wB2;0,-1=wS1;0,0=wB1;0,5=wG2;1,-3=bG2;1,0=bA1,bB1;1,1=wS2;1,4=wA2;2,1=bS1;2,3=bQ;3,1=wG1;3,2=wA1;3,3=wA3;4,0=bG1
76	68	-0.379949	adjudicated	G1|w|68|34|34|-2,-3=bS2;-2,-2=bA2;-1,-3=wQ;-1,5=wG3;0,-3=bB2;0,-2=bA3,wB2;0,-1=wS1;0,0=wB1;0,5=wG2;1,-3=bG2;1,0=bA1,bB1;1,1=wS2;1,3=wA3;1,4=wA2;2,-4=bG3;2,1=bS1;2,3=bQ;3,1=wG1;3,2=wA1;4,0=bG1
76	70	-0.379949	adjudicated	G1|w|70|35|35|-2,-3=bS2;-2,-2=bA2;-1,-3=wQ;-1,5=wG3;0,-3=bB2;0,-2=bA3;0,-1=wS1;0,0=wB1,bB1;0,5=wG2;1,-3=bG2,wB2;1,0=bA1;1,1=wS2;1,3=wA3;1,4=wA2;2,-4=bG3;2,1=bS1;2,3=bQ;3,1=wG1;3,2=wA1;4,0=bG1
76	72	-0.379949	adjudicated	G1|w|72|36|36|-2,-3=bS2;-1,-3=wQ;-1,5=wG3;0,-3=bB2;0,-2=bA3;0,-1=wS1;0,0=wB1,bB1;0,5=wG2;1,-3=bG2,wB2;1,0=bA1;1,1=wS2;1,4=wA2;2,-4=bG3;2,-3=bA2;2,1=bS1;2,3=bQ;3,1=wG1;3,2=wA1;3,3=wA3;4,0=bG1
76	74	-0.379949	adjudicated	G1|w|74|37|37|-2,-3=bS2;-1,-3=wQ;-1,5=wG3;0,-3=bB2;0,-2=bA3;0,-1=wS1;0,0=wB1,bB1;0,5=wG2;1,-3=bG2,wB2;1,-2=bA2;1,0=bA1;1,1=wS2;1,4=wA2;2,-4=bG3;2,1=bS1;2,3=bQ;2,4=wA3;3,1=wG1;3,2=wA1;4,0=bG1
76	76	-0.379949	adjudicated	G1|w|76|38|38|-2,-3=bS2;-1,-3=wQ;-1,-2=bA2;-1,5=wG3;0,-3=bB2,wB2;0,-2=bA3;0,-1=wS1;0,0=wB1,bB1;0,5=wG2;1,-3=bG2;1,0=bA1;1,1=wS2;1,4=wA2;2,-4=bG3;2,1=bS1;2,3=bQ;2,4=wA3;3,1=wG1;3,2=wA1;4,0=bG1
76	78	-0.379949	adjudicated	G1|w|78|39|39|-2,-3=bS2;-1,-3=wQ;-1,-2=bA2,wB2;-1,5=wG3;0,-3=bB2;0,-2=bA3;0,-1=wS1;0,0=wB1;0,5=wG2;1,-3=bG2;1,-1=bB1;1,0=bA1;1,1=wS2;1,4=wA2;2,-4=bG3;2,1=bS1;2,3=bQ;2,4=wA3;3,1=wG1;3,2=wA1;4,0=bG1
76	80	-0.379949	adjudicated	G1|w|80|40|40|-2,-3=bS2;-1,-3=wQ;-1,-2=bA2;-1,-1=wB2;-1,5=wG3;0,-3=bB2;0,-2=bA3;0,-1=wS1;0,0=wB1;0,5=wG2;1,-3=bG2;1,0=bA1,bB1;1,1=wS2;1,4=wA2;2,-4=bG3;2,1=bS1;2,3=bQ;2,4=wA3;3,1=wG1;3,2=wA1;4,0=bG1
76	82	-0.379949	adjudicated	G1|w|82|41|41|-2,-3=bS2;-1,-3=wQ;-1,-2=bA2;-1,5=wG3;0,-3=bB2;0,-2=bA3;0,-1=wS1,wB2;0,0=wB1;0,1=bB1;0,5=wG2;1,-3=bG2;1,0=bA1;1,1=wS2;1,4=wA2;2,-4=bG3;2,1=bS1;2,3=bQ;2,4=wA3;3,1=wG1;3,2=wA1;4,0=bG1
76	84	-0.379949	adjudicated	G1|w|84|42|42|-2,-3=bS2;-1,-4=bA1;-1,-3=wQ;-1,-2=bA2;0,-3=bB2;0,-2=bA3;0,-1=wS1,wB2;0,0=wB1;0,1=bB1;0,5=wG2;1,-3=bG2;1,1=wS2;1,4=wA2;1,5=wG3;2,-4=bG3;2,1=bS1;2,3=bQ;2,4=wA3;3,1=wG1;3,2=wA1;4,0=bG1
76	86	-0.379949	adjudicated	G1|w|86|43|43|-2,-3=bS2;-1,-4=bA1;-1,-3=wQ;-1,-2=bA2;0,-3=bB2;0,-2=bA3;0,-1=wS1,wB2;0,0=wB1;0,1=bB1;0,5=wG2;1,-3=bG2;1,1=wS2;1,3=bQ;1,4=wA2;2,-4=bG3;2,1=bS1;2,4=wA3;3,1=wG1;3,2=wA1;3,3=wG3;4,0=bG1
76	88	-0.379949	adjudicated	G1|w|88|44|44|-2,-3=bS2;-1,-4=bA1;-1,-3=wQ;-1,-2=bA2;0,-3=bB2;0,-2=bA3;0,-1=wS1,wB2;0,0=wB1;0,1=bB1;0,4=bQ;1,-3=bG2;1,1=wS2;1,4=wA2;2,-4=bG3;2,1=bS1;2,3=wG2;2,4=wA3;3,1=wG1;3,2=wA1;3,3=wG3;4,0=bG1
76	90	-0.379949	adjudicated	G1|w|90|45|45|-2,-3=bS2;-1,-4=bA1;-1,-3=wQ;-1,-2=bA2;-1,4=wA3;0,-3=bB2;0,-2=bA3;0,-1=wS1,wB2;0,0=wB1;0,1=bB1;0,4=bQ;1,-3=bG2;1,1=wS2;1,4=wA2;2,-4=bG3;2,1=bS1;2,2=bG1;2,3=wG2;3,1=wG1;3,2=wA1;3,3=wG3
76	92	-0.379949	adjudicated	G1|w|92|46|46|-2,-3=bS2;-2,-2=bA1;-1,-3=wQ;-1,-2=bA2;-1,4=wA3;0,-3=bB2;0,-2=bA3;0,-1=wS1,wB2;0,0=wB1;0,1=bB1;0,4=bQ;0,5=wA1;1,-3=bG2;1,1=wS2;1,4=wA2;2,-4=bG3;2,1=bS1;2,2=bG1;2,3=wG2;3,1=wG1;3,3=wG3
76	94	-0.379949	adjudicated	G1|w|94|47|47|-2,-2=bA1;-1,-2=bA2;-1,4=wA3;0,-5=bS2;0,-4=wQ;0,-3=bB2;0,-2=bA3;0,-1=wS1,wB2;0,0=wB1;0,1=bB1;0,4=bQ;0,5=wA1;1,-3=bG2;1,1=wS2;1,4=wA2;2,-4=bG3;2,1=bS1;2,2=bG1;2,3=wG2;3,1=wG1;3,3=wG3
76	96	-0.379949	adjudicated	G1|w|96|48|48|-1,-3=bA1;-1,-2=bA2;-1,4=wA3;0,-5=bS2;0,-4=wQ;0,-3=bB2;0,-2=bA3;0,-1=wS1,wB2;0,0=wB1;0,1=bB1;0,4=bQ;1,-3=bG2;1,1=wS2;1,4=wA2;2,-4=bG3;2,1=bS1;2,2=bG1;2,3=wG2;3,0=wA1;3,1=wG1;3,3=wG3
77	0	1.000000	terminal	G1|w|0|0|0|
77	7	1.000000	terminal	G1|b|7|4|3|-1,0=wQ;-1,2=wA1;0,0=wB1;0,1=wB2;1,-1=bG1;2,-2=bG2;3,-3=bA1
77	9	1.000000	terminal	G1|b|9|5|4|-1,0=wQ;0,0=wB1;0,1=wB2;1,-1=bG1;2,-2=bG2;3,-3=bA1;4,-4=bQ;4,-3=wA1
77	11	1.000000	terminal	G1|b|11|6|5|-1,0=wQ;-1,2=wS1;0,0=wB1;0,1=wB2;1,-1=bG1;2,-2=bG2;3,-3=bA1;4,-3=wA1;5,-4=bQ
77	13	1.000000	terminal	G1|b|13|7|6|-1,0=wQ;-1,2=wS1;0,0=wB1;0,1=wB2;0,2=wG1;1,-1=bG1;2,-2=bG2;3,-4=bG3;3,-3=bA1;4,-3=wA1;5,-4=bQ
77	15	1.000000	terminal	G1|b|15|8|7|-1,0=wQ;-1,2=wS1;0,0=wB1;0,1=wB2;0,2=wG1;1,-2=bB1;1,-1=bG1;1,1=wA2;2,-2=bG2;3,-4=bG3;3,-3=bA1;4,-3=wA1;5,-4=bQ
77	17	1.000000	terminal	G1|b|17|9|8|-1,0=wQ;-1,2=wS1;0,-1=bB1;0,0=wB1;0,1=wB2;0,2=wG1;1,-1=bG1;2,-2=bG2;3,-4=bG3;3,-3=bA1;4,-3=wA1;5,-5=wA2;5,-4=bQ
77	19	1.000000	terminal	G1|b|19|10|9|-1,-1=wQ;-1,2=wS1;0,-1=bB1;0,0=wB1;0,1=wB2;0,2=wG1;1,-1=bG1;2,-2=bG2;2,-1=bB2;3,-4=bG3;3,-3=bA1;4,-3=wA1;5,-5=wA2;5,-4=bQ
77	21	1.000000	terminal	G1|b|21|11|10|-1,-1=wQ;-1,2=wS1;0,-1=bB1;0,0=wB1;0,1=wB2;0,2=wG1;1,-1=bG1;2,-2=bG2,bB2;3,-4=bG3;3,-3=bA1;4,-3=wA1;5,-5=wA2;5,-4=bQ;6,-6=wS2
77	23	1.000000	terminal	G1|b|23|12|11|-1,-1=wQ;-1,2=wS1;0,-1=bB1;0,0=wB1;0,1=wB2;0,2=wG1;1,-2=bS1;1,-1=bG1;2,-2=bG2,bB2;3,-4=bG3;3,-3=bA1;4,-3=wA1;5,-5=wA2;5,-4=bQ;5,-3=wS2
77	25	1.000000	terminal	G1|b|25|13|12|-2,-1=bG1;-1,-1=wQ;-1,2=wS1;0,-1=bB1;0,0=wB1;0,1=wB2;0,2=wG1;1,-2=bS1;2,-2=bG2,bB2;3,-4=bG3;3,-3=bA1;4,-3=wA1;5,-5=wA2;5,-4=bQ;5,-3=wS2;6,-3=wG2
77	27	1.000000	terminal	G1|b|27|14|13|-3,-1=bA2;-2,-1=bG1;-1,-1=wQ;-1,2=wS1;0,-1=bB1;0,0=wB1;0,1=wB2;0,2=wG1;1,-2=bS1;1,0=wG3;2,-2=bG2,bB2;3,-4=bG3;3,-3=bA1;4,-3=wA1;5,-5=wA2;5,-4=bQ;5,-3=wS2;6,-3=wG2
77	29	1.000000	terminal	G1|b|29|15|14|-2,-1=bG1;-2,0=bA2;-1,-1=wQ;-1,2=wS1;0,-1=bB1;0,0=wB1;0,1=wB2;0,2=wG1;1,-2=bS1;1,0=wG3;2,-2=bG2,bB2;3,-4=bG3;3,-3=bA1;4,-3=wA1;4,-2=wA3;5,-5=wA2;5,-4=bQ;5,-3=wS2;6,-3=wG2
77	31	1.000000	terminal	G1|b|31|16|15|-2,-1=bG1;-2,0=bA2;-1,-1=wQ;-1,2=wS1;0,-1=bB1;0,0=wB1;0,1=wB2;0,2=wG1;1,-2=bS1;1,-1=bB2;1,0=wG3;2,-2=bG2;3,-4=bG3;3,-3=bA1;4,-3=wA1;5,-5=wA2;5,-4=bQ;5,-3=wS2;6,-4=wA3;6,-3=wG2
77	33	1.000000	terminal	G1|b|33|17|16|-2,-1=bG1;-1,-2=bA2;-1,-1=wQ;-1,2=wS1;0,-1=bB1;0,0=wB1;0,1=wB2;0,2=wG1;1,-2=bS1;1,-1=bB2;1,0=wG3;2,-2=bG2;3,-4=bG3;3,-3=bA1;4,-3=wA1;5,-5=wA2;5,-4=bQ;5,-3=wS2;6,-5=wG2;6,-4=wA3
77	35	1.000000	terminal	G1|b|35|18|17|-2,-1=bG1;-1,-2=bA2;-1,-1=wQ;0,-1=bB1;0,0=wB1;0,1=wB2;0,2=wG1;1,-2=bS1;1,-1=bB2;1,0=wG3;1,2=wS1;2,-2=bG2;3,-5=bS2;3,-4=bG3;3,-3=bA1;4,-3=wA1;5,-5=wA2;5,-4=bQ;5,-3=wS2;6,-5=wG2;6,-4=wA3
77	37	1.000000	terminal	G1|b|37|19|18|-2,-1=bG1;-1,-2=bA2;-1,-1=wQ;0,-1=bB1;0,0=wB1;0,1=wB2;0,2=wG1;1,-3=wG3;1,-2=bS1;1,-1=bB2;1,2=wS1;2,-2=bG2;3,-4=bG3;3,-3=bA1;4,-3=wA1;5,-5=wA2;5,-4=bQ;5,-3=wS2;6,-6=bS2;6,-5=wG2;6,-4=wA3
77	39	1.000000	terminal	G1|b|39|20|19|-2,-1=bG1;-1,-2=bA2;-1,-1=wQ;0,-1=bB1;0,0=wB1;0,1=wB2;0,2=wG1;1,-2=bS1;1,-1=bB2;1,0=wG3;1,2=wS1;2,-2=bG2;3,-4=bG3;3,-3=bA1;4,-3=wA1;5,-5=wA2;5,-4=bQ;5,-3=wS2;6,-5=wG2;6,-4=wA3;7,-4=bS2
77	41	1.000000	terminal	G1|b|41|21|20|-2,-1=bG1;-1,-2=bA2;-1,-1=wQ;0,-1=bB1;0,1=wB2,wB1;0,2=wG1;1,-2=bS1;1,-1=bB2;1,0=wG3;1,2=wS1;2,-2=bG2;3,-5=bA3;3,-4=bG3;3,-3=bA1;4,-3=wA1;5,-5=wA2;5,-4=bQ;5,-3=wS2;6,-5=wG2;6,-4=wA3;7,-4=bS2
77	43	1.000000	terminal	G1|b|43|22|21|-2,-1=bG1;-2,0=wQ;-1,-2=bA2;0,-2=bA3;0,-1=bB1;0,1=wB2,wB1;0,2=wG1;1,-2=bS1;1,-1=bB2;1,0=wG3;1,2=wS1;2,-2=bG2;3,-4=bG3;3,-3=bA1;4,-3=wA1;5,-5=wA2;5,-4=bQ;5,-3=wS2;6,-5=wG2;6,-4=wA3;7,-4=bS2
77	45	1.000000	terminal	G1|b|45|23|22|-3,0=wQ;-2,-1=bG1;-1,-2=bA2;0,-2=bA3;0,-1=bB1;0,1=wB2,wB1;0,2=wG1;1,-2=bS1;1,-1=bB2;1,0=wG3;1,2=wS1;2,-2=bG2;3,-4=bG3;3,-3=bA1;4,-3=wA1;5,-5=wA2;5,-4=bQ;5,-3=wS2;6,-6=bS2;6,-5=wG2;6,-4=wA3
77	47	1.000000	terminal	G1|b|47|24|23|-3,-1=wQ;-2,-1=bG1;-1,-2=bA2;0,-2=bA3;0,-1=bB1;0,1=wB2,wB1;0,2=wG1;1,-2=bS1;1,-1=bB2;1,0=wG3;1,2=wS1;2,-2=bG2;3,-5=bS2;3,-4=bG3;3,-3=bA1;4,-3=wA1;5,-5=wA2;5,-4=bQ;5,-3=wS2;6,-5=wG2;6,-4=wA3
77	49	1.000000	terminal	G1|b|49|25|24|-3,-1=wQ;-2,-1=bG1;-1,-2=bA2;0,-2=bA3;0,-1=bB1;0,0=wB1;0,1=wB2;0,2=wG1;1,-2=bS1;1,-1=bB2;1,0=wG3;1,2=wS1;2,-2=bG2;3,-4=bG3;3,-3=bA1;4,-3=wA1;5,-5=wA2;5,-4=bQ;5,-3=wS2;6,-6=bS2;6,-5=wG2;6,-4=wA3
77	51	1.000000	terminal	G1|b|51|26|25|-3,-1=wQ;-2,-1=bG1;-1,-2=bA2;0,-2=bA3;0,-1=bB1,bB2;0,0=wB1;0,1=wB2;0,2=wG1;1,-2=bS1;1,0=wG3;2,-2=bG2;2,-1=wS1;3,-4=bG3;3,-3=bA1;4,-3=wA1;5,-5=wA2;5,-4=bQ;5,-3=wS2;6,-6=bS2;6,-5=wG2;6,-4=wA3
77	53	1.000000	terminal	G1|b|53|27|26|-3,-1=wQ;-2,-1=bG1;-1,-3=bS1;-1,-2=bA2;0,-3=wG1;0,-2=bA3;0,-1=bB1,bB2;0,0=wB1;0,1=wB2;1,0=wG3;2,-2=bG2;2,-1=wS1;3,-4=bG3;3,-3=bA1;4,-3=wA1;5,-5=wA2;5,-4=bQ;5,-3=wS2;6,-6=bS2;6,-5=wG2;6,-4=wA3
77	55	1.000000	terminal	G1|b|55|28|27|-4,-1=bS1;-3,-1=wQ;-2,-1=bG1;-1,-2=bA2;0,-3=wG1;0,-2=bA3;0,-1=bB1,bB2;0,0=wB1;1,0=wG3;1,1=wB2;2,-2=bG2;2,-1=wS1;3,-4=bG3;3,-3=bA1;4,-3=wA1;5,-5=wA2;5,-4=bQ;5,-3=wS2;6,-6=bS2;6,-5=wG2;6,-4=wA3
77	57	1.000000	terminal	G1|b|57|29|28|-4,-1=bS1;-3,-1=wQ;-2,-1=bG1;-1,-2=bA2;0,-3=wG1;0,-2=bA3,bB2;0,-1=bB1;0,0=wB1;1,0=wG3;1,1=wB2;2,-2=bG2;2,-1=wS1;3,-4=bG3;3,-3=bA1;4,-4=wA2;4,-3=wA1;5,-4=bQ;5,-3=wS2;6,-6=bS2;6,-5=wG2;6,-4=wA3
77	59	1.000000	terminal	G1|b|59|30|29|-4,-1=bS1;-3,-1=wQ;-2,-1=bG1;-1,-2=bA2,bB2;0,-3=wG1;0,-2=bA3;0,-1=bB1;0,0=wB1;1,0=wG3;1,1=wB2;2,-2=bG2;2,-1=wS1;3,-4=bG3;3,-3=bA1;4,-4=wA2;5,-5=wA1;5,-4=bQ;5,-3=wS2;6,-6=bS2;6,-5=wG2;6,-4=wA3
77	61	1.000000	terminal	G1|b|61|31|30|-4,-1=bS1;-3,-1=wQ;-2,-2=bB2;-2,-1=bG1;-1,-2=bA2;0,-3=wG1;0,-2=bA3;0,-1=bB1;0,0=wB1;1,0=wG3,wB2;2,-2=bG2;2,-1=wS1;3,-4=bG3;3,-3=bA1;4,-4=wA2;5,-5=wA1;5,-4=bQ;5,-3=wS2;6,-6=bS2;6,-5=wG2;6,-4=wA3
77	63	1.000000	terminal	G1|b|63|32|31|-4,-1=bS1;-3,-1=wQ;-2,-2=bB2;-2,-1=bG1;-1,-2=bA2;0,-3=wG1;0,-2=bA3;0,-1=bB1;0,0=wB1;0,1=wB2;1,0=wG3;2,-2=bG2;2,-1=wS1;3,-4=bG3;3,-3=bA1;4,-4=wA2;5,-5=wA1;5,-4=bQ;5,-3=wS2;6,-5=wG2;6,-4=wA3;7,-4=bS2
77	65	1.000000	terminal	G1|b|65|33|32|-4,-1=bS1;-3,-1=wQ;-2,-2=bB2;-2,-1=bG1;-1,-2=bA2;0,-3=wG1;0,-2=bA3;0,-1=bB1;0,0=wB1;1,0=wG3,wB2;2,-2=bG2;2,-1=wS1;3,-3=bA1;3,-2=bG3;4,-4=wA2;5,-5=wA1;5,-4=bQ;5,-3=wS2;6,-5=wG2;6,-4=wA3;7,-4=bS2
77	67	1.000000	terminal	G1|b|67|34|33|-4,-1=bS1;-3,-2=bB2;-3,-1=wQ;-2,-1=bG1;-1,-2=bA2;0,-3=wG1;0,-2=bA3;0,-1=bB1;0,0=wB1;1,0=wG3;2,-2=bG2;2,-1=wS1;2,0=wB2;3,-3=bA1;3,-2=bG3;4,-4=wA2;5,-5=wA1;5,-4=bQ;5,-3=wS2;6,-5=wG2;6,-4=wA3;7,-4=bS2
77	69	1.000000	terminal	G1|b|69|35|34|-4,-1=bS1,bB2;-3,-1=wQ;-2,-1=bG1;-1,-2=bA2;0,-2=bA3;0,-1=bB1;0,0=wB1;0,1=wG1;1,0=wG3;2,-2=bG2;2,-1=wS1;2,0=wB2;3,-3=bA1;3,-2=bG3;4,-4=wA2;5,-5=wA1;5,-4=bQ;5,-3=wS2;6,-5=wG2;6,-4=wA3;7,-4=bS2
77	71	1.000000	terminal	G1|b|71|36|35|-4,-1=bS1;-3,-2=bB2;-3,-1=wQ;-2,-1=bG1;-1,-2=bA2;0,-2=bA3;0,-1=bB1;0,0=wB1;1,0=wG3;2,-2=bG2;2,-1=wS1;2,0=wB2;3,-3=bA1;3,-2=bG3;4,-4=wA2;4,-3=wG1;5,-5=wA1;5,-4=bQ;5,-3=wS2;6,-5=wG2;6,-4=wA3;7,-4=bS2
78	0	1.000000	terminal	G1|w|0|0|0|
78	6	1.000000	terminal	G1|w|6|3|3|-2,2=wA2;-1,1=wA1;0,0=wG1;1,0=bS1;2,0=bB1;3,0=bG1
78	8	1.000000	terminal	G1|w|8|4|4|-3,2=wQ;-2,2=wA2;-1,1=wA1;0,0=wG1;1,0=bS1;2,0=bB1;3,0=bG1;4,0=bQ
78	10	1.000000	terminal	G1|w|10|5|5|-3,2=wQ;-2,2=wA2;-1,1=wA1;-1,2=wG2;0,0=wG1;1,0=bS1;2,0=bB1;3,0=bG1;4,-1=bQ
78	12	1.000000	terminal	G1|w|12|6|6|-3,2=wQ;-2,2=wA2;-1,1=wA1;-1,2=wG2;0,-1=wA3;0,0=wG1;1,0=bS1;1,1=bA1;2,0=bB1;3,0=bG1;4,-1=bQ
78	14	1.000000	terminal	G1|w|14|7|7|-4,3=bA1;-3,2=wQ;-2,2=wA2;-1,1=wA1;-1,2=wG2;0,0=wG1;1,0=bS1;2,0=bB1;3,0=bG1;4,-1=bQ;5,-1=wA3
78	16	1.000000	terminal	G1|w|16|8|8|-3,1=bA1;-3,2=wQ;-2,2=wA2;-1,0=wG2;-1,1=wA1;0,0=wG1;1,0=bS1;2,0=bB1;3,0=bG1;4,-1=bQ;5,-1=wA3
78	18	1.000000	terminal	G1|w|18|9|9|-3,1=bA1;-3,2=wQ;-2,2=wA2;-1,1=wA1;0,0=wG1;1,0=bS1;2,0=bB1;3,0=bG1;4,0=wG2;5,-2=bQ;5,-1=wA3
78	20	1.000000	terminal	G1|w|20|10|10|-3,2=wQ;-2,1=bA1;-2,2=wA2;-1,1=wA1;0,0=wG1;1,0=bS1;2,0=bB1;3,0=bG1;4,0=wG2;5,-2=bQ;5,-1=wA3;6,-1=wG3
78	22	1.000000	terminal	G1|w|22|11|11|-3,2=wQ;-2,1=bA1;-1,1=wA1;0,0=wG1;1,0=bS1;2,0=bB1;3,0=bG1;4,0=wG2;5,-1=wA3;6,-3=bQ;6,-2=wA2;6,-1=wG3
78	24	1.000000	terminal	G1|w|24|12|12|-3,2=wQ;-2,0=bS2;-2,1=bA1;-1,1=wA1;0,0=wG1;1,0=bS1;2,0=bB1;3,0=bG1;4,0=wG2;5,-1=wA3;6,-4=wG3;6,-3=bQ;6,-2=wA2
78	26	1.000000	terminal	G1|w|26|13|13|-4,3=bS2;-3,2=wQ;-2,1=bA1;-1,1=wA1;0,0=wG1;1,0=bS1;2,0=bB1;3,0=bG1;4,0=wG2;5,-1=wA3;6,-4=wG3;6,-3=bQ;6,-2=wA2;7,-2=wS1
78	28	1.000000	terminal	G1|w|28|14|14|-4,3=bS2;-3,2=wQ;-2,1=bA1;-1,1=wA1;0,0=wG1;1,0=bS1;2,-1=bG2;2,0=bB1;3,0=bG1;4,0=wG2;5,-1=wA3;6,-5=wB1;6,-4=wG3;6,-3=bQ;6,-2=wA2;7,-2=wS1
78	30	1.000000	terminal	G1|w|30|15|15|-4,3=bS2;-3,2=wQ;-2,1=bA1;-1,1=wA1;0,0=wG1;0,1=bG2;1,0=bS1;2,0=bB1;3,0=bG1;4,0=wG2;5,-1=wA3;6,-5=wB1;6,-4=wG3;6,-3=bQ;6,-2=wA2;7,-2=wS1;7,-1=wS2
78	32	1.000000	terminal	G1|w|32|16|16|-4,3=bS2;-3,1=bG2;-3,2=wQ;-2,1=bA1;-1,1=wA1;0,0=wG1;1,0=bS1;2,0=bB1;3,0=bG1;4,0=wG2;5,-1=wA3;6,-5=wB1;6,-4=wG3;6,-3=bQ;6,-2=wA2;7,-3=wS2;7,-2=wS1
78	34	1.000000	terminal	G1|w|34|17|17|-4,3=bS2;-3,1=bG2;-3,2=wQ;-2,1=bA1;-1,1=wA1;0,0=wG1;1,0=bS1;2,0=bB1;2,1=bA2;3,0=bG1;4,0=wG2;5,-1=wA3;6,-5=wB1;6,-4=wG3;6,-3=bQ;6,-2=wA2;7,-3=wS2;7,-2=wS1;8,-2=wB2
78	36	1.000000	terminal	G1|w|36|18|18|-4,2=bA2;-4,3=bS2;-3,1=bG2;-3,2=wQ;-2,1=bA1;-1,1=wA1;0,0=wG1;1,0=bS1;2,0=bB1;3,0=bG1;4,0=wG2;5,-1=wA3;6,-4=wG3,wB1;6,-3=bQ;6,-2=wA2;7,-3=wS2;7,-2=wS1;8,-2=wB2
78	38	1.000000	terminal	G1|w|38|19|19|-4,2=bA2;-4,3=bS2;-3,1=bG2;-3,3=wQ;-2,1=bA1;-1,1=wA1;0,0=wG1;1,0=bS1;1,1=bB2;2,0=bB1;3,0=bG1;4,0=wG2;5,-1=wA3;6,-4=wG3,wB1;6,-3=bQ;6,-2=wA2;7,-3=wS2;7,-2=wS1;8,-2=wB2
78	40	1.000000	terminal	G1|w|40|20|20|-4,2=bA2;-4,3=bS2;-3,1=bG2;-3,3=wQ;-2,1=bA1;-1,1=wA1;0,0=wG1;1,0=bS1;1,1=bB2;2,-1=bA3;2,0=bB1;3,0=bG1;4,0=wG2;5,-3=wB1;5,-1=wA3;6,-4=wG3;6,-3=bQ;6,-2=wA2;7,-3=wS2;7,-2=wS1;8,-2=wB2
78	42	1.000000	terminal	G1|w|42|21|21|-4,2=bA2;-4,3=bS2;-3,1=bG2;-3,3=wQ;-2,1=bA1;-2,3=bA3;-1,1=wA1;0,0=wG1;1,0=bS1;1,1=bB2;2,0=bB1;3,0=bG1;4,0=wG2;5,-3=wB1;5,-1=wA3;6,-4=wG3;6,-3=bQ;6,-2=wA2;7,-3=wS2;7,-2=wS1;8,-3=wB2
78	44	1.000000	terminal	G1|w|44|22|22|-4,2=bA2;-4,3=bS2;-3,1=bG2;-3,3=wQ;-2,1=bA1;-2,3=bA3;-1,1=wA1;0,0=wG1;0,1=bB2;1,0=bS1;2,0=bB1;3,0=bG1;4,0=wG2;5,-3=wB1;5,-1=wA3;6,-4=wG3;6,-3=bQ;6,-2=wA2;7,-3=wS2;8,-3=wB2;9,-4=wS1
78	46	1.000000	terminal	G1|w|46|23|23|-4,2=bA2;-4,3=bS2;-4,4=bA3;-3,1=bG2;-3,3=wQ;-2,1=bA1;-1,1=wA1;0,0=wG1;0,1=bB2;1,0=bS1;2,0=bB1;3,0=bG1;4,0=wG2;5,-3=wB1;5,-1=wA3;6,-4=wG3;6,-3=bQ;6,-2=wA2;7,-3=wS2;7,-2=wS1;8,-3=wB2
78	48	1.000000	terminal	G1|w|48|24|24|-4,2=bA2;-4,3=bS2;-4,4=bA3;-3,1=bG2;-3,4=wQ;-2,1=bA1;-1,1=wA1;0,0=wG1;0,1=bB2;1,0=bS1;2,0=bB1;3,-1=bG3;3,0=bG1;4,0=wG2;5,-3=wB1;5,-1=wA3;6,-4=wG3;6,-3=bQ;6,-2=wA2;7,-3=wS2;7,-2=wS1;8,-3=wB2
78	50	1.000000	terminal	G1|w|50|25|25|-4,2=bA2;-4,3=bS2;-4,4=bA3;-3,1=bG2;-3,4=wQ;-2,1=bA1;-1,1=wA1;0,0=wG1,bB2;1,0=bS1;2,0=bB1;3,-1=bG3;3,0=bG1;4,0=wG2;5,-3=wB1;5,-1=wA3;6,-4=wG3;6,-3=bQ;6,-2=wA2;7,-3=wS2;7,-2=wS1,wB2
78	52	1.000000	terminal	G1|w|52|26|26|-4,2=bA2;-4,3=bS2;-4,4=bA3;-3,1=bG2;-3,4=wQ;-2,1=bA1;-1,1=wA1;0,0=wG1;1,0=bS1,bB2;2,0=bB1;3,-1=bG3;3,0=bG1;4,0=wG2;5,-3=wB1;5,-1=wA3;6,-4=wG3;6,-3=bQ;6,-2=wA2;7,-3=wS2;7,-2=wS1;8,-3=wB2
78	54	1.000000	terminal	G1|w|54|27|27|-4,2=bA2;-4,3=bS2;-4,4=bA3;-3,1=bG2;-3,4=wQ;-2,1=bA1;-1,1=wA1;0,0=wG1;1,0=bS1;1,1=bB2;2,0=bB1;3,-1=bG3;3,0=bG1;4,0=wG2;4,1=wS1;5,-3=wB1;5,-1=wA3;6,-4=wG3;6,-3=bQ;6,-2=wA2;7,-3=wS2;8,-3=wB2
78	56	1.000000	terminal	G1|w|56|28|28|-4,2=bA2;-4,3=bS2;-4,4=bA3;-3,1=bG2;-3,4=wQ;-2,1=bA1;-1,1=wA1;0,0=wG1;1,0=bS1;2,0=bB1,bB2;3,-1=bG3;3,0=bG1;4,0=wG2;4,1=wS1;5,-3=wB1;5,-1=wA3;6,-4=wG3;6,-3=bQ;6,-2=wA2;7,-3=wS2,wB2
78	58	1.000000	terminal	G1|w|58|29|29|-4,2=bA2;-4,3=bS2;-4,4=bA3;-3,1=bG2;-3,4=wQ;-2,1=bA1;-1,1=wA1;0,0=wG1;1,0=bS1;2,0=bB1,bB2;3,0=bG1;3,1=bG3;4,0=wG2;4,1=wS1;5,-3=wB1;5,-1=wA3;6,-4=wG3;6,-3=bQ,wB2;6,-2=wA2;7,-3=wS2
78	60	1.000000	terminal	G1|w|60|30|30|-4,2=bA2;-4,3=bS2;-4,4=bA3;-3,1=bG2;-3,4=wQ;-2,1=bA1;-1,1=wA1;0,0=wG1;1,0=bS1;2,0=bB1,bB2;3,0=bG1;4,0=wG2;4,1=wS1;5,-3=wB1,wB2;5,-1=wA3;6,-4=wG3;6,-3=bQ;6,-2=wA2;7,-3=wS2;8,-4=bG3
78	62	1.000000	terminal	G1|w|62|31|31|-4,2=bA2;-4,3=bS2;-4,4=bA3;-3,1=bG2;-3,4=wQ;-2,1=bA1;-1,1=wA1;0,0=wG1;1,0=bS1;2,0=bB1;2,1=bB2;3,0=bG1;4,0=wG2;4,1=wS1;5,-3=wB1;5,-2=wB2;5,-1=wA3;6,-4=wG3;6,-3=bQ;6,-2=wA2;7,-3=wS2;8,-4=bG3
78	64	1.000000	terminal	G1|w|64|32|32|-4,2=bA2;-4,3=bS2;-4,4=bA3;-4,5=wQ;-3,1=bG2;-2,1=bA1;-1,1=wA1;0,0=wG1;1,0=bS1;1,1=bB2;2,0=bB1;3,0=bG1;4,0=wG2;4,1=wS1;5,-3=wB1;5,-2=wB2;5,-1=wA3;6,-4=wG3;6,-3=bQ;6,-2=wA2;7,-3=wS2;8,-4=bG3
78	66	1.000000	terminal	G1|w|66|33|33|-5,5=wQ;-4,2=bA2;-4,3=bS2;-4,4=bA3;-3,1=bG2;-2,1=bA1;-1,1=wA1;0,0=wG1;0,1=bB2;1,0=bS1;2,0=bB1;3,0=bG1;4,0=wG2;4,1=wS1;5,-3=wB1;5,-2=wB2;5,-1=wA3;6,-4=wG3;6,-3=bQ;6,-2=wA2;7,-3=wS2;8,-4=bG3
78	68	1.000000	terminal	G1|w|68|34|34|-5,5=wQ;-4,2=bA2;-4,3=bS2;-4,4=bA3;-3,1=bG2;-2,1=bA1;-1,1=wA1,bB2;0,0=wG1;1,0=bS1;2,0=bB1;3,0=bG1;4,0=wG2;4,1=wS1;5,-3=wB1;5,-2=wB2;5,-1=wA3;6,-4=wG3;6,-3=bQ;7,-4=wA2;7,-3=wS2;8,-4=bG3
79	0	0.000000	adjudicated	G1|w|0|0|0|
79	7	0.000000	adjudicated	G1|b|7|4|3|-1,-1=bB1;-1,2=wG1;0,-2=bB2;0,-1=bA1;0,0=wB1;0,1=wA1;0,2=wQ
79	9	0.000000	adjudicated	G1|b|9|5|4|-2,0=bQ;-1,-1=bB1;-1,2=wG1;0,-2=bB2;0,-1=bA1;0,0=wB1;0,1=wA1;1,1=wQ
79	11	0.000000	adjudicated	G1|b|11|6|5|-2,0=bQ;-1,-1=bB1;-1,2=wG1;-1,3=wA2;0,-2=bB2;0,-1=bA1;0,0=wB1;0,1=wA1;1,-3=bG1;1,1=wQ
79	13	0.000000	adjudicated	G1|b|13|7|6|-2,0=bQ;-2,1=wA2;-1,-1=bB1;-1,2=wG1;0,-3=bG2;0,-2=bB2;0,-1=bA1;0,0=wB1;0,1=wA1;1,-3=bG1;1,1=wQ
79	15	0.000000	adjudicated	G1|b|15|8|7|-3,0=wA2;-2,-1=bA2;-2,0=bQ;-1,-1=bB1;-1,2=wG1;0,-3=bG2;0,-2=bB2;0,-1=bA1;0,0=wB1;0,1=wA1;1,-3=bG1;1,1=wQ
79	17	0.000000	adjudicated	G1|b|17|9|8|-3,0=wA2;-2,0=bQ;-1,-1=bB1;-1,2=wG1;0,-3=bG2;0,-2=bB2;0,-1=bA1;0,0=wB1;0,1=wA1;1,-3=bG1;1,0=bA2;2,0=wQ
79	19	0.000000	adjudicated	G1|b|19|10|9|-2,0=bQ;-2,1=wA2;-1,-1=bB1;-1,2=wG1;0,-2=bB2;0,-1=bA1;0,0=wB1;0,1=wA1;1,-3=bG1;1,0=bA2;2,-3=bG2;2,0=wQ
79	21	0.000000	adjudicated	G1|b|21|11|10|-3,2=wA3;-2,0=bQ;-2,1=wA2;-1,-1=bB1;-1,2=wG1;0,-2=bB2;0,-1=bA1;0,0=wB1;0,1=wA1;1,-3=bG1;1,-2=bA3;1,0=bA2;2,-3=bG2;2,0=wQ
79	23	0.000000	adjudicated	G1|b|23|12|11|-2,-1=wA3;-2,0=bQ;-2,1=wA2;-1,-1=bB1;-1,2=wG1;0,-2=bB2;0,-1=bA1;0,0=wB1;0,1=wA1;1,-3=bG1;1,0=bA2;2,-3=bG2;2,0=wQ;3,0=bA3
79	25	0.000000	adjudicated	G1|b|25|13|12|-2,-1=wA3;-2,0=bQ;-2,1=wA2;-2,2=wB2;-1,-1=bB1;-1,2=wG1;0,-2=bB2;0,-1=bA1;0,0=wB1;0,1=wA1;1,-3=bG1;1,0=bA2;2,-3=bG2;2,0=wQ;3,-4=bG3;3,0=bA3
79	27	0.000000	adjudicated	G1|b|27|14|13|-3,0=bQ;-3,3=wS1;-2,-1=wA3;-2,1=wA2;-2,2=wB2;-1,-1=bB1;-1,2=wG1;0,-2=bB2;0,-1=bA1;0,0=wB1;0,1=wA1;1,-3=bG1;1,0=bA2;2,-3=bG2;2,0=wQ;3,-4=bG3;3,0=bA3
79	29	0.000000	adjudicated	G1|b|29|15|14|-4,-1=wA2;-3,-1=bQ;-3,3=wS1;-2,-1=wA3;-2,2=wB2;-1,-1=bB1;-1,2=wG1;0,-2=bB2;0,-1=bA1;0,0=wB1;0,1=wA1;1,-3=bG1;1,0=bA2;2,-3=bG2;2,0=wQ;3,-4=bG3;3,0=bA3
79	31	0.000000	adjudicated	G1|b|31|16|15|-4,-1=wA2;-4,3=wG2;-3,-1=bQ;-3,3=wS1;-2,-1=wA3;-2,2=wB2;-1,-1=bB1;-1,2=wG1;0,-2=bB2;0,-1=bA1;0,0=wB1;0,1=wA1;1,-3=bG1;1,0=bA2;2,-3=bG2;2,0=wQ;3,-4=bG3;3,-3=bS1;3,0=bA3
79	33	0.000000	adjudicated	G1|b|33|17|16|-5,-1=wG3;-4,-1=wA2;-4,3=wG2;-3,-1=bQ;-3,3=wS1;-2,-1=wA3;-2,2=wB2;-1,-1=bB1;-1,2=wG1;0,-2=bB2;0,-1=bA1;0,0=wB1;0,1=wA1;1,-3=bG1;1,-1=bS1;1,0=bA2;2,-3=bG2;2,0=wQ;3,-4=bG3;3,0=bA3
79	35	0.000000	adjudicated	G1|b|35|18|17|-6,0=wS2;-5,-1=wG3;-4,-1=wA2;-4,3=wG2;-3,-1=bQ;-3,3=wS1;-2,-1=wA3;-2,2=wB2;-1,-1=bB1;-1,2=wG1;0,-2=bB2;0,-1=bA1;0,0=wB1;0,1=wA1;1,-3=bG1;1,0=bA2;2,-3=bG2;2,0=wQ;3,-4=bG3;3,-3=bS1;3,0=bA3
79	37	0.000000	adjudicated	G1|b|37|19|18|-6,0=wS2;-5,-1=wG3;-4,-1=wA2;-4,3=wG2;-3,-1=bQ;-3,3=wS1;-2,-1=wA3;-2,2=wB2;-1,-1=bB1;-1,2=wG1;0,-2=bB2;0,-1=bA1;0,0=wB1;0,1=wA1;1,-3=bG1;1,0=bA2;1,1=bA3;2,-3=bG2;2,-1=wQ;3,-4=bG3;3,-3=bS1
79	39	0.000000	adjudicated	G1|b|39|20|19|-5,-1=wG3;-4,-1=wA2;-4,3=wG2;-3,-1=bQ;-3,0=wS2;-3,3=wS1;-2,-1=wA3;-2,2=wB2;-1,-1=bB1;-1,2=wG1;0,-2=bB2;0,-1=bA1;0,0=wB1;0,1=wA1;1,-3=bG1;1,0=bA2;1,1=bA3;2,-3=bG2;2,-1=wQ;3,-4=bG3;3,-1=bS1
79	41	0.000000	adjudicated	G1|b|41|21|20|-6,0=wS2;-5,-1=wG3;-4,-1=wA2;-4,3=wG2;-3,-1=bQ;-3,3=wS1;-2,-1=wA3;-2,2=wB2;-1,-1=bB1;-1,2=wG1;0,-2=bB2;0,-1=bA1;0,0=wB1;0,1=wA1;1,-3=bG1;1,-1=bA3;1,0=bA2;2,-3=bG2;2,-1=wQ;3,-4=bG3;3,-1=bS1
79	43	0.000000	adjudicated	G1|b|43|22|21|-5,-1=wG3;-4,-1=wA2;-4,3=wG2;-3,-1=bQ;-3,0=wS2;-3,3=wS1;-2,-1=wA3;-2,2=wB2;-1,-1=bB1;-1,2=wG1;0,-2=bB2;0,-1=bA1;0,0=wB1;0,1=wA1;1,-3=bG1;1,0=bA2;2,-3=bG2;2,-1=wQ;3,-4=bG3;3,-2=bA3;3,-1=bS1
79	45	0.000000	adjudicated	G1|b|45|23|22|-5,-1=wG3;-4,-1=wA2;-4,3=wG2;-3,-1=bQ;-3,0=wS2;-3,3=wS1;-2,-1=wA3;-2,2=wB2;-1,-1=bB1;-1,2=wG1;0,-2=bB2;0,-1=bA1,wB1;0,1=wA1;1,-3=bG1;1,-1=bA3;1,0=bA2;2,-3=bG2;2,-1=wQ;3,-4=bG3;3,-1=bS1
79	47	0.000000	adjudicated	G1|b|47|24|23|-5,-1=wG3;-4,-1=wA2;-4,3=wG2;-3,-1=bQ;-3,0=wS2;-3,3=wS1;-2,-1=wA3;-2,2=wB2;-1,-1=bB1;-1,2=wG1;0,-2=bB2,wB1;0,-1=bA1;0,1=wA1;1,-3=bG1;1,-1=bA3;1,0=bA2;2,-3=bG2;2,-1=wQ;3,-5=bS2;3,-4=bG3;3,-1=bS1
79	49	0.000000	adjudicated	G1|b|49|25|24|-5,-1=wG3;-4,-1=wA2;-4,3=wG2;-3,-1=bQ;-3,0=wS2;-3,3=wS1;-2,-1=wA3;-2,2=wB2;-1,-1=bB1;-1,2=wG1;0,-3=bS2;0,-2=bB2;0,-1=bA1;0,1=wA1;1,-3=bG1,wB1;1,-1=bA3;1,0=bA2;2,-3=bG2;2,-1=wQ;3,-4=bG3;3,-1=bS1
79	51	0.000000	adjudicated	G1|b|51|26|25|-5,-1=wG3;-4,-1=wA2;-4,3=wG2;-3,-1=bQ;-3,0=wS2;-3,3=wS1;-2,-1=wA3;-2,2=wB2;-1,-1=bB1;-1,2=wG1;0,-2=bB2;0,-1=bA1;0,1=wA1;1,-3=bG1;1,-2=wB1;1,-1=bA3;1,0=bA2;2,-3=bG2;2,-1=wQ;3,-5=bS2;3,-4=bG3;3,-1=bS1
79	53	0.000000	adjudicated	G1|b|53|27|26|-5,-1=wG3;-4,-1=wA2;-3,-1=bQ;-3,0=wS2;-3,3=wS1;-2,-1=wA3;-2,2=wB2;-2,3=wG2;-1,-1=bB1;-1,2=wG1;0,-2=bB2;0,1=wA1;1,-3=bG1;1,-2=wB1;1,-1=bA3;1,0=bA2;2,-3=bG2;2,-1=wQ;3,-5=bS2;3,-4=bG3;3,-2=bA1;3,-1=bS1
79	55	0.000000	adjudicated	G1|b|55|28|27|-5,-1=wG3;-4,-1=wA2;-4,3=wG2;-3,-1=bQ;-3,0=wS2;-3,3=wS1;-2,-1=wA3;-2,2=wB2;-1,-1=bB1;-1,2=wG1;0,-2=bB2;0,1=wA1;1,-3=bG1;1,-2=wB1;1,-1=bA3;1,0=bA2;2,-3=bG2;2,-1=wQ;3,-4=bG3;3,-3=bS2;3,-2=bA1;3,-1=bS1
79	57	0.000000	adjudicated	G1|b|57|29|28|-4,-1=wA2;-4,3=wG2;-3,-1=bQ;-3,0=wS2;-3,3=wS1;-2,-1=wA3;-2,0=bG1;-2,2=wB2;-1,-1=bB1;-1,2=wG1;0,-2=bB2;0,-1=wG3;0,1=wA1;1,-2=wB1;1,-1=bA3;1,0=bA2;2,-3=bG2;2,-1=wQ;3,-4=bG3;3,-3=bS2;3,-2=bA1;3,-1=bS1
79	59	0.000000	adjudicated	G1|b|59|30|29|-4,-1=wA2;-4,3=wG2;-3,-1=bQ;-3,0=wS2;-3,3=wS1;-2,-1=wA3;-2,0=bG1;-2,2=wB2;-1,-1=bB1,bB2;-1,2=wG1;0,-1=wG3;0,1=wA1;1,-1=bA3,wB1;1,0=bA2;2,-3=bG2;2,-1=wQ;3,-4=bG3;3,-3=bS2;3,-2=bA1;3,-1=bS1
79	61	0.000000	adjudicated	G1|b|61|31|30|-4,3=wG2;-3,-2=wA2;-3,-1=bQ;-3,0=wS2;-3,3=wS1;-2,-1=wA3;-2,0=bG1;-2,2=wB2;-1,-1=bB1,bB2;-1,2=wG1;0,-1=wG3;0,1=wA1;1,-1=bA3,wB1;1,0=bA2;2,-1=wQ;3,-4=bG3;3,-3=bS2;3,-2=bA1;3,-1=bS1;4,-3=bG2
79	63	0.000000	adjudicated	G1|b|63|32|31|-5,4=wA2;-4,3=wG2;-3,-1=bQ;-3,0=wS2;-3,3=wS1;-2,-1=wA3;-2,0=bG1;-2,2=wB2;-2,3=bG2;-1,-1=bB1,bB2;-1,2=wG1;0,-1=wG3;0,1=wA1;1,-1=bA3,wB1;1,0=bA2;2,-1=wQ;3,-4=bG3;3,-3=bS2;3,-2=bA1;3,-1=bS1
79	65	0.000000	adjudicated	G1|b|65|33|32|-5,0=wA3;-5,4=wA2;-4,0=bQ;-4,3=wG2;-3,0=wS2;-3,3=wS1;-2,0=bG1;-2,2=wB2;-2,3=bG2;-1,-1=bB1,bB2;-1,2=wG1;0,-1=wG3;0,1=wA1;1,-1=bA3,wB1;1,0=bA2;2,-1=wQ;3,-4=bG3;3,-3=bS2;3,-2=bA1;3,-1=bS1
79	67	0.000000	adjudicated	G1|b|67|34|33|-5,0=wA3;-4,0=bQ;-4,1=wA2;-4,3=wG2;-3,0=wS2;-3,3=wS1;-2,0=bG1;-2,2=wB2;-2,3=bG2;-1,-1=bB1;-1,2=wG1;0,-2=bB2;0,-1=wG3;0,1=wA1;1,-1=bA3,wB1;1,0=bA2;2,-1=wQ;3,-4=bG3;3,-3=bS2;3,-2=bA1;3,-1=bS1
79	69	0.000000	adjudicated	G1|b|69|35|34|-5,0=wA3;-4,0=bQ;-4,1=wA2;-3,0=wS2;-3,3=wS1;-2,0=bG1;-2,2=wB2;-2,3=bG2;-1,-1=bB1;-1,2=wG1;-1,3=wG2;0,-2=bB2;0,-1=wG3;0,1=wA1;1,-1=bA3,wB1;1,0=bA2;2,-1=wQ;3,-3=bS2;3,-2=bA1;3,-1=bS1;3,0=bG3
79	71	0.000000	adjudicated	G1|b|71|36|35|-5,0=wA3;-4,-1=wA1;-4,0=bQ;-4,1=wA2;-3,0=wS2;-3,3=wS1;-2,0=bG1;-2,1=bG2;-2,2=wB2;-1,-1=bB1;-1,2=wG1;-1,3=wG2;0,-2=bB2;0,-1=wG3;1,-1=bA3,wB1;1,0=bA2;2,-1=wQ;3,-3=bS2;3,-2=bA1;3,-1=bS1;3,0=bG3
79	73	0.000000	adjudicated	G1|b|73|37|36|-5,0=wA3;-4,-1=wA1;-4,0=bQ;-4,1=wA2;-3,0=wS2;-3,3=wS1;-2,0=bG1;-2,1=bG2;-2,2=wB2;-1,-1=bB1,bB2;-1,2=wG1;-1,3=wG2;0,-1=wG3,wB1;1,-1=bA3;1,0=bA2;2,-1=wQ;3,-3=bS2;3,-2=bA1;3,-1=bS1;3,0=bG3
79	75	0.000000	adjudicated	G1|b|75|38|37|-5,0=wA3;-4,-1=wA1;-4,0=bQ;-4,1=wA2;-3,0=wS2;-3,3=wS1;-2,0=bG1;-2,1=bG2;-2,2=wB2;-1,-1=bB1;-1,2=wG1;-1,3=wG2;0,-2=bB2;0,-1=wG3;1,-1=bA3,wB1;1,0=bA2;2,-1=wQ;3,-3=bS2;3,-2=bA1;3,-1=bS1;3,0=bG3
79	77	0.000000	adjudicated	G1|b|77|39|38|-5,0=wA3;-5,1=wA1;-4,0=bQ;-4,1=wA2;-3,0=wS2;-3,3=wS1;-2,0=bG1;-2,1=bG2;-2,2=wB2;-1,-2=bA2;-1,-1=bB1;-1,2=wG1;-1,3=wG2;0,-2=bB2;0,-1=wG3;1,-1=bA3,wB1;2,-1=wQ;3,-3=bS2;3,-2=bA1;3,-1=bS1;3,0=bG3
79	79	0.000000	adjudicated	G1|b|79|40|39|-5,0=wA3;-5,1=wA1;-4,-1=bQ;-4,1=wA2;-3,0=wS2;-2,0=bG1;-2,1=bG2;-2,2=wB2;-1,-2=bA2;-1,-1=bB1;-1,2=wG1;-1,3=wG2;-1,4=wS1;0,-2=bB2;0,-1=wG3;1,-1=bA3,wB1;2,-1=wQ;3,-3=bS2;3,-2=bA1;3,-1=bS1;3,0=bG3
79	81	0.000000	adjudicated	G1|b|81|41|40|-5,0=wA3;-5,1=wA1;-4,-1=bQ;-4,1=wA2;-3,0=wS2;-2,0=bG1;-2,1=bG2;-2,2=wB2;-1,-1=bB1;-1,2=wG1;-1,3=wG2;-1,4=wS1;0,-2=bB2;0,-1=wG3;1,-1=bA3,wB1;1,0=wQ;2,-2=bA2;3,-3=bS2;3,-2=bA1;3,-1=bS1;3,0=bG3
79	83	0.000000	adjudicated	G1|b|83|42|41|-5,0=wA3;-5,1=wA1;-4,-1=bQ;-4,1=wA2;-3,0=wS2;-3,3=wS1;-2,0=bG1;-2,1=bG2;-2,2=wB2;-1,-1=bB1;-1,2=wG1;-1,3=wG2;0,-2=bB2;0,-1=wG3;1,-3=bS2;1,-1=bA3,wB1;1,0=wQ;2,-2=bA2;3,-2=bA1;3,-1=bS1;3,0=bG3
79	85	0.000000	adjudicated	G1|b|85|43|42|-5,-1=bQ;-5,0=wA3;-5,1=wA1;-4,1=wA2;-3,0=wS2;-3,3=wS1;-2,0=bG1;-2,1=bG2;-2,2=wB2;-1,-1=bB1;-1,2=wG1;-1,3=wG2;0,-2=bB2;0,-1=wG3;1,-3=bS2;1,-1=bA3;1,0=wQ,wB1;2,-2=bA2;3,-2=bA1;3,-1=bS1;3,0=bG3
79	87	0.000000	adjudicated	G1|b|87|44|43|-5,-1=bQ;-5,0=wA3;-5,1=wA1;-4,1=wA2;-3,0=wS2;-3,3=wS1;-2,0=bG1;-2,1=bG2;-2,2=wB2;-1,-1=bB1;-1,2=wG1;-1,3=wG2;0,-2=bB2;0,-1=wG3;1,-1=bA3,wB1;1,0=wQ;2,-2=bA2;3,-3=bS2;3,-2=bA1;3,-1=bS1;3,0=bG3
79	89	0.000000	adjudicated	G1|b|89|45|44|-6,0=bQ;-5,0=wA3;-5,1=wA1;-4,1=wA2;-3,0=wS2;-3,3=wS1;-2,0=bG1;-2,1=bG2;-2,2=wB2;-1,-1=bB1;-1,2=wG1;-1,3=wG2;0,-2=bB2;0,-1=wG3;1,-2=wB1;1,-1=bA3;1,0=wQ;2,-2=bA2;3,-3=bS2;3,-2=bA1;3,-1=bS1;3,0=bG3
79	91	0.000000	adjudicated	G1|b|91|46|45|-6,0=bQ;-5,0=wA3;-5,1=wA1;-4,1=wA2;-3,0=wS2;-3,3=wS1;-2,0=bG1;-2,1=bG2;-2,2=wB2;-1,-1=bB1;-1,2=wG1;-1,3=wG2;0,-1=wG3;1,-3=bB2;1,-2=wB1;1,-1=bA3;2,-2=bA2;2,-1=wQ;3,-3=bS2;3,-2=bA1;3,-1=bS1;3,0=bG3
79	93	0.000000	adjudicated	G1|b|93|47|46|-6,0=bQ;-5,0=wA3;-5,1=wA1;-4,1=wA2;-3,0=wS2;-3,3=wS1;-2,0=bG1;-2,1=bG2;-2,2=wB2;-1,-1=bB1;-1,2=wG1;-1,3=wG2;0,-2=bB2;0,-1=wG3;1,-2=wB1;1,-1=bA3;1,0=wQ;2,-2=bA2;3,-3=bS2;3,-2=bA1;3,-1=bS1;3,0=bG3
79	95	0.000000	adjudicated	G1|b|95|48|47|-6,0=bQ;-5,0=wA3;-5,1=wA1;-4,1=wA2;-3,0=wS2;-3,3=wS1;-2,0=bG1;-2,1=bG2;-2,2=wB2;-1,-2=bB2;-1,-1=bB1;-1,2=wG1;-1,3=wG2;0,-1=wG3;1,-1=bA3;1,0=wQ;2,-2=bA2,wB1;3,-3=bS2;3,-2=bA1;3,-1=bS1;3,0=bG3
80	0	0.664037	adjudicated	G1|w|0|0|0|
80	6	0.664037	adjudicated	G1|w|6|3|3|-1,1=wS2;-1,2=wG1;0,-2=bB2;0,-1=bB1;0,0=wS1;1,-2=bS1
80	8	0.664037	adjudicated	G1|w|8|4|4|-1,1=wS2;-1,2=wG1;0,-2=bB2;0,-1=bB1;0,0=wS1;0,2=wQ;1,-2=bS1;2,-3=bQ
80	10	0.664037	adjudicated	G1|w|10|5|5|-2,1=wB1;-1,-2=bA1;-1,1=wS2;-1,2=wG1;0,-2=bB2;0,-1=bB1;0,0=wS1;0,2=wQ;1,-2=bS1;2,-3=bQ
80	12	0.664037	adjudicated	G1|w|12|6|6|-2,1=wB1;-1,1=wS2;-1,2=wG1;0,-2=bB2;0,-1=bB1;0,0=wS1;0,1=bA1;0,2=wQ;1,-2=bS1;1,2=wB2;2,-3=bQ
80	14	0.664037	adjudicated	G1|w|14|7|7|-2,1=wB1;-1,-2=bG1;-1,1=wS2;0,-2=bB2;0,-1=bB1;0,0=wS1;0,1=bA1;0,2=wQ;1,-2=bS1;1,2=wB2;2,-3=bQ;2,2=wG1
80	16	0.664037	adjudicated	G1|w|16|8|8|-2,1=wB1;-1,-3=bS2;-1,-2=bG1;-1,1=wS2;0,-2=bB2;0,-1=bB1;0,0=wS1;0,1=bA1;0,2=wQ;1,-2=bS1;1,2=wB2;2,-3=bQ;2,1=wG2;2,2=wG1
80	18	0.664037	adjudicated	G1|w|18|9|9|-2,-1=bG2;-2,1=wB1;-1,-3=bS2;-1,-2=bG1;-1,1=wS2;0,-2=bB2;0,-1=bB1;0,0=wS1;0,1=bA1;0,2=wQ;1,-2=bS1;1,2=wB2;2,-3=bQ;2,1=wG2;2,2=wG1;2,3=wA1
80	20	0.664037	adjudicated	G1|w|20|10|10|-2,-1=bG2;-2,1=wB1;-1,-3=bS2;-1,-2=bG1;-1,1=wS2;0,-2=bB2;0,-1=bB1;0,0=wS1;0,1=bA1;0,2=wQ;1,-2=bS1;1,2=wB2;2,-2=wA1;2,1=wG2;2,2=wG1;3,-3=bQ
80	22	0.664037	adjudicated	G1|w|22|11|11|-2,-2=bG3;-2,-1=bG2;-2,1=wB1;-1,-3=bS2;-1,-2=bG1;-1,1=wS2;0,-2=bB2;0,-1=bB1;0,0=wS1;0,1=bA1;0,2=wQ;1,-2=bS1;1,2=wB2;2,-2=wA1;2,-1=wA2;2,1=wG2;2,2=wG1;3,-3=bQ
80	24	0.664037	adjudicated	G1|w|24|12|12|-2,-2=bG3;-2,-1=bG2;-2,1=wB1;-1,-3=bS2;-1,-2=bG1;-1,1=wS2;0,-2=bB2;0,-1=bB1;0,0=wS1;0,1=bA1;0,2=wQ;1,-2=bS1;1,2=wB2;2,-2=wA1;2,1=wG2;2,2=wG1;3,-4=bA2;3,-3=bQ;3,-2=wA2
80	26	0.664037	adjudicated	G1|w|26|13|13|-2,-2=bG3;-2,-1=bG2;-2,1=wB1;-2,2=wG3;-1,-3=bS2;-1,-2=bG1;-1,1=wS2;0,-2=bB2;0,-1=bB1;0,0=wS1;0,1=bA1;0,2=wQ;1,-2=bS1;1,1=bA2;1,2=wB2;2,-2=wA1;2,1=wG2;2,2=wG1;3,-3=bQ;3,-2=wA2
80	28	0.664037	adjudicated	G1|w|28|14|14|-2,-2=bG3;-2,-1=bG2;-2,1=wB1;-2,2=wG3;-1,-3=bS2;-1,-2=bG1;-1,1=wS2;0,-2=bB2;0,-1=bB1;0,0=wS1;0,1=bA1;0,3=wQ;1,-2=bS1;1,1=bA2;1,2=wB2;2,-2=wA1;2,1=wG2;2,2=wG1;3,-2=wA2;4,-3=bQ
80	30	0.664037	adjudicated	G1|w|30|15|15|-2,-3=bA3;-2,-2=bG3;-2,-1=bG2;-2,1=wB1;-2,2=wG3;-1,-3=bS2;-1,-2=bG1;-1,1=wS2;0,-2=bB2;0,-1=bB1;0,0=wS1;0,1=bA1;0,3=wQ;1,-2=bS1;1,1=bA2;1,2=wB2;2,-2=wA1;2,1=wG2;2,2=wG1;3,-2=wA2;3,-1=wA3;4,-3=bQ
80	32	0.664037	adjudicated	G1|w|32|16|16|-2,-2=bG3;-2,-1=bG2;-2,1=wB1;-2,2=wG3;-1,-3=bS2;-1,-2=bG1;-1,1=wS2;-1,4=bA3;0,-2=bB2;0,-1=bB1;0,0=wS1;0,1=bA1;0,3=wQ;1,-2=bS1;1,1=bA2;1,2=wB2;2,-2=wA1;2,1=wG2;2,2=wG1;3,-2=wA2;4,-3=bQ;4,-2=wA3
80	34	0.664037	adjudicated	G1|w|34|17|17|-2,-2=bG3;-2,-1=bG2;-2,1=wB1;-2,2=wG3;-1,-3=bS2;-1,-2=bG1;-1,1=wS2;0,-2=bB2;0,-1=bB1;0,0=wS1;0,1=bA1;0,3=wQ;0,4=wA3;1,-2=bS1;1,1=bA2;1,2=wB2;2,-2=wA1;2,1=wG2;2,2=wG1;3,-2=wA2;3,-1=bA3;4,-3=bQ
80	36	0.664037	adjudicated	G1|w|36|18|18|-2,-2=bG3;-2,-1=bG2;-2,1=wB1;-2,2=wG3;-1,-3=bS2;-1,-2=bG1;-1,1=wS2;0,-2=bB2;0,-1=bB1;0,0=wS1;0,1=bA1;0,2=bA3;0,3=wQ;1,-2=bS1;1,1=bA2;1,2=wB2;2,-2=wA1;2,1=wG2;2,2=wG1;3,-3=wA3;3,-2=wA2;4,-3=bQ
80	38	0.664037	adjudicated	G1|w|38|19|19|-2,-2=bG3;-2,-1=bG2;-2,1=wB1;-2,2=wG3;-2,3=bA2;-1,-3=bS2;-1,-2=bG1;-1,1=wS2;-1,3=wQ;0,-2=bB2;0,-1=bB1;0,0=wS1;0,1=bA1;0,2=bA3;1,-2=bS1;1,2=wB2;2,-2=wA1;2,1=wG2;2,2=wG1;3,-3=wA3;3,-2=wA2;4,-3=bQ
80	40	0.664037	adjudicated	G1|w|40|20|20|-2,-1=bG2;-2,1=wB1;-2,2=wG3;-2,3=bA2;-2,4=wQ;-1,-3=bS2;-1,-2=bG1;-1,1=wS2;0,-4=bG3;0,-2=bB2;0,-1=bB1;0,0=wS1;0,1=bA1;0,2=bA3;1,-2=bS1;1,2=wB2;2,-2=wA1;2,1=wG2;2,2=wG1;3,-3=wA3;3,-2=wA2;4,-3=bQ
80	42	0.664037	adjudicated	G1|w|42|21|21|-2,1=wB1;-2,2=wG3;-2,3=bA2;-2,4=wQ;-1,-3=bS2;-1,-2=bG1;-1,1=wS2;0,-4=bG3;0,-3=bG2;0,-2=bB2;0,-1=bB1;0,0=wS1;0,1=bA1;0,2=bA3;1,-2=bS1;1,2=wB2;2,-2=wA1;2,1=wG2;2,2=wG1;3,-3=wA3;4,-3=bQ;5,-4=wA2
80	44	0.664037	adjudicated	G1|w|44|22|22|-2,1=wB1;-2,2=wG3;-2,3=bA2;-2,4=wQ;-1,-4=bG1;-1,-3=bS2;-1,1=wS2;0,-4=bG3;0,-3=bG2;0,-2=bB2;0,-1=bB1;0,0=wS1;0,1=bA1;0,2=bA3;1,-2=bS1;1,2=wB2;2,-2=wA1;2,1=wG2;2,2=wG1;3,-4=wA2;3,-3=wA3;4,-3=bQ
80	46	0.664037	adjudicated	G1|w|46|23|23|-2,1=wB1;-2,2=wG3;-2,3=bA2;-2,4=wQ;-1,-4=bG1;-1,-3=bS2;-1,1=wS2;0,-4=bG3;0,-3=bG2;0,-2=bB2;0,-1=bB1;0,0=wS1;0,1=bA1;0,2=bA3;1,-2=bS1;1,2=wB2;2,-2=wA1;2,1=wG2;2,2=wG1;3,-3=wA3;4,-4=wA2;5,-4=bQ
80	48	0.664037	adjudicated	G1|w|48|24|24|-2,2=wG3;-2,3=bA2;-2,4=wQ;-1,-3=bS2;-1,-2=bG1;-1,0=wB1;-1,1=wS2;0,-4=bG3;0,-3=bG2;0,-2=bB2;0,-1=bB1;0,0=wS1;0,1=bA1;0,2=bA3;1,-2=bS1;1,2=wB2;2,-2=wA1;2,1=wG2;2,2=wG1;3,-3=wA3;4,-4=wA2;5,-4=bQ
80	50	0.664037	adjudicated	G1|w|50|25|25|-2,-1=bG2;-2,2=wG3;-2,3=bA2;-2,4=wQ;-1,-3=bS2;-1,-2=bG1;-1,1=wS2;0,-4=bG3;0,-2=bB2;0,-1=bB1,wB1;0,0=wS1;0,1=bA1;0,2=bA3;1,-2=bS1;1,2=wB2;2,-2=wA1;2,1=wG2;2,2=wG1;3,-3=wA3;4,-4=wA2;5,-4=bQ
80	52	0.664037	adjudicated	G1|w|52|26|26|-2,-1=bG2;-2,2=wG3;-2,3=bA2;-2,4=wQ;-1,-3=bS2;-1,-2=bG1;-1,1=wS2;-1,2=wG1;-1,4=bA1;0,-4=bG3;0,-2=bB2;0,-1=bB1,wB1;0,0=wS1;0,2=bA3;1,-2=bS1;1,2=wB2;2,-2=wA1;2,1=wG2;3,-3=wA3;4,-4=wA2;5,-4=bQ
80	54	0.664037	adjudicated	G1|w|54|27|27|-2,2=wG3;-2,3=bA2;-2,4=wQ;-1,-3=bS2;-1,-2=bG1;-1,1=wS2;-1,2=wG1;-1,4=bA1;0,-4=bG3;0,-3=bG2;0,-2=bB2,wB1;0,-1=bB1;0,0=wS1;0,2=bA3;1,-2=bS1;1,2=wB2;2,-2=wA1;2,1=wG2;3,-3=wA3;4,-4=wA2;5,-4=bQ
80	56	0.664037	adjudicated	G1|w|56|28|28|-2,3=bA2;-2,4=wQ;-1,-3=bS2;-1,-2=bG1;-1,-1=bA1;-1,1=wS2;-1,2=wG1;0,-4=bG3;0,-3=bG2;0,-2=bB2,wB1;0,-1=bB1;0,0=wS1;0,2=bA3;1,-2=bS1;1,-1=wG3;1,2=wB2;2,-2=wA1;2,1=wG2;3,-3=wA3;4,-4=wA2;5,-4=bQ
80	58	0.664037	adjudicated	G1|w|58|29|29|-3,5=bA1;-2,3=bA2;-2,4=wQ;-1,-3=bS2;-1,-2=bG1;-1,1=wS2;-1,2=wG1;0,-4=bG3;0,-3=bG2;0,-2=bB2,wB1;0,-1=bB1;0,0=wS1;0,2=bA3;1,-2=bS1;1,2=wB2;2,-2=wA1;2,1=wG2;3,-3=wA3;4,-4=wA2;5,-5=wG3;5,-4=bQ
80	60	0.664037	adjudicated	G1|w|60|30|30|-2,3=bA2;-2,4=wQ;-1,-3=bS2;-1,-2=bG1;-1,1=wS2;-1,2=wG1;-1,3=bA1;0,-4=bG3;0,-3=bG2;0,-2=bB2,wB1;0,-1=bB1;0,0=wS1;0,2=bA3;1,-2=bS1;1,2=wB2;2,-2=wA1;2,1=wG2;3,-3=wA3;4,-4=wA2;5,-4=bQ;5,-3=wG3
80	62	0.664037	adjudicated	G1|w|62|31|31|-4,5=bA1;-3,4=wQ;-2,3=bA2;-1,-3=bS2;-1,-2=bG1;-1,1=wS2;-1,2=wG1;0,-4=bG3;0,-3=bG2;0,-2=bB2,wB1;0,-1=bB1;0,0=wS1;0,2=bA3;1,-2=bS1;1,2=wB2;2,-2=wA1;2,1=wG2;3,-3=wA3;4,-4=wA2;5,-4=bQ;5,-3=wG3
80	64	0.664037	adjudicated	G1|w|64|32|32|-3,4=wQ;-3,5=bA1;-2,3=bA2;-1,-3=bS2;-1,-2=bG1;-1,1=wS2;-1,2=wG1;0,-4=bG3;0,-3=bG2;0,-2=bB2,wB1;0,-1=bB1;0,0=wS1;0,2=bA3;0,3=wG2;1,-2=bS1;1,2=wB2;2,-2=wA1;3,-3=wA3;4,-4=wA2;5,-4=bQ;5,-3=wG3
80	66	0.664037	adjudicated	G1|w|66|33|33|-3,4=wQ;-3,5=bA1;-2,3=bA2;-1,-3=bS2;-1,-2=bG1;-1,1=wS2;-1,2=wG1;0,-4=bG3;0,-2=bB2;0,-1=bB1;0,0=wS1;0,2=bA3;0,3=wG2;1,-3=wB1;1,-2=bS1;1,2=wB2;2,-3=bG2;2,-2=wA1;3,-3=wA3;4,-4=wA2;5,-4=bQ;5,-3=wG3
80	68	0.664037	adjudicated	G1|w|68|34|34|-3,4=wQ;-2,3=bA2;-2,4=bA1;-1,-3=bS2;-1,-2=bG1;-1,1=wS2;-1,2=wG1;0,-4=bG3;0,-2=bB2;0,-1=bB1;0,0=wS1;0,2=bA3;0,3=wG2;1,-3=wB1;1,-2=bS1;1,2=wB2;2,-3=bG2;3,-3=wA3;4,-4=wA2;5,-4=bQ;5,-3=wG3;6,-4=wA1
80	70	0.664037	adjudicated	G1|w|70|35|35|-3,5=wQ;-2,3=bA2;-2,4=bA1;-1,-3=bS2;-1,-2=bG1;-1,1=wS2;-1,2=wG1;0,-4=bG3;0,-2=bB2;0,-1=bB1;0,0=wS1;0,1=bS1;0,2=bA3;0,3=wG2;1,-3=wB1;1,2=wB2;2,-3=bG2;3,-3=wA3;4,-4=wA2;5,-4=bQ;5,-3=wG3;6,-4=wA1
80	72	0.664037	adjudicated	G1|w|72|36|36|-3,5=wQ;-2,3=bA2;-2,4=bA1;-1,-3=bS2;-1,-2=bG1;-1,1=wS2;-1,2=wG1;0,-4=bG3;0,-2=bB2;0,-1=bB1;0,0=wS1;0,2=bA3,wB2;0,3=wG2;1,-3=wB1;1,3=bS1;2,-3=bG2;3,-3=wA3;4,-4=wA2;5,-4=bQ;5,-3=wG3;6,-4=wA1
80	74	0.664037	adjudicated	G1|w|74|37|37|-3,5=wQ;-2,3=bA2;-2,4=bA1;-2,5=bS1;-1,-3=bS2;-1,-2=bG1;-1,1=wS2;-1,2=wG1;0,-4=bG3;0,-2=bB2;0,-1=bB1;0,0=wS1;0,2=bA3;0,3=wG2;1,-3=wB1;1,2=wB2;2,-3=bG2;3,-3=wA3;4,-4=wA2;5,-4=bQ;5,-3=wG3;6,-4=wA1
80	76	0.664037	adjudicated	G1|w|76|38|38|-3,6=wQ;-2,-2=bG3;-2,3=bA2;-2,4=bA1;-2,5=bS1;-1,-3=bS2;-1,-2=bG1;-1,1=wS2;-1,2=wG1;0,-2=bB2;0,-1=bB1;0,0=wS1;0,2=bA3;0,3=wG2;1,-3=wB1;1,2=wB2;2,-3=bG2;3,-3=wA3;4,-4=wA2;5,-4=bQ;5,-3=wG3;6,-4=wA1
80	78	0.664037	adjudicated	G1|w|78|39|39|-3,6=wQ;-2,3=bA2;-2,4=bA1;-2,5=bS1;-1,-3=bS2;-1,-2=bG1;-1,1=wS2;-1,2=wG1;0,-2=bB2;0,-1=bB1;0,0=wS1;0,1=wG2;0,2=bA3;1,-3=wB1;1,-2=bG3;1,2=wB2;2,-3=bG2;3,-3=wA3;4,-4=wA2;5,-4=bQ;5,-3=wG3;6,-4=wA1
80	80	0.664037	adjudicated	G1|w|80|40|40|-3,6=wQ;-2,3=bA2;-2,4=bA1;-2,5=bS1;-1,-2=bG1;-1,1=wS2;-1,2=wG1;0,-2=bB2;0,-1=bB1;0,0=wS1;0,1=wG2;0,2=bA3,wB2;1,-3=wB1;1,-2=bG3;2,-4=bS2;2,-3=bG2;3,-3=wA3;4,-4=wA2;5,-4=bQ;5,-3=wG3;6,-4=wA1
80	82	0.664037	adjudicated	G1|w|82|41|41|-3,6=wQ;-2,3=bA2;-2,4=bA1;-2,5=bS1;-1,-2=bG1;-1,1=wS2;-1,2=wG1;0,-2=bB2;0,-1=bB1;0,0=wS1;0,2=bA3,wB2;0,3=wG2;1,-3=wB1;2,-4=bS2;2,-3=bG2;3,-4=bG3;3,-3=wA3;4,-4=wA2;5,-4=bQ;5,-3=wG3;6,-4=wA1
80	84	0.664037	adjudicated	G1|w|84|42|42|-3,6=wQ;-2,3=bA2;-2,4=bA1;-2,5=bS1;-1,-2=bG1;-1,1=wS2;-1,2=wG1;0,-2=bB2;0,-1=bB1;0,0=wS1;0,2=bA3,wB2;0,3=wG2;1,-3=wB1;2,-5=bG2;2,-4=bS2;3,-4=bG3;4,-4=wA2;5,-4=bQ;5,-3=wG3;6,-5=wA3;6,-4=wA1
80	86	0.664037	adjudicated	G1|w|86|43|43|-3,6=wQ;-2,3=bA2;-2,4=bA1;-2,5=bS1;-1,1=wS2;-1,2=wG1;0,-2=bB2;0,-1=bB1;0,0=wS1;0,2=bA3;0,3=wG2;1,-3=wB1;1,-2=bG1;1,1=wB2;2,-5=bG2;2,-4=bS2;3,-4=bG3;4,-4=wA2;5,-4=bQ;5,-3=wG3;6,-5=wA3;6,-4=wA1
80	88	0.664037	adjudicated	G1|w|88|44|44|-3,5=bA3;-3,6=wQ;-2,3=bA2;-2,4=bA1;-2,5=bS1;-1,1=wS2;-1,2=wG1;0,-2=bB2;0,-1=bB1;0,0=wS1;0,1=wG2;1,-3=wB1;1,-2=bG1;1,1=wB2;2,-5=bG2;2,-4=bS2;3,-4=bG3;4,-4=wA2;5,-4=bQ;5,-3=wG3;6,-5=wA3;6,-4=wA1
80	90	0.664037	adjudicated	G1|w|90|45|45|-5,7=bS1;-4,6=wQ;-3,5=bA3;-2,3=bA2;-2,4=bA1;-1,1=wS2;-1,2=wG1;0,-2=bB2;0,-1=bB1;0,0=wS1;0,1=wG2;1,-3=wB1;1,-2=bG1;1,1=wB2;2,-5=bG2;2,-4=bS2;3,-4=bG3;4,-4=wA2;5,-4=bQ;5,-3=wG3;6,-5=wA3;6,-4=wA1
80	92	0.664037	adjudicated	G1|w|92|46|46|-5,7=bS1;-4,6=wQ;-4,7=bA1;-3,4=wS2;-3,5=bA3;-2,3=bA2;-1,2=wG1;0,-2=bB2;0,-1=bB1;0,0=wS1;0,1=wG2;1,-3=wB1;1,-2=bG1;1,1=wB2;2,-5=bG2;2,-4=bS2;3,-4=bG3;4,-4=wA2;5,-4=bQ;5,-3=wG3;6,-5=wA3;6,-4=wA1
80	94	0.664037	adjudicated	G1|w|94|47|47|-5,7=bS1;-4,6=wQ;-3,4=wS2;-3,5=bA3;-2,3=bA2;-1,-2=bA1;-1,2=wG1;0,-2=bB2;0,-1=bB1;0,0=wS1;0,1=wG2;1,-3=wB1;1,-2=bG1;1,0=wB2;2,-5=bG2;2,-4=bS2;3,-4=bG3;4,-4=wA2;5,-4=bQ;5,-3=wG3;6,-5=wA3;6,-4=wA1
80	96	0.664037	adjudicated	G1|w|96|48|48|-6,7=bA1;-5,7=bS1;-4,6=wQ;-3,4=wS2;-3,5=bA3;-2,3=bA2;-1,2=wG1;0,-2=bB2;0,-1=bB1;0,0=wS1;0,1=wG2;1,-3=wB1;1,-2=bG1;1,0=wB2;2,-5=bG2;2,-4=bS2;3,-4=bG3;4,-4=wA2;5,-5=wA3;5,-4=bQ;5,-3=wG3;6,-4=wA1
81	0	0.000000	adjudicated	G1|w|0|0|0|
81	7	0.000000	adjudicated	G1|b|7|4|3|-3,2=bA1;-2,1=bB1;-1,0=bG1;0,0=wG1;1,-1=wG2;2,-1=wB1;3,-1=wQ
81	9	0.000000	adjudicated	G1|b|9|5|4|-3,2=bA1;-3,3=bQ;-2,1=bB1;-1,0=bG1;0,0=wG1;1,-2=wS1;1,-1=wG2;2,-1=wB1;3,-1=wQ
81	11	0.000000	adjudicated	G1|b|11|6|5|-4,3=bS1;-3,2=bA1;-3,3=bQ;-2,1=bB1;-1,0=bG1;0,0=wG1;1,-2=wS1;1,-1=wG2;2,-2=wA1;2,-1=wB1;3,-1=wQ
81	13	0.000000	adjudicated	G1|b|13|7|6|-4,3=bS1;-4,4=bQ;-4,5=wA1;-3,2=bA1;-2,1=bB1;-1,0=bG1;0,0=wG1;1,-2=wS1;1,-1=wG2;2,-1=wB1;3,-1=wQ
81	15	0.000000	adjudicated	G1|b|15|8|7|-5,3=bS2;-4,3=bS1;-4,4=bQ;-4,5=wA1;-3,2=bA1;-2,1=bB1;-1,0=bG1;0,0=wG1;1,-3=wS2;1,-2=wS1;1,-1=wG2;2,-1=wB1;3,-1=wQ
81	17	0.000000	adjudicated	G1|b|17|9|8|-5,3=bS2;-5,5=wA1;-4,2=bG2;-4,3=bS1;-4,4=bQ;-3,2=bA1;-2,1=bB1;-1,0=bG1;0,0=wG1;1,-3=wS2;1,-2=wS1;1,-1=wG2;2,-1=wB1;3,-1=wQ
81	19	0.000000	adjudicated	G1|b|19|10|9|-5,3=bS2;-5,5=wA1;-4,1=bG3;-4,2=bG2;-4,3=bS1;-4,4=bQ;-3,2=bA1;-2,1=bB1;-1,0=bG1;0,0=wG1;1,-3=wS2;1,-2=wS1;1,-1=wG2;2,-3=wB2;2,-1=wB1;3,-1=wQ
81	21	0.000000	adjudicated	G1|b|21|11|10|-5,3=bS2;-5,5=wA1;-4,1=bG3;-4,2=bG2;-4,3=bS1;-4,4=bQ;-3,2=bA1;-2,1=bB1;-2,2=bB2;-1,0=bG1;0,0=wG1;1,-3=wS2;1,-2=wS1;1,-1=wG2;2,-4=wA2;2,-3=wB2;2,-1=wB1;3,-1=wQ
81	23	0.000000	adjudicated	G1|b|23|12|11|-5,3=bS2;-5,5=wA1;-4,1=bG3;-4,2=bG2;-4,3=bS1;-4,4=bQ;-3,2=bA1;-2,1=bB1;-2,2=bB2;-1,-1=bA2;-1,0=bG1;0,0=wG1;1,-3=wS2;1,-2=wS1;1,-1=wG2;2,-4=wA2,wB2;2,-1=wB1;3,-1=wQ
81	25	0.000000	adjudicated	G1|b|25|13|12|-5,3=bS2;-5,5=wA1;-4,1=bG3;-4,2=bG2;-4,3=bS1;-4,4=bQ;-3,2=bA1;-2,1=bB1;-2,2=bB2;-1,0=bG1;0,0=wG1;1,-3=wS2;1,-2=wS1;1,-1=wG2;2,-4=wA2,wB2;2,-1=wB1;3,-4=wA3;3,-1=wQ;3,0=bA2
81	27	0.000000	adjudicated	G1|b|27|14|13|-5,3=bS2;-5,5=wA1;-4,1=bG3;-4,2=bG2;-4,3=bS1;-4,4=bQ;-3,2=bA1;-3,4=wA3;-2,1=bB1,bB2;-1,0=bG1;0,0=wG1;1,-3=wS2;1,-2=wS1;1,-1=wG2;2,-4=wA2,wB2;2,-1=wB1;3,-1=wQ;3,0=bA2
81	29	0.000000	adjudicated	G1|b|29|15|14|-5,3=bS2;-5,5=wA1;-4,1=bG3;-4,2=bG2;-4,3=bS1;-4,4=bQ;-3,0=bA3;-3,2=bA1;-3,4=wA3;-2,1=bB1,bB2;-1,0=bG1;0,0=wG1;1,-4=wB2;1,-3=wS2;1,-2=wS1;1,-1=wG2;2,-4=wA2;2,-1=wB1;3,-1=wQ;3,0=bA2
81	31	0.000000	adjudicated	G1|b|31|16|15|-5,3=bS2;-5,5=wA1;-4,1=bG3;-4,2=bG2;-4,3=bS1;-4,4=bQ;-3,2=bA1;-3,4=wA3;-2,1=bB1,bB2;-1,0=bG1;0,0=wG1;1,-4=wB2;1,-3=wS2;1,-2=wS1;1,-1=wG2;2,-4=wA2;2,-1=wB1;2,0=bA3;3,-2=wQ;3,0=bA2
81	33	0.000000	adjudicated	G1|b|33|17|16|-5,3=bS2;-5,4=wA2;-5,5=wA1;-4,1=bG3;-4,2=bG2;-4,3=bS1;-4,4=bQ;-3,2=bA1;-3,4=wA3;-2,1=bB1,bB2;-1,0=bG1;0,0=wG1;1,-4=wB2;1,-3=wS2;1,-2=wS1;1,-1=wG2;2,-2=bA2;2,-1=wB1;2,0=bA3;3,-2=wQ
81	35	0.000000	adjudicated	G1|b|35|18|17|-5,3=bS2;-5,4=wA2;-5,5=wA1;-4,1=bG3;-4,2=bG2;-4,3=bS1;-4,4=bQ;-3,2=bA1;-3,4=wA3;-2,1=bB1,bB2;-1,0=bG1;0,0=wG1;1,-4=wB2;1,-3=wS2;1,-2=wS1;1,-1=wG2;2,-2=bA2;3,-2=wQ,wB1;4,-2=bA3
81	37	0.000000	adjudicated	G1|b|37|19|18|-5,5=wA1;-4,0=bS2;-4,1=bG3;-4,2=bG2;-4,3=bS1;-4,4=bQ;-3,2=bA1;-3,4=wA3;-2,1=bB1,bB2;-1,0=bG1;0,0=wG1;1,-4=wB2;1,-3=wS2;1,-2=wS1;1,-1=wG2;2,-5=wA2;2,-2=bA2;3,-2=wQ,wB1;4,-2=bA3
81	39	0.000000	adjudicated	G1|b|39|20|19|-5,5=wA1;-5,6=wG3;-4,0=bS2;-4,1=bG3;-4,2=bG2;-4,3=bS1;-4,4=bQ;-3,2=bA1;-3,4=wA3;-2,1=bB1;-1,0=bG1,bB2;0,0=wG1;1,-4=wB2;1,-3=wS2;1,-2=wS1;1,-1=wG2;2,-5=wA2;2,-2=bA2;3,-2=wQ,wB1;4,-2=bA3
81	41	0.000000	adjudicated	G1|b|41|21|20|-5,4=wA2;-5,5=wA1;-5,6=wG3;-4,0=bS2;-4,1=bG3;-4,2=bG2;-4,3=bS1;-4,4=bQ;-4,5=bA3;-3,2=bA1;-3,4=wA3;-2,1=bB1;-1,0=bG1,bB2;0,0=wG1;1,-4=wB2;1,-3=wS2;1,-2=wS1;1,-1=wG2;2,-2=bA2;3,-2=wQ,wB1
81	43	0.000000	adjudicated	G1|b|43|22|21|-5,4=wA2;-5,5=wA1;-5,6=wG3;-4,0=bS2;-4,1=bG3;-4,2=bG2;-4,3=bS1;-4,4=bQ;-3,2=bA1;-3,4=wA3;-2,1=bB1;-1,0=bG1,bB2;0,0=wG1;1,-3=wS2;1,-2=wS1;1,-1=wG2;2,-4=wB2;2,-2=bA2;2,-1=bA3;3,-2=wQ,wB1
81	45	0.000000	adjudicated	G1|b|45|23|22|-5,4=wA2;-5,5=wA1;-5,6=wG3;-4,0=bS2;-4,1=bG3;-4,2=bG2;-4,3=bS1;-4,4=bQ;-3,2=bA1;-3,4=wA3;-2,1=bB1;-1,0=bG1;-1,1=bB2;0,0=wG1;1,-4=wB2;1,-3=wS2;1,-2=wS1;1,-1=wG2;2,-2=bA2;2,-1=bA3;3,-2=wQ,wB1
81	47	0.000000	adjudicated	G1|b|47|24|23|-5,5=wA1;-5,6=wG3;-4,0=bS2;-4,1=bG3;-4,2=bG2;-4,3=bS1;-4,4=bQ;-4,5=wA2;-3,2=bA1;-3,4=wA3;-2,1=bB1;-1,0=bG1,bB2;0,0=wG1;1,-4=wB2;1,-3=wS2;1,-2=wS1;1,-1=wG2;2,-2=bA2;2,-1=bA3;3,-2=wQ,wB1
81	49	0.000000	adjudicated	G1|b|49|25|24|-5,4=wG3;-5,5=wA1;-4,0=bS2;-4,1=bG3;-4,2=bG2;-4,3=bS1;-4,4=bQ;-4,5=wA2;-3,2=bA1;-3,4=wA3;-2,1=bB1;-1,0=bG1,bB2;0,0=wG1;1,-4=wB2;1,-3=wS2;1,-2=wS1;1,-1=wG2;2,-2=bA2;3,-2=wQ,wB1;4,-3=bA3
81	51	0.000000	adjudicated	G1|b|51|26|25|-5,4=wG3;-5,5=wA1;-4,0=bS2;-4,1=bG3;-4,2=bG2;-4,3=bS1;-4,4=bQ;-3,2=bA1;-3,3=wA2;-3,4=wA3;-2,0=bB2;-2,1=bB1;-1,0=bG1;0,0=wG1;1,-4=wB2;1,-3=wS2;1,-2=wS1;1,-1=wG2;2,-2=bA2;3,-2=wQ,wB1;4,-3=bA3
81	53	0.000000	adjudicated	G1|b|53|27|26|-5,3=bS2;-5,4=wG3;-4,1=bG3;-4,2=bG2;-4,3=bS1;-4,4=bQ;-4,5=wA1;-3,2=bA1;-3,3=wA2;-3,4=wA3;-2,0=bB2;-2,1=bB1;-1,0=bG1;0,0=wG1;1,-4=wB2;1,-3=wS2;1,-2=wS1;1,-1=wG2;2,-2=bA2;3,-2=wQ,wB1;4,-3=bA3
81	55	0.000000	adjudicated	G1|b|55|28|27|-5,3=bS2;-5,4=wG3;-4,1=bG3;-4,2=bG2;-4,3=bS1;-4,4=bQ;-4,5=wA1;-3,2=bA1;-3,3=wA2;-3,4=wA3;-2,1=bB1;-1,-1=bB2;-1,0=bG1;0,0=wG1;1,-4=wB2;1,-3=wS2;1,-2=wS1;1,-1=wG2;2,-2=bA2;2,-1=wB1;3,-2=wQ;4,-3=bA3
81	57	0.000000	adjudicated	G1|b|57|29|28|-5,3=bS2;-5,4=wG3;-4,1=bG3;-4,2=bG2;-4,3=bS1;-4,4=bQ;-4,5=wA1;-3,2=bA1;-3,3=wA2;-3,4=wA3;-3,5=bA3;-2,1=bB1;-1,-1=bB2;-1,0=bG1;0,0=wG1;1,-4=wB2;1,-3=wS2;1,-2=wS1;1,-1=wG2,wB1;2,-2=bA2;3,-2=wQ
81	59	0.000000	adjudicated	G1|b|59|30|29|-5,3=bS2;-5,4=wG3;-4,1=bG3;-4,2=bG2;-4,3=bS1;-4,4=bQ;-4,5=wA1;-3,2=bA1;-3,3=wA2;-3,4=wA3;-2,1=bB1;-1,-1=bB2;-1,0=bG1;0,0=wG1;1,-4=wB2;1,-3=wS2;1,-2=wS1;1,-1=wG2;2,-2=bA2,wB1;3,-2=wQ;4,-3=bA3
81	61	0.000000	adjudicated	G1|b|61|31|30|-5,3=bS2;-5,4=wG3;-4,1=bG3;-4,2=bG2;-4,3=bS1;-4,4=bQ;-4,5=wA1;-3,2=bA1;-3,3=wA2;-2,1=bB1;-2,2=wA3;-1,-1=bB2;-1,0=bG1;0,0=wG1;1,-4=wB2;1,-3=wS2;1,-2=wS1;1,-1=wG2;2,-2=bA2,wB1;3,-2=wQ;3,-1=bA3
81	63	0.000000	adjudicated	G1|b|63|32|31|-5,3=bS2;-5,4=wG3;-5,5=wA3;-4,1=bG3;-4,2=bG2;-4,3=bS1;-4,4=bQ;-4,5=wA1;-3,2=bA1;-3,3=wA2;-2,1=bB1;-1,-1=bB2;-1,0=bG1;0,0=wG1;1,-4=wB2;1,-3=wS2;1,-2=wS1;1,-1=wG2;2,-2=bA2,wB1;2,-1=bA3;3,-2=wQ
81	65	0.000000	adjudicated	G1|b|65|33|32|-6,6=bS2;-5,4=wG3;-5,5=wA3;-4,1=bG3;-4,2=bG2;-4,3=bS1;-4,4=bQ;-4,5=wA1;-3,2=bA1;-3,3=wA2;-2,1=bB1;-1,-1=bB2;-1,0=bG1;0,0=wG1;1,-4=wB2;1,-3=wS2;1,-2=wS1;1,-1=wG2;2,-2=bA2,wB1;2,-1=bA3;3,-3=wQ
81	67	0.000000	adjudicated	G1|b|67|34|33|-6,6=bS2;-5,4=wG3;-5,5=wA3;-4,1=bG3;-4,2=bG2;-4,3=bS1;-4,4=bQ;-4,5=wA1;-3,2=bA1;-3,3=wA2;-2,1=bB1;-1,-1=bB2;-1,0=bG1;0,0=wG1;1,-4=wB2;1,-3=wS2;1,-2=wS1;1,-1=wG2;2,-2=bA2;3,-4=bA3;3,-3=wQ,wB1
81	69	0.000000	adjudicated	G1|b|69|35|34|-6,6=bS2;-5,4=wG3;-5,5=wA3;-4,2=bG2;-4,3=bS1;-4,4=bQ;-4,5=wA1;-4,6=bG3;-3,2=bA1;-3,3=wA2;-2,1=bB1;-1,-1=bB2;-1,0=bG1;0,0=wG1;1,-4=wB2;1,-3=wS2;1,-2=wS1;1,-1=wG2;2,-2=bA2,wB1;3,-4=bA3;3,-3=wQ
81	71	0.000000	adjudicated	G1|b|71|36|35|-6,6=bS2;-5,4=wG3;-5,5=wA3;-4,2=bG2;-4,3=bS1;-4,4=bQ;-4,5=wA1;-4,6=bG3;-3,2=bA1;-3,3=wA2;-2,1=bB1;-1,0=bG1;0,-1=bB2;0,0=wG1;1,-4=wB2;1,-3=wS2;1,-2=wS1;1,-1=wG2,wB1;2,-2=bA2;3,-4=bA3;3,-3=wQ
81	73	0.000000	adjudicated	G1|b|73|37|36|-5,3=bS2;-5,4=wG3;-5,5=wA3;-5,6=wA2;-4,2=bG2;-4,3=bS1;-4,4=bQ;-4,5=wA1;-4,6=bG3;-3,2=bA1;-2,1=bB1;-1,0=bG1;0,-1=bB2;0,0=wG1;1,-4=wB2;1,-3=wS2;1,-2=wS1;1,-1=wG2,wB1;2,-2=bA2;3,-4=bA3;3,-3=wQ
81	75	0.000000	adjudicated	G1|b|75|38|37|-5,3=bS2;-5,4=wG3;-5,5=wA3;-4,2=bG2;-4,3=bS1;-4,5=wA1;-4,6=bG3;-3,2=bA1;-3,4=bQ;-2,1=bB1;-2,4=wA2;-1,0=bG1;0,-1=bB2;0,0=wG1;1,-4=wB2;1,-3=wS2;1,-2=wS1;1,-1=wG2,wB1;2,-2=bA2;3,-4=bA3;3,-3=wQ
81	77	0.000000	adjudicated	G1|b|77|39|38|-5,3=bS2;-5,4=wG3;-5,5=wA3;-4,2=bG2;-4,3=bS1;-4,5=wA1;-4,6=bG3;-3,2=bA1;-3,4=bQ;-2,1=bB1;-2,3=wA2;-1,0=bG1;0,0=wG1;1,-4=wB2;1,-3=wS2;1,-2=wS1;1,-1=wG2,wB1,bB2;2,-2=bA2;3,-4=bA3;3,-3=wQ
81	79	0.000000	adjudicated	G1|b|79|40|39|-6,6=bS2;-5,4=wG3;-5,5=wA3;-4,2=bG2;-4,3=bS1;-4,5=wA1;-4,6=bG3;-3,2=bA1;-3,4=bQ;-2,1=bB1;-2,3=wA2;-1,0=bG1;0,0=wG1;1,-3=wS2,wB2;1,-2=wS1;1,-1=wG2,wB1,bB2;2,-2=bA2;3,-4=bA3;3,-3=wQ
81	81	0.000000	adjudicated	G1|b|81|41|40|-6,6=bS2;-5,4=wG3;-5,5=wA3;-4,2=bG2;-4,3=bS1;-4,5=wA1;-4,6=bG3;-3,2=bA1;-3,4=bQ;-2,1=bB1;-2,3=wA2;-1,0=bG1;0,-1=bB2;0,0=wG1;1,-3=wS2,wB2;1,-2=wS1,wB1;1,-1=wG2;2,-2=bA2;3,-4=bA3;3,-3=wQ
81	83	0.000000	adjudicated	G1|b|83|42|41|-6,6=bS2;-5,4=wG3;-5,5=wA3;-4,2=bG2;-4,3=bS1;-4,5=wA1;-4,6=bG3;-3,2=bA1;-3,4=bQ;-2,1=bB1;-2,3=wA2;-1,0=bG1,bB2;0,0=wG1;1,-3=wS2,wB2;1,-2=wS1;1,-1=wG2,wB1;2,-2=bA2;3,-4=bA3;3,-3=wQ
81	85	0.000000	adjudicated	G1|b|85|43|42|-6,6=bS2;-5,4=wG3;-5,5=wA3;-4,2=bG2;-4,3=bS1;-4,5=wA1;-4,6=bG3;-3,2=bA1;-3,4=bQ;-2,1=bB1;-2,3=wA2;-1,0=bG1,bB2;0,0=wG1;1,-3=wS2,wB2;1,-2=wS1;1,-1=wG2,wB1;2,-3=bA3;2,-2=bA2;3,-4=wQ
81	87	0.000000	adjudicated	G1|b|87|44|43|-6,6=bS2;-5,2=wA2;-5,4=wG3;-5,5=wA3;-4,2=bG2;-4,3=bS1;-4,5=wA1;-4,6=bG3;-3,2=bA1;-3,4=bQ;-2,1=bB1;-1,0=bG1,bB2;0,0=wG1;1,-3=wS2,wB2;1,-2=wS1;1,-1=wG2,wB1;2,-3=bA3;3,-4=wQ;4,-4=bA2
81	89	0.000000	adjudicated	G1|b|89|45|44|-6,6=bS2;-5,4=wG3;-5,5=wA3;-4,2=bG2;-4,3=bS1;-4,5=wA1;-4,6=bG3;-3,2=bA1;-3,4=bQ;-2,1=bB1;-2,4=wA2;-1,0=bG1,bB2;0,0=wG1;1,-3=wS2,wB2;1,-2=wS1;1,-1=wG2,wB1;2,-4=bA2;2,-3=bA3;3,-4=wQ
81	91	0.000000	adjudicated	G1|b|91|46|45|-6,6=bS2;-5,4=wG3;-5,5=wA3;-4,2=bG2;-4,3=bS1;-4,5=wA1;-4,6=bG3;-3,2=bA1;-3,3=wA2;-3,4=bQ;-2,1=bB1;-1,0=bG1,bB2;0,0=wG1;1,-3=wS2,wB2;1,-2=wS1;1,-1=wG2,wB1;2,-4=bA2;3,-4=wQ;4,-5=bA3
81	93	0.000000	adjudicated	G1|b|93|47|46|-6,6=bS2;-5,4=wG3;-5,5=wA3;-4,2=bG2;-4,3=bS1;-4,5=wA1;-4,6=bG3;-3,2=bA1;-3,3=wA2;-2,1=bB1;-2,3=bQ;-1,0=bG1,bB2;0,0=wG1;1,-3=wS2,wB2;1,-2=wS1;1,-1=wG2;2,-4=bA2;2,-2=wB1;3,-4=wQ;4,-5=bA3
81	95	0.000000	adjudicated	G1|b|95|48|47|-5,3=bS2;-5,4=wG3;-5,5=wA3;-4,2=bG2;-4,3=bS1;-4,5=wA1;-4,6=bG3;-3,2=bA1;-3,3=wA2;-2,1=bB1;-2,3=bQ;-1,0=bG1,bB2;0,0=wG1;1,-4=wB2;1,-3=wS2;1,-2=wS1;1,-1=wG2;2,-4=bA2;2,-2=wB1;3,-4=wQ;4,-5=bA3
82	0	0.664037	adjudicated	G1|w|0|0|0|
82	6	0.664037	adjudicated	G1|w|6|3|3|0,-2=bS1;0,-1=bB1;0,0=wG1;0,1=wB1;1,-2=bA1;1,1=wB2
82	8	0.664037	adjudicated	G1|w|8|4|4|0,-2=bS1;0,-1=bB1;0,0=wG1;0,1=wB1;1,-2=bA1;1,1=wB2;2,-2=bQ;2,0=wQ
82	10	0.664037	adjudicated	G1|w|10|5|5|-1,-1=bG1;-1,1=wG2;0,-2=bS1;0,-1=bB1;0,0=wG1;0,1=wB1;1,-2=bA1;1,1=wB2;2,-2=bQ;2,0=wQ
82	12	0.664037	adjudicated	G1|w|12|6|6|-2,-1=bS2;-1,-1=bG1;0,-2=bS1;0,-1=bB1;0,0=wG1;0,1=wB1;1,-2=bA1;1,-1=wG2;1,1=wB2;2,-2=bQ;2,0=wQ
82	14	0.664037	adjudicated	G1|w|14|7|7|-2,-1=bS2;-1,-1=bG1;0,-2=bS1;0,-1=bB1;0,0=wG1;0,1=wB1;1,-1=wG2;1,1=wB2;1,2=bA1;2,-2=bQ;2,1=wQ
82	16	0.664037	adjudicated	G1|w|16|8|8|-2,-1=bS2;-2,0=bG2;-1,-1=bG1;0,-2=bS1;0,-1=bB1;0,0=wG1;0,1=wB1;1,-1=wG2;1,1=wB2;1,2=bA1;2,-2=bQ;2,0=wQ
82	18	0.664037	adjudicated	G1|w|18|9|9|-2,-1=bS2;-2,0=bG2;-1,-1=bG1;-1,1=wA1;0,-2=bS1;0,-1=bB1;0,0=wG1;0,1=wB1;1,-1=wG2;1,1=wB2;2,-2=bQ;2,0=wQ;3,0=bA1
82	20	0.664037	adjudicated	G1|w|20|10|10|-2,-1=bS2;-2,0=bG2;-1,-1=bG1;0,-2=bS1;0,-1=bB1;0,0=wG1;0,1=wB1;1,-1=wG2;1,1=wB2;2,-2=bQ;2,0=wQ;3,-2=wA1;3,-1=bA1
82	22	0.664037	adjudicated	G1|w|22|11|11|-2,-1=bS2;-2,0=bG2;-1,-2=bB2;-1,-1=bG1;0,-2=bS1;0,-1=bB1;0,0=wG1;0,1=wB1,wB2;1,-1=wG2;2,-2=bQ;2,0=wQ;3,-2=wA1;3,-1=bA1
82	24	0.664037	adjudicated	G1|w|24|12|12|-3,-1=bA2;-2,-1=bS2;-2,0=bG2;-1,-2=bB2;-1,-1=bG1;0,-2=bS1;0,-1=bB1;0,0=wG1;0,1=wB1,wB2;1,-1=wG2;2,-2=bQ;3,-2=wA1;3,-1=bA1;3,0=wQ
82	26	0.664037	adjudicated	G1|w|26|13|13|-3,-1=bA2;-2,-2=bB2;-2,-1=bS2;-2,0=bG2;-1,-1=bG1;0,-2=bS1;0,-1=bB1;0,0=wG1;0,1=wB1,wB2;1,-1=wG2;1,0=wG3;2,-2=bQ;3,-2=wA1;3,-1=bA1;3,0=wQ
82	28	0.664037	adjudicated	G1|w|28|14|14|-2,-2=bB2;-2,-1=bS2;-2,0=bG2;-1,-1=bG1;0,-2=bS1;0,-1=bB1;0,1=wB1,wB2;1,-1=wG2;1,0=wG3;2,-2=bQ;2,1=bA2;3,-3=wG1;3,-2=wA1;3,-1=bA1;3,0=wQ
82	30	0.664037	adjudicated	G1|w|30|15|15|-3,-1=bB2;-2,-1=bS2;-2,0=bG2;-1,-1=bG1;-1,1=wB2;0,-2=bS1;0,-1=bB1;0,1=wB1;1,-1=wG2;1,0=wG3;2,-2=bQ;2,1=bA2;3,-3=wG1;3,-2=wA1;3,-1=bA1;3,0=wQ
82	32	0.664037	adjudicated	G1|w|32|16|16|-3,-1=bB2;-2,-1=bS2;-2,0=bG2;-2,1=bA2;-1,-1=bG1;-1,1=wB2;0,-2=bS1;0,-1=bB1;0,1=wB1;1,-1=wG2;1,0=wG3;2,-2=bQ;3,-3=wG1;3,-2=wA1;3,-1=bA1;3,0=wQ;4,-4=wA2
82	34	0.664037	adjudicated	G1|w|34|17|17|-3,-1=bB2;-2,-1=bS2;-2,0=bG2;-2,1=bA2;-1,1=wB2;0,-2=bS1;0,-1=bB1;0,1=wB1;1,-2=wA2;1,-1=wG2;1,0=wG3;2,-2=bQ;2,-1=bG1;3,-3=wG1;3,-2=wA1;3,-1=bA1;3,0=wQ
82	36	0.664037	adjudicated	G1|w|36|18|18|-3,-1=bB2;-2,-1=bS2;-2,0=bG2;-2,1=bA2;-1,1=wB2;0,-2=bS1;0,-1=bB1;0,1=wB1;1,-1=wG2;1,0=wG3;2,-3=bQ;2,-1=bG1;3,-3=wG1;3,-2=wA1;3,-1=bA1;3,0=wQ;4,0=wA2
82	38	0.664037	adjudicated	G1|w|38|19|19|-3,-1=bB2;-2,-1=bS2;-2,0=bG2;-2,1=bA2;-1,1=wB2;0,-2=bS1;0,-1=bB1;0,1=wB1;1,-3=wA2;1,-1=wG2;1,0=wG3;2,-3=bQ;3,-3=wG1;3,-2=wA1;3,-1=bA1;3,0=wQ;4,-1=bG1
82	40	0.664037	adjudicated	G1|w|40|20|20|-3,-1=bB2;-3,1=bG3;-2,-1=bS2;-2,0=bG2;-2,1=bA2;-1,1=wB2;0,-2=bS1;0,-1=bB1;0,1=wB1;1,-3=wA2;1,-1=wG2;1,0=wG3;2,-3=bQ;3,-3=wG1;3,-2=wA1;3,-1=bA1;4,-1=bG1;4,0=wQ
82	42	0.664037	adjudicated	G1|w|42|21|21|-3,-1=bB2;-3,1=bG3;-2,-1=bS2;-2,0=bG2;-2,1=bA2;-1,1=wB2;0,-2=bS1;0,-1=bB1;0,1=wB1;1,-3=wA2;1,-1=wG2;1,0=wG3;2,-3=bQ;3,-3=wG1;3,-2=wA1;3,-1=bA1;4,-3=wA3;4,-1=bG1;4,0=wQ;5,-2=bA3
82	44	0.664037	adjudicated	G1|w|44|22|22|-3,-1=bB2;-3,1=bG3;-2,-1=bS2;-2,0=bG2;-2,1=bA2;-1,1=wB2;0,-2=bS1;0,-1=bB1;0,1=wB1;1,-3=wA2;1,-1=wG2;1,0=wG3;2,-3=bQ;3,-4=wA3;3,-3=wG1;3,-2=wA1;3,-1=bA1;3,1=bA3;4,-1=bG1;4,0=wQ
82	46	0.664037	adjudicated	G1|w|46|23|23|-3,-1=bB2;-3,1=bG3;-2,-1=bS2;-2,0=bG2;-2,1=bA2;-1,1=wB2;-1,2=wS1;0,-2=bS1;0,-1=bB1;0,1=wB1;1,-3=wA2;1,-1=wG2;1,0=wG3;2,-3=bQ;3,-4=wA3;3,-3=wG1;3,-2=wA1;3,-1=bA1;4,-1=bG1;4,0=wQ;5,0=bA3
82	48	0.664037	adjudicated	G1|w|48|24|24|-4,2=wS1;-3,1=bG3;-2,-2=bB2;-2,-1=bS2;-2,0=bG2;-2,1=bA2;-1,1=wB2;0,-2=bS1;0,-1=bB1;0,1=wB1;1,-3=wA2;1,-1=wG2;1,0=wG3;2,-3=bQ;3,-4=wA3;3,-3=wG1;3,-2=wA1;3,-1=bA1;4,-1=bG1;4,0=wQ;5,0=bA3
82	50	0.664037	adjudicated	G1|w|50|25|25|-4,2=wS1;-3,1=bG3;-2,-2=bB2;-2,-1=bS2;-2,0=bG2;-2,1=bA2;-1,1=wB2;0,-2=bS1;0,-1=bB1;0,1=wB1;1,-4=wS2;1,-3=wA2;1,-1=wG2;1,0=wG3;2,-3=bQ;3,-4=wA3;3,-3=wG1;3,-2=wA1;3,-1=bA1;3,0=bA3;4,-1=bG1;4,0=wQ
82	52	0.664037	adjudicated	G1|w|52|26|26|-4,2=wS1;-3,1=bG3;-2,-2=bB2;-2,-1=bS2;-2,0=bG2;-2,1=bA2;-1,1=wB2;0,-2=bS1;0,-1=bB1;0,1=wB1;1,-4=wS2;1,-3=wA2;1,-1=wG2;1,0=wG3;2,-3=bQ;2,0=bA3;3,-4=wA3;3,-3=wG1;3,-2=wA1;3,-1=bA1;4,-1=bG1;5,-1=wQ
82	54	0.664037	adjudicated	G1|w|54|27|27|-4,2=wS1;-3,1=bG3;-2,-2=bB2;-2,-1=bS2;-2,0=bG2;-2,1=bA2;-1,1=wB2;0,-2=bS1;0,-1=bB1;0,1=wB1;1,-4=wS2;1,-3=wA2;1,-1=wG2;1,0=wG3;2,-4=wA1;2,-2=bQ;2,0=bA3;3,-4=wA3;3,-3=wG1;3,-1=bA1;4,-1=bG1;5,-1=wQ
82	56	0.664037	adjudicated	G1|w|56|28|28|-4,2=wS1;-3,1=bG3;-2,-2=bB2;-2,-1=bS2;-2,0=bG2;-2,1=bA2;-1,1=wB2;0,-2=bS1;0,-1=bB1;0,1=wB1;1,-4=wS2;1,-3=wA2;1,-1=wG2;1,0=wG3;2,-4=wA1;2,-2=bQ;3,-3=wG1;3,-2=wA3;3,-1=bA1;4,-1=bG1;5,-1=wQ;6,-2=bA3
82	58	0.664037	adjudicated	G1|w|58|29|29|-4,2=wS1;-3,1=bG3;-2,-1=bS2,bB2;-2,0=bG2;-2,1=bA2;-1,1=wB2;0,-2=bS1;0,-1=bB1;0,1=wB1;1,-4=wS2;1,-3=wA2;1,-1=wG2;1,0=wG3;2,-3=wA1;2,-2=bQ;3,-3=wG1;3,-2=wA3;3,-1=bA1;4,-1=bG1;5,-1=wQ;6,-2=bA3
82	60	0.664037	adjudicated	G1|w|60|30|30|-4,2=wS1;-3,0=bB2;-3,1=bG3;-2,-2=wS2;-2,-1=bS2;-2,0=bG2;-2,1=bA2;-1,1=wB2;0,-2=bS1;0,-1=bB1;0,1=wB1;1,-3=wA2;1,-1=wG2;1,0=wG3;2,-3=wA1;2,-2=bQ;3,-3=wG1;3,-2=wA3;3,-1=bA1;4,-1=bG1;5,-1=wQ;6,-2=bA3
82	62	0.664037	adjudicated	G1|w|62|31|31|-5,3=bG2;-4,2=wS1;-3,0=bB2;-3,1=bG3;-2,-2=wS2;-2,-1=bS2;-2,1=bA2;-1,1=wB2;0,-2=bS1;0,-1=bB1;0,1=wB1;1,-1=wG2;1,0=wG3;2,-3=wA1;2,-2=bQ;3,-3=wG1;3,-2=wA3;3,-1=bA1;3,0=wA2;4,-1=bG1;5,-1=wQ;6,-2=bA3
82	64	0.664037	adjudicated	G1|w|64|32|32|-5,3=bG2;-4,2=wS1;-3,0=bB2;-3,1=bG3;-2,-3=wA2;-2,-2=wS2;-2,-1=bS2;-2,1=bA2;-1,1=wB2;0,-2=bS1;0,-1=bB1;0,1=wB1;1,-1=wG2;1,0=wG3;2,-3=wA1;2,-2=bQ;3,-3=wG1;3,-2=wA3;3,-1=bA1;4,-1=bG1;5,-1=wQ;6,-1=bA3
82	66	0.664037	adjudicated	G1|w|66|33|33|-5,3=bG2;-4,2=wS1;-3,0=bB2;-3,1=bG3;-2,-2=wS2;-2,-1=bS2;-2,1=bA2;-1,-3=wA2;-1,1=wB2;0,-3=bS1;0,-1=bB1;0,1=wB1;1,-1=wG2;1,0=wG3;2,-3=wA1;2,-2=bQ;3,-3=wG1;3,-2=wA3;3,-1=bA1;4,-1=bG1;5,-1=wQ;6,-1=bA3
82	68	0.664037	adjudicated	G1|w|68|34|34|-5,3=bG2;-4,2=wS1;-3,0=bB2;-3,1=bG3;-2,-2=wS2;-2,-1=bS2;-2,1=bA2;-1,-3=wA2;-1,1=wB2;0,-3=bS1;0,-1=bB1;0,1=wB1;1,-2=wA1;1,-1=wG2;1,0=wG3;2,-2=bQ;3,-3=wG1;3,-2=wA3;3,-1=bA1;4,-1=bG1;5,-1=wQ;6,-2=bA3
82	70	0.664037	adjudicated	G1|w|70|35|35|-5,3=bG2;-4,2=wS1;-3,0=bB2;-3,1=bG3;-2,-2=wS2;-2,-1=bS2;-2,1=bA2;-1,-3=wA2;-1,1=wB2;0,-3=bS1;0,-1=bB1;0,1=wB1;1,-1=wG2;1,0=wG3;2,-3=wA1;2,-2=bQ;3,-3=wG1;3,-2=wA3;3,-1=bA1;3,0=bA3;4,-1=bG1;5,-1=wQ
82	72	0.664037	adjudicated	G1|w|72|36|36|-5,3=bG2;-4,2=wS1;-3,0=bB2;-3,1=bG3;-2,-2=wS2;-2,-1=bS2;-1,-3=wA2;-1,1=wB2;0,-3=bS1;0,-1=bB1;0,1=wB1;1,-3=wG1;1,-1=wG2;1,0=wG3;1,1=bA2;2,-3=wA1;2,-2=bQ;3,-2=wA3;3,-1=bA1;3,0=bA3;4,-1=bG1;5,-1=wQ
82	74	0.664037	adjudicated	G1|w|74|37|37|-5,3=bG2;-4,2=wS1;-3,0=bB2;-3,1=bG3;-2,-2=wS2;-2,-1=bS2;-1,-3=wA2;0,-3=bS1;0,-1=bB1;0,1=wB1,wB2;1,-3=wG1;1,-1=wG2;1,0=wG3;1,1=bA2;2,-3=wA1;2,-2=bQ;3,-2=wA3;3,-1=bA1;4,-1=bG1;5,-1=wQ;6,-2=bA3
82	76	0.664037	adjudicated	G1|w|76|38|38|-5,3=bG2;-4,2=wS1;-3,0=bB2;-3,1=bG3;-2,-2=wS2;-2,-1=bS2;-1,-3=wA2;0,-3=bS1;0,-1=bB1;0,1=wB1;0,2=wB2;1,-3=wG1;1,-1=wG2;1,0=wG3;2,-3=wA1;2,-2=bQ;3,-2=wA3;3,-1=bA1;4,-1=bG1;4,0=bA2;5,-1=wQ;6,-2=bA3
82	78	0.664037	adjudicated	G1|w|78|39|39|-5,3=bG2;-4,2=wS1;-3,0=bB2;-3,1=bG3;-2,-2=wS2;-2,-1=bS2;-1,-3=wA2;-1,2=bA2;0,-3=bS1;0,-1=bB1;0,1=wB1,wB2;1,-3=wG1;1,-1=wG2;1,0=wG3;2,-3=wA1;2,-2=bQ;3,-2=wA3;3,-1=bA1;4,-1=bG1;5,-1=wQ;6,-2=bA3
82	80	0.664037	adjudicated	G1|w|80|40|40|-5,3=bG2;-4,2=wS1;-3,0=bB2;-3,1=bG3;-2,-2=wS2;-2,-1=bS2;-1,-3=wA2;0,-3=bS1;0,-1=bB1;0,1=wB1;1,-3=wG1;1,-1=wG2;1,0=wG3,wB2;2,-3=wA1;2,-2=bQ;3,-2=wA3;3,-1=bA1;4,-1=bG1;5,-1=wQ;6,-2=bA3;6,-1=bA2
82	82	0.664037	adjudicated	G1|w|82|41|41|-5,3=bG2;-4,2=wS1;-3,0=bB2;-3,1=bG3;-2,-2=wS2;-2,-1=bS2;-1,-3=wA2;0,-3=bS1;0,0=wB1;1,-3=wG1;1,-1=wG2,bB1;1,0=wG3,wB2;2,-3=wA1;2,-2=bQ;3,-2=wA3;3,-1=bA1;4,-1=bG1;5,-1=wQ;6,-2=bA3;6,-1=bA2
82	84	0.664037	adjudicated	G1|w|84|42|42|-5,3=bG2;-4,2=wS1;-3,0=bB2;-3,1=bG3;-2,-2=wS2;-2,-1=bS2;-1,-3=wA2;0,-3=bS1;1,-3=wG1;1,-1=wG2,bB1;1,0=wG3,wB2,wB1;2,-3=wA1;2,-2=bQ;3,-2=wA3;3,-1=bA1;4,-1=bG1;4,0=bA3;5,-1=wQ;6,-1=bA2
82	86	0.664037	adjudicated	G1|w|86|43|43|-5,3=bG2;-4,2=wS1;-3,0=bB2;-3,1=bG3;-2,-2=wS2;-2,-1=bS2;-1,-3=wA2;0,-3=bS1;1,-3=wG1;1,-1=wG2,bB1;1,0=wG3,wB2;2,-3=wA1;2,-2=bQ;2,-1=wB1;3,-2=wA3;3,-1=bA1;4,-1=bG1;5,-1=wQ;5,0=bA3;6,-1=bA2
82	88	0.664037	adjudicated	G1|w|88|44|44|-5,3=bG2;-4,2=wS1;-3,0=bB2;-3,1=bG3;-2,-2=wS2;-2,-1=bS2;-1,-3=wA2;0,-3=bS1;1,-3=wG1;1,-1=wG2,bB1;1,0=wG3;1,1=wB2;2,-3=wA1;2,-2=bQ;2,-1=wB1;3,-2=wA3;3,-1=bA1;4,-1=bG1;5,-2=bA2;5,-1=wQ;5,0=bA3
82	90	0.664037	adjudicated	G1|w|90|45|45|-5,3=bG2;-4,2=wS1;-3,0=bB2;-3,1=bG3;-2,-2=wS2;-2,-1=bS2;-1,-3=wA2;0,-3=bS1;1,-3=wG1;1,-1=wG2,bB1;1,0=wG3;2,-3=wA1;2,-2=bQ;2,-1=wB1;2,0=wB2;3,-2=wA3;3,-1=bA1;4,-1=bG1;5,-2=bA2;5,-1=wQ;6,-1=bA3
82	92	0.664037	adjudicated	G1|w|92|46|46|-5,3=bG2;-4,2=wS1;-3,0=bB2;-3,1=bG3;-2,-2=wS2;-2,-1=bS2;-1,-3=wA2;0,-3=bS1;1,-4=bA2;1,-3=wG1;1,-2=wG3;1,-1=wG2,bB1;2,-3=wA1;2,-2=bQ;2,-1=wB1;2,0=wB2;3,-2=wA3;3,-1=bA1;4,-1=bG1;5,-1=wQ;6,-1=bA3
82	94	0.664037	adjudicated	G1|w|94|47|47|-5,3=bG2;-4,2=wS1;-3,0=bB2;-3,1=bG3;-2,-2=wS2;-2,-1=bS2;-1,-3=wA2;0,-3=bS1;1,-3=wG1;1,-2=wG3;1,-1=wG2,bB1;1,0=wB2;2,-3=wA1;2,-2=bQ;2,-1=wB1;3,-2=wA3;3,-1=bA1;4,-1=bG1;5,-2=bA2;5,-1=wQ;6,-1=bA3
82	96	0.664037	adjudicated	G1|w|96|48|48|-5,3=bG2;-4,2=wS1;-3,0=bB2;-3,1=bG3;-2,-2=wS2;-2,-1=bS2;-1,-3=wA2;0,-3=bS1;0,0=wB2;1,-3=wG1;1,-2=wG3,bB1;1,-1=wG2;2,-3=wA1;2,-2=bQ;2,-1=wB1;3,-2=wA3;3,-1=bA1;4,-1=bG1;5,-2=bA2;5,-1=wQ;6,-1=bA3
83	0	1.000000	terminal	G1|w|0|0|0|
83	7	1.000000	terminal	G1|b|7|4|3|-1,-2=wQ;-1,-1=wA1;-1,0=wG2;0,0=wG1;1,-1=bG1;2,-2=bG2;3,-3=bB1
83	9	1.000000	terminal	G1|b|9|5|4|-1,-2=wQ;-1,-1=wA1;-1,0=wG2;0,0=wG1;0,1=wS1;1,-1=bG1;2,-2=bG2;3,-3=bB1;4,-3=bQ
83	11	1.000000	terminal	G1|b|11|6|5|-1,-2=wQ;-1,-1=wA1;-1,0=wG2;0,0=wG1;1,-1=bG1;2,-3=bS1;2,-2=bG2;3,-3=bB1;3,-2=wS1;4,-3=bQ
83	13	1.000000	terminal	G1|b|13|7|6|-1,-2=wQ;-1,-1=wA1;-1,0=wG2;-1,1=wS2;0,0=wG1;1,-1=bG1;2,-3=bS1;2,-2=bG2;3,-2=wS1;4,-3=bQ,bB1
83	15	1.000000	terminal	G1|b|15|8|7|-2,2=wA2;-1,-2=wQ;-1,-1=wA1;-1,0=wG2;-1,1=wS2;0,-2=bS1;0,0=wG1;1,-1=bG1;2,-2=bG2;3,-2=wS1;4,-3=bQ,bB1
83	17	1.000000	terminal	G1|b|17|9|8|-2,-1=wG3;-2,2=wA2;-1,-2=wQ;-1,-1=wA1;-1,0=wG2;-1,1=wS2;0,-2=bS1;0,0=wG1;1,-1=bG1;2,-2=bG2;3,-2=wS1,bB1;4,-3=bQ
83	19	1.000000	terminal	G1|b|19|10|9|-2,-1=wG3;-2,2=wA2;-1,-1=wA1;-1,0=wG2;-1,1=wS2;0,-3=wQ;0,-2=bS1;0,0=wG1;1,-2=bB2;1,-1=bG1;2,-2=bG2;3,-2=wS1,bB1;4,-3=bQ
83	21	1.000000	terminal	G1|b|21|11|10|-2,-1=wG3;-1,-1=wA1;-1,0=wG2;-1,1=wS2;0,-3=wQ;0,-2=bS1;0,0=wG1;1,-3=bB2;1,-1=bG1;2,-2=bG2;3,-2=wS1,bB1;4,-3=bQ;5,-4=wA2
83	23	1.000000	terminal	G1|b|23|12|11|-2,-1=wG3;-1,-1=wA1;-1,0=wG2;-1,1=wS2;0,-2=bS1;0,0=wG1;1,-4=wQ;1,-3=bB2;1,-1=bG1;2,-2=bG2;2,-1=bB1;3,-2=wS1;4,-3=bQ;5,-4=wA2
83	25	1.000000	terminal	G1|b|25|13|12|-2,-1=wG3;-1,-1=wA1;-1,0=wG2;-1,1=wS2;0,-2=bS1;1,-4=wQ;1,-3=bB2;1,-2=bA1;1,-1=bG1;2,-2=bG2;2,-1=bB1;3,-3=wG1;3,-2=wS1;4,-3=bQ;5,-4=wA2
83	27	1.000000	terminal	G1|b|27|14|13|-2,-1=wG3;-1,-1=wA1;-1,0=wG2;-1,1=wS2;0,-2=bS1;0,0=wA3;1,-5=bG1;1,-4=wQ;1,-3=bB2;1,-2=bA1;2,-2=bG2;2,-1=bB1;3,-3=wG1;3,-2=wS1;4,-3=bQ;5,-4=wA2
83	29	1.000000	terminal	G1|b|29|15|14|-2,-1=wG3;-1,-1=wA1;-1,0=wG2;-1,1=wS2;0,-2=bS1;1,-5=bG1;1,-4=wQ;1,-3=bB2;1,-2=bA1;2,-2=bG2;2,-1=bB1;2,0=bA2;3,-3=wG1;3,-2=wS1;4,-4=wA3;4,-3=bQ;5,-4=wA2
83	31	1.000000	terminal	G1|b|31|16|15|-2,-1=wG3;-1,-1=wA1;-1,0=wG2;-1,1=wS2;0,-2=bS1;1,-5=bG1;1,-4=wQ;1,-3=bB2;1,-2=bA1;2,-2=bG2;2,-1=bB1;2,0=bA2;3,-3=wG1;3,-2=wS1;4,-4=wA3;4,-2=bQ;5,-2=wA2
83	33	1.000000	terminal	G1|b|33|17|16|-2,-1=wG3;-1,-1=wA1;-1,0=wG2;-1,1=wS2;0,-2=bS1;1,-5=bG1;1,-4=wQ;1,-3=bB2;1,-2=bA1;1,1=bG3;2,-2=bG2;2,-1=bB1;2,0=bA2;3,-3=wG1;3,-2=wS1;4,-3=wA3;4,-2=bQ;5,-2=wA2
83	35	1.000000	terminal	G1|b|35|18|17|-2,-1=wG3;-1,-1=wA1;-1,0=wG2;-1,1=wS2;0,-2=bS1;1,-5=bG1;1,-4=wQ;1,-3=bB2;1,-2=bA1;2,-2=bG2;2,-1=bB1;2,0=bA2;3,-2=wS1;3,-1=bG3;4,-3=wA3;4,-2=bQ;5,-3=wG1;5,-2=wA2
83	37	1.000000	terminal	G1|b|37|19|18|-2,-1=wG3;-2,2=wB1;-1,-1=wA1;-1,0=wG2;-1,1=wS2;0,-2=bS1;1,-5=bG1;1,-4=wQ;1,-3=bB2;1,-2=bA1;1,-1=bG3;2,-2=bG2;2,-1=bB1;2,0=bA2;3,-2=wS1;4,-3=wA3;4,-2=bQ;5,-3=wG1;5,-2=wA2
83	39	1.000000	terminal	G1|b|39|20|19|-3,3=wB2;-2,-1=wG3;-2,2=wB1;-1,-1=wA1;-1,0=wG2;-1,1=wS2;0,-2=bS1;1,-5=bG1;1,-4=wQ;1,-3=bB2;1,-2=bA1;1,-1=bG3;2,-2=bG2;2,-1=bB1;2,0=bA2;3,-2=wS1;4,-3=wA3;4,-1=bQ;5,-3=wG1;5,-2=wA2
83	41	1.000000	terminal	G1|b|41|21|20|-2,-1=wG3;-2,2=wB1;-2,3=wB2;-1,-1=wA1;-1,0=wG2;-1,1=wS2;0,-4=bA2;0,-2=bS1;1,-5=bG1;1,-4=wQ;1,-3=bB2;1,-2=bA1;1,-1=bG3;2,-2=bG2;2,-1=bB1;3,-2=wS1;4,-3=wA3;4,-1=bQ;5,-3=wG1;5,-2=wA2
83	43	1.000000	terminal	G1|b|43|22|21|-2,-1=wG3;-2,2=wB1,wB2;-1,-2=bA2;-1,-1=wA1;-1,0=wG2;-1,1=wS2;0,-2=bS1;1,-5=bG1;1,-4=wQ;1,-3=bB2;1,-2=bA1;1,-1=bG3;2,-2=bG2;2,-1=bB1;3,-2=wS1;4,-3=wA3;4,-1=bQ;5,-3=wG1;5,-2=wA2
83	45	1.000000	terminal	G1|b|45|23|22|-2,-1=wG3;-2,1=wB2;-2,2=wB1;-1,-1=wA1;-1,0=wG2;-1,1=wS2;0,-3=bA2;0,-2=bS1;1,-5=bG1;1,-4=wQ;1,-3=bB2;1,-2=bA1;1,-1=bG3;2,-2=bG2;2,-1=bB1;3,-2=wS1;4,-3=wA3;4,-1=bQ;5,-3=wG1;5,-2=wA2
83	47	1.000000	terminal	G1|b|47|24|23|-2,-1=wG3;-2,1=wB2;-1,-1=wA1;-1,0=wG2;-1,1=wS2,wB1;0,-2=bS1;1,-5=bG1;1,-4=wQ;1,-3=bB2;1,-2=bA1;1,-1=bG3;2,-4=bA2;2,-2=bG2;2,-1=bB1;3,-2=wS1;4,-3=wA3;4,-1=bQ;5,-3=wG1;5,-2=wA2
83	49	1.000000	terminal	G1|b|49|25|24|-2,-1=wG3;-2,1=wB2;-2,2=wB1;-1,-1=wA1;-1,0=wG2;-1,1=wS2;0,-2=bS1;1,-5=bG1;1,-4=wQ;1,-3=bB2;1,-2=bA1;2,-4=bA2;2,-2=bG2;2,-1=bB1;3,-3=bG3;3,-2=wS1;4,-3=wA3;4,-1=bQ;5,-3=wG1;5,-2=wA2
83	51	1.000000	terminal	G1|b|51|26|25|-2,-1=wG3;-2,1=wB2;-2,2=wB1;-1,-1=wA1;-1,0=wG2;-1,1=wS2;0,-5=bA3;0,-2=bS1;1,-5=bG1;1,-4=wQ;1,-3=bB2;1,-2=bA1;2,-4=bA2;2,-2=bG2;2,-1=bB1;3,-3=bG3;4,-3=wA3;4,-1=bQ;4,0=wS1;5,-3=wG1;5,-2=wA2
83	53	1.000000	terminal	G1|b|53|27|26|-2,-1=wG3;-2,1=wB2,wB1;-1,-1=wA1;-1,0=wG2;-1,1=wS2;0,-4=bA3;0,-2=bS1;1,-5=bG1;1,-4=wQ;1,-3=bB2;1,-2=bA1;2,-4=bA2;2,-2=bG2;2,-1=bB1;3,-3=bG3;4,-3=wA3;4,-1=bQ;4,0=wS1;5,-3=wG1;5,-2=wA2
83	55	1.000000	terminal	G1|b|55|28|27|-2,-1=wG3;-2,0=wB1;-2,1=wB2;-1,-1=wA1;-1,0=wG2;-1,1=wS2;0,-4=bA3;0,-2=bS1;1,-6=bS2;1,-5=bG1;1,-4=wQ;1,-3=bB2;1,-2=bA1;2,-4=bA2;2,-2=bG2;2,-1=bB1;3,-3=bG3;4,-3=wA3;4,-1=bQ;4,0=wS1;5,-3=wG1;5,-2=wA2
83	57	1.000000	terminal	G1|b|57|29|28|-2,-1=wG3;-2,0=wB1;-2,1=wB2;-1,-1=wA1;-1,0=wG2;0,-4=bA3;0,-2=bS1;1,-6=bS2;1,-5=bG1;1,-4=wQ;1,-3=bB2;1,-2=bA1;1,-1=wS2;2,-5=bA2;2,-2=bG2;2,-1=bB1;3,-3=bG3;4,-3=wA3;4,-1=bQ;4,0=wS1;5,-3=wG1;5,-2=wA2
83	59	1.000000	terminal	G1|b|59|30|29|-2,-1=wG3;-2,0=wB1;-2,1=wB2;-1,-1=wA1;-1,0=wG2;0,-4=bA3;0,-2=bS1;1,-6=bS2;1,-5=bG1;1,-4=wQ;1,-3=bB2;1,-2=bA1;2,-4=bA2;2,-2=bG2;2,-1=bB1;3,-3=bG3;3,-1=wS2;4,-3=wA3;4,-1=bQ;4,0=wS1;5,-3=wG1;5,-2=wA2
83	61	1.000000	terminal	G1|b|61|31|30|-3,0=wB1;-2,-1=wG3;-2,1=wB2;-1,-1=wA1;-1,0=wG2;0,-4=bA3;0,-2=bS1;1,-6=bS2;1,-5=bG1;1,-4=wQ;1,-3=bB2;1,-2=bA1;2,-4=bA2;2,-2=bG2;3,-3=bG3;3,-1=wS2,bB1;4,-3=wA3;4,-1=bQ;4,0=wS1;5,-3=wG1;5,-2=wA2
83	63	1.000000	terminal	G1|b|63|32|31|-3,-1=wB1;-2,-1=wG3;-2,1=wB2;-1,-1=wA1;-1,0=wG2;0,-2=bS1;1,-6=bS2;1,-5=bG1;1,-4=wQ;1,-3=bB2;1,-2=bA1;2,-4=bA2;2,-2=bG2;3,-4=bA3;3,-3=bG3;3,-1=wS2,bB1;4,-3=wA3;4,-1=bQ;4,0=wS1;5,-3=wG1;5,-2=wA2
83	65	1.000000	terminal	G1|b|65|33|32|-3,-1=wB1;-2,-1=wG3;-2,1=wB2;-1,-1=wA1;-1,0=wG2;0,-4=wQ;0,-2=bS1;1,-6=bS2;1,-5=bG1;1,-3=bB2;2,-5=bA1;2,-4=bA2;2,-2=bG2;3,-4=bA3;3,-3=bG3;3,-1=wS2,bB1;4,-3=wA3;4,-1=bQ;4,0=wS1;5,-3=wG1;5,-2=wA2
83	67	1.000000	terminal	G1|b|67|34|33|-3,-1=wB1;-2,-1=wG3;-2,0=wB2;-1,-3=bS2;-1,-1=wA1;-1,0=wG2;0,-4=wQ;0,-2=bS1;1,-5=bG1;1,-3=bB2;2,-5=bA1;2,-4=bA2;2,-2=bG2;3,-4=bA3;3,-3=bG3;3,-1=wS2,bB1;4,-3=wA3;4,-1=bQ;4,0=wS1;5,-3=wG1;5,-2=wA2
83	69	1.000000	terminal	G1|b|69|35|34|-3,-1=wB1;-2,-1=wG3;-2,0=wB2;-1,-3=bS2;-1,-1=wA1;-1,0=wG2;0,-4=wQ;0,-2=bS1;1,-5=bG1;1,-3=bB2;2,-5=bA1;2,-4=bA2;2,-2=bG2;3,-4=bA3;3,-3=bG3;3,-2=bB1;3,-1=wS2;3,0=wA3;4,-1=bQ;4,0=wS1;5,-3=wG1;5,-2=wA2
83	71	1.000000	terminal	G1|b|71|36|35|-3,-1=wB1;-3,0=wG2;-2,-1=wG3;-2,0=wB2;-1,-3=bS2;-1,-1=wA1;0,-4=wQ;0,-2=bS1;1,-5=bG1;1,-3=bB2;2,-5=bA1;2,-4=bA2;3,-4=bA3;3,-3=bG3;3,-2=bB1;3,-1=wS2;3,0=wA3;4,-4=bG2;4,-1=bQ;4,0=wS1;5,-3=wG1;5,-2=wA2
83	73	1.000000	terminal	G1|b|73|37|36|-3,-1=wB1;-3,0=wG2;-2,-1=wG3;-2,0=wB2;-1,-3=bS2;-1,-1=wA1;0,-4=wQ;0,-2=bS1;1,-5=bG1;1,-4=bG2;1,-3=bB2;2,-5=bA1;2,-4=bA2;3,-4=bA3;3,-3=bG3;3,-2=bB1;3,-1=wS2;3,0=wA3;4,-1=bQ;4,0=wS1;5,-2=wA2;5,-1=wG1
83	75	1.000000	terminal	G1|b|75|38|37|-3,-1=wB1;-2,-1=wG3;-2,0=wB2;-1,-3=bS2;-1,-2=wG2;-1,-1=wA1;0,-4=wQ;0,-2=bS1;1,-5=bG1;1,-4=bG2;1,-3=bB2;2,-4=bA2;3,-4=bA3;3,-3=bG3;3,-2=bB1;3,-1=wS2;3,0=wA3;4,-1=bQ;4,0=wS1;5,-3=bA1;5,-2=wA2;5,-1=wG1
83	77	1.000000	terminal	G1|b|77|39|38|-3,-1=wB1;-2,-1=wG3;-2,0=wB2;-1,-4=bA1;-1,-3=bS2;-1,-2=wG2;0,-4=wQ;0,-2=bS1;1,-5=bG1;1,-4=bG2;1,-3=bB2;2,-4=bA2;3,-4=bA3;3,-3=bG3;3,-2=bB1;3,-1=wS2;3,0=wA3;4,-2=wA1;4,-1=bQ;4,0=wS1;5,-2=wA2;5,-1=wG1
84	0	1.000000	terminal	G1|w|0|0|0|
84	6	1.000000	terminal	G1|w|6|3|3|-1,0=wB1;0,0=wG1;0,1=bB1;1,-1=wG2;1,1=bS1;2,1=bG1
84	8	1.000000	terminal	G1|w|8|4|4|-1,-1=wQ;-1,0=wB1;-1,2=bQ;0,0=wG1;0,1=bB1;1,-1=wG2;1,1=bS1;2,1=bG1
84	10	1.000000	terminal	G1|w|10|5|5|-2,2=bQ;-1,-1=wQ;-1,0=wB1;-1,1=wG2;0,0=wG1;0,1=bB1;1,1=bS1;2,1=bG1
84	12	1.000000	terminal	G1|w|12|6|6|-3,3=wG1;-2,2=bQ;-1,-1=wQ;-1,0=wB1;-1,1=wG2;0,1=bB1;0,2=bG2;1,1=bS1;2,1=bG1
84	14	1.000000	terminal	G1|w|14|7|7|-3,3=wG1;-3,4=wG3;-2,2=bQ;-1,-1=wQ;-1,0=wB1;-1,1=wG2;0,1=bB1;0,2=bG2;1,0=bB2;1,1=bS1;2,1=bG1
84	16	1.000000	terminal	G1|w|16|8|8|-3,2=wG3;-3,3=wG1;-2,2=bQ;-1,-1=wQ;-1,0=wB1;-1,1=wG2;0,1=bB1;0,2=bG2;1,1=bS1;2,0=bB2;2,1=bG1
84	18	1.000000	terminal	G1|w|18|9|9|-3,1=wA1;-3,2=wG3;-3,3=wG1;-2,2=bQ;-1,-1=wQ;-1,0=wB1;-1,1=wG2;0,1=bB1;0,2=bG2;1,1=bS1;2,0=bB2;2,1=bG1;3,0=bG3
84	20	1.000000	terminal	G1|w|20|10|10|-3,2=wG3;-3,3=wG1;-2,2=bQ;-1,-1=wQ;-1,0=wB1;-1,1=wG2;-1,2=wA1;0,1=bB1;0,2=bG2;1,1=bS1;2,-1=bS2;2,0=bB2;2,1=bG1;3,0=bG3
84	22	1.000000	terminal	G1|w|22|11|11|-3,2=wG3;-3,3=wG1;-3,4=wA1;-2,2=bQ;-1,-1=wQ;-1,0=wB1;-1,1=wG2;0,-1=bS2;0,1=bB1;0,2=bG2;1,1=bS1;2,0=bB2;2,1=bG1;3,0=bG3
84	24	1.000000	terminal	G1|w|24|12|12|-3,2=wG3;-3,3=wG1;-3,4=wA1;-2,0=wQ;-2,2=bQ;-1,0=wB1;-1,1=wG2;0,-1=bS2;0,1=bB1;0,2=bG2;1,1=bS1;1,2=bA1;2,0=bB2;2,1=bG1;3,0=bG3
84	26	1.000000	terminal	G1|w|26|13|13|-3,2=wG3;-3,3=wG1;-2,-1=bA1;-2,0=wQ;-2,2=bQ;-2,3=wA1;-1,0=wB1;-1,1=wG2;0,-1=bS2;0,1=bB1;0,2=bG2;1,1=bS1;2,0=bB2;2,1=bG1;3,0=bG3
84	28	1.000000	terminal	G1|w|28|14|14|-3,2=wG3;-3,3=wG1;-3,4=wB2;-2,-1=bA1;-2,0=wQ;-2,2=bQ;-2,3=wA1;-1,0=wB1;-1,1=wG2;0,-1=bS2;0,1=bB1;0,2=bG2;1,1=bS1;2,-1=bG1;2,0=bB2;3,0=bG3
84	30	1.000000	terminal	G1|w|30|15|15|-4,4=wS1;-3,1=bA1;-3,2=wG3;-3,3=wG1;-3,4=wB2;-2,0=wQ;-2,2=bQ;-2,3=wA1;-1,0=wB1;-1,1=wG2;0,-1=bS2;0,1=bB1;0,2=bG2;1,1=bS1;2,-1=bG1;2,0=bB2;3,0=bG3
84	32	1.000000	terminal	G1|w|32|16|16|-4,4=wS1;-3,0=wQ;-3,1=bA1;-3,2=wG3;-3,3=wG1;-3,4=wB2;-2,2=bQ;-2,3=wA1;-1,0=wB1;-1,1=wG2;0,-1=bS2;0,1=bB1;0,2=bG2;1,-2=bA2;1,1=bS1;2,-1=bG1;2,0=bB2;3,0=bG3
84	34	1.000000	terminal	G1|w|34|17|17|-5,4=wA2;-4,0=bA2;-4,4=wS1;-3,0=wQ;-3,1=bA1;-3,2=wG3;-3,3=wG1;-3,4=wB2;-2,2=bQ;-2,3=wA1;-1,0=wB1;-1,1=wG2;0,-1=bS2;0,1=bB1;0,2=bG2;1,1=bS1;2,-1=bG1;2,0=bB2;3,0=bG3
84	36	1.000000	terminal	G1|w|36|18|18|-6,4=wA3;-5,4=wA2;-4,0=bA2;-4,4=wS1;-3,0=wQ;-3,1=bA1;-3,2=wG3;-3,3=wG1;-3,4=wB2;-2,-1=bS2;-2,2=bQ;-2,3=wA1;-1,0=wB1;-1,1=wG2;0,1=bB1;0,2=bG2;1,1=bS1;2,-1=bG1;2,0=bB2;3,0=bG3
84	38	1.000000	terminal	G1|w|38|19|19|-6,4=wA3;-5,4=wA2;-4,4=wS1;-3,0=wQ;-3,1=bA1;-3,2=wG3;-3,3=wG1;-3,4=wB2;-2,-1=bS2;-2,1=wB1;-2,2=bQ;-2,3=wA1;-1,1=wG2;0,1=bB1;0,2=bG2;1,1=bS1;1,2=bA2;2,-1=bG1;2,0=bB2;3,0=bG3
84	40	1.000000	terminal	G1|w|40|20|20|-5,4=wA2;-4,4=wS1;-3,-1=bA2;-3,0=wQ;-3,1=bA1;-3,2=wG3;-3,3=wG1;-3,4=wB2;-2,-1=bS2;-2,1=wB1;-2,2=bQ;-2,3=wA1;-1,1=wG2;0,1=bB1;0,2=bG2;1,1=bS1;2,-1=bG1;2,0=bB2;2,1=wA3;3,0=bG3
84	42	1.000000	terminal	G1|w|42|21|21|-6,4=wA3;-5,4=wA2;-4,4=wS1;-3,-1=bA2;-3,0=wQ;-3,1=bA1;-3,2=wG3;-3,3=wG1;-3,4=wB2;-2,-1=bS2;-2,1=wB1;-2,2=bQ;-2,3=wA1;-1,1=wG2;0,1=bB1;0,2=bG2;1,1=bS1;2,-1=bG1;2,0=bB2;2,1=bA3;3,0=bG3
84	44	1.000000	terminal	G1|w|44|22|22|-6,4=wA3;-5,4=wA2;-4,0=bA3;-4,4=wS1;-3,-1=bA2;-3,0=wQ;-3,1=bA1;-3,2=wG3;-3,3=wG1;-2,-1=bS2;-2,1=wB1;-2,2=bQ;-2,3=wA1,wB2;-1,1=wG2;0,1=bB1;0,2=bG2;1,1=bS1;2,-1=bG1;2,0=bB2;3,0=bG3
84	46	1.000000	terminal	G1|w|46|23|23|-6,4=wA3;-5,4=wA2;-4,4=wS1;-3,-1=bA2;-3,0=wQ;-3,1=bA1;-3,2=wG3;-3,3=wG1;-3,4=wS2;-2,-1=bS2;-2,1=wB1;-2,2=bQ;-2,3=wA1,wB2;-1,1=wG2;0,1=bB1;0,2=bG2;1,1=bS1;2,-1=bG1;2,0=bB2;2,1=bA3;3,0=bG3
85	0	-1.000000	terminal	G1|w|0|0|0|
85	7	-1.000000	terminal	G1|b|7|4|3|-2,2=wQ;-1,0=wA2;-1,1=wG1;0,0=wA1;1,0=bG1;2,0=bG2;3,-1=bB1
85	9	-1.000000	terminal	G1|b|9|5|4|-2,2=wQ;-1,1=wG1;0,0=wA1;1,0=bG1;2,-2=wA2;2,0=bG2;3,-2=bQ;3,-1=bB1
85	11	-1.000000	terminal	G1|b|11|6|5|-2,2=wQ;-1,1=wG1;0,0=wA1;1,0=bG1;2,-3=wS1;2,-2=wA2;2,0=bG2;2,1=bA1;3,-2=bQ;3,-1=bB1
85	13	-1.000000	terminal	G1|b|13|7|6|-3,3=wS2;-2,2=wQ;-1,1=wG1;0,0=wA1;1,0=bG1;2,-3=wS1;2,-2=wA2;2,0=bG2;2,1=bA1;3,-2=bQ;3,-1=bB1;3,1=bB2
85	15	-1.000000	terminal	G1|b|15|8|7|-3,3=wS2;-2,2=wQ;-1,0=wB1;-1,1=wG1;0,0=wA1;1,0=bG1;2,-3=wS1;2,-2=wA2;2,0=bG2;2,1=bA1;3,-2=bQ;3,-1=bB1;3,0=bA2;3,1=bB2
85	17	-1.000000	terminal	G1|b|17|9|8|-2,2=wQ;-2,3=bA2;-1,0=wB1;-1,1=wG1;-1,3=wS2;0,0=wA1;1,0=bG1;2,-3=wS1;2,-2=wA2;2,0=bG2;2,1=bA1;3,-2=bQ;3,-1=bB1;3,1=bB2
85	19	-1.000000	terminal	G1|b|19|10|9|-2,2=wQ;-2,3=bA2;-1,0=wB1;-1,1=wG1;-1,3=wS2;0,0=wA1;1,-2=wA3;1,0=bG1;2,-3=wS1;2,-2=wA2;2,0=bG2;2,1=bA1;3,-2=bQ;3,-1=bB1;3,0=bA3;3,1=bB2
85	21	-1.000000	terminal	G1|b|21|11|10|-3,2=bA3;-2,2=wQ;-2,3=bA2;-1,0=wB1;-1,1=wG1;-1,3=wS2;0,0=wA1;1,0=bG1;2,-3=wS1;2,-2=wA2;2,0=bG2;2,1=bA1;3,-2=bQ;3,-1=bB1;3,1=bB2;4,-3=wA3
85	23	-1.000000	terminal	G1|b|23|12|11|-3,2=bA3;-2,2=wQ;-2,3=bA2;-1,-1=wB2;-1,0=wB1;-1,1=wG1;-1,3=wS2;0,0=wA1;1,0=bG1;2,-3=wS1;2,-2=wA2;2,0=bG2;2,1=bA1;3,-2=bQ;3,-1=bB1;3,1=bB2;3,2=bS1;4,-3=wA3
85	25	-1.000000	terminal	G1|b|25|13|12|-3,2=bA3;-2,2=wQ;-2,3=bA2;-1,-1=wB2;-1,0=wB1;-1,1=wG1;0,0=wA1;1,0=bG1;1,1=wS2;2,-3=wS1;2,-2=wA2;2,0=bG2;2,1=bA1;2,3=bS2;3,-2=bQ;3,-1=bB1;3,1=bB2;3,2=bS1;4,-3=wA3
85	27	-1.000000	terminal	G1|b|27|14|13|-3,2=bA3;-2,2=wQ;-2,3=bA2;-1,-1=wB2;-1,0=wB1;-1,1=wG1;0,0=wA1;0,2=bS2;1,0=bG1;1,1=wS2;2,-3=wS1;2,-2=wA2;2,0=bG2;2,1=bA1;3,-2=bQ;3,-1=bB1;3,1=bB2;3,2=bS1;4,-4=wG2;4,-3=wA3
85	29	-1.000000	terminal	G1|b|29|15|14|-3,2=bA3;-2,2=wQ;-2,3=bA2;-1,-1=wB2;-1,0=wB1;-1,1=wG1;0,0=wA1;1,0=bG1;1,1=wS2;2,-3=wS1;2,-2=wA2;2,0=bG2;2,1=bA1;2,3=bS2;3,-2=bQ;3,-1=bB1;3,1=bB2;3,2=bS1;4,-3=wA3;4,-2=wG2
85	31	-1.000000	terminal	G1|b|31|16|15|-3,1=bG3;-3,2=bA3;-2,2=wQ;-2,3=bA2;-1,-1=wB2;-1,0=wB1;-1,1=wG1;0,0=wA1;1,0=bG1;1,1=wS2;2,-3=wS1;2,-2=wA2;2,0=bG2;2,1=bA1;2,3=bS2;3,-2=bQ;3,-1=bB1;3,1=bB2;3,2=bS1;4,-3=wA3;4,-2=wG2;5,-4=wG3
85	33	-1.000000	terminal	G1|b|33|17|16|-3,1=bG3;-3,2=bA3;-2,2=wQ;-1,-1=wB2;-1,0=wB1;-1,1=wG1;0,0=wA1;1,0=bG1;1,1=wS2;2,-4=bA2;2,-3=wS1;2,-2=wA2;2,-1=wG3;2,0=bG2;2,1=bA1;2,3=bS2;3,-2=bQ;3,-1=bB1;3,1=bB2;3,2=bS1;4,-3=wA3;4,-2=wG2
85	35	-1.000000	terminal	G1|b|35|18|17|-4,2=bA2;-3,1=bG3;-3,2=bA3;-2,2=wQ;-1,0=wB1;-1,1=wG1;0,-1=wB2;0,0=wA1;1,0=bG1;1,1=wS2;2,-3=wS1;2,-2=wA2;2,-1=wG3;2,0=bG2;2,1=bA1;2,3=bS2;3,-2=bQ;3,-1=bB1;3,1=bB2;3,2=bS1;4,-3=wA3;4,-2=wG2
85	37	-1.000000	terminal	G1|b|37|19|18|-4,2=bA2;-3,2=bA3;-3,3=bG3;-2,2=wQ;-1,-1=wB2;-1,0=wB1;-1,1=wG1;0,0=wA1;1,0=bG1;1,1=wS2;2,-3=wS1;2,-2=wA2;2,-1=wG3;2,0=bG2;2,1=bA1;2,3=bS2;3,-2=bQ;3,-1=bB1;3,1=bB2;3,2=bS1;4,-3=wA3;4,-2=wG2
85	39	-1.000000	terminal	G1|b|39|20|19|-4,2=bA2;-3,2=bA3;-3,3=bG3;-2,0=wB2;-2,2=wQ;-1,0=wB1;-1,1=wG1;0,0=wA1;1,0=bG1;1,1=wS2;2,-3=wS1;2,-2=wA2;2,-1=wG3,bB1;2,0=bG2;2,1=bA1;2,3=bS2;3,-2=bQ;3,1=bB2;3,2=bS1;4,-3=wA3;4,-2=wG2
85	41	-1.000000	terminal	G1|b|41|21|20|-3,2=bA3;-3,3=bG3;-2,2=wQ;-1,0=wB1,wB2;-1,1=wG1;-1,2=bA2;0,0=wA1;1,0=bG1;1,1=wS2;2,-3=wS1;2,-2=wA2;2,-1=wG3,bB1;2,0=bG2;2,1=bA1;2,3=bS2;3,-2=bQ;3,1=bB2;3,2=bS1;4,-3=wA3;4,-2=wG2
85	43	-1.000000	terminal	G1|b|43|22|21|-3,2=bA3;-3,3=bG3;-2,0=wA3;-2,2=wQ;-1,0=wB1,wB2;-1,1=wG1;-1,2=bA2;0,0=wA1;1,0=bG1;1,1=wS2;2,-3=wS1;2,-2=wA2;2,-1=wG3,bB1;2,0=bG2;2,1=bA1;3,-2=bQ;3,1=bB2;3,2=bS1;4,-2=wG2;4,1=bS2
85	45	-1.000000	terminal	G1|b|45|23|22|-3,2=bA3;-3,3=bG3;-2,2=wQ;-2,3=bA2;-1,0=wB1,wB2;-1,1=wG1;0,0=wA1;1,0=bG1;1,1=wS2;2,-3=wS1;2,-2=wA2;2,-1=wG3,bB1;2,0=bG2;2,1=bA1;3,-2=bQ;3,1=bB2;3,2=bS1;4,-3=wA3;4,-2=wG2;4,1=bS2
85	47	-1.000000	terminal	G1|b|47|24|23|-3,2=bA3;-3,3=bG3;-2,2=wQ;-1,0=wB1,wB2;-1,1=wG1;0,0=wA1;1,0=bG1;1,1=wS2;2,-2=wA2;2,-1=wG3,bB1;2,0=bG2;2,1=bA1;3,-2=bQ;3,1=bB2;3,2=bS1;4,-3=wA3;4,-2=wG2;4,1=bS2;5,-4=wS1;5,0=bA2
85	49	-1.000000	terminal	G1|b|49|25|24|-3,2=bA3;-3,3=bG3;-2,2=wQ;-1,0=wB1,wB2;-1,1=wG1;-1,2=bA2;0,0=wA1;1,0=bG1;1,1=wS2;2,-1=wG3,bB1;2,0=bG2;2,1=bA1;3,-3=wA2;3,-2=bQ;3,1=bB2;3,2=bS1;4,-3=wA3;4,-2=wG2;4,1=bS2;5,-4=wS1
85	51	-1.000000	terminal	G1|b|51|26|25|-3,2=bA3;-3,3=bG3;-2,0=wB2;-2,2=wQ;-1,0=wB1;-1,1=wG1;-1,2=bA2;0,0=wA1;1,0=bG1;1,1=wS2;2,-1=wG3,bB1;2,0=bG2;2,1=bA1;3,-3=wA2;3,-2=bQ;3,1=bB2;4,-3=wA3;4,-2=wG2;4,1=bS2;5,-4=wS1;5,0=bS1
85	53	-1.000000	terminal	G1|b|53|27|26|-3,2=bA3;-3,3=bG3;-2,0=wB2;-2,2=wQ;-1,0=wB1;-1,1=wG1;-1,2=bA2;-1,3=wS2;0,0=wA1;1,0=bG1,bB1;2,-1=wG3;2,0=bG2;2,1=bA1;3,-3=wA2;3,-2=bQ;3,1=bB2;4,-3=wA3;4,-2=wG2;4,1=bS2;5,-4=wS1;5,0=bS1
85	55	-1.000000	terminal	G1|b|55|28|27|-3,2=bA3;-3,3=bG3;-2,0=wB2;-2,2=wQ;-1,0=wB1;-1,1=wG1;-1,2=bA2;-1,3=wS2;0,0=wA1,bB1;1,0=bG1;2,-1=wG3;2,0=bG2;2,1=bA1;3,-2=bQ;3,1=bB2;4,-3=wA3;4,-2=wG2;4,1=bS2;4,2=wA2;5,-4=wS1;5,0=bS1
85	57	-1.000000	terminal	G1|b|57|29|28|-3,2=bA3;-3,3=bG3;-2,0=wB2;-2,2=wQ;-1,0=wB1;-1,1=wG1;-1,2=bA2;-1,3=wS2;0,-1=bB1;0,0=wA1;1,0=bG1;2,-2=wA2;2,-1=wG3;2,0=bG2;2,1=bA1;3,-2=bQ;3,1=bB2;4,-3=wA3;4,-2=wG2;4,1=bS2;5,-4=wS1;5,0=bS1
85	59	-1.000000	terminal	G1|b|59|30|29|-3,2=bA3;-3,3=bG3;-2,0=wB2;-2,2=wQ;-1,-1=bB1;-1,0=wB1;-1,1=wG1;-1,2=bA2;-1,3=wS2;0,0=wA1;1,0=bG1;2,-1=wG3;2,0=bG2;2,1=bA1;3,-3=wA2;3,-2=bQ;3,1=bB2;4,-3=wA3;4,-2=wG2;4,1=bS2;5,-4=wS1;5,0=bS1
85	61	-1.000000	terminal	G1|b|61|31|30|-3,2=wQ;-3,3=bG3;-2,0=wB2;-2,3=bA3;-1,-1=bB1;-1,0=wB1;-1,1=wG1;-1,2=bA2;-1,3=wS2;0,0=wA1;1,0=bG1;2,-1=wG3;2,0=bG2;2,1=bA1;3,-3=wA2;3,-2=bQ;3,1=bB2;4,-3=wA3;4,-2=wG2;4,1=bS2;5,-4=wS1;5,0=bS1
85	63	-1.000000	terminal	G1|b|63|32|31|-3,2=wQ;-3,3=bG3;-2,0=wB2;-2,3=bA3;-1,-1=bB1;-1,0=wB1;-1,1=wG1;-1,2=bA2;-1,3=wS2;0,0=wA1;1,0=bG1;2,-3=wS1;2,-1=wG3;2,0=bG2;2,1=bA1;3,-3=wA2;3,-2=bQ;3,-1=bS1;3,1=bB2;4,-3=wA3;4,-2=wG2;4,1=bS2
85	65	-1.000000	terminal	G1|b|65|33|32|-3,2=wQ;-3,3=bG3;-2,0=wB2;-2,3=bA3;-1,-1=bB1;-1,0=wB1;-1,1=wG1;-1,2=bA2;-1,3=wS2;0,0=wA1;1,0=bG1;2,-3=wS1;2,-1=wG3;2,0=bG2;2,1=bA1;3,-3=wA2;3,-2=bQ;3,1=bB2;4,-2=wG2;4,1=bS2;5,-4=wA3;5,-3=bS1
85	67	-1.000000	terminal	G1|b|67|34|33|-3,2=wQ;-3,3=bG3;-2,0=wB2,bB1;-2,3=bA3;-1,0=wB1;-1,1=wG1;-1,2=bA2;-1,3=wS2;0,0=wA1;1,0=bG1;2,-3=wS1;2,-1=wG3;2,0=bG2;2,1=bA1;3,-3=wA2;3,-2=bQ;3,-1=wA3;3,1=bB2;4,-2=wG2;4,1=bS2;5,-3=bS1
85	69	-1.000000	terminal	G1|b|69|35|34|-3,2=wQ;-3,3=bG3;-2,0=wB2;-2,1=bB1;-2,3=bA3;-1,0=wB1;-1,1=wG1;-1,2=bA2;-1,3=wS2;0,0=wA1;1,0=bG1;2,-1=wG3;2,0=bG2;2,1=bA1;3,-3=wA2;3,-2=bQ;3,-1=wA3;3,1=bB2;4,-3=wS1;4,-2=wG2;4,1=bS2;5,-3=bS1
85	71	-1.000000	terminal	G1|b|71|36|35|-3,1=bA3;-3,2=wQ;-3,3=bG3;-2,0=wB2;-2,1=bB1;-1,-1=wB1;-1,1=wG1;-1,2=bA2;-1,3=wS2;0,0=wA1;1,0=bG1;2,-1=wG3;2,0=bG2;2,1=bA1;3,-3=wA2;3,-2=bQ;3,-1=wA3;3,1=bB2;4,-3=wS1;4,-2=wG2;4,1=bS2;5,-3=bS1
85	73	-1.000000	terminal	G1|b|73|37|36|-4,4=wS2;-3,1=bA3;-3,2=wQ;-3,3=bG3;-2,0=wB2;-2,1=bB1;-1,-1=wB1;-1,1=wG1;-1,2=bA2;0,0=wA1;1,0=bG1;1,2=bS2;2,-1=wG3;2,0=bG2;2,1=bA1;3,-3=wA2;3,-2=bQ;3,-1=wA3;3,1=bB2;4,-3=wS1;4,-2=wG2;5,-3=bS1
85	75	-1.000000	terminal	G1|b|75|38|37|-4,2=bA2;-4,4=wS2;-3,1=bA3;-3,2=wQ;-3,3=bG3;-2,0=wB2;-2,1=bB1;-1,-1=wB1;-1,1=wG1;0,0=wA1;1,0=bG1;1,2=bS2;2,-2=wG2;2,-1=wG3;2,0=bG2;2,1=bA1;3,-3=wA2;3,-2=bQ;3,-1=wA3;3,1=bB2;4,-3=wS1;5,-3=bS1
85	77	-1.000000	terminal	G1|b|77|39|38|-4,2=bA2;-3,1=bA3;-3,2=wQ;-3,3=bG3;-2,0=wB2;-2,1=bB1;-1,-1=wB1;-1,1=wG1;-1,2=bS2;-1,3=wS2;0,0=wA1;1,0=bG1;2,-2=wG2;2,-1=wG3;2,0=bG2;2,1=bA1;3,-3=wA2;3,-2=bQ;3,-1=wA3;3,1=bB2;4,-3=wS1;5,-3=bS1
85	79	-1.000000	terminal	G1|b|79|40|39|-4,2=bA2;-4,4=wS2;-3,1=bA3;-3,2=wQ;-3,3=bG3;-2,0=wB2;-2,1=bB1;-1,-1=wB1;-1,1=wG1;-1,2=bS2;0,0=wA1;1,0=bG1;2,-2=wG2;2,-1=wG3;2,0=bG2;2,1=bA1;3,-3=wA2;3,-2=bQ;3,-1=wA3;3,0=bS1;3,1=bB2;4,-3=wS1
85	81	-1.000000	terminal	G1|b|81|41|40|-4,2=bA2;-4,3=bA1;-4,4=wS2;-3,1=bA3;-3,2=wQ;-3,3=bG3;-2,0=wB2;-2,1=bB1;-1,-1=wB1;-1,1=wG1;-1,2=bS2;0,0=wA1;1,0=bG1;2,-2=wG2;2,-1=wG3;2,0=bG2;3,-2=bQ;3,-1=wA3;3,0=bS1;3,1=bB2;4,-3=wS1;4,-2=wA2
85	83	-1.000000	terminal	G1|b|83|42|41|-4,2=bA2;-4,3=bA1;-4,4=wS2;-3,1=bA3;-3,2=wQ;-3,3=bG3;-3,4=bS2;-2,0=wB2;-2,1=bB1;-1,-1=wB1;-1,1=wG1;0,0=wA1;1,0=bG1;2,-2=wG2;2,-1=wG3;2,0=bG2;3,-3=wA2;3,-2=bQ;3,-1=wA3;3,0=bS1;3,1=bB2;4,-3=wS1
85	85	-1.000000	terminal	G1|b|85|43|42|-5,2=wA3;-4,2=bA2;-4,3=bA1;-4,4=wS2;-3,1=bA3;-3,2=wQ;-3,3=bG3;-3,4=bS2;-2,0=wB2;-2,1=bB1;-1,-1=wB1;-1,1=wG1;0,0=wA1;1,0=bG1;2,-2=wG2;2,-1=wG3;2,0=bG2;2,1=bB2;3,-3=wA2;3,-2=bQ;3,0=bS1;4,-3=wS1
85	87	-1.000000	terminal	G1|b|87|44|43|-4,2=bA2;-4,3=bA1;-4,4=wS2;-3,1=bA3;-3,2=wQ;-3,3=bG3;-3,4=bS2;-2,0=wB2;-2,1=bB1;-2,2=wA3;-1,-1=wB1;-1,1=wG1;0,0=wA1;1,0=bG1;2,-2=wG2;2,-1=wG3;2,0=bG2;2,1=bB2;3,-3=wA2;3,0=bS1;4,-3=wS1;4,-2=bQ
86	0	-0.379949	adjudicated	G1|w|0|0|0|
86	6	-0.379949	adjudicated	G1|w|6|3|3|-1,-1=bS2;-1,1=wB2;0,-2=bB1;0,-1=bS1;0,0=wS1;0,1=wB1
86	8	-0.379949	adjudicated	G1|w|8|4|4|-1,-1=bS2;-1,1=wB2;0,-3=bQ;0,-2=bB1;0,-1=bS1;0,0=wS1;0,1=wB1;1,1=wQ
86	10	-0.379949	adjudicated	G1|w|10|5|5|-2,-1=bA1;-1,-1=bS2;0,-3=bQ;0,-2=bB1;0,-1=bS1;0,0=wS1;0,1=wB1,wB2;1,1=wQ
86	12	-0.379949	adjudicated	G1|w|12|6|6|-2,-1=bA1;-1,-1=bS2;-1,2=wG1;0,-2=bB1;0,-1=bS1;0,0=wS1;0,1=wB1,wB2;1,-3=bQ;1,1=wQ
86	14	-0.379949	adjudicated	G1|w|14|7|7|-2,2=wA1;-1,-1=bS2;-1,2=wG1;0,-2=bB1;0,-1=bS1;0,0=wS1;0,1=wB1,wB2;1,-3=bQ;1,0=bA1;1,1=wQ
86	16	-0.379949	adjudicated	G1|w|16|8|8|-2,2=wA1;-1,-1=bS2;-1,2=wG1;0,-3=bQ;0,-2=bB1;0,-1=bS1;0,0=wS1;0,1=wB1,wB2;1,0=bA1;2,0=wQ
86	18	-0.379949	adjudicated	G1|w|18|9|9|-1,-2=wA1;-1,-1=bS2;-1,2=wG1;0,-3=bQ;0,-1=bS1;0,0=wS1;0,1=wB1,wB2;1,-2=bB1;1,0=bA1;2,0=wQ
86	20	-0.379949	adjudicated	G1|w|20|10|10|-2,0=bG1;-1,-2=wA1;-1,-1=bS2;-1,1=wS2;-1,2=wG1;0,-3=bQ;0,-1=bS1;0,0=wS1;0,1=wB1,wB2;1,-2=bB1;1,0=bA1;2,0=wQ
86	22	-0.379949	adjudicated	G1|w|22|11|11|-2,-2=wA2;-2,0=bG1;-1,-2=wA1;-1,-1=bS2;-1,1=wS2;-1,2=wG1;0,-3=bQ;0,-1=bS1;0,0=wS1;0,1=wB1,wB2;1,-2=bB1;1,0=bA1;2,-3=bB2;2,0=wQ
86	24	-0.379949	adjudicated	G1|w|24|12|12|-2,0=bG1;-1,-3=wA2;-1,-2=wA1;-1,-1=bS2;-1,1=wS2;-1,2=wG1;0,-4=bQ;0,-1=bS1;0,0=wS1;0,1=wB1,wB2;1,-2=bB1;1,0=bA1;2,-3=bB2;2,0=wQ
86	26	-0.379949	adjudicated	G1|w|26|13|13|-2,0=bG1;-1,-3=wA2;-1,-2=wA1;-1,-1=bS2;-1,1=wS2;-1,2=wG1;0,-4=bQ;0,-1=bS1;0,0=wS1;0,1=wB1,wB2;0,2=wA3;1,-2=bB1;1,0=bA1;2,-4=bA2;2,-3=bB2;2,0=wQ
86	28	-0.379949	adjudicated	G1|w|28|14|14|-2,0=bG1;-1,-3=wA2;-1,-2=wA1;-1,-1=bS2;-1,1=wS2;0,-4=bQ;0,-1=bS1;0,0=wS1;0,1=wB1,wB2;0,2=wA3;1,-2=bB1;1,0=bA1;1,1=bA2;2,-3=bB2;2,-1=wG1;2,0=wQ
86	30	-0.379949	adjudicated	G1|w|30|15|15|-2,0=bG1;-1,-3=wA2;-1,-2=wA1;-1,-1=bS2;-1,1=wS2;0,-4=bQ;0,-1=bS1;0,0=wS1;0,1=wB1,wB2;0,2=wA3;1,-2=bB1;1,0=bA1;2,-3=bB2;2,-1=wG1;3,-2=bA2;3,-1=wQ
86	32	-0.379949	adjudicated	G1|w|32|16|16|-2,0=bG1;-1,-3=wA2;-1,-2=wA1;-1,-1=bS2;-1,1=wS2;0,-4=bQ;0,-1=bS1;0,0=wS1;0,1=wB1,wB2;1,-4=wA3;1,-2=bB1;1,0=bA1;2,-2=bB2;2,-1=wG1;3,-2=bA2;3,-1=wQ
86	34	-0.379949	adjudicated	G1|w|34|17|17|-2,0=bG1;-1,-3=wA2;-1,-2=wA1;-1,-1=bS2;-1,1=wS2;-1,2=wG1;0,-4=bQ;0,-1=bS1;0,0=wS1;0,1=wB1,wB2;1,-4=wA3;1,-2=bB1;2,-2=bB2;2,-1=bA1;3,-2=bA2;3,-1=wQ
86	36	-0.379949	adjudicated	G1|w|36|18|18|-2,0=bG1;-1,-3=wA2;-1,-2=wA1;-1,-1=bS2;-1,1=wS2;-1,2=wG1;0,-4=bQ;0,-1=bS1;0,0=wS1;0,1=wB1,wB2;1,-4=wA3;1,-2=bB1;1,1=wG2;2,-2=bB2;2,0=bA1;3,-2=bA2;3,-1=wQ
86	38	-0.379949	adjudicated	G1|w|38|19|19|-2,0=bG1;-1,-3=wA2;-1,-2=wA1;-1,-1=bS2;-1,1=wS2;-1,2=wG1;0,-4=bQ;0,-1=bS1;0,1=wB1,wB2;1,-4=wA3;1,-1=wS1;1,1=wG2;2,-3=bB1;2,-2=bB2;2,0=bA1;3,-2=bA2;3,-1=wQ
86	40	-0.379949	adjudicated	G1|w|40|20|20|-3,0=bG2;-2,0=bG1;-1,-3=wA2;-1,-2=wA1;-1,-1=bS2;-1,1=wS2;-1,2=wG1;0,-4=bQ;0,-1=bS1;0,1=wB1;1,-4=wA3;1,-1=wS1;1,0=wB2;1,1=wG2;2,-3=bB1;2,-2=bB2;2,0=bA1;3,-2=bA2;3,-1=wQ
86	42	-0.379949	adjudicated	G1|w|42|21|21|-3,0=bG2;-2,0=bG1;-1,-3=wA2;-1,-2=wA1;-1,-1=bS2;-1,1=wS2;-1,2=wG1;0,-4=bQ;0,-1=bS1;0,1=wB1;1,-4=wA3;1,-1=wS1;1,0=wB2;1,1=wG2;2,-3=bB1;2,-2=bB2;2,0=bA1;3,0=wQ;3,1=bA2
86	44	-0.379949	adjudicated	G1|w|44|22|22|-3,0=bG2;-2,0=bG1;-2,3=wG3;-1,-3=wA2;-1,-2=wA1;-1,-1=bS2;-1,1=wS2;-1,2=wG1;0,-4=bQ;0,-1=bS1;0,1=wB1;1,-4=wA3;1,-1=wS1;1,0=wB2;1,1=wG2;2,-3=bB1;2,-2=bB2;2,0=bA1;3,-4=bA3;3,0=wQ;3,1=bA2
86	46	-0.379949	adjudicated	G1|w|46|23|23|-3,0=bG2;-2,0=bG1;-2,1=wS2;-2,3=wG3;-1,-3=wA2;-1,-2=wA1;-1,-1=bS2;-1,2=wG1;0,-4=bQ;0,-1=bS1;0,1=wB1;1,-4=wA3;1,-1=wS1;1,0=wB2;1,1=wG2;2,-3=bB1;2,-2=bB2;2,0=bA1;2,1=bA2;3,-4=bA3;3,0=wQ
86	48	-0.379949	adjudicated	G1|w|48|24|24|-3,-1=bG3;-3,0=bG2;-2,0=bG1;-2,1=wS2;-2,3=wG3;-1,-3=wA2;-1,-2=wA1;-1,-1=bS2;-1,2=wG1;0,-4=bQ;0,-1=bS1;0,1=wB1;1,-4=wA3;1,-1=wS1;1,0=wB2;1,1=wG2;2,-3=bB1;2,-2=bB2;2,0=bA1;2,1=bA2;3,-4=bA3;3,1=wQ
86	50	-0.379949	adjudicated	G1|w|50|25|25|-3,-1=bG3;-3,0=bG2;-2,0=bG1;-2,3=wG3;-1,-3=wA2;-1,-2=wA1;-1,-1=bS2;-1,1=wS2;-1,2=wG1;0,-4=bQ;0,-1=bS1;0,1=wB1;1,-4=wA3;1,-1=wS1;1,0=wB2;1,1=wG2;2,-3=bB1;2,-2=bB2;2,0=bA1;2,1=bA2;3,1=wQ;3,2=bA3
86	52	-0.379949	adjudicated	G1|w|52|26|26|-3,-1=bG3;-3,0=bG2;-3,4=wS2;-2,0=bG1;-2,3=wG3;-1,-3=wA2;-1,-2=wA1;-1,-1=bS2;-1,2=wG1;0,-4=bQ;0,-1=bS1;0,1=wB1;1,-4=wA3;1,-1=wS1;1,0=wB2;1,1=wG2;2,-3=bB1;2,-2=bB2;2,1=bA2;3,1=wQ;3,2=bA3;4,0=bA1
86	54	-0.379949	adjudicated	G1|w|54|27|27|-3,-1=bG3;-3,0=bG2;-3,4=wS2;-2,0=bG1;-2,3=wG3;-1,-4=bQ;-1,-3=wA2;-1,-2=wA1;-1,-1=bS2;-1,2=wG1;0,-1=bS1;0,0=wA3;0,1=wB1;1,-1=wS1;1,0=wB2;1,1=wG2;2,-3=bB1;2,-2=bB2;2,1=bA2;3,1=wQ;3,2=bA3;4,0=bA1
86	56	-0.379949	adjudicated	G1|w|56|28|28|-3,-1=bG3;-3,0=bG2;-3,4=wS2;-2,-3=wA3;-2,0=bG1;-2,3=wG3;-1,-3=wA2;-1,-2=wA1;-1,-1=bS2;-1,2=wG1;0,-4=bQ;0,-1=bS1;0,1=wB1;1,-1=wS1;1,0=wB2;1,1=wG2;2,-3=bB1;2,-2=bB2;2,1=bA2;3,1=wQ;3,2=bA3;4,0=bA1
86	58	-0.379949	adjudicated	G1|w|58|29|29|-3,-1=bG3;-3,0=bG2;-3,4=wS2;-2,0=bG1;-2,3=wG3;-1,-3=wA2;-1,-2=wA1;-1,-1=bS2;-1,2=wG1;0,-5=wA3;0,-4=bQ;0,-1=bS1;0,1=wB1;1,-3=bA3;1,-1=wS1;1,0=wB2;1,1=wG2;2,-3=bB1;2,-2=bB2;2,1=bA2;3,1=wQ;4,0=bA1
86	60	-0.379949	adjudicated	G1|w|60|30|30|-3,-1=bG3;-3,0=bG2;-3,4=wS2;-2,0=bG1;-2,3=wG3;-1,-3=wA2;-1,-2=wA1;-1,-1=bS2;-1,2=wG1;0,-4=bQ;0,-1=bS1;0,1=wB1;1,-5=wA3;1,-1=wS1;1,0=wB2;1,1=wG2;2,-3=bB1;2,-2=bB2;2,1=bA2;3,1=wQ;4,0=bA1;4,1=bA3
86	62	-0.379949	adjudicated	G1|w|62|31|31|-3,-1=bG3;-3,0=bG2;-3,4=wS2;-2,0=bG1;-2,3=wG3;-1,-3=wA2;-1,-2=wA1;-1,-1=bS2;-1,2=wG1;0,-4=bQ;0,-3=wA3;0,-1=bS1;0,1=wB1;1,-1=wS1;1,0=wB2;1,1=wG2;2,-3=bB1;2,-2=bB2;2,1=bA2;3,0=bA3;3,1=wQ;4,0=bA1
86	64	-0.379949	adjudicated	G1|w|64|32|32|-3,-1=bG3;-3,0=bG2;-3,4=wS2;-2,0=bG1;-2,3=wG3;-1,-3=wA2;-1,-2=wA1;-1,-1=bS2;-1,2=wG1;0,-3=wA3;0,-1=bS1;0,1=wB1;1,-4=bQ;1,-1=wS1;1,0=wB2;1,1=wG2;2,-3=bB1;2,-2=bB2;2,1=bA2;2,2=wQ;3,0=bA3;4,0=bA1
86	66	-0.379949	adjudicated	G1|w|66|33|33|-3,-1=bG3;-3,0=bG2;-3,4=wS2;-2,0=bG1;-2,3=wG3;-1,-2=wA1;-1,-1=bS2;-1,2=wG1;0,-3=wA3;0,-1=bS1;0,1=wB1;1,-4=bQ;1,-1=wS1;1,0=wB2;1,1=wG2;1,3=bA1;2,-3=bB1;2,-2=bB2;2,1=bA2;2,2=wQ;3,0=bA3;3,1=wA2
86	68	-0.379949	adjudicated	G1|w|68|34|34|-3,-1=bG3;-3,0=bG2;-3,4=wS2;-2,0=bG1;-2,3=wG3;-1,-2=wA1;-1,-1=bS2;-1,2=wG1;0,-3=wA3;0,-1=bS1;0,1=wB1;1,-4=bQ;1,-1=wS1;1,0=wB2;1,1=wG2;1,3=bA1;2,-4=wA2;2,-3=bB1;2,-2=bB2;2,1=bA2;2,2=wQ;3,2=bA3
86	70	-0.379949	adjudicated	G1|w|70|35|35|-3,-1=bG3;-3,0=bG2;-3,4=wS2;-2,0=bG1;-2,3=wG3;-1,-1=bS2;-1,2=wG1;0,-3=wA3;0,-1=bS1;0,1=wB1;1,-4=bQ;1,-1=wS1;1,0=wB2;1,1=wG2;1,3=bA1;2,-5=wA1;2,-4=wA2;2,-3=bB1;2,-2=bB2;2,1=bA2;2,2=wQ;2,3=bA3
86	72	-0.379949	adjudicated	G1|w|72|36|36|-3,-1=bG3;-3,0=bG2;-3,4=wS2;-2,0=bG1;-2,3=wG3;-1,-1=bS2;-1,2=wG1;0,-1=bS1;0,1=wB1;0,4=bA3;1,-5=wA3;1,-4=bQ;1,-1=wS1;1,0=wB2;1,1=wG2;1,3=bA1;2,-5=wA1;2,-4=wA2;2,-3=bB1;2,-2=bB2;2,1=bA2;2,2=wQ
86	74	-0.379949	adjudicated	G1|w|74|37|37|-3,-1=bG3;-3,0=bG2;-3,4=wS2;-2,0=bG1;-2,3=wG3;-1,-1=bS2;-1,2=wG1;0,-1=bS1;0,1=wB1;0,4=bA3;1,-5=bQ;1,-3=wA3;1,-1=wS1;1,0=wB2;1,1=wG2;1,3=bA1;2,-5=wA1;2,-4=wA2;2,-3=bB1;2,-2=bB2;2,1=bA2;2,2=wQ
86	76	-0.379949	adjudicated	G1|w|76|38|38|-3,-1=bG3;-3,0=bG2;-3,4=wS2;-2,-2=wA3;-2,0=bG1;-2,3=wG3;-1,-1=bS2;-1,2=wG1;0,-1=bS1;0,1=wB1;1,-5=bQ;1,-1=wS1;1,0=wB2;1,1=wG2;1,3=bA1;2,-5=wA1;2,-4=wA2;2,-3=bB1;2,-2=bB2;2,1=bA2;2,2=wQ;3,2=bA3
86	78	-0.379949	adjudicated	G1|w|78|39|39|-3,-1=bG3;-3,0=bG2;-3,4=wS2;-2,0=bG1;-2,3=wG3;-1,-1=bS2;-1,2=wG1;0,-1=bS1;0,1=wB1;1,-6=bQ;1,-1=wS1;1,0=wB2;1,1=wG2;1,3=bA1;2,-6=wA3;2,-5=wA1;2,-4=wA2;2,-3=bB1;2,-2=bB2;2,1=bA2;2,2=wQ;3,2=bA3
86	80	-0.379949	adjudicated	G1|w|80|40|40|-3,-1=bG3;-3,0=bG2;-2,0=bG1;-2,3=wG3;-1,-1=bS2;-1,2=wG1;0,-1=bS1;0,1=wB1;0,2=wS2;0,3=bA3;1,-6=bQ;1,-1=wS1;1,0=wB2;1,1=wG2;1,3=bA1;2,-6=wA3;2,-5=wA1;2,-4=wA2;2,-3=bB1;2,-2=bB2;2,1=bA2;2,2=wQ
86	82	-0.379949	adjudicated	G1|w|82|41|41|-3,-1=bG3;-3,0=bG2;-2,0=bG1;-2,3=wG3;-1,-1=bS2;-1,2=wG1;0,-1=bS1;0,1=wB1;0,2=wS2;0,3=bA3;1,-6=bQ;1,-1=wS1;1,0=wB2;1,1=wG2;2,-6=wA3;2,-5=wA1;2,-4=wA2;2,-3=bB1;2,-2=bB2;2,1=bA2;3,1=wQ;3,2=bA1
86	84	-0.379949	adjudicated	G1|w|84|42|42|-3,-1=bG3;-3,0=bG2;-2,0=bG1;-2,3=wG3;-1,-1=bS2;-1,2=wG1;0,-1=bS1;0,2=wS2;1,-6=bQ;1,-1=wS1;1,0=wB2;1,1=wG2,wB1;2,-6=wA3;2,-5=wA1;2,-4=wA2;2,-3=bB1;2,-2=bB2;2,1=bA2;3,1=wQ;3,2=bA1;4,0=bA3
86	86	-0.379949	adjudicated	G1|w|86|43|43|-3,-1=bG3;-3,0=bG2;-2,0=bG1;-2,3=wG3;-1,-1=bS2;-1,2=wG1;0,-1=bS1;0,2=wS2;1,-6=bQ;1,-1=wS1;1,0=wB2;1,1=wG2;1,2=wB1;2,-6=wA3;2,-5=wA1;2,-4=wA2;2,-3=bB1;2,-2=bB2;2,1=bA2;3,1=wQ;4,0=bA3;4,1=bA1
86	88	-0.379949	adjudicated	G1|w|88|44|44|-3,-1=bG3;-3,0=bG2;-2,0=bG1;-2,3=wG3;-1,-1=bS2;-1,2=wG1;0,-1=bS1;0,2=wS2,wB1;1,-6=bQ;1,-1=wS1;1,0=wB2;1,1=wG2;2,-6=wA3;2,-5=wA1;2,-4=wA2;2,-3=bB1;2,-2=bB2;2,1=bA2;3,1=wQ;3,2=bA3;4,1=bA1
86	90	-0.379949	adjudicated	G1|w|90|45|45|-3,-1=bG3;-3,0=bG2;-2,0=bG1;-2,3=wG3;-1,-1=bS2;-1,2=wG1;0,-1=bS1;0,2=wS2;0,3=wB1;1,-6=bQ;1,-1=wS1;1,0=wB2;1,1=wG2;2,-6=wA3;2,-5=wA1;2,-4=wA2;2,-3=bB1;2,-2=bB2;2,1=bA2;3,0=bA3;3,1=wQ;4,1=bA1
86	92	-0.379949	adjudicated	G1|w|92|46|46|-3,0=bG2;-3,1=bG3;-2,0=bG1;-2,3=wG3;-1,-1=bS2;-1,2=wG1;0,-1=bS1;0,2=wS2;1,-6=bQ;1,-1=wS1;1,0=wB2;1,1=wG2;1,2=wB1;2,-6=wA3;2,-5=wA1;2,-4=wA2;2,-3=bB1;2,-2=bB2;2,1=bA2;3,0=bA3;3,1=wQ;4,1=bA1
86	94	-0.379949	adjudicated	G1|w|94|47|47|-3,0=bG2;-3,1=bG3;-2,0=bG1;-2,3=wG3;-1,-1=bS2;-1,2=wG1;0,-1=bS1;0,2=wS2;1,-6=bQ;1,-1=wS1;1,0=wB2;1,1=wG2;2,-6=wA3;2,-5=wA1;2,-4=wA2;2,-3=bB1;2,-2=bB2;2,1=bA2,wB1;3,-5=bA1;3,0=bA3;3,1=wQ
86	96	-0.379949	adjudicated	G1|w|96|48|48|-3,0=bG2;-3,1=bG3;-2,0=bG1;-2,3=wG3;-1,-1=bS2;-1,2=wG1;0,-1=bS1;0,2=wS2;1,-6=bQ;1,-1=wS1;1,0=wB2;1,1=wG2;2,-6=wA3;2,-5=wA1;2,-4=wA2;2,-3=bB1;2,-2=bB2;2,1=bA2,wB1;2,2=wQ;2,3=bA1;3,0=bA3
87	0	0.000000	adjudicated	G1|w|0|0|0|
87	7	0.000000	adjudicated	G1|b|7|4|3|-1,-1=wA2;-1,0=wA1;0,0=wB1;0,1=wQ;1,-2=bB1;1,-1=bG1;2,-3=bA1
87	9	0.000000	adjudicated	G1|b|9|5|4|-1,0=wA1;0,0=wB1;0,1=wQ;1,-2=bB1;1,-1=bG1;2,-4=bQ;2,-3=bA1;3,-4=wA2
87	11	0.000000	adjudicated	G1|b|11|6|5|0,0=wB1;0,1=wQ;1,-2=bB1;1,-1=bG1;2,-4=wA1;2,-3=bA1;3,-5=bQ;3,-4=wA2
87	13	0.000000	adjudicated	G1|b|13|7|6|0,0=wB1;0,1=wQ;1,-2=bB1;1,-1=bG1;2,-5=bQ;2,-4=wA1;2,-3=bA1;3,-5=wA2
87	15	0.000000	adjudicated	G1|b|15|8|7|0,0=wB1;0,1=wQ;1,-4=bQ;1,-2=bB1;1,-1=bG1;2,-5=wA2;2,-4=wA1;2,-3=bA1
87	17	0.000000	adjudicated	G1|b|17|9|8|0,0=wB1;0,1=wQ;1,-5=bQ;1,-2=bB1;1,-1=bG1;2,-5=wA2;2,-4=wA1;2,-3=bA1;3,-5=wB2
87	19	0.000000	adjudicated	G1|b|19|10|9|0,-2=bG2;0,0=wB1;0,1=wQ;1,-5=bQ;1,-2=bB1;1,-1=bG1;2,-5=wA2;2,-4=wA1;2,-3=bA1;3,-6=wA3;3,-5=wB2
87	21	0.000000	adjudicated	G1|b|21|11|10|0,-2=bG2;0,0=wB1;0,1=wQ;1,-5=bQ;1,-4=wA3;1,-2=bB1;1,-1=bG1;2,-5=wA2;2,-4=wA1;2,-3=bA1;2,-2=bA2;3,-5=wB2
87	23	0.000000	adjudicated	G1|b|23|12|11|-1,2=bA2;0,-2=bG2;0,0=wB1;0,1=wQ;1,-5=bQ;1,-4=wA3;1,-2=bB1;1,-1=bG1;2,-5=wA2;2,-4=wA1;2,-3=bA1;3,-5=wB2;4,-5=wS1
87	25	0.000000	adjudicated	G1|b|25|13|12|-1,-1=bS1;-1,2=bA2;0,-2=bG2;0,0=wB1;0,1=wQ;1,-5=bQ;1,-4=wA3;1,-2=bB1;1,-1=bG1;2,-5=wA2;2,-4=wA1;2,-3=bA1;3,-5=wB2;4,-5=wS1;5,-5=wG1
87	27	0.000000	adjudicated	G1|b|27|14|13|-1,-1=bS1;-1,2=bA2;0,-2=bG2;0,0=wB1;0,1=wQ;1,-6=wA3;1,-2=bB1;1,-1=bG1;2,-6=bQ;2,-5=wA2;2,-4=wA1;2,-3=bA1;3,-5=wB2;4,-5=wS1;5,-5=wG1
87	29	0.000000	adjudicated	G1|b|29|15|14|-1,1=bS1;-1,2=bA2;0,-2=bG2;0,0=wB1;0,2=wQ;1,-6=wA3;1,-2=bB1;1,-1=bG1;2,-6=bQ;2,-5=wA2;2,-4=wA1;2,-3=bA1;3,-5=wB2;4,-5=wS1;5,-5=wG1
87	31	0.000000	adjudicated	G1|b|31|16|15|-1,-2=bS2;-1,1=bS1;-1,2=bA2;0,-2=bG2;0,0=wB1;0,2=wQ;1,-6=wA3;1,-5=wG1;1,-2=bB1;1,-1=bG1;2,-6=bQ;2,-5=wA2;2,-4=wA1;2,-3=bA1;3,-5=wB2;4,-5=wS1
87	33	0.000000	adjudicated	G1|b|33|17|16|-1,-2=bS2;-1,1=bS1;-1,2=bA2;0,-2=bG2;0,0=wB1;0,2=wQ;1,-6=wA3;1,-5=wG1;1,-2=bB1;1,-1=bG1;2,-7=bQ;2,-6=wS1;2,-5=wA2;2,-4=wA1;2,-3=bA1;3,-5=wB2
87	35	0.000000	adjudicated	G1|b|35|18|17|-1,-2=bS2;-1,1=bS1;-1,2=bA2;0,-2=bG2;0,0=wB1;0,2=wQ;1,-8=wG1;1,-7=bQ;1,-6=wA3;1,-2=bB1;1,-1=bG1;2,-6=wS1;2,-5=wA2;2,-4=wA1;2,-3=bA1;3,-5=wB2
87	37	0.000000	adjudicated	G1|b|37|19|18|-1,-2=bS2;-1,1=bS1;-1,2=bA2;0,-2=bG2;0,0=wB1;0,2=wQ;1,-9=wS2;1,-8=wG1;1,-7=bQ;1,-6=wA3;1,-2=bB1;1,-1=bG1;2,-6=wS1;2,-5=wA2;2,-4=wA1;2,-3=bA1;2,-2=bA3;3,-5=wB2
87	39	0.000000	adjudicated	G1|b|39|20|19|-1,-2=bS2;-1,1=bS1;-1,2=bA2;0,-2=bG2;0,-1=wA3;0,0=wB1;0,2=wQ;1,-9=wS2;1,-8=wG1;1,-7=bQ;1,-2=bB1;1,-1=bG1;2,-7=bA3;2,-6=wS1;2,-5=wA2;2,-4=wA1;2,-3=bA1;3,-5=wB2
87	41	0.000000	adjudicated	G1|b|41|21|20|-2,1=bS2;-1,1=bS1;-1,2=bA2;0,-2=bG2;0,0=wB1;0,2=wQ;1,-9=wS2;1,-8=wG1;1,-7=bQ;1,-6=wA3;1,-2=bB1;1,-1=bG1;2,-7=bA3;2,-6=wS1;2,-5=wA2;2,-4=wA1;2,-3=bA1;3,-5=wB2
87	43	0.000000	adjudicated	G1|b|43|22|21|-2,1=bS2;-1,1=bS1;-1,2=bA2;0,-6=wS2;0,-2=bG2;0,0=wB1;0,2=wQ;1,-8=wG1;1,-7=bQ;1,-6=wA3;1,-2=bB1;1,-1=bG1;1,2=bA3;2,-6=wS1;2,-5=wA2;2,-4=wA1;2,-3=bA1;3,-5=wB2
87	45	0.000000	adjudicated	G1|b|45|23|22|-1,1=bS1;-1,2=bA2;-1,3=bS2;0,-6=wS2;0,-2=bG2;0,0=wB1;0,2=wQ;1,-8=wG1;1,-7=bQ;1,-6=wA3;1,-2=bB1;1,-1=bG1;1,2=bA3;2,-6=wS1;2,-5=wA2,wB2;2,-4=wA1;2,-3=bA1
87	47	0.000000	adjudicated	G1|b|47|24|23|-1,-5=bA3;-1,1=bS1;-1,2=bA2;-1,3=bS2;0,-6=wS2;0,-2=bG2;0,0=wB1;0,3=wQ;1,-8=wG1;1,-7=bQ;1,-6=wA3;1,-2=bB1;1,-1=bG1;2,-6=wS1;2,-5=wA2,wB2;2,-4=wA1;2,-3=bA1
87	49	0.000000	adjudicated	G1|b|49|25|24|-1,1=bS1;-1,2=bA2;-1,3=bS2;-1,4=bA3;0,-6=wS2;0,-2=bG2;0,0=wB1;0,4=wQ;1,-8=wG1;1,-7=bQ;1,-6=wA3;1,-2=bB1;1,-1=bG1;2,-6=wS1;2,-5=wA2,wB2;2,-4=wA1;2,-3=bA1
87	51	0.000000	adjudicated	G1|b|51|26|25|-1,-1=bG3;-1,1=bS1;-1,2=bA2;-1,3=bS2;-1,4=bA3;0,-6=wS2;0,-2=bG2;0,0=wB1;0,4=wQ;1,-8=wG1;1,-7=bQ;1,-6=wA3;1,-2=bB1;1,-1=bG1;2,-6=wS1;2,-5=wA2,wB2;2,-4=wA1;2,-3=bA1;3,-5=wG2
87	53	0.000000	adjudicated	G1|b|53|27|26|-1,-1=bG3;-1,1=bS1;-1,2=bA2;-1,3=bS2;-1,4=bA3;0,-6=wS2;0,-3=bB2;0,-2=bG2;0,0=wB1;0,4=wQ;1,-8=wG1;1,-7=bQ;1,-6=wA3;1,-5=wB2;1,-2=bB1;1,-1=bG1;2,-6=wS1;2,-5=wA2;2,-4=wA1;2,-3=bA1;3,-5=wG2
87	55	0.000000	adjudicated	G1|b|55|28|27|-1,-1=bG3;-1,1=bS1;-1,2=bA2;-1,3=bS2;-1,4=bA3;0,-6=wS2;0,-4=wG3;0,-2=bG2;0,0=wB1;0,4=wQ;1,-8=wG1;1,-7=bQ;1,-6=wA3;1,-5=wB2;1,-3=bB2;1,-2=bB1;1,-1=bG1;2,-6=wS1;2,-5=wA2;2,-4=wA1;2,-3=bA1;3,-5=wG2
87	57	0.000000	adjudicated	G1|b|57|29|28|-1,-1=bG3;-1,1=bS1;-1,2=bA2;-1,3=bS2;-1,4=bA3;0,-6=wS2;0,-5=wG2;0,-4=wG3;0,-2=bG2;0,0=wB1;0,4=wQ;0,5=bA1;1,-8=wG1;1,-7=bQ;1,-6=wA3;1,-5=wB2;1,-3=bB2;1,-2=bB1;1,-1=bG1;2,-6=wS1;2,-5=wA2;2,-4=wA1
87	59	0.000000	adjudicated	G1|b|59|30|29|-1,-1=bG3;-1,1=bS1;-1,2=bA2;-1,3=bS2;-1,4=bA3;0,-7=wG2;0,-6=wS2;0,-4=wG3;0,-2=bG2;0,0=wB1;0,4=wQ;1,-8=wG1;1,-7=bQ;1,-6=wA3;1,-5=wB2;1,-3=bB2;1,-2=bB1;1,-1=bG1;1,4=bA1;2,-6=wS1;2,-5=wA2;2,-4=wA1
87	61	0.000000	adjudicated	G1|b|61|31|30|-1,-1=bG3;-1,1=bS1;-1,2=bA2;-1,3=bS2;-1,4=bA3;0,-7=wG2;0,-6=wS2;0,-4=wG3;0,-2=bG2;0,0=wB1;0,4=wQ;1,-8=wG1;1,-6=wA3;1,-5=wB2;1,-3=bB2;1,-2=bB1;1,-1=bG1;1,4=bA1;2,-8=bQ;2,-5=wA2;2,-4=wA1;3,-4=wS1
87	63	0.000000	adjudicated	G1|b|63|32|31|-1,-1=bG3;-1,1=bS1;-1,2=bA2;-1,3=bS2;-1,4=bA3;0,-7=wG2;0,-6=wS2;0,-2=bG2;0,0=wB1;0,4=wQ;1,-8=wG1;1,-6=wA3;1,-5=wB2;1,-3=bB2;1,-2=bB1;1,-1=bG1;1,3=bA1;2,-8=bQ;2,-6=wG3;2,-5=wA2;2,-4=wA1;3,-4=wS1
87	65	0.000000	adjudicated	G1|b|65|33|32|-1,-1=bG3;-1,1=bS1;-1,2=bA2;-1,3=bS2;-1,4=bA3;0,-7=wG2;0,-6=wS2;0,-2=bG2;0,0=wB1;0,4=wQ;1,-8=wG1;1,-6=wA3;1,-5=wB2;1,-3=bB2;1,-2=bB1;1,-1=bG1;1,4=bA1;2,-8=bQ;2,-6=wG3;2,-5=wA2;2,-4=wA1;2,-1=wS1
87	67	0.000000	adjudicated	G1|b|67|34|33|-1,-1=bG3;-1,1=bS1;-1,2=bA2;-1,3=bS2;-1,4=bA3;-1,5=bA1;0,-7=wG2;0,-6=wS2;0,-2=bG2;0,0=wB1;0,5=wQ;1,-8=wG1;1,-6=wA3;1,-5=wB2;1,-3=bB2;1,-2=bB1;1,-1=bG1;2,-8=bQ;2,-6=wG3;2,-5=wA2;2,-4=wA1;2,-1=wS1
87	69	0.000000	adjudicated	G1|b|69|35|34|-1,1=bS1;-1,2=bA2;-1,3=bS2;-1,4=bA3;-1,5=bA1;0,-7=wG2;0,-6=wS2;0,-2=bG2;0,0=wB1;0,5=wQ;1,-8=wG1;1,-6=wA3;1,-5=wB2;1,-3=bB2;1,-2=bB1;1,-1=bG1;2,-8=bQ;2,-6=wG3;2,-5=wA2;2,-4=wA1;3,-5=bG3;3,-4=wS1
87	71	0.000000	adjudicated	G1|b|71|36|35|-1,1=bS1;-1,2=bA2;-1,3=bS2;-1,4=bA3;-1,5=bA1;0,-7=wG2;0,-6=wS2;0,-2=bG2;0,0=wB1;0,4=wQ;1,-8=wG1;1,-6=wA3;1,-5=wB2;1,-3=bB2;1,-2=bB1;1,-1=bG1;2,-8=bQ;2,-6=wG3;2,-5=wA2;2,-4=wA1;3,-4=wS1;3,-3=bG3
87	73	0.000000	adjudicated	G1|b|73|37|36|-1,1=bS1;-1,2=bA2;-1,3=bS2;-1,4=bA3;0,-7=wG2;0,-6=wS2;0,-2=bG2;0,0=wB1;0,4=wQ;0,5=bA1;1,-8=wG1;1,-6=wA3,wB2;1,-3=bB2;1,-2=bB1;1,-1=bG1;2,-8=bQ;2,-6=wG3;2,-5=wA2;2,-4=wA1;3,-4=wS1;3,-3=bG3
87	75	0.000000	adjudicated	G1|b|75|38|37|-1,1=bS1;-1,2=bA2;-1,3=bS2;-1,4=bA3;-1,5=wQ;0,-7=wG2;0,-6=wS2;0,-2=bG2;0,0=wB1;0,3=bA1;1,-8=wG1;1,-6=wA3,wB2;1,-3=bB2;1,-2=bB1;1,-1=bG1;2,-8=bQ;2,-6=wG3;2,-5=wA2;2,-4=wA1;3,-4=wS1;3,-3=bG3
87	77	0.000000	adjudicated	G1|b|77|39|38|-2,6=bA1;-1,1=bS1;-1,2=bA2;-1,3=bS2;-1,4=bA3;-1,5=wQ;0,-7=wG2;0,-6=wS2;0,-2=bG2;0,0=wB1;1,-8=wG1;1,-6=wA3;1,-3=bB2;1,-2=bB1;1,-1=bG1;2,-8=bQ;2,-7=wB2;2,-6=wG3;2,-5=wA2;2,-4=wA1;3,-4=wS1;3,-3=bG3
87	79	0.000000	adjudicated	G1|b|79|40|39|-2,6=bA1;-1,-6=wG1;-1,1=bS1;-1,2=bA2;-1,3=bS2;-1,4=bA3;-1,5=wQ;0,-7=wG2;0,-6=wS2;0,-2=bG2;0,0=wB1;1,-6=wA3;1,-3=bB2;1,-2=bB1;1,-1=bG1;2,-7=wB2;2,-6=wG3;2,-5=wA2;2,-4=wA1;3,-8=bQ;3,-4=wS1;3,-3=bG3
87	81	0.000000	adjudicated	G1|b|81|41|40|-2,5=wQ;-1,-6=wG1;-1,1=bS1;-1,2=bA2;-1,3=bS2;-1,4=bA3;0,-7=wG2;0,-6=wS2;0,-2=bG2;0,0=wB1;0,4=bA1;1,-6=wA3;1,-3=bB2;1,-2=bB1;1,-1=bG1;2,-7=wB2;2,-6=wG3;2,-5=wA2;2,-4=wA1;3,-8=bQ;3,-4=wS1;3,-3=bG3
87	83	0.000000	adjudicated	G1|b|83|42|41|-2,-5=wG2;-2,5=wQ;-1,-6=wG1;-1,1=bS1;-1,2=bA2;-1,3=bS2;-1,4=bA3;0,-6=wS2;0,-2=bG2;0,0=wB1;1,-6=wA3;1,-4=bA1;1,-3=bB2;1,-2=bB1;1,-1=bG1;2,-7=wB2;2,-6=wG3;2,-5=wA2;2,-4=wA1;3,-8=bQ;3,-4=wS1;3,-3=bG3
87	85	0.000000	adjudicated	G1|b|85|43|42|-2,-5=wG2;-1,-6=wG1;-1,1=bS1;-1,2=bA2;-1,3=bS2;-1,4=bA3;-1,5=wQ;0,-6=wS2;0,0=wB1;1,-6=wA3;1,-4=bA1;1,-3=bB2;1,-2=bB1;1,-1=bG1;2,-7=wB2;2,-6=wG3;2,-5=wA2;2,-4=wA1;3,-8=bQ;3,-5=bG2;3,-4=wS1;3,-3=bG3
87	87	0.000000	adjudicated	G1|b|87|44|43|-3,-5=bA1;-2,-5=wG2;-2,5=wQ;-1,-6=wG1;-1,1=bS1;-1,2=bA2;-1,3=bS2;-1,4=bA3;0,-6=wS2;0,0=wB1;1,-6=wA3;1,-3=bB2;1,-2=bB1;1,-1=bG1;2,-7=wB2;2,-6=wG3;2,-5=wA2;2,-4=wA1;3,-8=bQ;3,-5=bG2;3,-4=wS1;3,-3=bG3
87	89	0.000000	adjudicated	G1|b|89|45|44|-2,5=wQ;-2,6=bA1;-1,-6=wG1;-1,1=bS1;-1,2=bA2;-1,3=bS2;-1,4=bA3;0,-7=wG2;0,-6=wS2;0,0=wB1;1,-6=wA3;1,-3=bB2;1,-2=bB1;1,-1=bG1;2,-7=wB2;2,-6=wG3;2,-5=wA2;2,-4=wA1;3,-8=bQ;3,-5=bG2;3,-4=wS1;3,-3=bG3
87	91	0.000000	adjudicated	G1|b|91|46|45|-2,5=wQ;-2,6=bA1;-1,1=bS1;-1,2=bA2;-1,3=bS2;-1,4=bA3;0,-7=wG2;0,-6=wS2;0,0=wB1;1,-8=wG1;1,-6=wA3;1,-3=bB2;1,-2=bB1;1,-1=bG1;2,-8=bQ;2,-7=wB2;2,-6=wG3;2,-5=wA2;2,-4=wA1;3,-5=bG2;3,-4=wS1;3,-3=bG3
87	93	0.000000	adjudicated	G1|b|93|47|46|-2,5=wQ;-2,6=bA1;-1,-6=wG1;-1,1=bS1;-1,2=bA2;-1,3=bS2;-1,4=bA3;0,-7=wG2;0,-6=wS2;0,0=wB1;1,-6=wA3;1,-3=bB2;1,-2=bB1;1,-1=bG1;2,-7=wB2;2,-6=wG3;2,-5=wA2;2,-4=wA1;3,-8=bQ;3,-5=bG2;3,-4=wS1;3,-3=bG3
87	95	0.000000	adjudicated	G1|b|95|48|47|-2,-6=wG3;-2,5=wQ;-2,6=bA1;-1,-6=wG1;-1,1=bS1;-1,2=bA2;-1,3=bS2;-1,4=bA3;0,-7=wG2;0,-6=wS2;0,0=wB1;1,-6=wA3;1,-5=bG2;1,-3=bB2;1,-2=bB1;1,-1=bG1;2,-7=wB2;2,-5=wA2;2,-4=wA1;3,-8=bQ;3,-4=wS1;3,-3=bG3
88	0	-0.379949	adjudicated	G1|w|0|0|0|
88	6	-0.379949	adjudicated	G1|w|6|3|3|-1,-1=bG1;0,-1=bA1;0,0=wG1;1,-2=bB1;1,0=wB1;2,0=wB2
88	8	-0.379949	adjudicated	G1|w|8|4|4|-1,-2=bQ;-1,-1=bG1;0,-1=bA1;0,0=wG1;1,-2=bB1;1,0=wB1;2,0=wB2;3,0=wQ
88	10	-0.379949	adjudicated	G1|w|10|5|5|-1,-2=bQ;-1,-1=bG1;0,-1=bA1,bB1;0,0=wG1;1,0=wB1;1,1=wS1;2,0=wB2;3,0=wQ
88	12	-0.379949	adjudicated	G1|w|12|6|6|-2,-1=bS1;-1,-2=bQ;-1,-1=bG1;0,-1=bA1,bB1;0,0=wG1;0,1=wG2;1,0=wB1;1,1=wS1;2,0=wB2;3,0=wQ
88	14	-0.379949	adjudicated	G1|w|14|7|7|-2,-2=bS2;-2,-1=bS1;-1,-2=bQ;-1,-1=bG1;0,-2=wG2;0,-1=bA1,bB1;0,0=wG1;1,0=wB1;1,1=wS1;2,0=wB2;3,0=wQ
88	16	-0.379949	adjudicated	G1|w|16|8|8|-2,-2=bS2;-2,-1=bS1;-1,-3=bQ;-1,-1=bG1;0,-2=wG2;0,-1=bA1,bB1;0,0=wG1;1,-3=wS2;1,0=wB1;1,1=wS1;2,0=wB2;3,0=wQ
88	18	-0.379949	adjudicated	G1|w|18|9|9|-3,-1=bB2;-2,-2=bS2;-2,-1=bS1;-1,-4=wS2;-1,-3=bQ;-1,-1=bG1;0,-2=wG2;0,-1=bA1,bB1;0,0=wG1;1,0=wB1;1,1=wS1;2,0=wB2;3,0=wQ
88	20	-0.379949	adjudicated	G1|w|20|10|10|-3,-1=bB2;-3,0=bA2;-2,-2=bS2;-2,-1=bS1;-1,-4=wS2;-1,-3=bQ;-1,-1=bG1;0,-2=wG2;0,-1=bA1,bB1;0,0=wG1;1,0=wB1;1,1=wS1;2,-1=wG3;2,0=wB2;3,0=wQ
88	22	-0.379949	adjudicated	G1|w|22|11|11|-3,-1=bB2;-2,-2=bS2;-2,-1=bS1;-1,-4=wS2;-1,-3=bQ;-1,-1=bG1;0,-2=wG2;0,-1=bA1,bB1;0,0=wG1;0,1=wA1;1,0=wB1;1,1=wS1;2,-1=wG3;2,0=wB2;3,0=wQ;4,0=bA2
88	24	-0.379949	adjudicated	G1|w|24|12|12|-3,-1=bB2;-2,-2=bS2;-2,-1=bS1;-1,-4=wS2;-1,-3=bQ;-1,-1=bG1;0,-4=wA1;0,-2=wG2;0,-1=bA1,bB1;0,0=wG1;1,0=wB1;1,1=wS1;2,-1=wG3;2,0=wB2;3,0=wQ;3,1=bA2
88	26	-0.379949	adjudicated	G1|w|26|13|13|-3,-1=bB2;-2,-2=bS2;-2,-1=bS1;-1,-4=wS2;-1,-3=bQ;-1,-1=bG1;0,-4=wA1;0,-2=wG2;0,-1=bA1,bB1;0,0=wG1;1,0=wB1;1,1=wS1;1,2=wA2;2,-1=wG3;2,0=wB2;3,0=wQ;4,0=bA2
88	28	-0.379949	adjudicated	G1|w|28|14|14|-4,0=bS2;-3,-1=bB2;-2,-1=bS1;-1,-4=wS2;-1,-3=bQ;-1,-1=bG1;0,-4=wA1;0,-3=wA2;0,-2=wG2;0,-1=bA1,bB1;0,0=wG1;1,0=wB1;1,1=wS1;2,-1=wG3;2,0=wB2;3,0=wQ;4,0=bA2
88	30	-0.379949	adjudicated	G1|w|30|15|15|-4,0=bS2;-3,-1=bB2;-2,-3=bQ;-2,-1=bS1;-1,-4=wS2;-1,-1=bG1;0,-4=wA1;0,-3=wA2;0,-2=wG2;0,-1=bA1,bB1;0,0=wG1;1,-3=wA3;1,0=wB1;1,1=wS1;2,-1=wG3;2,0=wB2;3,0=wQ;4,0=bA2
88	32	-0.379949	adjudicated	G1|w|32|16|16|-4,0=bS2;-3,-3=bQ;-3,-2=wA3;-3,-1=bB2;-2,-1=bS1;-1,-4=wS2;-1,-1=bG1;0,-4=wA1;0,-3=wA2;0,-2=wG2;0,-1=bA1,bB1;0,0=wG1;1,0=wB1;1,1=wS1;2,-1=wG3;2,0=wB2;3,0=wQ;4,0=bA2
88	34	-0.379949	adjudicated	G1|w|34|17|17|-4,0=bS2;-3,-3=bQ;-3,-2=wA3;-3,-1=bB2;-2,-1=bS1;-1,-4=wS2;-1,-1=bG1;-1,0=wS1,bB1;0,-4=wA1;0,-3=wA2;0,-2=wG2;0,-1=bA1;0,0=wG1;1,0=wB1;2,-1=wG3;2,0=wB2;3,0=wQ;4,0=bA2
88	36	-0.379949	adjudicated	G1|w|36|18|18|-4,0=bS2;-3,-3=bQ;-3,-2=wA3;-3,-1=bB2;-2,-2=wS2;-2,-1=bS1;-1,-1=bG1;-1,0=wS1,bB1;0,-4=wA1;0,-3=wA2;0,-2=wG2;0,0=wG1;1,0=wB1;2,-1=wG3;2,0=wB2;3,0=wQ;4,-1=bA1;4,0=bA2
88	38	-0.379949	adjudicated	G1|w|38|19|19|-4,-2=wA1;-4,0=bS2;-3,-3=bQ;-3,-2=wA3;-3,-1=bB2;-2,-2=wS2;-2,-1=bS1;-1,-1=bG1;-1,0=wS1,bB1;-1,1=bA1;0,-3=wA2;0,-2=wG2;0,0=wG1;1,0=wB1;2,-1=wG3;2,0=wB2;3,0=wQ;4,0=bA2
88	40	-0.379949	adjudicated	G1|w|40|20|20|-4,-3=wA2;-4,-2=wA1;-4,0=bS2;-3,-4=bQ;-3,-2=wA3;-3,-1=bB2;-2,-2=wS2;-2,-1=bS1;-1,-1=bG1;-1,0=wS1,bB1;-1,1=bA1;0,-2=wG2;0,0=wG1;1,0=wB1;2,-1=wG3;2,0=wB2;3,0=wQ;4,0=bA2
88	42	-0.379949	adjudicated	G1|w|42|21|21|-4,-3=wA2;-4,-2=wA1;-4,0=bS2;-3,-4=bQ;-3,-2=wA3;-3,-1=bB2;-2,-4=wS2;-2,-1=bS1;-1,-1=bG1;-1,0=wS1,bB1;0,-2=wG2;0,-1=bA1;0,0=wG1;1,0=wB1;2,-1=wG3;2,0=wB2;3,0=wQ;4,0=bA2
88	44	-0.379949	adjudicated	G1|w|44|22|22|-4,-4=wS2;-4,-3=wA2;-4,-2=wA1;-4,0=bS2;-3,-4=bQ;-3,-2=wA3;-3,-1=bB2;-2,-1=bS1;-1,-1=bG1;-1,0=wS1,bB1;0,-2=wG2;0,0=wG1;1,0=wB1;2,-1=wG3;2,0=wB2;3,0=wQ;4,-1=bA1;4,0=bA2
88	46	-0.379949	adjudicated	G1|w|46|23|23|-4,-4=wS2;-4,-3=wA2;-4,-2=wA1;-4,0=bS2;-3,-5=bQ;-3,-2=wA3;-3,-1=bB2;-2,-1=bS1;-1,-1=bG1;-1,0=wS1,bB1;0,-2=wG2;0,0=wG1;0,1=wG3;1,0=wB1;2,0=wB2;3,0=wQ;4,-1=bA1;4,0=bA2
88	48	-0.379949	adjudicated	G1|w|48|24|24|-4,-4=wS2;-4,-3=wA2;-4,-2=wA1;-4,0=bS2;-3,-5=bQ;-3,-2=wA3;-3,-1=bB2;-2,-1=bS1;-1,-1=bG1;-1,0=wS1,bB1;0,-2=wG2;0,0=wG1;1,0=wB1;2,-1=wG3;2,0=wB2;3,0=wQ;4,-1=bA1;4,0=bA2;5,0=bG2
88	50	-0.379949	adjudicated	G1|w|50|25|25|-4,-4=wS2;-4,-3=wA2;-4,-2=wA1;-4,0=bS2;-3,-5=bQ;-3,-2=wA3;-3,-1=bB2;-2,-5=bA1;-2,-1=bS1;-2,0=wG2;-1,-1=bG1;-1,0=wS1,bB1;0,0=wG1;1,0=wB1;2,-1=wG3;2,0=wB2;3,0=wQ;4,0=bA2;5,0=bG2
88	52	-0.379949	adjudicated	G1|w|52|26|26|-4,-4=wS2;-4,-3=wA2;-4,-2=wA1;-4,0=bS2;-3,-5=bQ;-3,-2=wA3;-3,-1=bB2;-2,-5=bA1;-2,-2=wG2;-2,-1=bS1;-1,-1=bG1;-1,0=wS1,bB1;0,-2=bG3;0,0=wG1;1,0=wB1;2,-1=wG3;2,0=wB2;3,0=wQ;4,0=bA2;5,0=bG2
88	54	-0.379949	adjudicated	G1|w|54|27|27|-4,-4=wS2;-4,-3=wA2;-4,-2=wA1;-4,0=bS2;-3,-5=bQ;-3,-2=wA3;-3,-1=bB2;-2,-1=bS1;-2,0=wG2;-1,-1=bG1;-1,0=wS1,bB1;0,-2=bG3;0,0=wG1;1,0=wB1;2,-1=wG3;2,0=wB2;3,0=wQ;3,1=bA1;4,0=bA2;5,0=bG2
88	56	-0.379949	adjudicated	G1|w|56|28|28|-4,-4=wS2;-4,-3=wA2;-4,-2=wA1;-4,0=bS2;-3,-5=bQ;-3,-2=wA3;-3,-1=bB2;-2,-1=bS1;-2,0=wG2,bB1;-1,-1=bG1;-1,0=wS1;0,-2=bG3;0,0=wG1;0,1=wG3;1,0=wB1;2,0=wB2;3,0=wQ;3,1=bA1;4,0=bA2;5,0=bG2
88	58	-0.379949	adjudicated	G1|w|58|29|29|-4,-4=wS2;-4,-3=wA2;-4,-2=wA1;-4,0=bS2;-3,-5=bQ;-3,-2=wA3;-3,-1=bB2;-2,-1=bS1;-2,0=wG2,bB1;-1,-1=bG1;-1,0=wS1;0,-2=bG3;0,-1=wG3;0,0=wG1;1,-3=bA3;1,0=wB1;2,0=wB2;3,0=wQ;3,1=bA1;4,0=bA2;5,0=bG2
88	60	-0.379949	adjudicated	G1|w|60|30|30|-4,-4=wS2;-4,-3=wA2;-4,-2=wA1;-4,0=bS2;-3,-5=bQ;-3,-2=wA3;-3,-1=bB2;-2,-1=bS1;-2,0=wG2,bB1;-2,1=wG3;-1,-1=bG1;-1,0=wS1;0,-2=bG3;0,0=wG1;1,0=wB1;2,0=wB2;3,-1=bA3;3,0=wQ;3,1=bA1;4,0=bA2;5,0=bG2
88	62	-0.379949	adjudicated	G1|w|62|31|31|-4,-4=wS2;-4,-3=wA2;-4,-2=wA1;-4,-1=bG1;-4,0=bS2;-3,-5=bQ;-3,-2=wA3;-3,-1=bB2;-2,-1=bS1;-2,0=wG2,bB1;-1,0=wS1;0,-2=bG3;0,-1=wG3;0,0=wG1;1,0=wB1;2,0=wB2;3,-1=bA3;3,0=wQ;3,1=bA1;4,0=bA2;5,0=bG2
88	64	-0.379949	adjudicated	G1|w|64|32|32|-5,-2=wA3;-4,-4=wS2;-4,-3=wA2;-4,-2=wA1;-4,-1=bG1;-4,0=bS2;-3,-5=bQ;-3,-1=bB2;-2,-1=bS1,bB1;-2,0=wG2;-1,0=wS1;0,-2=bG3;0,-1=wG3;0,0=wG1;1,0=wB1;2,0=wB2;3,-1=bA3;3,0=wQ;3,1=bA1;4,0=bA2;5,0=bG2
88	66	-0.379949	adjudicated	G1|w|66|33|33|-4,-4=wS2;-4,-3=wA2;-4,-2=wA1;-4,-1=bG1;-4,0=bS2;-3,-5=bQ;-3,-1=bB2;-2,-1=bS1,bB1;-2,0=wG2;-1,0=wS1;0,-1=wG3;0,0=wG1;0,1=bG3;1,0=wB1;1,1=wA3;2,0=wB2;3,-1=bA3;3,0=wQ;3,1=bA1;4,0=bA2;5,0=bG2
88	68	-0.379949	adjudicated	G1|w|68|34|34|-4,-4=wS2;-4,-3=wA2;-4,-2=wA1;-4,-1=bG1;-4,0=bS2;-3,-4=wA3;-3,-1=bB2;-2,-5=bQ;-2,-1=bS1,bB1;-2,0=wG2;-1,0=wS1;0,-1=wG3;0,0=wG1;0,1=bG3;1,0=wB1;2,0=wB2;3,-1=bA3;3,0=wQ;3,1=bA1;4,0=bA2;5,0=bG2
88	70	-0.379949	adjudicated	G1|w|70|35|35|-4,-3=wA2;-4,-2=wA1;-4,-1=bG1;-4,0=bS2;-3,-4=wA3;-3,-1=bB2;-2,-5=bQ;-2,-1=bS1,bB1;-2,0=wG2;-1,-6=wS2;-1,-1=bA3;-1,0=wS1;0,-1=wG3;0,0=wG1;0,1=bG3;1,0=wB1;2,0=wB2;3,0=wQ;3,1=bA1;4,0=bA2;5,0=bG2
88	72	-0.379949	adjudicated	G1|w|72|36|36|-4,-3=wA2;-4,-2=wA1;-4,-1=bG1;-4,0=bS2;-3,-4=wA3;-3,-1=bB2;-2,-5=bQ;-2,-1=bS1,bB1;-2,0=wG2;-1,-6=wS2;-1,0=wS1;0,0=wG1;0,1=bG3;0,2=wG3;1,0=wB1;2,0=wB2;3,-1=bA3;3,0=wQ;3,1=bA1;4,0=bA2;5,0=bG2
88	74	-0.379949	adjudicated	G1|w|74|37|37|-4,-3=wA2;-4,-2=wA1;-4,-1=bG1;-4,0=bS2;-3,-4=wA3;-3,-1=bB2;-2,-5=bQ;-2,-1=bS1;-2,0=wG2,bB1;-1,-6=wS2;-1,0=wS1;0,-1=wG3;0,0=wG1;0,1=bG3;1,0=wB1;2,0=wB2;3,-1=bA3;3,0=wQ;3,1=bA1;4,0=bA2;5,0=bG2
88	76	-0.379949	adjudicated	G1|w|76|38|38|-4,-3=wA2;-4,-2=wA1;-4,-1=bG1;-4,0=bS2;-3,-4=wA3;-3,-1=bB2;-3,0=bG2;-2,-5=bQ;-2,-1=bS1;-2,0=wG2,bB1;-2,1=wG3;-1,-6=wS2;-1,0=wS1;0,0=wG1;0,1=bG3;1,0=wB1;2,0=wB2;3,-1=bA3;3,0=wQ;3,1=bA1;4,0=bA2
88	78	-0.379949	adjudicated	G1|w|78|39|39|-4,-3=wA2;-4,-2=wA1;-4,-1=bG1;-4,0=bS2;-3,-4=wA3;-3,0=bG2;-2,-5=bQ;-2,-2=wG3,bB2;-2,-1=bS1;-2,0=wG2,bB1;-1,-6=wS2;-1,0=wS1;0,0=wG1;0,1=bG3;1,0=wB1;2,0=wB2;3,-1=bA3;3,0=wQ;3,1=bA1;4,0=bA2
88	80	-0.379949	adjudicated	G1|w|80|40|40|-4,-3=wA2;-4,-2=wA1;-4,-1=bG1;-4,0=bS2;-3,-4=wA3;-3,-3=wS2;-3,0=bG2;-2,-5=bQ;-2,-2=wG3,bB2;-2,-1=bS1;-2,0=wG2,bB1;-1,0=wS1;0,0=wG1;1,0=wB1;2,-1=bG3;2,0=wB2;3,-1=bA3;3,0=wQ;3,1=bA1;4,0=bA2
88	82	-0.379949	adjudicated	G1|w|82|41|41|-4,-2=wA1;-4,-1=bG1;-4,0=bS2;-3,-4=wA3;-3,-3=wS2;-3,0=bG2;-2,-5=bQ;-2,-2=wG3,bB2;-2,-1=bS1;-2,0=wG2,bB1;-1,-6=wA2;-1,0=wS1;0,0=wG1;1,0=wB1;2,0=wB2;2,1=bG3;3,-1=bA3;3,0=wQ;3,1=bA1;4,0=bA2
88	84	-0.379949	adjudicated	G1|w|84|42|42|-4,-2=wA1;-4,-1=bG1;-4,0=bS2;-3,-4=wA3;-3,-3=wS2;-3,0=bG2;-2,-6=wA2;-2,-5=bQ;-2,-2=wG3;-2,-1=bS1;-2,0=wG2,bB1;-1,-2=bB2;-1,0=wS1;0,0=wG1;1,0=wB1;2,0=wB2;2,1=bG3;3,-1=bA3;3,0=wQ;3,1=bA1;4,0=bA2
88	86	-0.379949	adjudicated	G1|w|86|43|43|-4,-2=wA1;-4,-1=bG1;-4,0=bS2;-3,-4=wA3;-3,-3=wS2;-3,0=bG2;-2,-6=wA2;-2,-5=bQ;-2,-1=bS1;-2,0=wG2,bB1;-1,-2=bB2;-1,0=wS1;0,-2=wG3;0,0=wG1;1,0=wB1;2,0=wB2;2,1=bG3;3,-1=bA3;3,0=wQ;3,1=bA1;4,-1=bA2
88	88	-0.379949	adjudicated	G1|w|88|44|44|-4,-2=wA1;-4,-1=bG1;-4,0=bS2;-3,-5=wA2;-3,-4=wA3;-3,-3=wS2;-3,0=bG2;-2,-5=bQ;-2,-1=bS1;-2,0=wG2,bB1;-1,-3=bA1;-1,-2=bB2;-1,0=wS1;0,-2=wG3;0,0=wG1;1,0=wB1;2,0=wB2;2,1=bG3;3,-1=bA3;3,0=wQ;4,-1=bA2
88	90	-0.379949	adjudicated	G1|w|90|45|45|-4,-2=wA1;-4,-1=bG1;-4,0=bS2;-3,-5=wA2;-3,-4=wA3;-3,-3=wS2;-3,0=bG2;-2,-5=bQ;-2,-1=bS1;-2,0=wG2,bB1;-1,-3=bA1;-1,-2=bB2;-1,0=wS1;0,-2=wG3;0,0=wG1;1,0=wB1;2,0=wB2;2,1=bG3;3,-1=bA3;3,1=wQ;4,1=bA2
88	92	-0.379949	adjudicated	G1|w|92|46|46|-4,-2=wA1;-4,-1=bG1;-4,0=bS2;-3,-4=wA3;-3,-3=wS2;-3,0=bG2;-2,-5=bQ;-2,-1=bS1;-2,0=wG2,bB1;-1,-5=wA2;-1,-3=bA1;-1,-2=bB2;-1,0=wS1;0,-2=wG3;0,0=wG1;1,0=wB1;2,0=wB2;2,1=bG3;3,0=bA3;3,1=wQ;4,1=bA2
88	94	-0.379949	adjudicated	G1|w|94|47|47|-5,-2=bA3;-4,-2=wA1;-4,-1=bG1;-4,0=bS2;-3,-4=wA3;-3,-3=wS2;-3,0=bG2;-2,-5=bQ;-2,-1=bS1;-2,0=wG2,bB1;-1,-3=bA1;-1,-2=bB2;-1,0=wS1;0,-2=wG3;0,0=wG1;1,0=wB1;2,0=wB2;2,1=bG3;3,1=wQ;4,1=bA2;5,1=wA2
88	96	-0.379949	adjudicated	G1|w|96|48|48|-5,-2=bA3;-4,-2=wA1;-4,-1=bG1;-4,0=bS2;-3,-5=wA2;-3,-4=wA3;-3,-3=wS2;-3,0=bG2;-2,-5=bQ;-2,-1=bS1;-2,0=wG2,bB1;-1,-2=bB2;-1,0=wS1;0,-2=wG3;0,0=wG1;1,0=wB1;2,0=wB2;2,1=bG3;3,1=wQ;4,0=bA1;4,1=bA2
89	0	0.000000	adjudicated	G1|w|0|0|0|
89	7	0.000000	adjudicated	G1|b|7|4|3|-1,0=wS2;0,0=wS1;0,1=wQ;1,-1=bS1;2,-2=bG1;2,-1=bA1
89	9	0.000000	adjudicated	G1|b|9|5|4|-1,-1=wB1;-1,0=wS2;0,0=wS1;0,1=wQ;1,-1=bS1;2,-2=bG1;2,-1=bA1;2,0=bQ
89	11	0.000000	adjudicated	G1|b|11|6|5|-1,-1=wB1;-1,0=wS2;-1,1=bG1;-1,2=wQ;0,0=wS1;1,-1=bS1;2,-1=bA1;2,0=bQ
89	13	0.000000	adjudicated	G1|b|13|7|6|-2,-1=wB2;-1,-1=wB1;-1,0=wS2;-1,1=bG1;-1,2=wQ;0,0=wS1;1,-1=bS1;2,-1=bA1;2,0=bQ;3,-1=bS2
89	15	0.000000	adjudicated	G1|b|15|8|7|-3,0=wG1;-2,-1=wB2;-1,-1=wB1;-1,0=wS2;-1,1=bG1;-1,2=wQ;0,0=wS1;1,-1=bS1;2,-1=bA1;3,-1=bS2;3,0=bQ
89	17	0.000000	adjudicated	G1|b|17|9|8|-3,0=wG1;-3,1=wA1;-2,-1=wB2;-1,-1=wB1;-1,0=wS2;-1,1=bG1;-1,2=wQ;0,0=wS1;1,-1=bS1;2,-1=bA1;3,-1=bS2;3,0=bQ;4,-2=bG2
89	19	0.000000	adjudicated	G1|b|19|10|9|-3,0=wG1;-2,-1=wB2;-1,-1=wB1;-1,0=wS2;-1,1=bG1;-1,2=wQ;0,0=wS1;1,-1=bS1;2,-1=bA1;2,1=wA1;3,-1=bS2;3,0=bQ;4,-2=bG2;5,-3=bG3
89	21	0.000000	adjudicated	G1|b|21|11|10|-3,0=wG1;-3,1=wA2;-2,-1=wB2;-1,-1=wB1;-1,0=wS2;-1,1=bG1;-1,2=wQ;0,0=wS1;1,-1=bS1;2,-1=bA1;2,1=wA1;3,-1=bS2;3,0=bQ;4,-2=bG2;5,-3=bG3;5,-2=bB1
89	23	0.000000	adjudicated	G1|b|23|12|11|-3,0=wG1;-3,1=wA2;-2,-1=wB2;-2,2=wA1;-1,-1=wB1;-1,0=wS2;-1,1=bG1;-1,2=wQ;0,0=wS1;1,-2=bA2;1,-1=bS1;2,-1=bA1;3,-1=bS2;3,0=bQ;4,-2=bG2;5,-3=bG3;5,-2=bB1
89	25	0.000000	adjudicated	G1|b|25|13|12|-3,0=wG1;-3,1=wA2;-2,-1=wB2;-1,-1=wB1;-1,0=wS2;-1,1=bG1;-1,2=wQ;-1,3=bA2;0,0=wS1;1,-1=bS1;2,-1=bA1;2,1=wA1;3,-1=bS2;3,0=bQ;4,-2=bG2;5,-3=bG3;5,-2=bB1
89	27	0.000000	adjudicated	G1|b|27|14|13|-3,0=wG1;-2,-1=wB2;-1,-1=wB1;-1,0=wS2;-1,1=bG1;-1,2=wQ;-1,3=bA2;0,0=wS1;1,-1=bS1;2,-2=bB2;2,-1=bA1;2,0=wA2;2,1=wA1;3,-1=bS2;3,0=bQ;4,-2=bG2;5,-3=bG3;5,-2=bB1
89	29	0.000000	adjudicated	G1|b|29|15|14|-2,-1=wB2;-1,-2=wG1;-1,-1=wB1;-1,0=wS2;-1,1=bG1;-1,2=wQ;-1,3=bA2;0,0=wS1;1,-1=bS1;2,-2=bB2;2,-1=bA1;2,0=wA2;2,1=wA1;3,-1=bS2;3,1=bQ;4,-2=bG2;5,-3=bG3;5,-2=bB1
89	31	0.000000	adjudicated	G1|b|31|16|15|-2,-1=wB2;-1,-2=wG1;-1,-1=wB1;-1,0=wS2;-1,1=bG1;0,0=wS1;0,1=bA2;0,2=wQ;1,-1=bS1;2,-2=bB2;2,-1=bA1;2,0=wA2;2,1=wA1;3,-1=bS2;3,1=bQ;4,-2=bG2;5,-3=bG3;5,-2=bB1
89	33	0.000000	adjudicated	G1|b|33|17|16|-2,-1=wB2;-1,-2=wG1;-1,-1=wB1;-1,0=wS2;-1,1=bG1;0,-2=wA3;0,0=wS1;0,1=bA2;0,2=wQ;1,-1=bS1;1,1=bG3;2,-2=bB2;2,-1=bA1;2,0=wA2;2,1=wA1;3,-1=bS2;3,1=bQ;4,-2=bG2;5,-2=bB1
89	35	0.000000	adjudicated	G1|b|35|18|17|-2,-2=wG2;-2,-1=wB2;-1,-2=wG1;-1,-1=wB1;-1,0=wS2;-1,1=bG1;0,-2=wA3;0,0=wS1;0,1=bA2;0,2=wQ;1,-3=bS1;1,1=bG3;2,-2=bB2;2,-1=bA1;2,0=wA2;2,1=wA1;3,-1=bS2;3,1=bQ;4,-2=bG2;5,-2=bB1
89	37	0.000000	adjudicated	G1|b|37|19|18|-2,-2=wG2;-2,-1=wB2;-1,-2=wG1;-1,-1=wB1;-1,0=wS2;-1,1=bG1;0,0=wS1;0,1=bA2;0,2=wQ;1,-1=bS1;1,1=bG3;2,-2=bB2;2,-1=bA1;2,0=wA2;2,1=wA1;3,-1=bS2;3,1=bQ;3,2=wA3;4,-2=bG2;5,-2=bB1
89	39	0.000000	adjudicated	G1|b|39|20|19|-2,-2=wG2;-2,-1=wB2;-1,-2=wG1;-1,-1=wB1;-1,0=wS2;-1,1=bG1;-1,3=wA3;0,0=wS1;0,1=bA2;0,2=wQ;1,-1=bS1;1,1=bG3;2,-2=bB2;2,-1=bA1;2,0=wA2;2,1=wA1;3,-1=bS2;3,1=bQ;4,-2=bG2;5,-3=bA3;5,-2=bB1
89	41	0.000000	adjudicated	G1|b|41|21|20|-2,-2=wG2;-2,-1=wB2;-1,-2=wG1;-1,-1=wB1;-1,0=wS2;-1,1=bG1;0,0=wS1;0,1=bA2;0,2=wQ;1,-1=bS1;1,1=bG3;1,2=bA3;2,-2=bB2;2,-1=bA1;2,0=wA2;2,1=wA1;3,-1=bS2;3,0=wA3;3,1=bQ;4,-2=bG2;5,-2=bB1
89	43	0.000000	adjudicated	G1|b|43|22|21|-2,-2=wG2;-2,-1=wB2;-1,-2=wG1;-1,-1=wB1;-1,0=wS2;-1,1=bG1;0,0=wS1;0,1=bA2;0,3=wQ;1,-1=bS1;1,1=bG3;1,2=bA3;2,-2=bB2;2,-1=bA1;2,0=wA2;2,1=wA1;3,-1=bS2;3,0=wA3;4,-2=bG2;4,0=bQ;5,-2=bB1
89	45	0.000000	adjudicated	G1|b|45|23|22|-2,-2=wG2;-2,-1=wB2;-1,-2=wG1;-1,-1=wB1;-1,0=wS2;-1,1=bG1;-1,3=bA2;0,0=wS1;0,3=wQ;1,-1=bS1;1,1=bG3;1,2=bA3;2,-2=bB2;2,-1=bA1;2,0=wA2;3,-1=bS2;3,0=wA3;4,-2=bG2;4,0=bQ;5,-2=bB1;5,0=wA1
89	47	0.000000	adjudicated	G1|b|47|24|23|-2,-2=wG2;-2,-1=wB2;-1,-2=wG1;-1,-1=wB1;-1,0=wS2;-1,1=bG1;-1,3=wQ;0,0=wS1;0,2=bA2;1,-1=bS1;1,1=bG3;1,2=bA3;2,-2=bB2;2,-1=bA1;2,0=wA2;3,-1=bS2;3,0=wA3;4,-2=bG2;4,0=bQ;5,-2=bB1;5,0=wA1
89	49	0.000000	adjudicated	G1|b|49|25|24|-2,-2=wG2,wB2;-1,-2=wG1;-1,-1=wB1;-1,0=wS2;-1,1=bG1;-1,3=wQ;-1,4=bA3;0,0=wS1;0,2=bA2;1,-1=bS1;1,1=bG3;2,-2=bB2;2,-1=bA1;2,0=wA2;3,-1=bS2;3,0=wA3;4,-2=bG2;4,0=bQ;5,-2=bB1;5,0=wA1
89	51	0.000000	adjudicated	G1|b|51|26|25|-2,-2=wG2,wB2;-1,-3=bA3;-1,-2=wG1;-1,-1=wB1;-1,0=wS2;-1,1=bG1;0,0=wS1;0,2=bA2;0,3=wQ;1,-1=bS1;1,1=bG3;2,-2=bB2;2,-1=bA1;2,0=wA2;3,-1=bS2;3,0=wA3;4,-2=bG2;4,0=bQ;5,-2=bB1;5,0=wA1
89	53	0.000000	adjudicated	G1|b|53|27|26|-2,-2=wG2,wB2;-2,0=wG3;-1,-2=wG1;-1,-1=wB1;-1,0=wS2;-1,1=bG1;0,0=wS1;0,2=bA2;0,3=wQ;0,4=bA3;1,-1=bS1;1,1=bG3;2,-2=bB2;2,-1=bA1;2,0=wA2;3,-1=bS2;3,0=wA3;4,-2=bG2;4,0=bQ;5,-2=bB1;5,0=wA1
89	55	0.000000	adjudicated	G1|b|55|28|27|-2,-2=wG2,wB2;-1,-2=wG1;-1,-1=wB1;-1,0=wS2;-1,1=bG1;0,-2=wG3;0,0=wS1;0,2=bA2;0,3=wQ;0,4=bA3;1,-2=bB2;1,-1=bS1;1,1=bG3;2,-1=bA1;2,0=wA2;3,-1=bS2;3,0=wA3;4,-2=bG2;4,0=bQ;5,-2=bB1;5,0=wA1
89	57	0.000000	adjudicated	G1|b|57|29|28|-2,-2=wG2,wB2;-1,-2=wG1;-1,-1=wB1;-1,0=wS2;0,-2=wG3;0,0=wS1;0,2=bA2;0,3=wQ;0,4=bA3;1,-2=bB2;1,-1=bS1;1,1=bG3;2,-2=bG1;2,-1=bA1;2,0=wA2;3,-1=bS2;3,0=wA3;3,1=wA1;4,-2=bG2;4,0=bQ;5,-2=bB1
89	59	0.000000	adjudicated	G1|b|59|30|29|-2,-2=wG2,wB2;-2,0=wB1;-1,-2=wG1;-1,0=wS2;0,-2=wG3;0,0=wS1;0,2=bA2;0,3=wQ;0,4=bA3;1,-2=bB2;1,-1=bS1;1,1=bG3;2,-2=bG1;2,-1=bA1;2,0=wA2;3,-1=bS2;3,0=wA3;3,1=wA1;4,-2=bG2;4,1=bQ;5,-2=bB1
89	61	0.000000	adjudicated	G1|b|61|31|30|-2,-2=wG2,wB2;-2,1=wB1;-1,-2=wG1;-1,0=wS2;-1,3=bA3;0,-2=wG3;0,0=wS1;0,2=bA2;0,3=wQ;1,-2=bB2;1,-1=bS1;1,1=bG3;2,-2=bG1;2,-1=bA1;2,0=wA2;3,-1=bS2;3,0=wA3;3,1=wA1;4,-2=bG2;4,1=bQ;5,-2=bB1
89	63	0.000000	adjudicated	G1|b|63|32|31|-2,-2=wG2;-2,1=wB1;-1,-2=wG1,wB2;-1,0=wS2;-1,1=bG1;-1,3=bA3;0,-2=wG3;0,0=wS1;0,2=bA2;0,3=wQ;1,-2=bB2;1,-1=bS1;1,1=bG3;2,-1=bA1;2,0=wA2;3,-1=bS2;3,0=wA3;3,1=wA1;4,-2=bG2;4,1=bQ;5,-2=bB1
89	65	0.000000	adjudicated	G1|b|65|33|32|-2,-2=wG2;-2,0=wB1;-1,-2=wG1,wB2;-1,0=wS2;-1,1=bG1;0,-2=wG3;0,0=wS1;0,2=bA2;0,3=wQ;1,-2=bB2;1,-1=bS1;1,1=bG3;1,3=bA3;2,-1=bA1;2,0=wA2;3,-1=bS2;3,0=wA3;3,1=wA1;4,-2=bG2;4,1=bQ;5,-2=bB1
89	67	0.000000	adjudicated	G1|b|67|34|33|-2,-2=wG2;-1,-2=wG1,wB2;-1,0=wS2,wB1;-1,1=bG1;0,-2=wG3;0,0=wS1;0,2=bA2;0,3=wQ;1,-2=bB2;1,-1=bS1;1,1=bG3;1,2=bA3;2,-1=bA1;2,0=wA2;3,-1=bS2;3,0=wA3;3,1=wA1;4,-2=bG2;4,1=bQ;5,-2=bB1
89	69	0.000000	adjudicated	G1|b|69|35|34|-2,-2=wG2;-1,-2=wG1,wB2;-1,0=wS2,wB1;-1,1=bG1;0,-2=wG3;0,0=wS1;0,2=bA2;1,-2=bB2;1,-1=bS1;1,1=bG3;1,2=bA3;1,3=wQ;2,-1=bA1;2,0=wA2;3,-1=bS2;3,0=wA3;3,1=wA1;4,-2=bG2,bB1;4,1=bQ
89	71	0.000000	adjudicated	G1|b|71|36|35|-1,-2=wG1,wB2;-1,0=wS2,wB1;-1,1=bG1;0,-2=wG3;0,0=wS1;1,-2=bB2;1,-1=bS1;1,1=bG3;1,2=bA3;1,3=wQ;2,-2=wG2;2,-1=bA1;2,0=wA2;3,-1=bS2;3,0=wA3;3,1=wA1;4,-3=bA2;4,-2=bG2,bB1;4,1=bQ
89	73	0.000000	adjudicated	G1|b|73|37|36|-2,1=wB1;-1,-2=wG1,wB2;-1,0=wS2;-1,1=bG1;0,-2=wG3;0,0=wS1;0,1=bA2;1,-2=bB2;1,-1=bS1;1,1=bG3;1,2=bA3;1,3=wQ;2,-2=wG2;2,-1=bA1;2,0=wA2;3,-1=bS2;3,0=wA3;3,1=wA1;4,-2=bG2,bB1;4,1=bQ
89	75	0.000000	adjudicated	G1|b|75|38|37|-2,-1=wB2;-2,1=wB1;-1,-2=wG1;-1,0=wS2;-1,1=bG1;0,-2=wG3;0,0=wS1;0,2=bA2;1,-2=bB2;1,-1=bS1;1,1=bG3;1,2=bA3;1,3=wQ;2,-2=wG2;2,-1=bA1;2,0=wA2;3,-1=bS2;3,0=wA3;3,1=wA1;4,-2=bG2,bB1;4,1=bQ
89	77	0.000000	adjudicated	G1|b|77|39|38|-3,-1=bA2;-2,-1=wB2;-2,0=wB1;-1,-2=wG1;-1,0=wS2;-1,1=bG1;0,-2=wG3;0,0=wS1;1,-2=bB2;1,-1=bS1;1,1=bG3;1,2=bA3;1,3=wQ;2,-2=wG2;2,-1=bA1;2,0=wA2;3,-1=bS2;3,0=wA3;3,1=wA1;4,-2=bG2,bB1;4,1=bQ
89	79	0.000000	adjudicated	G1|b|79|40|39|-2,-1=wB2;-2,0=wB1;-1,-2=wG1;-1,0=wS2;-1,1=bG1;0,-2=wG3;0,0=wS1;0,3=bA2;0,4=wQ;1,-2=bB2;1,-1=bS1;1,1=bG3;1,2=bA3;2,-2=wG2;2,-1=bA1;2,0=wA2;3,-1=bS2;3,0=wA3;3,1=wA1;4,-2=bG2,bB1;4,1=bQ
89	81	0.000000	adjudicated	G1|b|81|41|40|-2,-1=wB2;-2,0=wB1;-1,0=wS2;0,-2=wG3;0,0=wS1;0,3=bA2;0,4=wQ;1,-2=bB2;1,-1=bS1;1,1=bG3;1,2=bA3;2,-2=wG2;2,-1=bA1;2,0=wA2;3,-3=bG1;3,-2=wG1;3,-1=bS2;3,0=wA3;3,1=wA1;4,-2=bG2,bB1;4,1=bQ
89	83	0.000000	adjudicated	G1|b|83|42|41|-2,-1=wB2;-2,0=wB1;-1,0=wS2;0,-2=wG3;0,0=wS1;0,3=bA2;0,4=wQ;1,-2=bB2;1,-1=bS1;1,1=bG3;1,2=bA3;2,-2=wG2;2,-1=bA1;2,0=wA2;3,-3=bG1;3,-1=bS2;3,0=wA3;3,1=wA1;3,2=wG1;4,-2=bG2;4,1=bQ;5,-3=bB1
89	85	0.000000	adjudicated	G1|b|85|43|42|-2,-1=wB2;-2,0=wB1;-1,0=wS2;-1,4=wQ;0,-2=wG3;0,0=wS1;0,3=bA2;1,-2=bB2;1,-1=bS1;1,1=bG3;1,2=bA3;2,-2=wG2;2,-1=bA1;2,0=wA2;3,-3=bG1;3,-1=bS2;3,0=wA3;3,1=wA1;3,2=wG1;4,-2=bG2;4,2=bQ;5,-3=bB1
89	87	0.000000	adjudicated	G1|b|87|44|43|-2,0=wB1;-1,-1=wB2;-1,0=wS2;-1,4=wQ;0,-2=wG3;0,0=wS1;0,3=bA2;1,-2=bB2;1,-1=bS1;1,1=bG3;1,2=bA3;2,-2=wG2;2,-1=bA1;2,0=wA2;3,-3=bG1;3,-1=bS2;3,0=wA3;3,1=wA1;3,2=wG1;4,-2=bG2,bB1;4,2=bQ
89	89	0.000000	adjudicated	G1|b|89|45|44|-2,1=wB1;-1,-1=wB2;-1,0=wS2;-1,4=wQ;0,-2=wG3;0,0=wS1;0,3=bA2;1,-3=bB2;1,-1=bS1;1,1=bG3;1,2=bA3;2,-2=wG2;2,-1=bA1;2,0=wA2;3,-3=bG1;3,-1=bS2;3,0=wA3;3,1=wA1;3,2=wG1;4,-2=bG2,bB1;4,2=bQ
89	91	0.000000	adjudicated	G1|b|91|46|45|-2,1=wB1;-1,-1=wB2;-1,0=wS2;-1,4=wQ;0,-2=wG3;0,0=wS1;0,3=bA2;1,-3=bB2;1,-1=bS1;1,1=bG3;1,2=bA3;2,-1=bA1;2,0=wA2;3,-3=bG1;3,-2=bB1;3,-1=bS2;3,0=wA3;3,1=wA1;3,2=wG1;4,-4=wG2;4,-2=bG2;4,2=bQ
89	93	0.000000	adjudicated	G1|b|93|47|46|-2,1=wB1;-1,-1=wB2;-1,0=wS2;-1,4=wQ;0,-2=wG3;0,0=wS1;0,3=bA2;1,-3=bB2;1,-1=bS1;1,1=bG3;1,2=bA3;2,-2=wG2;2,-1=bA1;2,0=wA2;3,-3=bG1;3,-2=bB1;3,-1=bS2;3,0=wA3;3,1=wA1;3,2=wG1;3,3=bQ;4,-2=bG2
89	95	0.000000	adjudicated	G1|b|95|48|47|-2,1=wB1;-1,-1=wB2;-1,0=wS2;0,-2=wG3;0,0=wS1;0,3=bA2;0,4=wQ;1,-3=bB2;1,-1=bS1;1,1=bG3;1,2=bA3;2,-2=wG2;2,-1=bA1;2,0=wA2;3,-3=bG1;3,-2=bB1;3,-1=bS2;3,0=wA3;3,1=wA1;3,2=wG1;4,-2=bG2;4,2=bQ
90	0	-0.664037	adjudicated	G1|w|0|0|0|
90	6	-0.664037	adjudicated	G1|w|6|3|3|-3,3=bS2;-2,2=bS1;-1,1=bB1;0,0=wG1;1,0=wG2;2,-1=wG3
90	8	-0.664037	adjudicated	G1|w|8|4|4|-4,4=bQ;-3,3=bS2;-2,2=bS1;-1,1=bB1;0,0=wG1;1,0=wG2;2,-1=wG3;3,-1=wQ
90	10	-0.664037	adjudicated	G1|w|10|5|5|-4,4=bQ;-3,3=bS2;-2,1=bA1;-2,2=bS1;-1,1=bB1;0,0=wG1;1,0=wG2;2,-2=wB1;2,-1=wG3;3,-1=wQ
90	12	-0.664037	adjudicated	G1|w|12|6|6|-4,3=bA2;-4,4=bQ;-3,3=bS2;-2,1=bA1;-2,2=bS1;-1,1=bB1;0,0=wG1;1,-2=wA1;1,0=wG2;2,-2=wB1;2,-1=wG3;3,-1=wQ
90	14	-0.664037	adjudicated	G1|w|14|7|7|-4,4=bQ;-3,3=bS2;-2,1=bA1;-2,2=bS1;-1,1=bB1;0,0=wG1;1,-2=wA1;1,0=wG2;2,-2=wB1;2,-1=wG3;3,-1=wQ;4,-2=bA2;4,-1=wS1
90	16	-0.664037	adjudicated	G1|w|16|8|8|-5,4=wA1;-4,4=bQ;-3,3=bS2;-2,2=bS1;-1,1=bB1;0,0=wG1;1,0=wG2;2,-2=wB1;2,-1=wG3;3,-2=bA1;3,-1=wQ;4,-2=bA2;4,-1=wS1
90	18	-0.664037	adjudicated	G1|w|18|9|9|-5,4=wA1;-4,4=bQ;-3,3=bS2;-2,2=bS1;-2,3=bA3;-1,1=bB1;0,0=wG1;1,0=wG2;2,-2=wB1;2,-1=wG3;3,-2=bA1;3,0=wQ;4,-2=bA2;4,-1=wS1
90	20	-0.664037	adjudicated	G1|w|20|10|10|-4,4=bQ;-3,3=bS2;-3,4=wA1;-2,2=bS1;-1,1=bB1;0,0=wG1;1,0=wG2;2,-2=wB1;2,-1=wG3;3,-2=bA1;3,0=wQ;3,1=bA3;4,-2=bA2;4,-1=wS1
90	22	-0.664037	adjudicated	G1|w|22|11|11|-4,4=bQ;-4,5=bG1;-3,3=bS2;-2,2=bS1;-1,1=bB1;0,0=wG1;1,0=wG2;2,-2=wB1;2,-1=wG3;3,-2=bA1;3,0=wQ;3,1=bA3;4,-2=bA2;4,-1=wS1;4,1=wA1
90	24	-0.664037	adjudicated	G1|w|24|12|12|-5,4=wA1;-4,4=bQ;-4,5=bG1;-3,3=bS2;-2,2=bS1;-1,1=bB1;-1,2=bG2;0,0=wG1;1,0=wG2;2,-2=wB1;2,-1=wG3;3,-2=bA1;3,0=wQ;3,1=bA3;4,-2=bA2;4,-1=wS1
90	26	-0.664037	adjudicated	G1|w|26|13|13|-5,4=wA1;-5,6=bB2;-4,4=bQ;-4,5=bG1;-3,3=bS2;-2,2=bS1;-1,1=bB1;-1,2=bG2;0,0=wG1;1,0=wG2;1,1=wA2;2,-2=wB1;2,-1=wG3;3,-2=bA1;3,0=wQ;3,1=bA3;4,-2=bA2;4,-1=wS1
90	28	-0.664037	adjudicated	G1|w|28|14|14|-6,5=bG1;-5,4=wA1;-5,5=wA2;-5,6=bB2;-4,4=bQ;-3,3=bS2;-2,2=bS1;-1,1=bB1;-1,2=bG2;0,0=wG1;1,0=wG2;2,-2=wB1;2,-1=wG3;3,-2=bA1;3,0=wQ;3,1=bA3;4,-2=bA2;4,-1=wS1
90	30	-0.664037	adjudicated	G1|w|30|15|15|-7,5=bG3;-6,5=bG1;-5,5=wA2;-5,6=bB2;-4,4=bQ;-4,5=wA1;-3,3=bS2;-2,2=bS1;-1,1=bB1;-1,2=bG2;0,0=wG1;1,0=wG2;2,-2=wB1;2,-1=wG3;3,-2=bA1;3,0=wQ;3,1=bA3;4,-2=bA2;4,-1=wS1
90	32	-0.664037	adjudicated	G1|w|32|16|16|-7,5=bG3;-6,5=bG1;-5,5=wA2;-5,6=bB2;-4,4=bQ;-4,5=wA1;-3,3=bS2;-3,4=bA3;-2,2=bS1;-1,1=bB1;-1,2=bG2;0,-1=wA3;0,0=wG1;1,0=wG2;2,-2=wB1;2,-1=wG3;3,-2=bA1;3,0=wQ;4,-2=bA2;4,-1=wS1
90	34	-0.664037	adjudicated	G1|w|34|17|17|-7,5=bG3;-6,5=bG1;-5,4=wA3;-5,5=wA2;-5,6=bB2;-4,4=bQ;-4,5=wA1;-3,3=bS2;-2,2=bS1;-1,1=bB1;-1,2=bG2;0,0=wG1;1,0=wG2;2,-2=wB1;2,-1=wG3;3,-2=bA1;3,0=wQ;4,-2=bA2;4,-1=wS1;4,0=bA3
90	36	-0.664037	adjudicated	G1|w|36|18|18|-7,5=bG3;-6,5=bG1;-5,4=wA3;-5,5=wA2;-4,4=bQ;-4,5=wA1,bB2;-3,3=bS2;-2,2=bS1;-1,1=bB1;-1,2=bG2;0,0=wG1;1,0=wG2;2,-2=wB1;2,-1=wG3;3,-2=bA1;3,1=wQ;4,-2=bA2;4,-1=wS1;4,0=bA3
90	38	-0.664037	adjudicated	G1|w|38|19|19|-6,5=bG1;-5,5=wA2;-4,4=bQ;-4,5=wA1,bB2;-3,3=bS2;-3,5=bG3;-2,2=bS1;-1,1=bB1;-1,2=bG2;0,0=wG1;1,0=wG2;2,-2=wB1;2,-1=wG3;3,-3=wA3;3,-2=bA1;3,1=wQ;4,-2=bA2;4,-1=wS1;4,0=bA3
90	40	-0.664037	adjudicated	G1|w|40|20|20|-6,5=bG1;-5,5=wA2;-4,3=bQ;-4,5=wA1,bB2;-3,3=bS2;-3,4=wA3;-3,5=bG3;-2,2=bS1;-1,1=bB1;-1,2=bG2;0,0=wG1;1,0=wG2;2,-2=wB1;2,-1=wG3;3,-2=bA1;3,1=wQ;4,-2=bA2;4,-1=wS1;4,0=bA3
90	42	-0.664037	adjudicated	G1|w|42|21|21|-7,5=bG3;-6,5=bG1;-5,5=wA2;-4,3=bQ;-4,5=wA1,bB2;-3,3=bS2;-3,4=wA3;-2,2=bS1;-1,1=bB1;-1,2=bG2;0,0=wG1;1,0=wG2;2,-2=wB1;2,-1=wG3;2,0=wB2;3,-2=bA1;3,1=wQ;4,-2=bA2;4,-1=wS1;4,0=bA3
90	44	-0.664037	adjudicated	G1|w|44|22|22|-6,5=bG1;-5,5=wA2;-4,3=bQ;-4,5=wA1,bB2;-3,3=bS2;-3,4=wA3;-3,5=bG3;-2,2=bS1;-1,1=bB1;-1,2=bG2;0,0=wG1;1,-2=wS2;1,0=wG2;2,-2=wB1;2,-1=wG3;2,0=wB2;3,-2=bA1;3,1=wQ;4,-2=bA2;4,-1=wS1;4,0=bA3
90	46	-0.664037	adjudicated	G1|w|46|23|23|-6,5=bG1;-5,5=wA2;-4,3=bQ;-4,5=wA1,bB2;-3,3=bS2;-3,4=wA3;-3,5=bG3;-2,2=bS1;-1,1=bB1;-1,2=bG2;0,0=wG1;1,-2=wS2;1,0=wG2;2,-2=wB1;2,-1=wG3;2,2=bA2;3,-2=bA1;3,-1=wB2;3,1=wQ;4,-1=wS1;4,0=bA3
90	48	-0.664037	adjudicated	G1|w|48|24|24|-6,5=bG1;-5,5=wA2;-4,3=bQ;-4,5=wA1,bB2;-3,3=bS2;-3,4=wA3;-3,5=bG3;-2,2=bS1;-1,1=bB1;-1,2=bG2;0,0=wG1;1,0=wG2;2,-2=wB1;2,-1=wG3;3,-2=bA1;3,-1=wB2;3,1=wQ;4,-3=wS2;4,-1=wS1;4,0=bA3;4,1=bA2
90	50	-0.664037	adjudicated	G1|w|50|25|25|-6,5=bG1;-5,5=wA2;-4,3=bQ;-4,5=wA1,bB2;-3,3=bS2;-3,4=wA3;-3,5=bG3;-2,2=bS1;-1,1=bB1;-1,2=bG2;0,0=wG1;1,-1=wB1;1,0=wG2;2,-1=wG3;3,-2=bA1;3,-1=wB2;3,1=wQ;4,-3=wS2;4,-1=wS1;4,0=bA3;5,-2=bA2
90	52	-0.664037	adjudicated	G1|w|52|26|26|-6,5=bG1;-5,5=wA2;-4,3=bQ;-4,5=wA1,bB2;-3,3=bS2;-3,4=wA3;-3,5=bG3;-2,2=bS1;-1,1=bB1;-1,2=bG2;0,0=wG1,wB1;1,0=wG2;2,-1=wG3;3,-2=bA1;3,-1=wB2;3,1=wQ;3,2=bA2;4,-3=wS2;4,-1=wS1;4,0=bA3
90	54	-0.664037	adjudicated	G1|w|54|27|27|-6,5=bG1;-5,5=wA2;-4,3=bQ;-4,5=wA1;-4,6=bB2;-3,3=bS2;-3,4=wA3;-3,5=bG3;-2,2=bS1;-1,1=bB1;-1,2=bG2;0,0=wG1;0,1=wB1;1,0=wG2;2,-1=wG3;3,-2=bA1;3,-1=wB2;3,1=wQ;3,2=bA2;4,-3=wS2;4,-1=wS1;4,0=bA3
90	56	-0.664037	adjudicated	G1|w|56|28|28|-6,5=bG1;-5,5=wA2;-4,3=bQ;-4,5=wA1;-4,6=bB2;-3,3=bS2;-3,4=wA3;-3,5=bG3;-2,2=bS1;-1,1=bB1;-1,2=bG2;0,1=wB1;1,0=wG2;2,-2=bA2;2,-1=wG3;2,0=wG1;3,-2=bA1;3,-1=wB2;3,1=wQ;4,-3=wS2;4,-1=wS1;4,0=bA3
90	58	-0.664037	adjudicated	G1|w|58|29|29|-6,5=bG1;-5,5=wA2;-4,3=bQ;-4,5=wA1;-3,3=bS2;-3,4=wA3;-3,5=bG3,bB2;-2,2=bS1;-1,1=bB1;-1,2=bG2;0,1=wB1;1,0=wG2;2,-3=wG1;2,-2=bA2;2,-1=wG3;3,-2=bA1;3,-1=wB2;3,1=wQ;4,-3=wS2;4,-1=wS1;4,0=bA3
90	60	-0.664037	adjudicated	G1|w|60|30|30|-6,5=bG1;-5,5=wA2;-4,3=bQ;-4,5=wA1;-3,3=bS2;-3,4=wA3;-3,5=bG3,bB2;-2,2=bS1;-1,1=bB1;-1,2=bG2;0,1=wB1;1,0=wG2;2,-3=wG1;2,-2=bA2;2,-1=wG3;3,-1=wB2;3,0=bA1;3,1=wQ;4,-1=wS1;4,0=bA3;5,-1=wS2
90	62	-0.664037	adjudicated	G1|w|62|31|31|-6,5=bG1;-5,5=wA2;-4,3=bQ;-4,5=wA1;-3,3=bS2;-3,4=wA3;-3,5=bG3,bB2;-2,2=bS1;-1,1=bB1;-1,2=bG2;0,1=wB1;1,0=wG2;1,2=bA3;2,-3=wG1;2,-2=bA2;2,-1=wG3;2,1=wQ;3,-1=wB2;3,0=bA1;4,-1=wS1;5,-1=wS2
90	64	-0.664037	adjudicated	G1|w|64|32|32|-6,5=bG1;-5,5=wA2;-4,3=bQ;-4,5=wA1;-3,3=bS2;-3,4=wA3;-3,5=bG3,bB2;-2,2=bS1;-1,1=bB1;0,1=wB1;1,0=wG2;1,2=bA3;2,-3=wG1;2,-2=bA2;2,-1=wG3;2,1=wQ;3,-2=wS2;3,-1=wB2;3,0=bA1;4,-3=bG2;4,-1=wS1
90	66	-0.664037	adjudicated	G1|w|66|33|33|-6,5=bG1;-5,5=wA2;-4,3=bQ;-4,5=wA1;-3,3=bS2;-3,4=wA3;-3,5=bG3;-3,6=bB2;-2,2=bS1;-1,1=bB1;0,1=wB1;1,0=wG2;1,2=bA3;2,-3=wG1;2,-2=bA2;2,-1=wG3;2,1=wQ;3,-2=wS2;3,-1=wB2;3,0=bA1;4,-3=bG2;5,-4=wS1
90	68	-0.664037	adjudicated	G1|w|68|34|34|-6,5=bG1;-5,5=wA2;-4,3=bQ;-4,5=wA1;-3,3=bS2;-3,4=wA3;-3,5=bG3,bB2;-2,2=bS1;-1,1=bB1;0,1=wB1;1,0=wG2;1,2=bA3;2,-3=wG1;2,-2=bA2;2,-1=wG3;2,1=wQ;3,-2=wS2;3,-1=wB2;3,0=bA1;4,-3=bG2;4,-1=wS1
90	70	-0.664037	adjudicated	G1|w|70|35|35|-5,5=wA2;-4,3=bQ;-4,5=wA1;-3,3=bS2;-3,4=wA3;-3,5=bG3,bB2;-2,2=bS1;-2,5=bG1;-1,1=bB1;0,1=wB1;1,0=wG2;1,2=bA3;2,-3=wG1;2,-2=bA2;2,-1=wG3;2,1=wQ;3,-2=wS2;3,-1=wB2;3,0=bA1;4,-3=bG2;5,-4=wS1
90	72	-0.664037	adjudicated	G1|w|72|36|36|-4,2=wA2;-4,3=bQ;-4,5=wA1,bB2;-3,3=bS2;-3,4=wA3;-3,5=bG3;-2,2=bS1;-2,5=bG1;-1,1=bB1;0,1=wB1;1,0=wG2;1,2=bA3;2,-3=wG1;2,-2=bA2;2,-1=wG3;2,1=wQ;3,-2=wS2;3,-1=wB2;3,0=bA1;4,-3=bG2;5,-4=wS1
90	74	-0.664037	adjudicated	G1|w|74|37|37|-4,2=wA2;-4,3=bQ;-4,5=wA1,bB2;-3,3=bS2;-3,4=wA3;-3,5=bG3;-2,2=bS1;-2,5=bG1;-1,1=bB1;0,1=wB1;1,0=wG2;2,-3=wG1;2,-2=bA2;2,-1=wG3;2,1=wQ;2,2=bA3;3,-2=wS2;3,-1=wB2;3,0=bA1;4,-3=bG2;4,-1=wS1
90	76	-0.664037	adjudicated	G1|w|76|38|38|-4,3=bQ;-4,5=wA1,bB2;-3,3=bS2;-3,4=wA3;-3,5=bG3;-2,2=bS1;-2,5=bG1;-1,1=bB1;0,1=wB1;1,0=wG2;1,1=bA2;2,-3=wG1;2,-1=wG3;2,1=wQ;2,2=bA3;3,-3=wA2;3,-2=wS2;3,-1=wB2;3,0=bA1;4,-3=bG2;4,-1=wS1
90	78	-0.664037	adjudicated	G1|w|78|39|39|-4,3=bQ;-4,5=wA1;-3,3=bS2;-3,4=wA3;-3,5=bG3,bB2;-2,2=bS1;-2,5=bG1;-1,1=bB1;0,1=wB1;1,0=wG2;1,1=bA2;2,-3=wG1;2,-1=wG3;2,1=wQ;2,2=bA3;3,-3=wA2;3,-2=wS2;3,-1=wB2;3,0=bA1;3,2=wS1;4,-3=bG2
90	80	-0.664037	adjudicated	G1|w|80|40|40|-5,3=wA1;-4,3=bQ;-3,3=bS2;-3,4=wA3;-3,5=bG3,bB2;-2,2=bS1;-2,5=bG1;-1,1=bB1;0,1=wB1;1,0=wG2;1,1=bA2;2,-3=wG1;2,-1=wG3;2,1=wQ;2,2=bA3;3,-3=wA2;3,-2=wS2;3,-1=wB2;3,1=bA1;3,2=wS1;4,-3=bG2
90	82	-0.664037	adjudicated	G1|w|82|41|41|-5,3=wA1;-4,3=bQ;-3,3=bS2;-3,4=wA3;-3,5=bG3,bB2;-2,2=bS1;-2,5=bG1;-1,1=bB1;0,1=wB1;1,-3=bG2;1,0=wG2;1,1=bA2;2,-3=wG1;2,-1=wG3,wB2;2,1=wQ;2,2=bA3;3,-3=wA2;3,-2=wS2;3,1=bA1;3,2=wS1
90	84	-0.664037	adjudicated	G1|w|84|42|42|-4,3=bQ;-3,3=bS2;-3,4=wA3;-3,5=bG3,bB2;-2,2=bS1;-2,5=bG1;-1,2=wA1;0,0=bB1;0,1=wB1;1,-3=bG2;1,0=wG2;1,1=bA2;2,-3=wG1;2,-1=wG3,wB2;2,1=wQ;2,2=bA3;3,-3=wA2;3,-2=wS2;3,1=bA1;3,2=wS1
90	86	-0.664037	adjudicated	G1|w|86|43|43|-4,3=bQ;-3,3=bS2;-3,4=wA3;-3,5=bG3,bB2;-2,2=bS1;-2,5=bG1;-1,2=wA1;0,0=bB1;0,1=wB1;1,-3=bG2;1,0=wG2;1,1=bA2;2,-3=wG1;2,-2=wB2;2,-1=wG3;2,1=wQ;3,-3=wA2;3,-2=wS2;3,-1=bA3;3,1=bA1;3,2=wS1
90	88	-0.664037	adjudicated	G1|w|88|44|44|-4,2=wA2;-4,3=bQ;-3,3=bS2;-3,4=wA3;-3,5=bG3,bB2;-2,2=bS1;-2,5=bG1;-1,2=wA1;-1,5=bA3;0,0=bB1;0,1=wB1;1,-3=bG2;1,0=wG2;1,1=bA2;2,-3=wG1;2,-2=wB2;2,-1=wG3;2,1=wQ;3,-2=wS2;3,1=bA1;3,2=wS1
90	90	-0.664037	adjudicated	G1|w|90|45|45|-4,2=wA2;-4,3=bQ;-3,3=bS2;-3,4=wA3;-3,5=bG3,bB2;-2,2=bS1;-2,5=bG1;-1,2=wA1;0,0=bB1;0,1=wB1;0,2=wS1;1,-3=bG2;1,0=wG2;1,1=bA2;2,-3=wG1;2,-2=wB2;2,-1=wG3;2,0=bA3;2,1=wQ;3,-2=wS2;3,1=bA1
90	92	-0.664037	adjudicated	G1|w|92|46|46|-4,2=bQ;-3,2=wA2;-3,3=bS2;-3,4=wA3;-3,5=bG3,bB2;-2,2=bS1;-2,5=bG1;-1,2=wA1;0,0=bB1;0,1=wB1;0,2=wS1;1,-3=bG2;1,0=wG2;1,1=bA2;2,-3=wG1;2,-2=wB2;2,-1=wG3;2,0=bA3;2,1=wQ;3,-2=wS2;3,1=bA1
90	94	-0.664037	adjudicated	G1|w|94|47|47|-4,2=bQ;-3,2=wA2;-3,3=bS2;-3,4=wA3;-3,5=bG3,bB2;-2,2=bS1;-2,5=bG1;-1,2=wA1;0,0=bB1;0,2=wS1,wB1;1,-3=bG2;1,0=wG2;1,1=bA2;2,-3=wG1;2,-2=wB2;2,-1=wG3;2,1=wQ;3,-4=bA3;3,-2=wS2;3,1=bA1
90	96	-0.664037	adjudicated	G1|w|96|48|48|-4,2=bQ;-3,2=wA2;-3,3=bS2;-3,4=wA3;-3,5=bG3,bB2;-2,2=bS1;-2,5=bG1;-1,2=wA1,wB1;0,0=bB1;0,2=wS1;1,-3=bG2;1,0=wG2;1,1=bA2;2,-3=wG1;2,-2=wB2;2,-1=wG3;2,0=bA3;2,1=wQ;3,-2=wS2;3,1=bA1
91	0	-1.000000	terminal	G1|w|0|0|0|
91	7	-1.000000	terminal	G1|b|7|4|3|-2,0=bB1;-2,1=bS2;-1,0=bS1;0,0=wG1;0,1=wQ;1,-2=wA1;1,-1=wB1
91	9	-1.000000	terminal	G1|b|9|5|4|-3,3=wA1;-2,0=bB1;-2,1=bS2;-2,2=bQ;-1,0=bS1;0,0=wG1;0,1=wQ;1,-1=wB1
91	11	-1.000000	terminal	G1|b|11|6|5|-3,2=wA1;-2,1=bS2;-2,2=bQ;-1,-1=bB1;-1,0=bS1;0,0=wG1;0,1=wQ;1,-1=wB1
91	13	-1.000000	terminal	G1|b|13|7|6|-3,2=wA1;-3,3=bQ;-2,1=bS2;-1,-1=bB1;-1,0=bS1;0,0=wG1;0,1=wQ;1,-2=wG2;1,-1=wB1
91	15	-1.000000	terminal	G1|b|15|8|7|-4,3=wG2;-3,2=wA1;-3,3=bQ;-2,1=bS2;-1,0=bS1;0,-1=bB1;0,0=wG1;0,1=wQ;1,-1=wB1
91	17	-1.000000	terminal	G1|b|17|9|8|-4,3=wG2;-4,4=bQ;-3,2=wA1;-2,1=bS2;-1,0=bS1;0,-1=bB1;0,0=wG1,wB1;0,1=wQ
91	19	-1.000000	terminal	G1|b|19|10|9|-4,2=wG3;-4,3=wG2;-4,4=bQ;-3,2=wA1;-2,1=bS2;-1,-1=bB1;-1,0=bS1;0,0=wG1,wB1;0,1=wQ
91	21	-1.000000	terminal	G1|b|21|11|10|-4,3=wG2;-4,4=bQ;-4,5=wG3;-3,2=wA1;-2,-1=bG1;-2,1=bS2;-1,-1=bB1;-1,0=bS1;0,0=wG1,wB1;0,1=wQ
91	23	-1.000000	terminal	G1|b|23|12|11|-4,3=wG2;-4,4=bQ;-4,5=wG3;-3,2=wA1;-2,-1=bG1;-2,0=bA1;-2,1=bS2;-1,-1=bB1;-1,0=bS1;0,0=wG1;0,1=wQ,wB1
91	25	-1.000000	terminal	G1|b|25|13|12|-4,3=wG2;-4,4=bQ;-4,5=wG3;-3,2=wA1;-2,-1=bG1;-2,1=bS2;-1,-1=bB1;-1,0=bS1;-1,1=bA1;0,0=wG1;0,1=wQ,wB1;1,1=wS1
91	27	-1.000000	terminal	G1|b|27|14|13|-4,3=wG2;-4,4=bQ;-4,5=wG3;-3,-1=bA2;-3,2=wA1;-2,-1=bG1;-2,1=bS2;-1,-1=bB1;-1,0=bS1;-1,1=bA1;0,-1=wS1;0,0=wG1;0,1=wQ,wB1
91	29	-1.000000	terminal	G1|b|29|15|14|-4,3=wG2;-4,4=bQ;-4,5=wG3;-3,2=wA1;-2,-1=bG1;-2,1=bS2;-1,-1=bB1;-1,0=bS1;-1,1=bA1;0,-1=wS1;0,1=wQ,wB1;0,2=bA2;0,3=wG1
91	31	-1.000000	terminal	G1|b|31|16|15|-5,6=wB2;-4,3=wG2;-4,4=bQ;-4,5=wG3;-3,0=bA3;-3,2=wA1;-2,-1=bG1;-2,1=bS2;-1,-1=bB1;-1,0=bS1;-1,1=bA1;0,-1=wS1;0,1=wQ,wB1;0,2=bA2;0,3=wG1
91	33	-1.000000	terminal	G1|b|33|17|16|-5,5=wB2;-4,3=wG2;-4,4=bQ;-4,5=wG3;-3,2=wA1;-2,-1=bG1;-2,1=bS2;-1,-1=bB1;-1,0=bS1;-1,1=bA1;0,-1=wS1;0,1=wQ,wB1;0,2=bA2;0,3=wG1;1,1=bA3
91	35	-1.000000	terminal	G1|b|35|18|17|-5,5=wB2;-4,2=wS2;-4,3=wG2;-4,4=bQ;-4,5=wG3;-3,2=wA1;-2,-1=bG1;-2,1=bS2;-1,-1=bB1;-1,0=bS1;-1,1=bA1;0,-1=wS1;0,0=bA3;0,1=wQ,wB1;0,2=bA2;0,3=wG1
91	37	-1.000000	terminal	G1|b|37|19|18|-5,5=wB2;-4,2=wS2;-4,3=wG2;-4,4=bQ;-4,5=wG3;-3,2=wA1;-2,-2=bG2;-2,-1=bG1;-2,1=bS2;-1,-1=bB1;-1,0=bS1;-1,1=bA1;0,-2=wG1;0,-1=wS1;0,0=bA3;0,1=wQ,wB1;0,2=bA2
91	39	-1.000000	terminal	G1|b|39|20|19|-5,5=wB2;-4,2=wS2;-4,3=wG2;-4,4=bQ;-4,5=wG3;-3,2=wA1;-2,-2=bG2;-2,-1=bG1;-2,1=bS2;-1,-1=bB1;-1,0=bS1;-1,1=bA1;0,-3=wS1;0,-2=wG1;0,0=bA3;0,1=wQ,wB1;0,2=bA2;1,2=bB2
91	41	-1.000000	terminal	G1|b|41|21|20|-5,2=wA2;-5,5=wB2;-4,2=wS2;-4,3=wG2;-4,4=bQ;-4,5=wG3;-3,2=wA1;-2,-2=bG2;-2,-1=bG1;-2,1=bS2;-1,-1=bB1;-1,0=bS1;-1,1=bA1;0,-3=wS1;0,-2=wG1;0,0=bA3;0,1=wQ,wB1;0,2=bA2;1,1=bB2
91	43	-1.000000	terminal	G1|b|43|22|21|-5,5=wB2;-4,2=wS2;-4,3=wG2;-4,4=bQ;-4,5=wG3;-3,2=wA1;-3,3=wA2;-2,-2=bG2;-2,-1=bG1;-2,1=bS2;-1,-1=bB1;-1,0=bS1;-1,1=bA1;-1,3=bG3;0,-3=wS1;0,-2=wG1;0,0=bA3;0,1=wQ,wB1;0,2=bA2;1,1=bB2
91	45	-1.000000	terminal	G1|b|45|23|22|-6,5=wS2;-5,5=wB2;-4,3=wG2;-4,4=bQ;-4,5=wG3;-3,2=wA1;-3,3=wA2;-2,-2=bG2;-2,-1=bG1;-2,1=bS2;-1,-1=bB1;-1,0=bS1;-1,1=bA1;-1,3=bG3;0,-3=wS1;0,-2=wG1;0,0=bA3;0,1=wQ,wB1;0,2=bA2;1,0=bB2
91	47	-1.000000	terminal	G1|b|47|24|23|-6,5=wS2;-5,5=wB2;-4,3=wG2;-4,4=bQ;-4,5=wG3;-3,2=wA1;-3,3=wA2;-3,5=wA3;-2,-2=bG2;-2,-1=bG1;-2,1=bS2;-1,-1=bB1;-1,0=bS1;-1,1=bA1;0,-3=wS1;0,-2=wG1;0,0=bA3;0,1=wQ,wB1;0,2=bA2;1,0=bB2;1,1=bG3
91	49	-1.000000	terminal	G1|b|49|25|24|-6,5=wS2;-5,4=wA3;-5,5=wB2;-4,3=wG2;-4,4=bQ;-4,5=wG3;-3,2=wA1;-3,3=wA2;-2,-2=bG2;-2,-1=bG1;-2,1=bS2;-1,-1=bB1;-1,0=bS1;-1,1=bA1;-1,2=bA3;0,-3=wS1;0,-2=wG1;0,1=wQ,wB1;0,2=bA2;1,0=bB2;1,1=bG3
91	51	-1.000000	terminal	G1|b|51|26|25|-6,5=wS2;-5,4=wA3;-5,5=wB2;-4,3=wG2;-4,4=bQ;-4,5=wG3;-3,2=wA1;-3,3=wA2;-2,-2=bG2;-2,-1=bG1;-2,1=bS2;-1,-1=bB1;-1,0=bS1;-1,1=bA1,wB1;-1,2=bA3;0,-3=wS1;0,-2=wG1;0,0=bA2;0,1=wQ;1,0=bB2;1,1=bG3
91	53	-1.000000	terminal	G1|b|53|27|26|-6,5=wS2;-5,5=wB2;-4,3=wG2;-4,4=bQ;-4,5=wG3;-3,2=wA1;-3,3=wA2;-3,4=wA3;-2,-2=bG2;-2,-1=bG1;-2,1=bS2;-1,-1=bB1;-1,0=bS1;-1,1=bA1,wB1;-1,2=bA3;0,-3=wS1;0,-2=wG1;0,1=wQ;0,2=bA2;1,0=bB2;1,1=bG3
91	55	-1.000000	terminal	G1|b|55|28|27|-5,5=wB2;-4,3=wG2;-4,4=bQ;-4,5=wG3;-4,6=wS2;-3,2=wA1;-3,3=wA2;-3,4=wA3;-2,-2=bG2;-2,-1=bG1;-2,1=bS2;-1,-1=bB1;-1,0=bS1;-1,1=bA1,wB1;-1,2=bA3;0,-3=wS1;0,-2=wG1;0,0=bA2;0,1=wQ;1,0=bB2;1,1=bG3
91	57	-1.000000	terminal	G1|b|57|29|28|-5,4=wA2;-5,5=wB2;-4,3=wG2;-4,4=bQ;-4,5=wG3;-4,6=wS2;-3,2=wA1;-3,4=wA3;-2,-2=bG2;-2,-1=bG1;-2,1=bS2;-1,-1=bB1;-1,0=bS1;-1,1=bA1,wB1;0,-3=wS1;0,-2=wG1;0,0=bA2;0,1=wQ;0,2=bA3;1,0=bB2;1,1=bG3
91	59	-1.000000	terminal	G1|b|59|30|29|-6,5=wS2;-5,4=wA2;-5,5=wB2;-4,3=wG2;-4,4=bQ;-4,5=wG3;-3,2=wA1;-3,4=wA3;-2,-2=bG2;-2,-1=bG1;-2,1=bS2;-1,-1=bB1;-1,0=bS1;-1,1=bA1,wB1;-1,2=bA2;0,-3=wS1;0,-2=wG1;0,1=wQ;0,2=bA3;1,0=bB2;1,1=bG3
91	61	-1.000000	terminal	G1|b|61|31|30|-6,5=wS2;-5,4=wA2;-5,5=wB2;-4,3=wG2;-4,4=bQ;-4,5=wG3;-3,2=wA1;-3,4=wA3;-2,-2=bG2;-2,-1=bG1;-2,1=bS2;-1,-1=bB1;-1,0=bS1;-1,1=bA1;0,-3=wS1;0,-2=wG1;0,0=bA2;0,1=wQ,wB1;0,2=bA3;1,0=bB2;1,1=bG3
91	63	-1.000000	terminal	G1|b|63|32|31|-5,4=wA2;-5,5=wB2;-4,3=wG2;-4,4=bQ;-4,5=wG3;-4,6=wS2;-3,2=wA1;-3,4=wA3;-2,-1=bG1;-2,0=bG2;-2,1=bS2;-1,-1=bB1;-1,0=bS1;-1,1=bA1;0,-3=wS1;0,-2=wG1;0,0=bA2;0,1=wQ,wB1;0,2=bA3;1,0=bB2;1,1=bG3
91	65	-1.000000	terminal	G1|b|65|33|32|-5,4=wA2;-5,5=wB2;-4,3=wG2;-4,4=bQ;-4,5=wG3;-4,6=wS2;-3,2=wA1;-3,4=wA3;-2,0=bG2;-2,1=bS2;-2,2=bG1;-1,-1=bB1;-1,0=bS1;-1,1=bA1;0,-3=wS1;0,-2=wG1;0,0=bA2;0,1=wQ;0,2=bA3;1,0=bB2;1,1=bG3,wB1
91	67	-1.000000	terminal	G1|b|67|34|33|-6,5=wA2;-5,5=wB2;-4,3=wG2;-4,4=bQ;-4,5=wG3;-4,6=wS2;-3,2=wA1;-3,4=wA3;-2,1=bS2;-2,2=bG1;-1,-1=bB1;-1,0=bS1;-1,1=bA1;0,-3=wS1;0,-2=wG1;0,0=bA2;0,1=wQ;0,2=bA3;1,-3=bG2;1,0=bB2;1,1=bG3,wB1
91	69	-1.000000	terminal	G1|b|69|35|34|-5,3=bS2;-5,4=wA2;-5,5=wB2;-4,3=wG2;-4,4=bQ;-4,5=wG3;-4,6=wS2;-3,2=wA1;-3,4=wA3;-2,2=bG1;-1,-1=bB1;-1,0=bS1;-1,1=bA1;0,-3=wS1;0,-2=wG1;0,0=bA2;0,1=wQ;0,2=bA3;1,-3=bG2;1,0=bB2;1,1=bG3,wB1
91	71	-1.000000	terminal	G1|b|71|36|35|-5,3=bS2;-5,4=wA2;-5,5=wB2;-4,3=wG2;-4,4=bQ;-4,5=wG3;-4,6=wS2;-3,2=wA1;-3,4=wA3;-2,2=bG1;-1,-3=bG2;-1,-1=bB1;-1,0=bS1;-1,1=bA1;0,-3=wS1;0,-2=wG1;0,0=bA2;0,1=wQ,wB1;0,2=bA3;1,0=bB2;1,1=bG3
91	73	-1.000000	terminal	G1|b|73|37|36|-5,4=wA2;-5,5=wB2;-4,3=wG2;-4,4=bQ;-4,5=wG3;-3,2=wA1;-3,4=wA3;-2,1=bS2;-2,2=bG1;-2,3=wS2;-1,-3=bG2;-1,-1=bB1;-1,0=bS1;-1,1=bA1;0,-3=wS1;0,-2=wG1;0,0=bA2;0,1=wQ,wB1;0,2=bA3;1,0=bB2;1,1=bG3
91	75	-1.000000	terminal	G1|b|75|38|37|-5,4=wA2;-5,5=wB2;-4,3=wG2;-4,4=bQ;-4,5=wG3;-3,2=wA1;-3,4=wA3;-2,-3=bA3;-2,1=bS2;-2,2=bG1;-1,-3=bG2;-1,-1=bB1;-1,0=bS1;-1,1=bA1;0,-3=wS1;0,-2=wG1;0,0=bA2;0,1=wQ,wB1;1,0=bB2;1,1=bG3;1,2=wS2
91	77	-1.000000	terminal	G1|b|77|39|38|-5,4=wA2;-5,5=wB2;-4,3=wG2;-4,4=bQ;-4,5=wG3;-3,2=wA1;-3,4=wA3;-2,1=bS2;-2,2=bG1;-1,-3=bG2;-1,-1=bB1;-1,0=bS1;-1,1=bA1;-1,2=bA3;0,-3=wS1;0,-2=wG1;0,0=bA2;0,1=wQ;1,0=bB2,wB1;1,1=bG3;1,2=wS2
92	0	-0.379949	adjudicated	G1|w|0|0|0|
92	6	-0.379949	adjudicated	G1|w|6|3|3|-1,-1=wG2;-1,0=wG1;0,0=wA1;1,0=bB1;2,-1=bA1;3,-1=bS1
92	8	-0.379949	adjudicated	G1|w|8|4|4|-1,-2=wQ;-1,-1=wG2;-1,0=wG1;0,0=wA1;1,0=bB1;2,-1=bA1;3,-1=bS1;4,-1=bQ
92	10	-0.379949	adjudicated	G1|w|10|5|5|-2,0=wA2;-1,-2=wQ;-1,-1=wG2;-1,0=wG1;0,0=wA1;1,0=bB1;1,1=bG1;2,-1=bA1;3,-1=bS1;4,-1=bQ
92	12	-0.379949	adjudicated	G1|w|12|6|6|-1,-2=wQ;-1,-1=wG2;-1,0=wG1;0,0=wA1;1,0=bB1;1,1=bG1;2,-1=bA1;3,-1=bS1;3,0=bQ;4,-2=wA2
92	14	-0.379949	adjudicated	G1|w|14|7|7|-1,-2=wQ;-1,-1=wG2;-1,0=wG1;0,0=wA1;0,2=bG2;1,0=bB1;1,1=bG1;2,-1=bA1;3,-1=bS1;3,0=bQ;4,-2=wA2;5,-3=wG3
92	16	-0.379949	adjudicated	G1|w|16|8|8|-2,-1=bA1;-1,-2=wQ;-1,-1=wG2;-1,0=wG1;0,0=wA1;0,2=bG2;1,0=bB1;1,1=bG1;2,0=wG3;3,-1=bS1;3,0=bQ;4,-2=wA2
92	18	-0.379949	adjudicated	G1|w|18|9|9|-2,-1=bA1;-1,-2=wQ;-1,-1=wG2;-1,0=wG1;0,0=wA1;0,2=bG2;1,0=bB1;1,1=bG1;2,-1=wA2;2,0=wG3;3,-1=bS1;4,-1=bQ
92	20	-0.379949	adjudicated	G1|w|20|10|10|-1,-2=wQ;-1,-1=wG2;-1,0=wG1;0,0=wA1;0,2=bG2;1,0=bB1;1,1=bG1;2,0=wG3;3,-1=bS1;4,-3=bA1;4,-2=wA2;4,-1=bQ
92	22	-0.379949	adjudicated	G1|w|22|11|11|-2,-1=wA3;-1,-2=wQ;-1,-1=wG2;-1,0=wG1;0,0=wA1;0,2=bG2;1,0=bB1;1,1=bG1;1,2=bB2;2,0=wG3;3,-1=bS1;4,-3=bA1;4,-2=wA2;4,-1=bQ
92	24	-0.379949	adjudicated	G1|w|24|12|12|-1,-2=wQ;-1,-1=wG2;-1,0=wG1;0,0=wA1;0,2=bG2;1,0=bB1;1,1=bG1;1,2=bB2;2,0=wG3;3,-1=bS1;3,0=wA3;4,-3=bA1;4,-2=wA2;5,-2=bQ
92	26	-0.379949	adjudicated	G1|w|26|13|13|-1,-2=wQ;-1,-1=wG2;-1,0=wG1;0,0=wA1;0,2=bG2;1,0=bB1;1,1=bG1;1,2=bB2;1,3=bA1;2,0=wG3;3,-1=bS1;4,-2=wA2;5,-3=wA3;5,-2=bQ
92	28	-0.379949	adjudicated	G1|w|28|14|14|-1,-3=bA1;-1,-2=wQ;-1,-1=wG2;-1,0=wG1;0,0=wA1;0,2=bG2;1,0=bB1;1,1=bG1;1,2=bB2;2,0=wG3;3,-1=bS1;4,-3=wB1;4,-2=wA2;5,-3=wA3;5,-2=bQ
92	30	-0.379949	adjudicated	G1|w|30|15|15|-1,-4=bG3;-1,-3=bA1;-1,-2=wQ;-1,-1=wG2;-1,0=wG1;0,0=wA1;0,2=bG2;1,0=bB1;1,1=bG1;1,2=bB2;2,0=wG3;3,-3=wA3;3,-1=bS1;4,-3=wB1;4,-2=wA2;5,-2=bQ
92	32	-0.379949	adjudicated	G1|w|32|16|16|-1,-4=bG3;-1,-3=bA1;-1,-2=wQ;-1,-1=wG2;-1,0=wG1;0,0=wA1;1,0=bB1;1,1=bG1;1,2=bB2;2,0=wG3;2,2=bG2;3,-1=bS1;4,-3=wB1;4,-2=wA2;5,-2=bQ;6,-3=wA3
92	34	-0.379949	adjudicated	G1|w|34|17|17|-1,-4=bG3;-1,-3=bA1;-1,-2=wQ;-1,-1=wG2;-1,0=wG1;0,0=wA1;1,0=bB1;1,1=bG1;1,2=bB2;2,0=wG3;2,2=bG2;3,-1=bS1;4,-2=wA2;5,-3=wB1;6,-3=wA3;6,-2=bQ
92	36	-0.379949	adjudicated	G1|w|36|18|18|-2,0=wB2;-1,-5=bA2;-1,-4=bG3;-1,-3=bA1;-1,-2=wQ;-1,-1=wG2;-1,0=wG1;0,0=wA1;1,0=bB1;1,1=bG1;1,2=bB2;2,0=wG3;2,2=bG2;3,-1=bS1;4,-2=wA2;5,-3=wB1;6,-3=wA3;6,-2=bQ
92	38	-0.379949	adjudicated	G1|w|38|19|19|-2,-1=bA2;-1,-4=bG3;-1,-3=bA1;-1,-2=wQ;-1,-1=wG2;-1,0=wG1,wB2;0,0=wA1;1,0=bB1;1,1=bG1;1,2=bB2;2,0=wG3;2,2=bG2;3,-1=bS1;4,-2=wA2;5,-3=wB1;6,-3=wA3;6,-2=bQ
92	40	-0.379949	adjudicated	G1|w|40|20|20|-2,-1=bA2;-1,-4=bG3;-1,-3=bA1;-1,-2=wQ;-1,-1=wG2;-1,0=wG1,wB2;0,0=wA1;0,3=bS2;1,0=bB1;1,1=bG1;1,2=bB2;2,0=wG3;2,2=bG2;3,-1=bS1;4,-2=wA2;5,-3=wB1;6,-3=wA3;6,-2=bQ;7,-4=wS1
92	42	-0.379949	adjudicated	G1|w|42|21|21|-3,0=bA3;-2,-1=bA2;-1,-4=bG3;-1,-3=bA1;-1,-2=wQ;-1,-1=wG2;-1,0=wG1,wB2;0,0=wA1;0,3=bS2;1,0=bB1;1,1=bG1;1,2=bB2;2,0=wG3;2,2=bG2;3,-1=bS1;4,-2=wA2;5,-3=wB1;6,-3=wA3;6,-2=bQ;6,-1=wS1
92	44	-0.379949	adjudicated	G1|w|44|22|22|-2,-2=bA3;-2,-1=bA2;-1,-4=bG3;-1,-3=bA1;-1,-2=wQ;-1,-1=wG2;-1,0=wG1,wB2;0,0=wA1;0,3=bS2;1,0=bB1;1,1=bG1;1,2=bB2;2,0=wG3;2,2=bG2;3,-1=bS1;4,-3=wS2;4,-2=wA2;5,-3=wB1;6,-3=wA3;6,-2=bQ;6,-1=wS1
92	46	-0.379949	adjudicated	G1|w|46|23|23|-2,-2=bA3;-2,-1=bA2;-1,-4=bG3;-1,-3=bA1;-1,-1=wG2;-1,0=wG1,wB2;0,-2=wQ;0,0=wA1;1,0=bB1;1,1=bG1;1,2=bB2;2,0=wG3;2,2=bG2;3,-1=bS1;3,2=bS2;4,-3=wS2;4,-2=wA2;5,-3=wB1;6,-3=wA3;6,-2=bQ;6,-1=wS1
92	48	-0.379949	adjudicated	G1|w|48|24|24|-2,-2=bA3;-2,-1=bA2;-2,0=wB2;-1,-3=bA1;-1,-2=bG3;-1,-1=wG2;-1,0=wG1;0,-2=wQ;0,0=wA1;1,0=bB1;1,1=bG1;1,2=bB2;2,0=wG3;2,2=bG2;3,-1=bS1;3,2=bS2;4,-3=wS2;4,-2=wA2;5,-3=wB1;6,-3=wA3;6,-2=bQ;6,-1=wS1
92	50	-0.379949	adjudicated	G1|w|50|25|25|-3,1=wG2;-2,-2=bA3;-2,-1=bA2;-2,0=wB2;-1,-2=bG3;-1,0=wG1;0,-2=wQ;0,0=wA1;1,-3=bA1;1,0=bB1;1,1=bG1;1,2=bB2;2,0=wG3;2,2=bG2;3,-1=bS1;3,2=bS2;4,-3=wS2;4,-2=wA2;5,-3=wB1;6,-3=wA3;6,-2=bQ;6,-1=wS1
92	52	-0.379949	adjudicated	G1|w|52|26|26|-3,1=wG2;-2,-1=bA2;-2,0=wB2;-1,-2=bG3;-1,0=wG1;0,-3=bA3;0,-2=wQ;0,0=wA1;1,-3=bA1;1,-1=wS2;1,0=bB1;1,1=bG1;1,2=bB2;2,0=wG3;2,2=bG2;3,-1=bS1;3,2=bS2;4,-2=wA2;5,-3=wB1;6,-3=wA3;6,-2=bQ;6,-1=wS1
92	54	-0.379949	adjudicated	G1|w|54|27|27|-3,1=wG2;-2,0=wB2;-1,-2=bG3;-1,0=wG1;0,-3=bA3;0,0=wA1;1,-3=bA1;1,-2=wQ;1,-1=wS2;1,0=bB1;1,1=bG1;1,2=bB2;2,-2=bA2;2,0=wG3;2,2=bG2;3,-1=bS1;3,2=bS2;4,-2=wA2;5,-3=wB1;6,-3=wA3;6,-2=bQ;6,-1=wS1
92	56	-0.379949	adjudicated	G1|w|56|28|28|-2,0=wB2;-1,-2=bG3;-1,-1=wG2;-1,0=wG1;0,0=wA1;1,-3=bA1;1,-2=wQ;1,-1=wS2;1,0=bB1;1,1=bG1;1,2=bB2;2,-3=bA3;2,-2=bA2;2,0=wG3;2,2=bG2;3,-1=bS1;3,2=bS2;4,-2=wA2;5,-3=wB1;6,-3=wA3;6,-2=bQ;6,-1=wS1
92	58	-0.379949	adjudicated	G1|w|58|29|29|-2,0=wB2;-1,-2=bG3;-1,-1=wG2;-1,0=wG1;0,-3=bA2;0,-2=wQ;0,0=wA1;1,-3=bA1;1,-1=wS2;1,0=bB1;1,1=bG1;1,2=bB2;2,-3=bA3;2,0=wG3;2,2=bG2;3,-1=bS1;3,2=bS2;4,-2=wA2;5,-3=wB1;6,-3=wA3;6,-2=bQ;6,-1=wS1
92	60	-0.379949	adjudicated	G1|w|60|30|30|-2,0=wB2;-1,-2=bG3;-1,-1=wG2;-1,0=wG1;0,0=wA1;1,-3=bA1;1,-2=wQ;1,-1=wS2;1,0=bB1;1,1=bG1;1,2=bB2;2,-3=bA3;2,-2=bA2;2,0=wG3;2,2=bG2;3,-1=bS1;3,2=bS2;4,-2=wA2;5,-3=wB1;6,-3=wA3;6,-2=bQ;6,-1=wS1
92	62	-0.379949	adjudicated	G1|w|62|31|31|-2,0=wB2;-1,-2=bG3;-1,-1=wG2;-1,0=wG1;0,-2=wQ;0,0=wA1;1,-3=bA1;1,-1=wS2;1,0=bB1;1,1=bG1;1,2=bB2;2,-3=bA3;2,-1=bA2;2,0=wG3;2,2=bG2;3,-1=bS1;3,2=bS2;4,-2=wA2;5,-3=wB1;6,-3=wA3;6,-2=bQ;6,-1=wS1
92	64	-0.379949	adjudicated	G1|w|64|32|32|-2,0=wB2;-1,-2=bG3;-1,-1=wG2;-1,0=wG1;0,-3=bA3;0,-2=wQ;0,0=wA1;1,-3=bA1;1,-1=wS2;1,0=bB1;1,1=bG1;1,2=bB2;2,-1=bA2;2,0=wG3;2,2=bG2;3,-1=bS1;3,2=bS2;4,-2=wA2;4,-1=wS1;5,-3=wB1;6,-3=wA3;6,-2=bQ
92	66	-0.379949	adjudicated	G1|w|66|33|33|-2,0=wB2;-1,-2=bG3;-1,-1=wG2;-1,0=wG1;0,0=wA1;1,-3=bA1;1,-2=wQ;1,-1=wS2;1,0=bB1;1,1=bG1;1,2=bB2;2,-1=bA2;2,0=wG3;2,2=bG2;3,-1=bS1;3,2=bS2;4,-2=wA2;4,-1=wS1;4,1=bA3;5,-3=wB1;6,-3=wA3;6,-2=bQ
92	68	-0.379949	adjudicated	G1|w|68|34|34|-2,1=wB2;-1,-2=bG3;-1,-1=wG2;-1,0=wG1;0,0=wA1;1,-3=bA1;1,-2=wQ;1,-1=wS2;1,0=bB1;1,1=bG1;1,2=bB2;2,-3=bA2;2,0=wG3;2,2=bG2;3,-1=bS1;3,2=bS2;4,-2=wA2;4,-1=wS1;4,1=bA3;5,-3=wB1;6,-3=wA3;6,-2=bQ
92	70	-0.379949	adjudicated	G1|w|70|35|35|-2,1=wB2;-1,-2=bG3;-1,-1=wG2;-1,0=wG1;0,0=wA1;1,-3=bA1;1,-2=wQ;1,-1=wS2;1,0=bB1;1,1=bG1;1,2=bB2;2,-3=bA2;2,-2=bA3;2,0=wG3;2,2=bG2;3,-1=bS1;3,1=wS1;3,2=bS2;4,-2=wA2;5,-3=wB1;6,-3=wA3;6,-2=bQ
92	72	-0.379949	adjudicated	G1|w|72|36|36|-2,1=wB2;-1,-2=bG3;-1,-1=wG2;-1,0=wG1;0,-3=bA3;0,-2=wQ;0,0=wA1;1,-3=bA1;1,-1=wS2;1,0=bB1;1,1=bG1;1,2=bB2;2,-3=bA2;2,0=wG3;2,2=bG2;3,-1=bS1;3,1=wS1;3,2=bS2;4,-2=wA2;5,-3=wB1;6,-3=wA3;6,-2=bQ
92	74	-0.379949	adjudicated	G1|w|74|37|37|-2,1=wB2;-1,-2=bG3;-1,-1=wG2;-1,0=wG1;0,0=wA1;1,-3=bA1;1,-2=wQ;1,-1=wS2;1,0=bB1;1,1=bG1;1,2=bB2;2,-3=bA2;2,-2=bA3;2,0=wG3;2,2=bG2;3,-1=bS1;3,1=wS1;3,2=bS2;4,-2=wA2;5,-3=wB1;6,-3=wA3;6,-2=bQ
92	76	-0.379949	adjudicated	G1|w|76|38|38|-2,1=wB2;-1,-2=bG3;-1,-1=wG2;-1,0=wG1;0,-2=wQ;0,0=wA1;1,-3=bA1;1,-1=wS2;1,0=bB1;1,1=bG1;1,2=bB2;2,-2=bA3;2,0=wG3;2,2=bG2;3,-3=bA2;3,-1=bS1;3,1=wS1;3,2=bS2;4,-2=wA2;5,-3=wB1;6,-3=wA3;6,-2=bQ
92	78	-0.379949	adjudicated	G1|w|78|39|39|-2,1=wB2;-1,-2=bG3;-1,-1=wG2;-1,0=wG1;0,-3=bA2;0,-2=wQ;0,0=wA1;1,-3=bA1;1,-1=wS2;1,0=bB1;1,1=bG1;1,2=bB2;2,-2=bA3;2,0=wG3;2,2=bG2;3,-1=bS1;3,2=bS2;3,3=wS1;4,-2=wA2;5,-3=wB1;6,-3=wA3;6,-2=bQ
92	80	-0.379949	adjudicated	G1|w|80|40|40|-2,1=wB2;-1,-2=bG3;-1,-1=wG2;-1,0=wG1;0,0=wA1;1,-3=bA1;1,-2=wQ;1,-1=wS2;1,0=bB1;1,1=bG1;1,2=bB2;2,-3=bA2;2,-2=bA3;2,0=wG3;2,2=bG2;3,-1=bS1;3,2=bS2;3,3=wS1;4,-2=wA2;5,-3=wB1;6,-3=wA3;6,-2=bQ
92	82	-0.379949	adjudicated	G1|w|82|41|41|-2,1=wB2;-1,-2=bG3;-1,-1=wG2;-1,0=wG1;0,-3=bA2;0,-2=wQ;0,0=wA1;1,-3=bA1;1,-1=wS2;1,0=bB1;1,1=bG1;1,2=bB2;2,-2=bA3;2,0=wG3;2,2=bG2;3,-1=bS1;3,2=bS2;3,3=wS1;4,-2=wA2;5,-3=wB1;6,-3=wA3;6,-2=bQ
92	84	-0.379949	adjudicated	G1|w|84|42|42|-2,1=wB2;-1,-2=bG3;-1,-1=wG2;-1,0=wG1;0,-4=bA1;0,-3=bA2;0,0=wA1;1,-2=wQ;1,-1=wS2;1,0=bB1;1,1=bG1;1,2=bB2;2,-2=bA3;2,0=wG3;2,2=bG2;3,-1=bS1;3,2=bS2;3,3=wS1;4,-2=wA2;5,-3=wB1;6,-3=wA3;6,-2=bQ
92	86	-0.379949	adjudicated	G1|w|86|43|43|-2,1=wB2;-1,-2=bG3;-1,-1=wG2;-1,0=wG1;0,-3=bA2;0,0=wA1;1,-1=wS2;1,0=bB1;1,1=bG1;1,2=bB2;2,-3=wQ;2,-2=bA3;2,0=wG3;2,2=bG2;3,-1=bS1;3,2=bS2;3,3=wS1;4,-2=wA2;4,2=bA1;5,-3=wB1;6,-3=wA3;6,-2=bQ
92	88	-0.379949	adjudicated	G1|w|88|44|44|-1,-2=bG3;-1,-1=wG2;-1,0=wG1;-1,1=wB2;0,0=wA1;1,-2=bA2;1,-1=wS2;1,0=bB1;1,1=bG1;1,2=bB2;2,-3=wQ;2,-2=bA3;2,0=wG3;2,2=bG2;3,-1=bS1;3,2=bS2;3,3=wS1;4,-2=wA2;4,2=bA1;5,-3=wB1;6,-3=wA3;6,-2=bQ
92	90	-0.379949	adjudicated	G1|w|90|45|45|-1,-2=bG3;-1,-1=wG2;-1,0=wG1;-1,1=wB2;0,0=wA1;0,3=wS1;1,-2=bA2;1,-1=wS2;1,0=bB1;1,1=bG1;1,2=bB2;2,-4=bA1;2,-3=wQ;2,-2=bA3;2,0=wG3;2,2=bG2;3,-1=bS1;3,2=bS2;4,-2=wA2;5,-3=wB1;6,-3=wA3;6,-2=bQ
92	92	-0.379949	adjudicated	G1|w|92|46|46|-2,1=wB2;-1,-2=bG3;-1,-1=wG2;-1,0=wG1;0,0=wA1;0,3=wS1;1,-1=wS2;1,0=bB1;1,1=bG1;1,2=bB2;2,-4=bA1;2,-3=wQ;2,-2=bA3;2,0=wG3;2,2=bG2;3,-4=bA2;3,-1=bS1;3,2=bS2;4,-2=wA2;5,-3=wB1;6,-3=wA3;6,-2=bQ
92	94	-0.379949	adjudicated	G1|w|94|47|47|-2,1=wB2;-1,-2=bG3;-1,-1=wG2;-1,0=wG1;-1,1=wS1;0,0=wA1;1,-1=wS2;1,0=bB1;1,1=bG1;1,2=bB2;2,-3=wQ;2,-2=bA3;2,0=wG3;2,2=bG2;3,-4=bA2;3,-1=bS1;3,2=bS2;4,-4=bA1;4,-2=wA2;5,-3=wB1;6,-3=wA3;6,-2=bQ
92	96	-0.379949	adjudicated	G1|w|96|48|48|-3,1=wS1;-2,1=wB2;-1,-2=bG3;-1,-1=wG2;-1,0=wG1;0,0=wA1;1,-1=wS2;1,0=bB1;1,1=bG1;1,2=bB2;2,-3=wQ;2,-2=bA3;2,0=wG3;2,2=bG2;3,-4=bA2;3,-1=bS1;3,2=bS2;3,3=bA1;4,-2=wA2;5,-3=wB1;6,-3=wA3;6,-2=bQ
93	0	0.379949	adjudicated	G1|w|0|0|0|
93	7	0.379949	adjudicated	G1|b|7|4|3|-3,2=bG1;-2,1=bS1;-1,1=bA1;0,-1=wS1;0,0=wA1;1,0=wA2;1,1=wQ
93	9	0.379949	adjudicated	G1|b|9|5|4|-3,2=bG1;-3,3=bQ;-2,1=bS1;-1,1=bA1;0,-2=wS2;0,-1=wS1;0,0=wA1;1,0=wA2;1,1=wQ
93	11	0.379949	adjudicated	G1|b|11|6|5|-3,2=bG1;-2,1=bS1;-2,2=bQ;-1,-2=wB1;-1,1=bA1;0,-2=wS2;0,-1=wS1;0,0=wA1;1,0=wA2;1,1=wQ
93	13	0.379949	adjudicated	G1|b|13|7|6|-3,2=bG1;-2,1=bS1;-1,-3=wG1;-1,-2=wB1;-1,1=bA1;-1,2=bQ;0,-2=wS2;0,-1=wS1;0,0=wA1;1,0=wA2;1,1=wQ
93	15	0.379949	adjudicated	G1|b|15|8|7|-3,2=bG1;-3,3=bG2;-2,-2=wB2;-2,1=bS1;-1,-3=wG1;-1,-2=wB1;-1,1=bA1;-1,2=bQ;0,-2=wS2;0,-1=wS1;0,0=wA1;1,0=wA2;1,1=wQ
93	17	0.379949	adjudicated	G1|b|17|9|8|-4,4=bB1;-3,2=bG1;-3,3=bG2;-2,-2=wB2;-2,1=bS1;-1,-3=wG1;-1,-2=wB1;-1,1=bA1;-1,2=bQ;0,-2=wS2;0,-1=wS1;0,0=wA1;1,0=wA2;2,0=wQ
93	19	0.379949	adjudicated	G1|b|19|10|9|-5,4=bA2;-4,4=bB1;-3,-1=wG1;-3,2=bG1;-3,3=bG2;-2,-2=wB2;-2,1=bS1;-1,-2=wB1;-1,1=bA1;-1,2=bQ;0,-2=wS2;0,-1=wS1;0,0=wA1;1,0=wA2;2,0=wQ
93	21	0.379949	adjudicated	G1|b|21|11|10|-4,4=bB1;-3,-1=wG1;-3,2=bG1;-3,3=bG2;-2,-2=wB2;-2,1=bS1;-1,-2=wB1;-1,1=bA1;-1,2=bQ;0,-2=wS2;0,-1=wS1;0,0=wA1;1,-2=wA3;1,0=wA2;2,0=wQ;3,0=bA2
93	23	0.379949	adjudicated	G1|b|23|12|11|-5,5=bS2;-4,4=bB1;-3,-1=wG1;-3,2=bG1;-3,3=bG2;-2,-2=wB2;-2,1=bS1;-2,3=wA3;-1,-2=wB1;-1,1=bA1;-1,2=bQ;0,-2=wS2;0,-1=wS1;0,0=wA1;1,0=wA2;2,0=wQ;3,0=bA2
93	25	0.379949	adjudicated	G1|b|25|13|12|-5,5=bS2;-4,4=bB1;-3,-1=wG1;-3,2=bG1;-3,3=bG2;-2,-2=wB2;-2,1=bS1;-2,3=wA3;-1,-2=wB1;-1,-1=wG2;-1,1=bA1;-1,3=bQ;0,-2=wS2;0,-1=wS1;0,0=wA1;1,0=wA2;2,0=wQ;3,0=bA2
93	27	0.379949	adjudicated	G1|b|27|14|13|-5,5=bS2;-5,6=bB2;-4,4=bB1;-3,-1=wG1;-3,2=bG1;-3,3=bG2;-2,-3=wS2;-2,-2=wB2;-2,1=bS1;-2,3=wA3;-1,-2=wB1;-1,-1=wG2;-1,1=bA1;-1,3=bQ;0,-1=wS1;0,0=wA1;1,0=wA2;2,0=wQ;3,0=bA2
93	29	0.379949	adjudicated	G1|b|29|15|14|-5,5=bS2;-5,6=bB2;-4,4=bB1;-3,-1=wG1;-3,2=bG1;-3,3=bG2;-2,-3=wS2;-2,-2=wB2;-2,1=bS1;-2,3=wA3;-1,-3=wG3;-1,-2=wB1;-1,-1=wG2;-1,1=bA1;-1,3=bQ;0,-1=wS1;0,0=wA1;1,0=wA2;2,0=wQ;3,0=bA2;4,-1=bA3
93	31	0.379949	adjudicated	G1|b|31|16|15|-5,5=bS2;-5,6=bB2;-4,4=bB1;-3,2=bG1;-3,3=bG2;-2,-3=wS2;-2,-2=wB2;-2,1=bS1;-2,3=wA3;-1,-3=wG3;-1,-2=wB1;-1,-1=wG2;-1,1=bA1;-1,3=bQ;0,-4=wG1;0,-1=wS1;0,0=wA1;1,0=wA2;1,1=bA3;2,0=wQ;3,0=bA2
93	33	0.379949	adjudicated	G1|b|33|17|16|-6,7=bG3;-5,5=bS2;-5,6=bB2;-4,4=bB1;-3,2=bG1;-3,3=bG2;-2,-3=wS2,wB2;-2,1=bS1;-2,3=wA3;-1,-3=wG3;-1,-2=wB1;-1,-1=wG2;-1,1=bA1;-1,3=bQ;0,-4=wG1;0,-1=wS1;0,0=wA1;1,0=wA2;1,1=bA3;2,0=wQ;3,0=bA2
93	35	0.379949	adjudicated	G1|b|35|18|17|-6,7=bG3;-5,5=bS2;-5,6=bB2;-4,4=bB1;-3,2=bG1;-3,3=bG2;-2,-3=wS2,wB2;-2,1=bS1;-2,3=wA3;-1,-3=wG3;-1,-2=wB1;-1,-1=wG2;-1,1=bA1;-1,3=bQ;0,-4=wG1;0,-1=wS1;0,0=wA1;1,0=wA2;1,1=bA3;1,2=bA2;2,-1=wQ
93	37	0.379949	adjudicated	G1|b|37|19|18|-6,7=bG3;-5,5=bS2;-5,6=bB2;-4,4=bB1;-3,2=bG1;-3,3=bG2;-2,-3=wS2,wB2;-2,1=bS1;-2,3=wA3;-1,-3=wG3;-1,-2=wB1;-1,-1=wG2;-1,1=bA1;-1,3=bQ;0,-4=wG1;0,-1=wS1;0,0=wA1;1,-1=bA2;1,0=wA2;1,1=bA3;2,-2=wQ
93	39	0.379949	adjudicated	G1|b|39|20|19|-6,7=bG3;-5,5=bS2;-5,6=bB2;-4,4=bB1;-3,2=bG1;-3,3=bG2;-2,-3=wS2,wB2;-2,1=bS1;-2,3=wA3;-2,4=wA2;-1,-3=wG3;-1,-2=wB1;-1,-1=wG2;-1,1=bA1;-1,3=bQ;0,-4=wG1;0,-1=wS1;0,0=wA1;1,-1=bA2;2,-3=bA3;2,-2=wQ
93	41	0.379949	adjudicated	G1|b|41|21|20|-6,7=bG3;-5,5=bS2;-5,6=bB2;-4,4=bB1;-3,-3=wB2;-3,2=bG1;-3,3=bG2;-2,-3=wS2;-2,1=bS1;-2,3=wA3;-2,4=wA2;-1,-3=wG3;-1,-2=wB1;-1,-1=wG2;-1,1=bA1;-1,4=bQ;0,-4=wG1;0,-1=wS1;0,0=wA1;1,-1=bA2;2,-3=bA3;2,-2=wQ
93	43	0.379949	adjudicated	G1|b|43|22|21|-6,7=bG3;-5,5=bS2;-5,6=bB2;-4,4=bB1;-3,2=bG1;-3,3=bG2;-2,-3=wS2,wB2;-2,1=bS1;-2,3=wA3;-2,4=wA2;-1,-3=wG3;-1,-2=wB1;-1,-1=wG2;-1,1=bA1;-1,4=bQ;0,-4=wG1;0,-1=wS1;0,0=wA1;1,-1=bA2;2,-2=wQ;3,-2=bA3
93	45	0.379949	adjudicated	G1|b|45|23|22|-6,7=bG3;-5,5=bS2;-5,6=bB2;-4,4=bB1;-3,-2=wB2;-3,2=bG1;-3,3=bG2;-2,-3=wS2;-2,1=bS1;-2,3=wA3;-2,4=wA2;-2,5=bQ;-1,-3=wG3;-1,-2=wB1;-1,-1=wG2;-1,1=bA1;0,-4=wG1;0,-1=wS1;0,0=wA1;1,-1=bA2;2,-2=wQ;3,-2=bA3
93	47	0.379949	adjudicated	G1|b|47|24|23|-6,7=bG3;-5,5=bS2;-5,6=bB2;-4,4=bB1;-3,2=bG1;-3,3=bG2;-2,-3=wS2;-2,-2=wB2;-2,1=bS1;-2,3=wA3;-2,4=wA2;-2,5=bQ;-1,-3=wG3;-1,-2=wB1;-1,-1=wG2;-1,1=bA1;0,-4=wG1;0,-1=wS1;0,0=wA1;1,-1=bA2;2,-2=wQ;3,-3=bA3
93	49	0.379949	adjudicated	G1|b|49|25|24|-6,7=bG3;-5,5=bS2;-5,6=bB2;-4,4=bB1;-3,2=bG1;-3,3=bG2;-2,-3=wS2;-2,-2=wB2;-2,1=bS1;-2,3=wA3;-2,4=wA2;-2,5=bQ;-1,-3=wG3;-1,-2=wB1;-1,-1=wG2;-1,1=bA1;0,-4=wG1;0,-1=wS1;0,0=wA1;1,-1=bA2;2,-1=bA3;3,-2=wQ
93	51	0.379949	adjudicated	G1|b|51|26|25|-6,7=bG3;-5,5=bS2;-5,6=bB2;-4,4=bB1;-3,2=bG1;-3,3=bG2;-3,5=bQ;-2,-3=wS2;-2,-2=wB2;-2,1=bS1;-2,3=wA3;-2,4=wA2;-1,-3=wG3;-1,-2=wB1;-1,-1=wG2;-1,1=bA1;0,-4=wG1;0,-1=wS1;0,0=wA1;1,-1=bA2;2,-2=wQ;2,-1=bA3
93	53	0.379949	adjudicated	G1|b|53|27|26|-6,7=bG3;-5,5=bS2;-5,6=bB2;-4,4=bB1;-3,2=bG1;-3,3=bG2;-3,5=bQ;-2,-3=wS2;-2,1=bS1;-2,3=wA3;-2,4=wA2;-1,-3=wG3,wB2;-1,-2=wB1;-1,-1=wG2;-1,1=bA1;0,-4=wG1;0,-1=wS1;0,0=wA1;1,-1=bA2;2,-2=wQ;3,-2=bA3
93	55	0.379949	adjudicated	G1|b|55|28|27|-6,7=bG3;-5,5=bS2;-5,6=bB2;-4,4=bB1;-3,2=bG1;-3,3=bG2;-3,5=bQ;-2,0=wS2;-2,1=bS1;-2,3=wA3;-2,4=wA2;-1,-3=wG3,wB2;-1,-2=wB1;-1,-1=wG2;-1,1=bA1;0,-4=wG1;0,-1=wS1;0,0=wA1;1,-1=bA2;2,-3=bA3;2,-2=wQ
93	57	0.379949	adjudicated	G1|b|57|29|28|-6,7=bG3;-5,5=bS2;-5,6=bB2;-4,4=bB1;-3,1=wA1;-3,2=bG1;-3,3=bG2;-3,5=bQ;-2,0=wS2;-2,1=bS1;-2,3=wA3;-2,4=wA2;-1,-3=wG3,wB2;-1,-2=wB1;-1,-1=wG2;0,-4=wG1;0,-1=wS1;1,-1=bA2;2,-3=bA3;2,-2=wQ;3,-3=bA1
93	59	0.379949	adjudicated	G1|b|59|30|29|-6,7=bG3;-5,5=bS2;-5,6=bB2;-4,4=bB1;-3,2=bG1;-3,3=bG2;-3,5=bQ;-2,0=wS2;-2,1=bS1;-2,3=wA3;-2,4=wA2;-2,5=wA1;-1,-3=wG3,wB2;-1,-2=wB1;-1,-1=wG2;0,-4=wG1;0,-1=wS1;1,-2=bA3;1,-1=bA2;2,-2=wQ;3,-3=bA1
93	61	0.379949	adjudicated	G1|b|61|31|30|-6,7=bG3;-5,5=bS2;-5,6=bB2;-4,4=bB1;-3,2=bG1;-3,3=bG2;-3,6=bQ;-2,-2=wG1;-2,0=wS2;-2,1=bS1;-2,3=wA3;-2,4=wA2;-2,5=wA1;-1,-3=wG3,wB2;-1,-2=wB1;-1,-1=wG2;0,-1=wS1;1,-2=bA3;1,-1=bA2;2,-2=wQ;3,-3=bA1
93	63	0.379949	adjudicated	G1|b|63|32|31|-6,7=bG3;-5,5=bS2;-5,6=bB2;-4,4=bB1;-3,2=bG1;-3,3=bG2;-3,6=bQ;-2,-2=wG1;-2,0=wS2;-2,1=bS1;-2,3=wA3;-2,4=wA2;-2,5=wA1;-1,-3=wG3;-1,-2=wB1;-1,-1=wG2;0,-4=wB2;0,-1=wS1;1,-2=bA3;1,-1=bA2;2,-2=wQ;3,-2=bA1
93	65	0.379949	adjudicated	G1|b|65|33|32|-6,7=bG3;-5,5=bS2;-5,6=bB2;-4,4=bB1;-3,-2=bA2;-3,2=bG1;-3,3=bG2;-3,6=bQ;-2,-2=wG1;-2,0=wS2;-2,1=bS1;-2,3=wA3;-2,4=wA2;-2,5=wA1;-1,-3=wG3;-1,-2=wB1;-1,-1=wG2;0,-3=wB2;0,-1=wS1;1,-2=bA3;2,-2=wQ;3,-2=bA1
93	67	0.379949	adjudicated	G1|b|67|34|33|-6,7=bG3;-5,5=bS2;-5,6=bB2;-4,4=bB1;-3,2=bG1;-3,3=bG2;-3,6=bQ;-2,0=wS2;-2,1=bS1;-2,3=wA3;-2,4=wA2;-2,5=wA1;-1,-3=wG3;-1,-2=wB1;-1,-1=wG2;0,-4=wG1;0,-3=wB2;0,-1=wS1;1,-2=bA3;2,-3=bA2;2,-2=wQ;3,-2=bA1
93	69	0.379949	adjudicated	G1|b|69|35|34|-5,5=bS2;-5,6=bB2;-4,4=bB1;-4,5=bG3;-3,2=bG1;-3,3=bG2;-3,6=bQ;-2,0=wS2;-2,1=bS1;-2,3=wA3;-2,4=wA2;-2,5=wA1;-1,-3=wG3;-1,-2=wB1,wB2;-1,-1=wG2;0,-4=wG1;0,-1=wS1;1,-2=bA3;2,-3=bA2;2,-2=wQ;3,-2=bA1
93	71	0.379949	adjudicated	G1|b|71|36|35|-5,5=bS2;-5,6=bB2;-4,4=bB1;-4,5=bG3;-3,2=bG1;-3,3=bG2;-3,6=bQ;-2,-2=wG1;-2,0=wS2;-2,1=bS1;-2,3=wA3;-2,4=wA2;-2,5=wA1;-1,-3=wG3;-1,-2=wB1,wB2;-1,-1=wG2;0,-1=wS1;1,-2=bA3;2,-2=wQ;3,-3=bA2;3,-2=bA1
93	73	0.379949	adjudicated	G1|b|73|37|36|-5,5=bS2;-4,4=bB1;-4,5=bG3,bB2;-3,2=bG1;-3,3=bG2;-3,6=bQ;-2,-2=wG1,wB2;-2,0=wS2;-2,1=bS1;-2,3=wA3;-2,4=wA2;-2,5=wA1;-1,-3=wG3;-1,-2=wB1;-1,-1=wG2;0,-1=wS1;1,-2=bA3;2,-2=wQ;3,-3=bA2;3,-2=bA1
93	75	0.379949	adjudicated	G1|b|75|38|37|-5,5=bS2;-4,4=bB1;-4,5=bG3,bB2;-3,-1=wG3;-3,2=bG1;-3,3=bG2;-3,6=bQ;-2,-2=wG1,wB2;-2,0=wS2;-2,1=bS1;-2,3=wA3;-2,4=wA2;-2,5=wA1;-1,-2=wB1;-1,-1=wG2;0,-1=wS1;1,-2=bA3;1,-1=bA1;2,-2=wQ;3,-3=bA2
93	77	0.379949	adjudicated	G1|b|77|39|38|-5,5=bS2;-4,4=bB1;-4,5=bG3,bB2;-3,-1=wG3;-3,2=bG1;-3,3=bG2;-3,6=bQ;-2,-3=wB2;-2,-2=wG1;-2,0=wS2;-2,1=bS1;-2,3=wA3;-2,4=wA2;-2,5=wA1;-1,-2=wB1;-1,-1=wG2;0,-1=wS1;1,-1=bA1;2,-2=wQ;2,-1=bA3;3,-3=bA2
93	79	0.379949	adjudicated	G1|b|79|40|39|-5,5=bS2;-4,4=bB1;-4,5=bG3,bB2;-3,-1=wG3;-3,2=bG1;-3,3=bG2;-3,6=bQ;-2,-3=wB2;-2,-2=wG1;-2,0=wS2;-2,1=bS1;-2,3=wA3;-2,4=wA2;-2,5=wA1;-1,-3=bA2;-1,-2=wB1;-1,-1=wG2;0,-1=wS1;1,-1=bA1;2,-1=bA3;3,-2=wQ
93	81	0.379949	adjudicated	G1|b|81|41|40|-5,5=bS2;-4,4=bB1;-4,5=bG3,bB2;-4,6=bA2;-3,-1=wG3;-3,2=bG1;-3,3=bG2;-3,6=bQ;-2,-3=wB2;-2,-2=wG1;-2,0=wS2;-2,1=bS1;-2,4=wA2;-2,5=wA1;-1,-2=wB1;-1,-1=wG2;-1,0=wA3;0,-1=wS1;1,-1=bA1;2,-1=bA3;3,-2=wQ
93	83	0.379949	adjudicated	G1|b|83|42|41|-5,5=bS2;-4,4=bB1;-4,5=bG3;-4,6=bA2,bB2;-3,-3=wA2;-3,-1=wG3;-3,2=bG1;-3,3=bG2;-3,6=bQ;-2,-3=wB2;-2,-2=wG1;-2,0=wS2;-2,1=bS1;-2,5=wA1;-1,-2=wB1;-1,-1=wG2;-1,0=wA3;0,-1=wS1;1,-1=bA1;2,-1=bA3;3,-2=wQ
93	85	0.379949	adjudicated	G1|b|85|43|42|-4,0=wA2;-4,2=bS2;-4,4=bB1;-4,5=bG3;-4,6=bA2,bB2;-3,-1=wG3;-3,2=bG1;-3,3=bG2;-3,6=bQ;-2,-3=wB2;-2,-2=wG1;-2,0=wS2;-2,1=bS1;-2,5=wA1;-1,-2=wB1;-1,-1=wG2;-1,0=wA3;0,-1=wS1;1,-1=bA1;2,-1=bA3;3,-2=wQ
93	87	0.379949	adjudicated	G1|b|87|44|43|-4,0=wA2;-4,1=bS2;-4,4=bB1;-4,5=bG3;-4,6=bA2,bB2;-3,-1=wG3;-3,2=bG1;-3,3=bG2;-3,6=bQ;-3,7=wA3;-2,-3=wB2;-2,-2=wG1;-2,0=wS2;-2,1=bS1;-2,5=wA1;-1,-2=wB1;-1,-1=wG2;0,-1=wS1;1,-1=bA1;2,-1=bA3;3,-2=wQ
93	89	0.379949	adjudicated	G1|b|89|45|44|-4,0=wA2;-4,1=bS2;-4,4=bB1;-4,5=bG3;-4,6=bA2;-3,-1=wG3;-3,2=bG1;-3,3=bG2;-3,6=bQ,bB2;-3,7=wA3;-2,-3=wB2;-2,-2=wG1;-2,0=wS2;-2,1=bS1;-2,5=wA1;-1,-2=wB1;-1,-1=wG2;0,-1=wS1;1,-1=bA1;2,-1=bA3;3,-1=wQ
93	91	0.379949	adjudicated	G1|b|91|46|45|-4,-1=bS2;-4,4=bB1;-4,5=bG3;-4,6=bA2;-3,-1=wG3;-3,2=bG1;-3,3=bG2;-3,5=wA2;-3,6=bQ,bB2;-3,7=wA3;-2,-3=wB2;-2,-2=wG1;-2,0=wS2;-2,1=bS1;-2,5=wA1;-1,-2=wB1;-1,-1=wG2;0,-1=wS1;1,-1=bA1;2,-1=bA3;3,-1=wQ
93	93	0.379949	adjudicated	G1|b|93|47|46|-4,-1=bS2;-4,4=bB1;-4,5=bG3;-4,7=wA3;-3,-1=wG3;-3,2=bG1;-3,3=bG2;-3,5=wA2;-3,6=bQ,bB2;-2,-3=wB2;-2,-2=wG1;-2,0=wS2;-2,1=bS1;-2,5=wA1;-1,-2=wB1;-1,-1=wG2;0,-1=wS1;1,-1=bA1;2,-1=bA3;3,-1=wQ;4,-2=bA2
93	95	0.379949	adjudicated	G1|b|95|48|47|-4,-1=bS2;-4,4=bB1;-4,5=bG3;-4,7=wA3;-3,-1=wG3;-3,2=bG1;-3,3=bG2;-3,5=wA2;-3,6=bQ,bB2;-2,-2=wG1;-2,0=wS2;-2,1=bS1;-2,5=wA1;-1,-3=wB2;-1,-2=wB1;-1,-1=wG2;0,-1=wS1;1,-1=bA1;2,-1=bA3;3,-1=wQ;3,0=bA2
94	0	1.000000	terminal	G1|w|0|0|0|
94	6	1.000000	terminal	G1|w|6|3|3|-1,0=wQ;-1,2=bG1;0,0=wA1;0,1=bA1;1,-1=wB1;1,1=bB1
94	8	1.000000	terminal	G1|w|8|4|4|-1,0=wQ;-1,2=bG1;0,0=wA1;0,1=bA1;1,-1=wB1;1,1=bB1;2,-1=wA2;2,1=bQ
94	10	1.000000	terminal	G1|w|10|5|5|-1,0=wQ;-1,2=bG1;-1,3=bA2;0,0=wA1;0,1=bA1;1,-1=wB1;1,1=bB1;2,1=bQ;3,1=wA2
94	12	1.000000	terminal	G1|w|12|6|6|-2,1=bA2;-1,0=wQ;-1,2=bG1;0,0=wA1;0,1=bA1;1,-1=wB1;1,1=bB1;2,1=bQ;3,1=wA2;4,0=wB2
94	14	1.000000	terminal	G1|w|14|7|7|-2,1=bA2;-2,3=bG2;-1,0=wQ;-1,2=bG1;0,0=wA1;0,1=bA1;1,-1=wB1;1,1=bB1;2,1=bQ;3,0=wB2;3,1=wA2
94	16	1.000000	terminal	G1|w|16|8|8|-2,1=bA2;-2,2=bB2;-2,3=bG2;-1,0=wQ;-1,2=bG1;0,0=wA1;0,1=bA1;1,-1=wB1;1,1=bB1;2,1=bQ;3,0=wB2;3,1=wA2;4,0=wA3
94	18	1.000000	terminal	G1|w|18|9|9|-2,-1=bG2;-2,0=wQ;-2,1=bA2;-2,2=bB2;-1,2=bG1;0,0=wA1;0,1=bA1;1,-1=wB1;1,1=bB1;2,1=bQ;3,0=wB2;3,1=wA2;4,0=wA3
94	20	1.000000	terminal	G1|w|20|10|10|-2,-1=bG2;-2,0=wQ;-2,1=bA2;-2,2=bB2;-1,2=bG1;0,0=wA1;0,1=bA1;0,2=bS1;1,-1=wB1;1,1=bB1;2,1=bQ;3,-1=wA3;3,0=wB2;3,1=wA2
94	22	1.000000	terminal	G1|w|22|11|11|-2,-1=bG2;-2,0=wQ;-2,1=bA2;-2,2=bB2;-1,2=bG1;0,0=wA1;0,1=bA1,bB1;0,2=bS1;1,-1=wB1;1,2=wA3;2,1=bQ;3,0=wB2;3,1=wA2
94	24	1.000000	terminal	G1|w|24|12|12|-2,-1=bG2;-2,0=wQ;-2,1=bA2;-2,2=bB2;-1,2=bG1,bB1;0,0=wA1;0,1=bA1;0,2=bS1;1,-1=wB1;1,2=wA3;2,1=bQ;3,0=wB2;4,-1=wA2
94	26	1.000000	terminal	G1|w|26|13|13|-3,2=bS2;-2,-1=bG2;-2,0=wQ;-2,1=bA2;-2,2=bB2;-1,2=bG1,bB1;0,0=wA1;0,1=bA1;0,2=bS1;1,-1=wB1;1,2=wA3;2,1=bQ;2,2=wA2;3,0=wB2
94	28	1.000000	terminal	G1|w|28|14|14|-3,2=bS2;-2,-1=bG2;-2,0=wQ;-2,1=bA2;-2,2=bB2;-2,3=bG3;-1,2=bG1,bB1;0,0=wA1;0,1=bA1;0,2=bS1;1,0=wB1;1,2=wA3;2,1=bQ;2,2=wA2;3,0=wB2
94	30	1.000000	terminal	G1|w|30|15|15|-3,2=bS2;-2,-1=bG2;-2,0=wQ;-2,1=bA2;-2,2=bB2;-2,3=bG3;-1,2=bG1,bB1;0,1=bA1;0,2=bS1;1,0=wB1;1,2=wA3;2,0=bQ;2,2=wA2;3,0=wB2;3,1=wA1
94	32	1.000000	terminal	G1|w|32|16|16|-3,2=bS2;-2,-1=bG2;-2,0=wQ;-2,1=bA2;-2,2=bB2;-2,3=bG3;-1,-1=bA1;-1,2=bG1,bB1;0,2=bS1;1,0=wB1;1,1=wA3;2,0=bQ;2,2=wA2;3,0=wB2;3,1=wA1
94	34	1.000000	terminal	G1|w|34|17|17|-3,2=bS2;-2,-1=bG2;-2,0=wQ;-2,1=bA2;-2,2=bB2;-2,3=bG3;-1,-1=bA1;-1,2=bG1,bB1;-1,3=bA3;0,2=bS1;1,0=wB1;1,1=wA3;2,0=bQ;2,1=wA2;3,0=wB2;3,1=wA1
94	36	1.000000	terminal	G1|w|36|18|18|-3,2=bS2;-2,-1=bG2;-2,0=wQ;-2,1=bA2;-2,2=bB2;-2,3=bG3;-1,-1=bA1;-1,0=bA3;-1,2=bG1,bB1;0,2=bS1;1,0=wB1;1,1=wA3;2,0=bQ;2,1=wA2;3,-1=wA1;3,0=wB2
94	38	1.000000	terminal	G1|w|38|19|19|-3,2=bS2;-2,-1=bG2;-2,0=wQ;-2,1=bA2;-2,2=bB2;-2,3=bG3;-1,-1=bA1;-1,0=bA3;-1,1=bB1;-1,2=bG1;0,-1=wA2;0,2=bS1;1,0=wB1;1,1=wA3;2,0=bQ;3,-1=wA1;3,0=wB2
94	40	1.000000	terminal	G1|w|40|20|20|-4,1=bA2;-3,0=wQ;-3,2=bS2;-2,-1=bG2;-2,2=bB2;-2,3=bG3;-1,-1=bA1;-1,0=bA3;-1,1=bB1;-1,2=bG1;0,-1=wA2;0,2=bS1;1,0=wB1;1,1=wA3;2,0=bQ;3,-1=wA1;3,0=wB2
94	42	1.000000	terminal	G1|w|42|21|21|-4,1=bA2;-3,0=wQ;-3,1=bS2;-2,-1=bG2;-2,2=bB2;-2,3=bG3;-1,-1=bA1;-1,0=bA3;-1,1=bB1;-1,2=bG1;0,2=bS1;1,0=wB1;1,1=wA3;2,0=bQ;2,1=wA2;3,-1=wA1;3,0=wB2
94	44	1.000000	terminal	G1|w|44|22|22|-4,1=bA2;-3,0=wQ;-3,1=bS2;-2,-1=bG2;-2,3=bG3;-1,-1=bA1;-1,0=bA3;-1,1=bB1,bB2;-1,2=bG1;0,2=bS1;1,0=wB1;1,1=wA3;2,0=bQ;2,1=wA2;2,2=wG1;3,-1=wA1;3,0=wB2
94	46	1.000000	terminal	G1|w|46|23|23|-4,1=bA2;-3,0=wQ;-3,1=bS2;-2,-1=bG2;-2,3=bG3;-1,-1=bA1;-1,0=bA3,bB2;-1,1=bB1;-1,2=bG1;0,2=bS1;1,0=wB1;1,1=wA3;2,0=bQ;2,1=wA2;2,2=wG1;3,-1=wA1;3,0=wB2;3,1=wG2
95	0	-0.664037	adjudicated	G1|w|0|0|0|
95	7	-0.664037	adjudicated	G1|b|7|4|3|-2,2=wG1;-1,1=wA2;0,-3=bS1;0,-2=bG2;0,-1=bG1;0,0=wA1;1,0=wQ
95	9	-0.664037	adjudicated	G1|b|9|5|4|-3,3=wG2;-2,2=wG1;-1,-3=bQ;-1,1=wA2;0,-3=bS1;0,-2=bG2;0,-1=bG1;0,0=wA1;1,0=wQ
95	11	-0.664037	adjudicated	G1|b|11|6|5|-3,3=wG2;-2,1=wB1;-2,2=wG1;-1,-3=bQ;-1,1=wA2;0,-3=bS1;0,-2=bG2;0,-1=bG1;0,0=wA1;1,-4=bB1;1,0=wQ
95	13	-0.664037	adjudicated	G1|b|13|7|6|-3,2=wG3;-3,3=wG2;-2,1=wB1;-2,2=wG1;-1,-3=bQ;-1,1=wA2;0,-3=bS1;0,-2=bG2;0,-1=bG1;0,0=wA1;1,-3=bB1;1,0=wQ
95	15	-0.664037	adjudicated	G1|b|15|8|7|-3,1=wB1;-3,2=wG3;-3,3=wG2;-2,2=wG1;-1,-3=bQ;-1,1=wA2;0,-3=bS1,bB1;0,-2=bG2;0,-1=bG1;0,0=wA1;1,0=wQ
95	17	-0.664037	adjudicated	G1|b|17|9|8|-4,1=wB2;-3,1=wB1;-3,2=wG3;-3,3=wG2;-2,2=wG1;-1,-3=bQ;-1,-1=bG3;-1,1=wA2;0,-3=bS1,bB1;0,-2=bG2;0,-1=bG1;0,0=wA1;1,0=wQ
95	19	-0.664037	adjudicated	G1|b|19|10|9|-4,1=wB2;-3,1=wB1;-3,2=wG3;-3,3=wG2;-2,2=wG1;-1,-3=bQ;-1,1=wA2;0,-3=bS1,bB1;0,-2=bG2;0,-1=bG1;0,0=wA1;1,-1=bG3;2,-1=wQ
95	21	-0.664037	adjudicated	G1|b|21|11|10|-5,1=wS1;-4,1=wB2;-3,1=wB1;-3,2=wG3;-3,3=wG2;-2,2=wG1;-1,-4=bA1;-1,-3=bQ;-1,1=wA2;0,-3=bS1,bB1;0,-2=bG2;0,-1=bG1;0,0=wA1;1,-1=bG3;2,-1=wQ
95	23	-0.664037	adjudicated	G1|b|23|12|11|-5,1=wS1;-4,1=wB2;-4,3=wA3;-3,1=wB1;-3,2=wG3;-3,3=wG2;-2,2=wG1;-1,-3=bQ;-1,1=wA2;0,-3=bS1,bB1;0,-2=bG2;0,-1=bG1;0,0=wA1;1,-1=bG3;2,-1=wQ;3,-1=bA1
95	25	-0.664037	adjudicated	G1|b|25|13|12|-5,1=wS1;-4,1=wB2;-3,1=wB1;-3,2=wG3;-3,3=wG2;-2,2=wG1;-1,-3=bQ;-1,1=wA2;0,-4=wA3;0,-3=bS1,bB1;0,-2=bG2;0,-1=bG1;0,0=wA1;1,-4=bA2;1,-1=bG3;2,-1=wQ;3,-1=bA1
95	27	-0.664037	adjudicated	G1|b|27|14|13|-5,1=wS1;-4,1=wB2;-3,0=wS2;-3,1=wB1;-3,2=wG3;-3,3=wG2;-2,2=wG1;-1,-4=bQ;-1,1=wA2;0,-4=wA3;0,-3=bS1,bB1;0,-2=bG2;0,-1=bG1;0,0=wA1;1,-4=bA2;1,-1=bG3;2,-1=wQ;3,-1=bA1
95	29	-0.664037	adjudicated	G1|b|29|15|14|-6,1=wS2;-5,1=wS1;-4,1=wB2;-3,1=wB1;-3,2=wG3;-3,3=wG2;-2,2=wG1;-1,-4=bQ;-1,1=wA2;0,-4=wA3;0,-3=bS1,bB1;0,-2=bG2;0,-1=bG1;0,0=wA1;1,-4=bA2;1,-1=bG3;2,-1=wQ;3,-1=bA1;3,0=bS2
95	31	-0.664037	adjudicated	G1|b|31|16|15|-5,1=wS1;-4,1=wB2;-3,0=wS2;-3,1=wB1;-3,2=wG3;-3,3=wG2;-2,2=wG1;-1,-4=bQ;-1,1=wA2;0,-4=wA3;0,-3=bS1,bB1;0,-2=bG2;0,-1=bG1;0,0=wA1;1,-1=bG3;2,-2=bA2;2,-1=wQ;3,-1=bA1;3,0=bS2
95	33	-0.664037	adjudicated	G1|b|33|17|16|-5,1=wS1;-4,1=wB2;-3,-2=wG2;-3,-1=bA2;-3,0=wS2;-3,1=wB1;-3,2=wG3;-2,2=wG1;-1,-4=bQ;-1,1=wA2;0,-4=wA3;0,-3=bS1,bB1;0,-2=bG2;0,-1=bG1;0,0=wA1;1,-1=bG3;2,-1=wQ;3,-1=bA1;3,0=bS2
95	35	-0.664037	adjudicated	G1|b|35|18|17|-5,1=wS1;-4,1=wB2;-3,-1=bA2;-3,0=wS2;-3,1=wB1;-3,2=wG3;-3,3=wG2;-2,2=wG1;-1,-4=bQ;-1,1=wA2;0,-4=wA3;0,-3=bS1,bB1;0,-2=bG2;0,-1=bG1;0,0=wA1;1,-1=bG3;2,-1=wQ;3,-2=bS2;3,-1=bA1
95	37	-0.664037	adjudicated	G1|b|37|19|18|-5,1=wS1;-4,1=wB2;-3,1=wB1;-3,2=wG3;-3,3=wG2;-2,2=wG1;-1,-4=bQ;-1,0=wS2;-1,1=wA2;0,-4=wA3;0,-3=bS1,bB1;0,-2=bG2;0,-1=bG1;0,0=wA1;1,-1=bG3;2,-1=wQ;2,0=bA2;3,-2=bS2;3,-1=bA1
95	39	-0.664037	adjudicated	G1|b|39|20|19|-5,1=wS1;-4,1=wB2;-3,1=wB1;-3,2=wG3;-3,3=wG2;-2,2=wG1;-1,-4=bQ;-1,-3=wS2;-1,1=wA2;0,-4=wA3;0,-3=bS1;0,-2=bG2;0,-1=bG1;0,0=wA1;1,-4=bB1;1,-1=bG3;2,-1=wQ;2,0=bA2;3,-2=bS2;3,-1=bA1
95	41	-0.664037	adjudicated	G1|b|41|21|20|-5,1=wS1;-4,1=wB2;-3,-3=wA3;-3,1=wB1;-3,2=wG3;-3,3=wG2;-2,-3=bQ;-2,2=wG1;-1,-3=wS2;-1,1=wA2;0,-3=bS1;0,-2=bG2;0,-1=bG1;0,0=wA1;1,-4=bB1;1,-1=bG3;2,-1=wQ;2,0=bA2;3,-2=bS2;3,-1=bA1
95	43	-0.664037	adjudicated	G1|b|43|22|21|-5,1=wS1;-4,1=wB2;-3,1=wB1;-3,2=wG3;-3,3=wG2;-2,-4=bA1;-2,-3=bQ;-2,2=wG1;-1,-4=wA3;-1,-3=wS2;-1,1=wA2;0,-3=bS1;0,-2=bG2;0,-1=bG1;0,0=wA1;1,-4=bB1;1,-1=bG3;2,-1=wQ;2,0=bA2;3,-2=bS2
95	45	-0.664037	adjudicated	G1|b|45|23|22|-5,1=wS1;-4,1=wB2;-3,0=wG2;-3,1=wB1;-3,2=wG3;-2,-5=bA2;-2,-4=bA1;-2,-3=bQ;-2,2=wG1;-1,-4=wA3;-1,-3=wS2;-1,1=wA2;0,-3=bS1;0,-2=bG2;0,-1=bG1;0,0=wA1;1,-4=bB1;1,-1=bG3;2,-1=wQ;3,-2=bS2
95	47	-0.664037	adjudicated	G1|b|47|24|23|-4,1=wB2;-3,-3=bQ;-3,0=wG2;-3,1=wB1;-3,2=wG3;-2,-5=bA2;-2,-4=bA1;-2,-1=wS1;-2,2=wG1;-1,-4=wA3;-1,-3=wS2;-1,1=wA2;0,-3=bS1;0,-2=bG2;0,-1=bG1;0,0=wA1;1,-4=bB1;1,-1=bG3;2,-1=wQ;3,-2=bS2
95	49	-0.664037	adjudicated	G1|b|49|25|24|-3,-3=bQ;-3,0=wG2;-3,1=wB1,wB2;-3,2=wG3;-2,-5=bA2;-2,-4=bA1;-2,-1=wS1;-2,2=wG1;-1,-4=wA3;-1,-3=wS2;-1,1=wA2;0,-3=bS1;0,-2=bG2;0,-1=bG1;0,0=wA1;1,-4=bB1;1,-1=bG3;2,-4=bA3;2,-1=wQ;3,-2=bS2
95	51	-0.664037	adjudicated	G1|b|51|26|25|-4,1=wB2;-3,-3=bQ;-3,0=wG2;-3,1=wB1;-3,2=wG3;-2,-5=bA2;-2,-4=bA1;-2,-1=wS1;-2,2=wG1;-1,-4=wA3;-1,-3=wS2;-1,1=wA2;0,-3=bS1;0,-2=bG2;0,-1=bG1;0,0=wA1;1,-4=bB1;1,-1=bG3;1,0=bA3;2,-1=wQ;3,-2=bS2
95	53	-0.664037	adjudicated	G1|b|53|27|26|-3,-3=bQ;-3,0=wG2;-3,1=wB1,wB2;-3,2=wG3;-2,-4=bA1;-2,-1=wS1;-2,2=wG1;-1,-4=wA3;-1,-3=wS2;-1,1=wA2;0,-3=bS1;0,-2=bG2;0,-1=bG1;0,0=wA1;1,-4=bB1;1,-1=bG3;1,0=bA3;2,-1=wQ;2,0=bA2;3,-2=bS2
95	55	-0.664037	adjudicated	G1|b|55|28|27|-3,-3=bQ;-3,0=wG2;-3,1=wB1;-3,2=wG3,wB2;-2,-4=bA1;-2,-1=wS1;-2,2=wG1;-1,-4=wA3;-1,-3=wS2;-1,1=wA2;0,-3=bS1;0,-2=bG2;0,-1=bG1;0,0=wA1;1,-4=bB1;1,-1=bG3;1,0=bA3;2,-1=wQ;2,0=bA2;3,-2=bS2;4,-2=bB2
95	57	-0.664037	adjudicated	G1|b|57|29|28|-3,-3=bQ;-3,0=wG2;-3,1=wB1;-3,2=wG3,wB2;-2,-4=bA1;-2,-1=wS1;-2,2=wG1;-1,-4=wA3;-1,-3=wS2;-1,1=wA2;0,-3=bS1;0,-2=bG2;0,-1=bG1;0,0=wA1;1,-4=bB1;1,-1=bG3;1,0=bA3;2,-2=bA2;2,0=wQ;3,-2=bS2;4,-2=bB2
95	59	-0.664037	adjudicated	G1|b|59|30|29|-3,-3=bQ;-3,0=wG2;-3,1=wB1;-3,2=wG3,wB2;-2,-4=bA1;-2,-1=wS1;-2,2=wG1;-1,-4=wA3;-1,-3=wS2;-1,1=wA2;0,-3=bS1;0,-2=bG2;0,-1=bG1;0,0=wA1;1,-4=bB1;1,-1=bG3;1,0=bA3;1,1=wQ;2,-2=bA2;3,-2=bS2;3,-1=bB2
95	61	-0.664037	adjudicated	G1|b|61|31|30|-4,2=wB2;-3,-3=bQ;-3,0=wG2;-3,1=wB1;-3,2=wG3;-2,-4=bA1;-2,-1=wS1;-2,2=wG1;-1,-4=wA3;-1,-3=wS2;-1,1=wA2;0,-3=bS1,bB1;0,-2=bG2;0,-1=bG1;0,0=wA1;1,-1=bG3;1,0=bA3;1,1=wQ;2,-2=bA2;3,-2=bS2;3,-1=bB2
95	63	-0.664037	adjudicated	G1|b|63|32|31|-4,2=wB2;-3,-3=bQ;-3,-2=wA2;-3,0=wG2;-3,1=wB1;-3,2=wG3;-2,-4=bA1;-2,-1=wS1;-2,2=wG1;-1,-4=wA3;-1,-3=wS2;-1,-2=bB1;0,-3=bS1;0,-2=bG2;0,-1=bG1;0,0=wA1;1,-1=bG3;1,0=bA3;1,1=wQ;2,-2=bA2;3,-2=bS2;3,-1=bB2
95	65	-0.664037	adjudicated	G1|b|65|33|32|-4,-2=wA1;-4,2=wB2;-3,-3=bQ;-3,-2=wA2;-3,0=wG2;-3,1=wB1;-3,2=wG3;-2,-4=bA1;-2,-1=wS1;-2,2=wG1;-1,-4=wA3;-1,-3=wS2;-1,-2=bB1;0,-2=bG2;0,-1=bG1;1,-1=bG3;1,0=bA3;1,1=wQ;2,-3=bS1;2,-2=bA2;3,-2=bS2;3,-1=bB2
95	67	-0.664037	adjudicated	G1|b|67|34|33|-4,-2=wA1;-4,1=wB2;-3,-3=bQ;-3,-2=wA2;-3,0=wG2;-3,1=wB1;-3,2=wG3;-2,-4=bA1;-2,-1=wS1;-2,2=wG1;-1,-4=wA3;-1,-3=wS2;-1,-2=bB1;0,-2=bG2;0,-1=bG1;1,-1=bG3;1,0=bA3;1,1=wQ;2,-2=bA2;3,-2=bS2;3,-1=bB2;4,-2=bS1
95	69	-0.664037	adjudicated	G1|b|69|35|34|-4,-2=wA1;-4,1=wB2;-3,-3=bQ;-3,-2=wA2;-3,0=wG2;-3,1=wB1;-3,2=wG3;-2,-4=bA1;-2,-1=wS1;-2,2=wG1;-1,-4=wA3;-1,-3=wS2;-1,-2=bB1;0,-2=bG2;0,-1=bG1;0,1=wQ;1,-1=bG3;1,0=bA3;2,-2=bA2;2,0=bS1;3,-2=bS2;3,-1=bB2
95	71	-0.664037	adjudicated	G1|b|71|36|35|-4,-2=wA1;-4,1=wB2;-3,-3=bQ;-3,-2=wA2;-3,0=wG2;-3,1=wB1;-3,2=wG3;-2,-4=bA1;-2,-1=wS1;-2,2=wG1;-1,-4=wA3;-1,-3=wS2;-1,-2=bB1;0,-2=bG2;0,-1=bG1;0,2=wQ;1,-1=bG3;1,0=bA3;1,1=bA2;2,0=bS1;3,-2=bS2;3,-1=bB2
95	73	-0.664037	adjudicated	G1|b|73|37|36|-4,-2=wA1;-4,1=wB2;-3,-3=bQ;-3,0=wG2;-3,1=wB1;-3,2=wG3;-2,-4=bA1;-2,-1=wS1;-2,2=wG1;-1,-4=wA3;-1,-3=wS2;-1,-2=bB1;0,-2=bG2;0,-1=bG1;0,2=wQ;1,-1=bG3;1,0=bA3;1,1=bA2;2,-2=wA2;2,0=bS1;3,-1=bB2;3,0=bS2
95	75	-0.664037	adjudicated	G1|b|75|38|37|-4,-3=wA2;-4,-2=wA1;-4,1=wB2;-3,-3=bQ;-3,0=wG2;-3,1=wB1;-3,2=wG3;-2,-4=bA1;-2,-1=wS1;-2,2=wG1;-1,-4=wA3;-1,-3=wS2;-1,-2=bB1;0,-2=bG2;0,-1=bG1;0,2=wQ;0,3=bS2;1,-1=bG3;1,0=bA3;1,1=bA2;2,0=bS1;3,-1=bB2
95	77	-0.664037	adjudicated	G1|b|77|39|38|-4,-3=wA2;-4,-2=wA1;-4,2=wB2;-3,-3=bQ;-3,0=wG2;-3,1=wB1;-3,2=wG3;-2,-4=bA1;-2,-1=wS1;-2,2=wG1;-1,-4=wA3;-1,-3=wS2;-1,-2=bB1;0,-2=bG2;0,-1=bG1;0,2=wQ;0,3=bS2;1,-1=bG3;1,0=bA3;1,1=bA2;2,-1=bB2;2,0=bS1
95	79	-0.664037	adjudicated	G1|b|79|40|39|-4,-2=wA1;-4,2=wB2;-3,-4=wA2;-3,-3=bQ;-3,0=wG2;-3,1=wB1;-3,2=wG3;-2,-4=bA1;-2,-1=wS1;-2,2=wG1;-1,-4=wA3;-1,-3=wS2;-1,-2=bB1;0,-2=bG2;0,-1=bG1;0,1=bA3;0,2=wQ;0,3=bS2;1,-1=bG3;1,1=bA2;2,-1=bB2;2,0=bS1
95	81	-0.664037	adjudicated	G1|b|81|41|40|-4,2=wB2;-3,-4=wA2;-3,-3=bQ;-3,0=wG2;-3,1=wB1;-3,2=wG3;-2,-4=bA1;-2,-3=wA1;-2,-1=wS1;-2,2=wG1;-1,-4=wA3;-1,-3=wS2;-1,-2=bB1;0,-2=bG2;0,-1=bG1;0,2=wQ;0,3=bS2;1,-1=bG3;1,0=bA3;1,1=bA2;2,-1=bB2;2,0=bS1
95	83	-0.664037	adjudicated	G1|b|83|42|41|-5,3=wA1;-4,-3=bQ;-4,2=wB2;-3,-4=wA2;-3,0=wG2;-3,1=wB1;-3,2=wG3;-2,-4=bA1;-2,-1=wS1;-2,2=wG1;-1,-4=wA3;-1,-3=wS2;-1,-2=bB1;0,-2=bG2;0,-1=bG1;0,2=wQ;0,3=bS2;1,-1=bG3;1,0=bA3;1,1=bA2;2,-1=bB2;2,0=bS1
95	85	-0.664037	adjudicated	G1|b|85|43|42|-4,-3=bQ;-4,2=wB2;-3,-4=wA2;-3,-1=wA1;-3,0=wG2;-3,1=wB1;-3,2=wG3;-2,-4=bA1;-2,-1=wS1;-2,2=wG1;-1,-4=wA3;-1,-3=wS2;-1,-2=bB1;-1,2=bA3;0,-2=bG2;0,-1=bG1;0,2=wQ;0,3=bS2;1,-1=bG3;1,1=bA2;2,-1=bB2;2,0=bS1
95	87	-0.664037	adjudicated	G1|b|87|44|43|-4,-4=wA1;-4,-3=bQ;-4,2=wB2;-3,-4=wA2;-3,0=wG2;-3,1=wB1;-3,2=wG3;-2,-4=bA1;-2,-1=wS1;-2,2=wG1;-1,-4=wA3;-1,-3=wS2;-1,-2=bB1;-1,2=bA3;0,-2=bG2;0,-1=bG1;0,2=wQ;0,3=bS2;1,-1=bG3;1,1=bA2;2,0=bS1,bB2
95	89	-0.664037	adjudicated	G1|b|89|45|44|-5,-3=bQ;-4,-4=wA1;-3,-4=wA2;-3,0=wG2;-3,1=wB1;-3,2=wG3,wB2;-2,-4=bA1;-2,-1=wS1;-2,2=wG1;-1,-4=wA3;-1,-3=wS2;-1,-2=bB1;-1,2=bA3;0,-2=bG2;0,-1=bG1;0,2=wQ;0,3=bS2;1,-1=bG3;1,1=bA2;2,0=bS1,bB2
95	91	-0.664037	adjudicated	G1|b|91|46|45|-5,-3=bQ;-4,-4=wA1;-4,3=wB2;-3,-4=wA2;-3,0=wG2;-3,1=wB1;-3,2=wG3;-2,-4=bA1;-2,-1=wS1;-2,2=wG1;-1,-4=wA3;-1,-3=wS2;-1,-2=bB1;-1,2=bA3;0,-2=bG2;0,-1=bG1;0,2=wQ;0,3=bS2;1,-1=bG3;1,1=bA2;2,-1=bB2;2,0=bS1
95	93	-0.664037	adjudicated	G1|b|93|47|46|-5,-3=bQ;-4,-4=wA1;-3,-4=wA2;-3,0=wG2;-3,1=wB1;-3,2=wG3;-3,3=wB2;-2,-4=bA1;-2,-1=wS1;-2,2=wG1;-1,-4=wA3;-1,-3=wS2;-1,-2=bB1;-1,2=bA3;0,-1=bG1;0,0=bG2;0,2=wQ;0,3=bS2;1,-1=bG3;1,1=bA2;2,-1=bB2;2,0=bS1
95	95	-0.664037	adjudicated	G1|b|95|48|47|-5,-3=bQ;-4,-4=wA1;-4,1=wB1;-3,-4=wA2;-3,0=wG2;-3,2=wG3;-3,3=wB2;-2,-4=bA1;-2,-1=wS1;-2,2=wG1;-1,-4=wA3;-1,-3=wS2;-1,-2=bB1;-1,2=bA3;0,-2=bG2;0,-1=bG1;0,2=wQ;0,3=bS2;1,-1=bG3;1,1=bA2;2,-1=bB2;2,0=bS1
96	0	0.921669	adjudicated	G1|w|0|0|0|
96	6	0.921669	adjudicated	G1|w|6|3|3|-2,1=bS1;-2,2=bS2;-1,0=bA1;0,0=wG1;1,0=wG2;2,0=wB1
96	8	0.921669	adjudicated	G1|w|8|4|4|-2,1=bS1;-2,2=bS2;-2,3=bQ;-1,0=bA1;0,0=wG1;1,0=wG2;2,-1=wQ;2,0=wB1
96	10	0.921669	adjudicated	G1|w|10|5|5|-2,0=bB1;-2,1=bS1;-2,2=bS2;-2,3=bQ;-1,0=bA1;0,0=wG1;1,0=wG2,wB1;2,-1=wQ
96	12	0.921669	adjudicated	G1|w|12|6|6|-3,1=bA2;-2,0=bB1;-2,1=bS1;-2,2=bS2;-2,3=bQ;-1,0=bA1;0,0=wG1;1,0=wG2;1,1=wB1;2,-1=wQ
96	14	0.921669	adjudicated	G1|w|14|7|7|-2,0=bB1;-2,1=bS1;-2,2=bS2;-2,3=bQ;-1,0=bA1;0,0=wG1;0,2=wA1;1,-1=bA2;1,0=wG2;1,1=wB1;2,-1=wQ
96	16	0.921669	adjudicated	G1|w|16|8|8|-3,3=bA3;-2,0=bB1;-2,1=bS1;-2,2=bS2;-2,3=bQ;-1,0=bA1;-1,3=wA1;0,0=wG1;1,-1=bA2;1,0=wG2;1,1=wB1;2,-1=wQ
96	18	0.921669	adjudicated	G1|w|18|9|9|-2,0=bB1;-2,1=bS1;-2,2=bS2;-2,3=bQ;-1,0=bA1;-1,3=wA1;0,0=wG1;1,-1=bA2;1,0=wG2;1,1=wB1;2,-2=wQ;2,-1=bA3
96	20	0.921669	adjudicated	G1|w|20|10|10|-2,0=bB1;-2,1=bS1;-2,2=bS2;-2,3=bQ;-1,0=bA1;-1,3=wA1;0,0=wG1;1,0=wG2;1,1=wB1;2,-1=bA3;3,-3=bA2;3,-2=wQ
96	22	0.921669	adjudicated	G1|w|22|11|11|-2,-1=bG1;-2,0=bB1;-2,1=bS1;-2,2=bS2;-2,3=bQ;-1,0=bA1;-1,3=wA1;-1,4=wS1;0,0=wG1;1,0=wG2;1,1=wB1;2,-1=bA3;3,-3=bA2;3,-2=wQ
96	24	0.921669	adjudicated	G1|w|24|12|12|-2,-1=bG1;-2,0=bB1;-2,1=bS1;-2,2=bS2;-2,3=bQ;-2,5=wS2;-1,0=bA1;-1,3=wA1;-1,4=wS1;0,0=wG1;1,0=wG2;1,1=wB1;2,-2=bA2;2,-1=bA3;3,-2=wQ
96	26	0.921669	adjudicated	G1|w|26|13|13|-3,2=bB2;-2,-1=bG1;-2,0=bB1;-2,1=bS1;-2,2=bS2;-2,3=bQ;-2,5=wS2;-1,0=bA1;-1,3=wA1;-1,4=wS1;0,0=wG1;1,0=wG2;1,1=wB1;2,-2=bA2;2,-1=bA3;3,-3=wQ
96	28	0.921669	adjudicated	G1|w|28|14|14|-3,2=bB2;-3,3=wS2;-2,-1=bG1;-2,0=bB1;-2,1=bS1;-2,3=bQ;-1,0=bA1;-1,3=wA1;-1,4=wS1;0,0=wG1;1,0=wG2;1,1=wB1;1,2=bS2;2,-2=bA2;2,-1=bA3;3,-3=wQ
96	30	0.921669	adjudicated	G1|w|30|15|15|-3,2=bB2;-3,3=wS2;-2,-1=bG1;-2,0=bB1;-2,1=bS1;-2,3=bQ;-1,0=bA1;-1,3=wA1;-1,4=wS1;0,0=wG1;0,1=wA2;1,0=wG2;1,1=wB1;2,-2=bA2;2,-1=bA3;3,-3=wQ;3,-1=bS2
96	32	0.921669	adjudicated	G1|w|32|16|16|-3,2=bB2;-3,3=wS2;-2,-1=bG1;-2,0=bB1;-2,1=bS1;-2,3=bQ;-1,0=bA1;-1,2=wA2;-1,3=wA1;-1,4=wS1;0,0=wG1;1,0=wG2;1,1=wB1;2,-2=bA2;2,-1=bA3;3,-3=wQ;4,-4=bS2
96	34	0.921669	adjudicated	G1|w|34|17|17|-3,1=wA2;-3,2=bB2;-3,3=wS2;-2,-1=bG1;-2,0=bB1;-2,1=bS1;-2,3=bQ;-1,0=bA1;-1,3=wA1;-1,4=wS1;0,0=wG1;1,0=wG2;1,1=wB1;2,-2=bA2;2,-1=bA3;3,-3=wQ;4,-4=bS2;5,-4=bG2
96	36	0.921669	adjudicated	G1|w|36|18|18|-3,1=wA2;-3,2=bB2;-3,3=wS2;-2,-1=bG1;-2,0=bB1;-2,1=bS1;-2,3=bQ;-1,0=bA1;-1,2=wS1;-1,3=wA1;0,0=wG1;1,0=wG2;1,1=wB1;2,-2=bA2;2,-1=bA3;3,-4=bG2;3,-3=wQ;4,-4=bS2
96	38	0.921669	adjudicated	G1|w|38|19|19|-3,2=bB2;-3,3=wS2;-3,4=wA2;-2,-1=bG1;-2,0=bB1;-2,1=bS1;-2,3=bQ;-1,0=bA1;-1,2=wS1;-1,3=wA1;0,0=wG1;1,0=wG2;1,1=wB1;2,-2=bA2;2,-1=bA3;3,-4=bG2;3,-3=wQ;3,-1=bG3;4,-4=bS2
96	40	0.921669	adjudicated	G1|w|40|20|20|-3,0=bA1;-3,2=bB2;-3,3=wS2;-3,4=wA2;-2,-1=bG1;-2,0=bB1;-2,1=bS1;-2,3=bQ;-1,2=wS1;-1,3=wA1;0,0=wG1;0,2=wA3;1,0=wG2;1,1=wB1;2,-2=bA2;2,-1=bA3;3,-4=bG2;3,-3=wQ;3,-1=bG3;4,-4=bS2
96	42	0.921669	adjudicated	G1|w|42|21|21|-3,2=bB2;-3,3=wS2;-3,4=wA2;-2,-1=bG1;-2,0=bB1;-2,1=bS1;-2,3=bQ;-1,2=wS1;-1,3=wA1;0,0=wG1;0,2=wA3;1,0=wG2;1,1=wB1;2,-2=bA2;2,-1=bA3;2,1=wG3;3,-4=bG2;3,-3=wQ;3,-1=bG3;4,-4=bS2;4,-3=bA1
96	44	0.921669	adjudicated	G1|w|44|22|22|-3,2=bB2;-3,3=wS2;-2,-1=bG1;-2,0=bB1;-2,1=bS1;-2,3=bQ;-2,4=wA2;-1,2=wS1;-1,3=wA1;0,0=wG1;0,2=wA3;1,0=wG2;1,1=wB1;2,-2=bA2;2,-1=bA3;2,1=wG3;3,-3=wQ;3,-2=bG2;3,-1=bG3;4,-4=bS2;4,-3=bA1
96	46	0.921669	adjudicated	G1|w|46|23|23|-3,2=bB2;-3,3=wS2;-2,-1=bG1;-2,0=bB1;-2,1=bS1;-2,3=bQ;-2,4=wA2;-1,2=wS1;-1,3=wA1;0,0=wG1;0,2=wA3;1,0=wG2;1,1=wB1;2,-4=bS2;2,-3=wQ;2,-2=bA2;2,-1=bA3;2,1=wG3;3,-2=bG2;3,-1=bG3;4,-3=bA1
96	48	0.921669	adjudicated	G1|w|48|24|24|-3,2=bB2;-3,3=wS2;-2,-1=bG1;-2,0=bB1;-2,1=bS1;-2,3=bQ;-2,4=wA2;-1,2=wS1;-1,3=wA1;0,-1=wB2;0,0=wG1;0,2=wA3;1,0=wG2;1,1=wB1;2,-4=bS2;2,-3=wQ;2,-2=bA2;2,-1=bA3;2,1=wG3;3,-4=bA1;3,-2=bG2;3,-1=bG3
96	50	0.921669	adjudicated	G1|w|50|25|25|-3,2=bB2;-3,3=wS2;-2,-1=bG1;-2,0=bB1;-2,1=bS1;-2,3=bQ;-2,4=wA2;-1,0=wB2;-1,2=wS1;-1,3=wA1;0,0=wG1;0,2=wA3;1,0=wG2;1,1=wB1;2,-4=bS2;2,-3=wQ;2,-2=bA2;2,-1=bA3;2,1=wG3;3,-4=bA1;3,-3=bG3;3,-2=bG2
96	52	0.921669	adjudicated	G1|w|52|26|26|-3,2=bB2;-3,3=wS2;-2,-1=bG1;-2,0=bB1;-2,1=bS1;-2,3=bQ;-2,4=wA2;-1,0=wB2;-1,2=wS1;-1,3=wA1;0,-2=bG2;0,0=wG1;0,2=wA3;1,-2=wQ;1,0=wG2;1,1=wB1;2,-4=bS2;2,-2=bA2;2,-1=bA3;2,1=wG3;3,-4=bA1;3,-3=bG3
96	54	0.921669	adjudicated	G1|w|54|27|27|-3,2=bB2;-3,3=wS2;-3,4=wA3;-2,-1=bG1;-2,0=bB1;-2,1=bS1;-2,3=bQ;-2,4=wA2;-1,0=wB2;-1,2=wS1;-1,3=wA1;0,-2=bG2;0,0=wG1;1,-2=wQ;1,0=wG2;1,1=wB1;2,-2=bA2;2,-1=bA3;2,1=wG3;3,-4=bA1;3,-3=bG3;4,-4=bS2
96	56	0.921669	adjudicated	G1|w|56|28|28|-3,2=bB2;-3,3=wS2;-3,4=wA3;-2,-1=bG1;-2,0=bB1;-2,1=bS1;-2,3=bQ;-2,4=wA2;-1,0=wB2;-1,2=wS1;-1,3=wA1;0,-2=bG2;0,0=wG1;0,1=wG3;1,-2=wQ;1,0=wG2;1,1=wB1;2,-3=bA1;2,-2=bA2;2,-1=bA3;3,-3=bG3;4,-4=bS2
96	58	0.921669	adjudicated	G1|w|58|29|29|-3,2=bB2;-3,3=wS2;-3,4=wA3;-3,5=bA1;-2,-1=bG1;-2,0=bB1,wB2;-2,1=bS1;-2,3=bQ;-2,4=wA2;-1,2=wS1;-1,3=wA1;0,-2=bG2;0,0=wG1;0,1=wG3;1,-2=wQ;1,0=wG2;1,1=wB1;2,-2=bA2;2,-1=bA3;3,-3=bG3;4,-4=bS2
96	60	0.921669	adjudicated	G1|w|60|30|30|-3,2=bB2;-3,3=wS2;-3,4=wA3;-2,-1=bG1;-2,0=bB1;-2,1=bS1;-2,3=bQ;-2,4=wA2;-1,-1=wB2;-1,2=wS1;-1,3=wA1;0,-2=bG2;0,0=wG1;0,1=wG3;1,-3=bA1;1,-2=wQ;1,0=wG2;1,1=wB1;2,-2=bA2;2,-1=bA3;3,-3=bG3;4,-4=bS2
96	62	0.921669	adjudicated	G1|w|62|31|31|-3,2=bB2;-3,3=wS2;-3,4=wA3;-2,0=bB1;-2,1=bS1;-2,3=bQ;-2,4=wA2;-1,-1=wB2;-1,2=wS1;-1,3=wA1;0,-2=bG2;0,-1=bG1;0,0=wG1;1,-3=bA1;1,-2=wQ;1,0=wG2;1,1=wB1;2,-2=bA2;2,-1=bA3;3,-3=bG3;3,-2=wG3;4,-4=bS2
96	64	0.921669	adjudicated	G1|w|64|32|32|-3,2=bB2;-3,3=wS2;-3,4=wA3;-2,0=bB1;-2,1=bS1;-2,3=bQ;-2,4=wA2;-1,-1=wB2;-1,2=wS1;-1,3=wA1;0,-2=bG2;0,-1=bG1;0,0=wG1;1,-3=bA1;1,-2=wQ;1,0=wG2;1,1=wB1;2,-4=bA3;2,-2=bA2;3,-4=wG3;3,-3=bG3;4,-4=bS2
96	66	0.921669	adjudicated	G1|w|66|33|33|-3,2=bB2;-3,3=wS2;-3,4=wA3;-2,0=bB1;-2,1=bS1;-2,3=bQ;-2,4=wA2;-1,-1=wB2;-1,2=wS1;-1,3=wA1;0,-2=bG2;0,-1=bG1;0,0=wG1;1,-3=bA1;1,-2=wQ;1,-1=bG3;1,0=wG2,wB1;2,-4=bA3;2,-2=bA2;3,-4=wG3;4,-4=bS2
96	68	0.921669	adjudicated	G1|w|68|34|34|-3,2=bB2;-3,3=wS2;-3,4=wA3;-2,0=bB1;-2,1=bS1;-2,3=bQ;-2,4=wA2;-1,-1=wB2;-1,2=wS1;-1,3=wA1;0,-2=bG2;0,0=wG1,wB1;1,-3=bA1;1,-2=wQ;1,-1=bG3;1,0=wG2;2,-4=bA3;2,-3=bG1;2,-2=bA2;3,-4=wG3;4,-4=bS2
96	70	0.921669	adjudicated	G1|w|70|35|35|-3,2=bB2;-3,3=wS2;-3,4=wA3;-2,0=bB1;-2,1=bS1;-2,3=bQ;-2,4=wA2;-1,-1=wB2;-1,2=wS1;-1,3=wA1;0,-2=bG2;0,-1=bG1;0,0=wG1;0,1=wB1;1,-3=bA1;1,-2=wQ;1,-1=bG3;1,0=wG2;2,-4=bA3;2,-2=bA2;3,-4=wG3;4,-4=bS2
96	72	0.921669	adjudicated	G1|w|72|36|36|-3,2=bB2;-3,3=wS2;-3,4=wA3;-2,0=bB1;-2,1=bS1;-2,3=bQ;-2,4=wA2;-1,-1=wB2;-1,2=wS1;-1,3=wA1;0,-2=bG2;0,-1=bG1;0,0=wG1;1,-3=bA1;1,-2=wQ;1,-1=bG3;1,0=wG2;1,1=wB1;2,-4=bA3;3,-5=bA2;3,-4=wG3;4,-4=bS2
96	74	0.921669	adjudicated	G1|w|74|37|37|-3,2=bB2;-3,3=wS2;-3,4=wA3;-2,0=bB1;-2,1=bS1;-2,3=bQ;-2,4=wA2;-1,-1=wB2;-1,2=wS1;-1,3=wA1;0,-2=bG2;0,-1=bG1;0,0=wG1;1,-3=bA1;1,-1=bG3;1,0=wG2;1,1=wB1;2,-4=bA3;2,-2=wQ;3,-4=wG3;4,-4=bS2;5,-5=bA2
96	76	0.921669	adjudicated	G1|w|76|38|38|-3,2=bB2;-3,3=wS2;-3,4=wA3;-2,0=bB1;-2,1=bS1;-2,3=bQ;-2,4=wA2;-1,-1=wB2;-1,2=wS1;-1,3=wA1;0,-2=bG2;0,-1=bG1;0,0=wG1;1,-3=bA1;1,-1=bG3;1,0=wG2;2,-4=bA3;2,-2=wQ;2,0=wB1;3,-4=wG3;3,-3=bA2;4,-4=bS2
96	78	0.921669	adjudicated	G1|w|78|39|39|-3,2=bB2;-3,3=wS2;-3,4=wA3;-2,0=bB1;-2,1=bS1;-2,3=bQ;-2,4=wA2;-1,-1=wB2;-1,2=wS1;-1,3=wA1;0,-2=bG2;0,-1=bG1;0,0=wG1;1,-3=bA1;1,-1=bG3;1,0=wG2;2,-4=bA3;2,0=wB1;3,-4=wG3;3,-3=bA2;3,-2=wQ;3,-1=bS2
96	80	0.921669	adjudicated	G1|w|80|40|40|-3,2=bB2;-3,3=wS2;-3,4=wA3;-2,0=bB1;-2,1=bS1;-2,3=bQ;-2,4=wA2;-1,-1=wB2;-1,2=wS1;-1,3=wA1;0,-2=bG2;0,-1=bG1;0,0=wG1;1,-3=bA1;1,-1=bG3;1,0=wG2;2,-4=bA3;2,0=wB1;3,-4=wG3;3,-3=bA2;3,-2=bS2;4,-3=wQ
96	82	0.921669	adjudicated	G1|w|82|41|41|-3,2=bB2;-3,3=wS2;-3,4=wA3;-2,0=bB1;-2,1=bS1;-2,3=bQ;-2,4=wA2;-1,-1=wB2;-1,2=wS1;-1,3=wA1;0,-2=bG2;0,-1=bG1;0,0=wG1;1,-3=bA1;1,0=wG2;1,1=bG3;2,-4=bA3;2,0=wB1;3,-4=wG3;3,-3=bA2;3,-2=bS2;4,-2=wQ
96	84	0.921669	adjudicated	G1|w|84|42|42|-3,2=bB2;-3,3=wS2;-3,4=wA3;-2,0=bB1;-2,1=bS1;-2,3=bQ;-2,4=wA2;-1,-1=wB2;-1,2=wS1;-1,3=wA1;0,-2=bG2;0,-1=bG1;0,0=wG1;1,-3=bA1;1,0=wG2;1,1=bG3;2,-1=wB1;3,-4=wG3;3,-3=bA2;3,-2=bS2;4,-2=wQ;5,-2=bA3
96	86	0.921669	adjudicated	G1|w|86|43|43|-3,2=bB2;-3,3=wS2;-3,4=wA3;-2,-1=wA2;-2,0=bB1;-2,1=bS1;-2,3=bQ;-1,-1=wB2;-1,2=wS1;-1,3=wA1;0,-2=bG2;0,-1=bG1;0,0=wG1;1,0=wG2;1,1=bG3;2,-1=wB1;3,-4=wG3;3,-3=bA2;3,-2=bS2;3,-1=bA1;4,-2=wQ;5,-2=bA3
96	88	0.921669	adjudicated	G1|w|88|44|44|-3,2=bB2;-3,3=wS2;-3,4=wA3;-2,0=bB1;-2,1=bS1;-2,3=bQ;-2,4=wA2;-1,-1=wB2;-1,2=wS1;-1,3=wA1;0,-2=bG2;0,-1=bG1;0,0=wG1;1,0=wG2;1,1=bG3;2,-1=wB1;3,-4=wG3;3,-3=bA2;3,-2=bS2;4,-2=wQ;4,-1=bA1;5,-2=bA3
96	90	0.921669	adjudicated	G1|w|90|45|45|-3,2=bB2;-3,3=wS2;-2,0=bB1;-2,1=bS1;-2,3=bQ;-2,4=wA2;-1,-1=wB2;-1,2=wS1;-1,3=wA1;0,-2=bG2;0,-1=bG1;0,0=wG1;1,0=wG2;1,1=bG3;2,-3=wA3;2,-1=wB1;3,-4=wG3;3,-3=bA2;3,-2=bS2;3,-1=bA3;4,-2=wQ;4,-1=bA1
96	92	0.921669	adjudicated	G1|w|92|46|46|-3,2=bB2;-3,3=wS2;-3,4=wA1;-2,0=bB1;-2,1=bS1;-2,3=bQ;-2,4=wA2;-1,-1=wB2;-1,2=wS1;0,-2=bG2;0,-1=bG1;0,0=wG1;1,0=wG2;1,1=bG3;2,-3=wA3;2,-1=wB1;3,-4=wG3;3,-3=bA2;3,-2=bS2;4,-3=bA3;4,-2=wQ;4,-1=bA1
96	94	0.921669	adjudicated	G1|w|94|47|47|-3,2=bB2;-3,3=wS2;-3,4=wA1;-2,0=bB1;-2,1=bS1;-2,3=bQ;-2,4=wA2;-1,-1=wB2;-1,2=wS1;-1,3=wA3;0,-2=bG2;0,-1=bG1;0,0=wG1;1,0=wG2;1,1=bG3;2,-1=wB1;2,0=bA1;3,-4=wG3;3,-3=bA2;3,-2=bS2;4,-3=bA3;4,-2=wQ
96	96	0.921669	adjudicated	G1|w|96|48|48|-3,2=bB2;-3,3=wS2;-3,4=wA1;-2,0=bB1;-2,1=bS1;-2,3=bQ;-2,4=wA2;-2,5=bA1;-1,-1=wB2;-1,2=wS1;-1,3=wA3;0,-2=bG2;0,-1=bG1;0,0=wG1;1,0=wG2;1,1=bG3;2,-1=wB1;3,-4=wG3;3,-3=bA2;3,-2=bS2;4,-3=bA3;5,-3=wQ
97	0	1.000000	terminal	G1|w|0|0|0|
97	7	1.000000	terminal	G1|b|7|4|3|-1,-1=wB1;0,-1=wG2;0,0=wG1;1,-2=wQ;1,0=bS1;1,1=bS2;2,0=bB1
97	9	1.000000	terminal	G1|b|9|5|4|-1,-2=wA1;-1,-1=wB1;0,-1=wG2;0,0=wG1;1,-2=wQ;1,0=bS1;1,1=bS2;2,-1=bQ;2,0=bB1
97	11	1.000000	terminal	G1|b|11|6|5|-1,-1=wB1;0,-1=wG2;0,0=wG1;1,-2=wQ;1,0=bS1;1,1=bS2;2,-1=bQ;2,0=bB1;3,-2=wA1;3,-1=bB2
97	13	1.000000	terminal	G1|b|13|7|6|-1,-1=wB1;0,-1=wG2;0,0=wG1;1,-2=wQ;1,0=bS1;1,1=bS2;2,-1=bQ;3,-2=wA1;3,-1=bB2;3,0=bB1;4,-3=wB2
97	15	1.000000	terminal	G1|b|15|8|7|-2,-1=wS1;-1,-1=wB1;0,-1=wG2;0,0=wG1;1,-2=wQ;1,0=bS1;1,1=bS2;2,-1=bQ;3,-2=wA1;3,-1=bB2;3,0=bB1;3,1=bA1;4,-3=wB2
97	17	1.000000	terminal	G1|b|17|9|8|-2,-1=wS1;-1,-1=wB1;0,-1=wG2;0,0=wG1;1,-3=bA1;1,-2=wQ;1,0=bS1;1,1=bS2;2,-1=bQ;3,-2=wA1;3,-1=bB2;3,0=bB1;4,-3=wB2;5,-3=wG3
97	19	1.000000	terminal	G1|b|19|10|9|-2,-1=wS1;-1,-1=wB1;0,-3=bG1;0,-1=wG2;0,0=wG1;1,-3=bA1;1,-2=wQ;1,0=bS1;1,1=bS2;2,-1=bQ;3,-3=wS2;3,-2=wA1;3,-1=bB2;3,0=bB1;4,-3=wB2;5,-3=wG3
97	21	1.000000	terminal	G1|b|21|11|10|-2,-1=wS1;-1,-1=wB1;0,-1=wG2;1,-3=bA1;1,-2=wQ;1,0=bS1;1,1=bS2;2,-3=bG1;2,-1=bQ;2,0=wG1;3,-3=wS2;3,-2=wA1;3,-1=bB2;3,0=bB1;4,-3=wB2;5,-3=wG3
97	23	1.000000	terminal	G1|b|23|12|11|-2,-1=wS1;-1,-1=wB1;0,-1=wG2;1,-2=wQ;1,0=bS1;1,1=bS2;2,-4=bA1;2,-3=bG1;2,-1=bQ;3,-3=wS2;3,-2=wA1;3,-1=bB2;3,0=bB1;4,-3=wB2;4,0=wG1;5,-3=wG3
97	25	1.000000	terminal	G1|b|25|13|12|-2,-1=wS1;-1,-1=wB1;0,-1=wG2;1,-3=bA1;1,-2=wQ;1,0=bS1;1,1=bS2;2,-3=bG1;2,-1=bQ;3,-3=wS2;3,-2=wA1;3,-1=bB2;3,0=bB1;4,-3=wB2;4,0=wG1;5,-3=wG3;6,-4=wA2
97	27	1.000000	terminal	G1|b|27|14|13|-2,-1=wS1;-1,-1=wB1;0,-1=wG2;0,1=bG2;1,-3=bA1;1,-2=wQ;1,0=bS1;1,1=bS2;2,-3=bG1;2,-1=bQ;2,0=wG1;3,-3=wS2;3,-2=wA1;3,-1=bB2;3,0=bB1;4,-3=wB2;5,-3=wG3;6,-4=wA2
97	29	1.000000	terminal	G1|b|29|15|14|-2,-1=wS1;-1,-1=wB1;0,-1=wG2;0,1=bG2;1,-3=bA1;1,-2=wQ;1,-1=bQ;1,0=bS1;1,1=bS2;2,-3=bG1;2,-1=wA1;2,0=wG1;3,-3=wS2;3,-1=bB2;3,0=bB1;4,-3=wB2;5,-3=wG3;6,-4=wA2
97	31	1.000000	terminal	G1|b|31|16|15|-1,-1=wB1;0,-1=wG2;0,0=wS1;0,1=bG2;1,-3=bA1;1,-2=wQ;1,-1=bQ;1,0=bS1;1,1=bS2;2,-3=bG1;2,-1=wA1;2,0=wG1;3,-3=wS2;3,-2=bB2;3,0=bB1;4,-3=wB2;5,-3=wG3;6,-4=wA2
97	33	1.000000	terminal	G1|b|33|17|16|-1,-1=wB1;0,-2=bG2;0,-1=wG2;0,0=wS1;1,-3=bA1;1,-2=wQ;1,-1=bQ;1,0=bS1;1,1=bS2;2,-3=bG1;2,-1=wA1;2,0=wG1;3,-3=wS2;3,-2=bB2;3,0=bB1;4,-3=wB2;5,-4=wA3;5,-3=wG3;6,-4=wA2
97	35	1.000000	terminal	G1|b|35|18|17|-1,-1=wB1;0,-2=bG2;0,-1=wG2;0,0=wS1;1,-3=bA1;1,-2=wQ;1,-1=bQ;1,0=bS1;1,1=bS2;2,-3=bG1;2,-1=wA1;2,0=wG1;2,1=wA2;3,-3=wS2;3,-2=bB2;3,0=bB1;4,-3=wB2;4,-1=bG3;5,-4=wA3;5,-3=wG3
97	37	1.000000	terminal	G1|b|37|19|18|-1,-1=wB1;0,-2=bG2;0,-1=wG2;0,0=wS1;1,-3=bA1;1,-2=wQ;1,-1=bQ;1,0=bS1;1,1=bS2;2,-4=bA2;2,-3=bG1;2,-1=wA1;2,0=wG1;2,1=wA2;3,-3=wS2;3,-2=bB2;3,0=bB1;4,-3=wB2;4,-1=bG3;4,0=wA3;5,-3=wG3
97	39	1.000000	terminal	G1|b|39|20|19|-1,-1=wB1;0,-2=bG2;0,-1=wG2;0,0=wS1;1,-2=wQ;1,-1=bQ;1,0=bS1;1,1=bS2;2,-4=bA2;2,-3=bG1;2,-2=wG1;2,-1=wA1;2,1=wA2;3,-4=bA1;3,-3=wS2;3,-2=bB2;3,0=bB1;4,-3=wB2;4,-1=bG3;4,0=wA3;5,-3=wG3
98	0	0.664037	adjudicated	G1|w|0|0|0|
98	6	0.664037	adjudicated	G1|w|6|3|3|0,0=wA1;0,1=bB1;0,2=bG1;1,-2=wA2;1,-1=wB1;1,1=bS1
98	8	0.664037	adjudicated	G1|w|8|4|4|-1,3=bQ;0,-2=wQ;0,0=wA1;0,1=bB1;0,2=bG1;1,-2=wA2;1,-1=wB1;1,1=bS1
98	10	0.664037	adjudicated	G1|w|10|5|5|-1,3=bQ;0,-2=wQ;0,0=wA1;0,1=bB1;0,2=bG1;1,-2=wA2;1,-1=wB1;1,1=bS1;2,-2=wG1;2,1=bA1
98	12	0.664037	adjudicated	G1|w|12|6|6|-1,3=bQ;0,-2=wQ;0,0=wA1;0,1=bB1;0,2=bG1;1,-3=bA1;1,-2=wA2;1,-1=wB1;1,1=bS1;2,-3=wS1;2,-2=wG1
98	14	0.664037	adjudicated	G1|w|14|7|7|-1,3=bQ;0,-2=wQ;0,0=wA1;0,1=bB1;0,2=bG1;1,-3=bA1;1,-2=wA2;1,-1=wB1;1,1=bS1;2,-3=wS1;2,-2=wG1;2,0=bG2;3,-4=wB2
98	16	0.664037	adjudicated	G1|w|16|8|8|-2,4=bG2;-1,3=bQ;0,-3=wQ;0,0=wA1;0,1=bB1;0,2=bG1;1,-3=bA1;1,-2=wA2;1,-1=wB1;1,1=bS1;2,-3=wS1;2,-2=wG1;3,-4=wB2
98	18	0.664037	adjudicated	G1|w|18|9|9|-1,3=bQ;-1,4=wA2;0,-3=wQ;0,0=wA1;0,1=bB1;0,2=bG1;1,-3=bA1;1,-1=wB1;1,1=bS1;2,-3=wS1;2,-2=wG1;2,0=bG2;3,-4=wB2
98	20	0.664037	adjudicated	G1|w|20|10|10|-1,3=bQ;-1,4=wA2;0,-3=wQ;0,0=wA1;0,1=bB1;0,2=bG1;1,-3=bA1;1,-1=wB1;1,1=bS1;1,2=bG3;2,-3=wS1;2,-2=wG1;2,0=bG2;3,-3=wB2
98	22	0.664037	adjudicated	G1|w|22|11|11|-1,3=bQ;-1,4=wA2;-1,5=wS2;0,-3=wQ;0,0=wA1;0,1=bB1;0,2=bG1;1,-3=bA1;1,-1=wB1;1,1=bS1;1,2=bG3;2,-3=wS1;2,-2=wG1;2,0=bG2;2,2=bB2;3,-3=wB2
98	24	0.664037	adjudicated	G1|w|24|12|12|-2,3=wS2;-1,3=bQ;-1,4=wA2;0,-3=wQ;0,0=wA1;0,1=bB1;0,2=bG1;1,-3=bA1;1,-1=wB1;1,1=bS1;1,2=bG3;1,3=bS2;2,-3=wS1;2,-2=wG1;2,0=bG2;2,2=bB2;3,-3=wB2
98	26	0.664037	adjudicated	G1|w|26|13|13|-2,3=wS2;-2,4=bQ;-1,2=wA2;0,-3=wQ;0,0=wA1;0,1=bB1;0,2=bG1;1,-3=bA1;1,-1=wB1;1,1=bS1;1,2=bG3;1,3=bS2;2,-3=wS1;2,-2=wG1;2,0=bG2;2,2=bB2;3,-3=wB2
98	28	0.664037	adjudicated	G1|w|28|14|14|-3,3=wG2;-2,3=wS2;-2,4=bQ;-1,2=wA2;0,-3=wQ;0,0=wA1;0,1=bB1;0,2=bG1;1,-3=bA1;1,-1=wB1;1,1=bS1;1,2=bG3;1,3=bS2;2,-3=wS1;2,-2=wG1;2,0=bG2;2,3=bB2;3,-3=wB2
98	30	0.664037	adjudicated	G1|w|30|15|15|-3,4=bQ;-2,3=wS2;-1,2=wA2;-1,3=wG2;0,-3=wQ;0,0=wA1;0,1=bB1;0,2=bG1;1,-3=bA1;1,-1=wB1;1,1=bS1;1,2=bG3;1,3=bS2;2,-3=wS1;2,-2=wG1;2,0=bG2;2,3=bB2;3,-3=wB2
98	32	0.664037	adjudicated	G1|w|32|16|16|-4,5=wA2;-3,4=bQ;-2,3=wS2;-1,3=wG2;0,-3=wQ;0,0=wA1;0,1=bB1;0,2=bG1;1,-3=bA1;1,-1=wB1;1,1=bS1;1,2=bG3;1,3=bS2;2,-3=wS1;2,-2=wG1;2,0=bG2;2,3=bB2;3,-3=wB2;3,3=bA2
98	34	0.664037	adjudicated	G1|w|34|17|17|-3,4=bQ;-2,3=wS2;-1,0=wA2;-1,3=wG2;0,-3=wQ;0,0=wA1;0,1=bB1;0,2=bG1;1,-4=bA2;1,-3=bA1;1,-1=wB1;1,1=bS1;1,2=bG3;1,3=bS2;2,-3=wS1;2,-2=wG1;2,0=bG2;2,3=bB2;3,-3=wB2
98	36	0.664037	adjudicated	G1|w|36|18|18|-4,4=bQ;-3,3=wA2;-2,3=wS2;-1,3=wG2;0,-3=wQ;0,0=wA1;0,1=bB1;0,2=bG1;1,-4=bA2;1,-3=bA1;1,-1=wB1;1,1=bS1;1,2=bG3;1,3=bS2;2,-3=wS1;2,-2=wG1;2,0=bG2;2,3=bB2;3,-3=wB2
98	38	0.664037	adjudicated	G1|w|38|19|19|-4,4=bQ;-3,3=wA2;-2,3=wS2;-1,3=wG2;-1,4=wA3;0,-4=bA2;0,-3=wQ;0,0=wA1;0,1=bB1;0,2=bG1;1,-3=bA1;1,-1=wB1;1,1=bS1;1,2=bG3;1,3=bS2;2,-3=wS1;2,-2=wG1;2,0=bG2;2,3=bB2;3,-3=wB2
98	40	0.664037	adjudicated	G1|w|40|20|20|-4,4=bQ;-4,5=wA3;-3,3=wA2;-2,3=wS2;-1,3=wG2;0,-4=bA2;0,-3=wQ;0,0=wA1;0,1=bB1;0,2=bG1;1,-3=bA1;1,-1=wB1;1,1=bS1;1,2=bG3;1,3=bS2;2,-3=wS1;2,-2=wG1;2,0=bG2;2,3=bB2;3,-3=wB2;3,0=bA3
98	42	0.664037	adjudicated	G1|w|42|21|21|-4,4=bQ;-4,5=wA3;-3,3=wA2;-2,3=wS2;-1,3=wG2;0,-3=wQ;0,0=wA1;0,1=bB1;0,2=bG1;0,3=bA2;1,-3=bA1;1,-1=wB1;1,1=bS1;1,2=bG3;1,3=bS2;2,-3=wS1;2,-2=wG1,wB2;2,0=bG2;2,3=bB2;3,0=bA3
98	44	0.664037	adjudicated	G1|w|44|22|22|-5,4=wA3;-4,4=bQ;-3,3=wA2;-2,3=wS2;-1,3=wG2;0,-4=bA2;0,-3=wQ;0,0=wA1;0,1=bB1;0,2=bG1;1,-3=bA1;1,-1=wB1;1,1=bS1;1,2=bG3;1,3=bS2;2,-3=wS1;2,-2=wG1,wB2;2,0=bG2;2,3=bB2;3,0=bA3
98	46	0.664037	adjudicated	G1|w|46|23|23|-5,3=wG3;-5,4=wA3;-4,4=bQ;-3,3=wA2;-2,3=wS2;-1,3=wG2;0,-4=bA2;0,-3=wQ;0,-2=bA3;0,0=wA1;0,1=bB1;0,2=bG1;1,-3=bA1;1,-1=wB1;1,1=bS1;1,2=bG3;1,3=bS2;2,-3=wS1;2,-2=wG1,wB2;2,0=bG2;2,3=bB2
98	48	0.664037	adjudicated	G1|w|48|24|24|-5,3=wG3;-5,4=wA3;-4,4=bQ;-3,3=wA2;-2,3=wS2;-1,-2=bA2;-1,3=wG2;0,-3=wQ;0,-2=bA3;0,0=wA1;0,1=bB1;0,2=bG1;1,-3=bA1;1,-1=wB1;1,1=bS1;1,2=bG3;1,3=bS2;2,-3=wS1;2,-2=wG1;2,0=bG2;2,3=bB2;3,-2=wB2
98	50	0.664037	adjudicated	G1|w|50|25|25|-5,3=wG3;-5,4=wA3;-4,4=bQ;-3,3=wA2;-2,3=wS2;-1,3=wG2;0,-3=bA2;0,-2=bA3;0,0=wA1;0,1=bB1;0,2=bG1;1,-4=wQ;1,-3=bA1;1,-1=wB1;1,1=bS1;1,2=bG3;1,3=bS2;2,-3=wS1;2,-2=wG1;2,0=bG2;2,3=bB2;3,-2=wB2
98	52	0.664037	adjudicated	G1|w|52|26|26|-5,4=wA3;-5,5=wG3;-4,4=bQ;-3,3=wA2;-2,3=wS2;-1,3=wG2;0,-3=bA2;0,0=wA1;0,1=bB1;0,2=bG1;1,-4=wQ;1,-3=bA1;1,-1=wB1;1,1=bS1;1,2=bG3;1,3=bS2;2,-4=bA3;2,-3=wS1;2,-2=wG1;2,0=bG2;2,3=bB2;3,-2=wB2
98	54	0.664037	adjudicated	G1|w|54|27|27|-5,4=wA3;-5,5=wG3;-4,4=bQ;-3,3=wA2;-2,3=wS2;-1,-3=bA3;-1,3=wG2;0,-4=wQ;0,-3=bA2;0,0=wA1;0,1=bB1;0,2=bG1;1,-3=bA1;1,-1=wB1;1,1=bS1;1,2=bG3;1,3=bS2;2,-3=wS1;2,-2=wG1;2,0=bG2;2,3=bB2;3,-2=wB2
98	56	0.664037	adjudicated	G1|w|56|28|28|-5,4=wA3;-5,5=wG3;-4,4=bQ;-3,3=wA2;-2,3=wS2;-1,-4=wQ;-1,-3=bA3;-1,3=wG2;0,-3=bA2;0,0=wA1;0,1=bB1;0,2=bG1;1,-3=bA1;1,-1=wB1;1,1=bS1;1,2=bG3;1,3=bS2;1,4=bB2;2,-3=wS1;2,-2=wG1;2,0=bG2;3,-2=wB2
98	58	0.664037	adjudicated	G1|w|58|29|29|-5,5=wG3;-4,4=bQ;-4,5=wA3;-3,3=wA2;-2,3=wS2;-1,-4=wQ;-1,-3=bA3;-1,3=wG2;0,-3=bA2;0,0=wA1;0,1=bB1;0,2=bG1;1,-3=bA1;1,-1=wB1;1,1=bS1;1,2=bG3;1,3=bS2,bB2;2,-3=wS1;2,-2=wG1;2,0=bG2;3,-2=wB2
98	60	0.664037	adjudicated	G1|w|60|30|30|-5,5=wG3;-4,4=bQ;-4,5=wA3;-3,3=wA2;-2,-3=wQ;-2,3=wS2;-2,4=bG2;-1,-3=bA3;-1,3=wG2;0,-3=bA2;0,0=wA1;0,1=bB1;0,2=bG1;1,-3=bA1;1,-1=wB1;1,1=bS1;1,2=bG3;1,3=bS2,bB2;2,-3=wS1;2,-2=wG1;3,-2=wB2
98	62	0.664037	adjudicated	G1|w|62|31|31|-5,5=wG3;-4,4=bQ;-3,3=wA2;-2,-3=wQ;-2,3=wS2;-1,-3=bA3;-1,3=wG2;0,-3=bA2;0,0=wA1;0,1=bB1;0,2=bG1;1,-3=bA1;1,-1=wB1;1,1=bS1;1,2=bG3;1,3=bS2,bB2;2,-3=wS1;2,-2=wG1;2,0=bG2;3,-2=wB2;4,-2=wA3
98	64	0.664037	adjudicated	G1|w|64|32|32|-5,5=wG3;-4,4=bQ;-4,5=wA3;-3,3=wA2;-2,-3=wQ;-2,3=wS2;-2,4=bG2;-1,-3=bA3;-1,3=wG2;0,-3=bA2;0,0=wA1;0,1=bB1;0,2=bG1;1,-3=bA1;1,-1=wB1;1,1=bS1;1,2=bG3;1,3=bS2,bB2;2,-3=wS1;2,-2=wG1;3,-2=wB2
98	66	0.664037	adjudicated	G1|w|66|33|33|-5,5=wG3;-4,4=bQ;-4,5=wA3;-3,3=wA2;-2,-3=wQ;-2,3=wS2;-2,4=bG2;-1,-3=bA3;-1,3=wG2;0,-3=bA2;0,0=wA1;0,1=bB1;0,2=bG1;1,-3=bA1;1,-1=wB1;1,2=bG3;1,3=bS2,bB2;2,-3=wS1;2,-2=wG1;3,-3=wB2;3,-2=bS1
98	68	0.664037	adjudicated	G1|w|68|34|34|-5,5=wG3;-4,4=bQ;-4,5=wA3;-3,3=wA2;-2,-2=wQ;-2,3=wS2;-2,4=bG2;-1,-3=bA3;-1,3=wG2;0,-3=bA2;0,0=wA1;0,1=bB1;0,2=bG1;1,-3=bA1;1,-1=wB1;1,2=bG3;1,3=bS2;2,-3=wS1;2,-2=wG1;2,3=bB2;3,-3=wB2;3,-2=bS1
98	70	0.664037	adjudicated	G1|w|70|35|35|-5,5=wG3;-4,4=bQ;-4,5=wA3;-3,3=wA2;-2,-2=wQ;-2,3=wS2;-2,4=bG2;-1,-3=bA3;-1,3=wG2;0,-3=bA2;0,0=wA1;0,1=bB1;0,2=bG1;1,-3=bA1;1,-1=wB1;1,2=bG3;1,3=bS2;1,4=bB2;2,-3=wS1;2,-2=wG1;3,-2=bS1;4,-3=wB2
98	72	0.664037	adjudicated	G1|w|72|36|36|-5,5=wG3;-4,4=bQ;-4,5=wA3;-3,3=wA2;-2,-3=wQ;-2,3=wS2;-2,4=bG2;-1,-3=bA3;-1,3=wG2;0,-3=bA2;0,0=wA1;0,1=bB1;0,2=bG1;1,-3=bA1;1,-1=wB1;1,2=bG3;1,3=bS2;2,-3=wS1;2,-2=wG1;2,3=bB2;3,-2=bS1;4,-3=wB2
98	74	0.664037	adjudicated	G1|w|74|37|37|-5,5=wG3;-4,4=bQ;-4,5=wA3;-3,3=wA2;-2,-2=wQ;-2,3=wS2;-2,4=bG2;-1,-3=bA3;-1,3=wG2;0,-3=bA2;0,0=wA1;0,1=bB1;0,2=bG1;1,-3=bA1;1,-1=wB1;1,2=bG3;1,3=bS2,bB2;2,-3=wS1;2,-2=wG1;3,-2=bS1;4,-3=wB2
98	76	0.664037	adjudicated	G1|w|76|38|38|-5,5=wG3;-4,4=bQ;-4,5=wA3;-3,3=wA2;-2,-2=wQ;-2,3=wS2;-1,-3=bA3;-1,3=wG2;0,-3=bA2;0,0=wA1;0,1=bB1;0,2=bG1;1,-3=bA1;1,-1=wB1;1,1=bG2;1,2=bG3;1,3=bS2,bB2;2,-3=wS1;2,-2=wG1;3,-2=bS1,wB2
98	78	0.664037	adjudicated	G1|w|78|39|39|-5,5=wG3;-4,4=bQ;-4,5=wA3;-3,3=wA2;-2,-2=wQ;-2,3=wS2;-1,-3=bA3;-1,3=wG2;0,-3=bA2;0,0=wA1;0,1=bB1;0,2=bG1;1,-3=bA1;1,-1=wB1;1,1=bG2;1,2=bG3;1,3=bS2;1,4=bB2;2,-3=wS1;2,-2=wG1;3,-3=wB2;3,-2=bS1
98	80	0.664037	adjudicated	G1|w|80|40|40|-5,5=wG3;-4,4=bQ;-4,5=wA3;-3,3=wA2;-2,-2=wQ;-2,3=wS2;-1,-3=bA3;-1,3=wG2;0,-3=bA2;0,0=wA1;0,1=bB1;0,2=bG1;1,-3=bA1;1,-1=wB1;1,1=bG2;1,2=bG3;1,3=bS2,bB2;2,-3=wS1;2,-2=wG1;3,-4=wB2;3,-2=bS1
98	82	0.664037	adjudicated	G1|w|82|41|41|-5,5=wG3;-4,4=bQ;-4,5=wA3;-3,3=wA2;-2,-2=wQ;-2,3=wS2;-2,4=bG2;-1,-3=bA3;-1,3=wG2;0,-3=bA2;0,0=wA1;0,1=bB1;0,2=bG1;1,-3=bA1;1,-1=wB1;1,2=bG3;1,3=bS2,bB2;2,-3=wS1,wB2;2,-2=wG1;3,-2=bS1
98	84	0.664037	adjudicated	G1|w|84|42|42|-5,5=wG3;-4,4=bQ;-3,3=wA2;-2,-2=wQ;-2,3=wS2;-2,4=bG2;-1,-3=bA3;-1,3=wG2;0,-3=bA2;0,0=wA1;0,1=bB1;0,2=bG1;1,-3=bA1;1,-2=wA3;1,-1=wB1;1,1=bS1;1,2=bG3;1,3=bS2,bB2;2,-3=wS1,wB2;2,-2=wG1
98	86	0.664037	adjudicated	G1|w|86|43|43|-5,4=wA3;-5,5=wG3;-4,4=bQ;-3,3=wA2;-2,-2=wQ;-2,3=wS2;-2,4=bG2;-1,-3=bA3;-1,3=wG2;0,-3=bA2;0,0=wA1;0,1=bB1;0,2=bG1;1,-3=bA1;1,-1=wB1;1,2=bG3;1,3=bS2,bB2;2,-3=wS1,wB2;2,-2=wG1;2,3=bS1
98	88	0.664037	adjudicated	G1|w|88|44|44|-5,4=wA3;-5,5=wG3;-4,4=bQ;-3,3=wA2;-2,-2=wQ;-2,3=wS2;-2,4=bG2;-1,-3=bA3;-1,3=wG2;0,-3=bA2;0,0=wA1;0,1=bB1;0,2=bG1;1,-3=bA1;1,-2=wB2;1,-1=wB1;1,1=bS1;1,2=bG3;1,3=bS2,bB2;2,-3=wS1;2,-2=wG1
98	90	0.664037	adjudicated	G1|w|90|45|45|-5,5=wG3;-4,3=wA3;-4,4=bQ;-3,3=wA2;-2,-2=wQ;-2,3=wS2;-2,4=bG2;-1,-3=bA3;-1,3=wG2;0,-3=bA2;0,0=wA1;0,1=bB1;0,2=bG1;1,-3=bA1;1,-2=wB2;1,-1=wB1;1,1=bS1;1,2=bG3,bB2;1,3=bS2;2,-3=wS1;2,-2=wG1
98	92	0.664037	adjudicated	G1|w|92|46|46|-5,5=wG3;-4,3=wA3;-4,4=bQ;-3,3=wA2;-2,-2=wQ;-2,2=bG2;-2,3=wS2;-1,-3=bA3;-1,3=wG2;0,-3=bA2;0,-1=wB2;0,0=wA1;0,1=bB1;0,2=bG1;1,-3=bA1;1,-1=wB1;1,1=bS1;1,2=bG3,bB2;1,3=bS2;2,-3=wS1;2,-2=wG1
98	94	0.664037	adjudicated	G1|w|94|47|47|-5,5=wG3;-4,4=bQ;-3,3=wA2;-2,-2=wQ;-2,-1=wA3;-2,2=bG2;-2,3=wS2;-1,-3=bA3;-1,3=wG2;0,-3=bA2;0,-1=wB2;0,0=wA1;0,1=bB1;0,2=bG1;1,-3=bA1;1,-1=wB1;1,2=bG3,bB2;1,3=bS2;2,-3=wS1;2,-2=wG1;2,3=bS1
98	96	0.664037	adjudicated	G1|w|96|48|48|-5,5=wG3;-4,3=wA3;-4,4=bQ;-3,3=wA2;-2,-2=wQ;-2,2=bG2;-2,3=wS2;-1,-3=bA3;-1,3=wG2;0,-3=bA2;0,-1=wB2;0,0=wA1;0,1=bB1;0,2=bG1;0,3=bS1;1,-3=bA1;1,-1=wB1;1,2=bG3,bB2;1,3=bS2;2,-3=wS1;2,-2=wG1
99	0	0.000000	adjudicated	G1|w|0|0|0|
99	7	0.000000	adjudicated	G1|b|7|4|3|-2,1=wQ;-1,1=wS1;0,0=wG1;0,1=wG2;1,-2=bG1;1,-1=bA1;2,-1=bG2
99	9	0.000000	adjudicated	G1|b|9|5|4|-2,1=wQ;-1,1=wS1;0,0=wG1;0,1=wG2;0,2=wG3;1,-2=bG1;1,-1=bA1;2,-3=bQ;2,-1=bG2
99	11	0.000000	adjudicated	G1|b|11|6|5|-2,1=wQ;-1,1=wS1;-1,3=wS2;0,0=wG1;0,1=wG2;0,2=wG3;1,-2=bG1;1,-1=bA1;2,-3=bQ;2,-1=bG2;2,0=bS1
99	13	0.000000	adjudicated	G1|b|13|7|6|-2,1=wQ;-1,1=wS1;-1,3=wS2;0,0=wG1;0,1=wG2;0,2=wG3;1,-2=bG1;1,-1=bA1;1,2=wA1;2,-3=bQ;2,-1=bG2;2,0=bS1;3,0=bG3
99	15	0.000000	adjudicated	G1|b|15|8|7|-2,1=wQ;-1,1=wS1;-1,3=wS2;0,0=wG1;0,1=wG2;0,2=wG3;1,-2=bG1;1,-1=bA1;2,-3=bQ;2,-2=wA1;2,-1=bG2;2,0=bS1;3,0=bG3;4,0=bB1
99	17	0.000000	adjudicated	G1|b|17|9|8|-2,1=wQ;-1,1=wS1;-1,3=wS2;0,-3=wA1;0,0=wG1;0,1=wG2;0,2=wG3;1,-3=bQ;1,-2=bG1;1,-1=bA1;2,-1=bG2;2,0=bS1;3,0=bG3;4,0=bB1
99	19	0.000000	adjudicated	G1|b|19|10|9|-2,1=wQ;-1,1=wS1;-1,3=wS2;0,-3=wA1;0,0=wG1;0,1=wG2;0,2=wG3;1,-3=bQ;1,-2=bG1;1,-1=bA1;1,2=wB1;2,-1=bG2;2,0=bS1;3,-2=bB2;3,0=bG3;4,0=bB1
99	21	0.000000	adjudicated	G1|b|21|11|10|-2,1=wQ;-1,1=wS1;-1,3=wS2;0,-3=wA1;0,0=wG1;0,1=wG2;0,2=wG3;1,-3=bQ;1,-2=bG1;1,-1=bA1;1,2=wB1;2,-1=bG2;2,0=bS1;2,2=wA2;3,-2=bB2;3,0=bG3;4,-1=bS2;4,0=bB1
99	23	0.000000	adjudicated	G1|b|23|12|11|-2,1=wQ;-1,1=wS1;-1,3=wS2;0,-3=wA1;0,0=wG1;0,1=wG2;0,2=wG3;1,-4=wA2;1,-3=bQ;1,-2=bG1;1,-1=bA1;1,2=wB1;2,-2=bA2;2,-1=bG2;2,0=bS1;3,-2=bB2;3,0=bG3;4,-1=bS2;4,0=bB1
99	25	0.000000	adjudicated	G1|b|25|13|12|-2,0=bA2;-2,1=wQ;-1,1=wS1;-1,3=wS2;0,-3=wA1;0,0=wG1;0,1=wG2;0,2=wG3;0,3=wB1;1,-4=wA2;1,-3=bQ;1,-2=bG1;1,-1=bA1;2,-1=bG2;2,0=bS1;3,-2=bB2;3,0=bG3;4,-1=bS2;4,0=bB1
99	27	0.000000	adjudicated	G1|b|27|14|13|-3,2=wA1;-2,-1=bA3;-2,0=bA2;-2,1=wQ;-1,1=wS1;-1,3=wS2;0,0=wG1;0,1=wG2;0,2=wG3;0,3=wB1;1,-4=wA2;1,-3=bQ;1,-2=bG1;1,-1=bA1;2,-1=bG2;2,0=bS1;3,-2=bB2;3,0=bG3;4,-1=bS2;4,0=bB1
99	29	0.000000	adjudicated	G1|b|29|15|14|-2,0=bA2;-2,1=wQ;-1,0=bA3;-1,1=wS1;-1,3=wS2;0,0=wG1;0,1=wG2;0,2=wG3;0,3=wB1;1,-4=wA2;1,-3=bQ;1,-2=bG1;1,-1=bA1;2,-1=bG2;2,0=bS1;3,-2=bB2;3,0=bG3;4,-2=wA1;4,-1=bS2;4,0=bB1
99	31	0.000000	adjudicated	G1|b|31|16|15|-3,1=wQ;-2,0=bA2;-1,0=bA3;-1,1=wS1;-1,3=wS2;0,0=wG1;0,1=wG2;0,2=wG3;0,3=wB1;1,-4=wA2;1,-3=bQ;1,-2=bG1;1,-1=bA1;2,-1=bG2;2,0=bS1;3,-2=bB2;3,0=bG3,bB1;4,-2=wA1;4,-1=bS2
99	33	0.000000	adjudicated	G1|b|33|17|16|-3,1=wQ;-2,0=bA2;-1,0=bA3;-1,1=wS1;-1,3=wS2;0,0=wG1;0,1=wG2;0,2=wG3;0,3=wB1;1,-4=wA2;1,-3=bQ;1,-2=bG1;1,-1=bA1;2,-3=wA1;2,-1=bG2;2,0=bS1,bB1;3,-2=bB2;3,0=bG3;4,-1=bS2
99	35	0.000000	adjudicated	G1|b|35|18|17|-3,1=wQ;-2,0=bA2;-1,0=bA3;-1,1=wS1;-1,3=wS2;0,0=wG1;0,1=wG2;0,2=wG3;1,-4=wA2;1,-3=bQ;1,-2=bG1;1,-1=bA1;1,2=wB1;2,-3=wA1;2,-1=bG2;2,0=bS1,bB1;3,-2=bB2;3,0=bG3;4,-3=bS2
99	37	0.000000	adjudicated	G1|b|37|19|18|-3,1=wQ;-2,0=bA2;-1,0=bA3;-1,1=wS1;-1,3=wS2;0,0=wG1;0,1=wG2;0,2=wG3;1,-5=wA3;1,-4=wA2;1,-3=bQ;1,-2=bG1;1,-1=bA1;1,2=wB1;2,-3=wA1;2,-1=bG2;2,0=bS1;3,-2=bB2;3,-1=bB1;3,0=bG3;4,-3=bS2
99	39	0.000000	adjudicated	G1|b|39|20|19|-3,1=wQ;-2,0=bA2;-1,0=bA3;-1,1=wS1;-1,3=wS2;0,-3=wA3;0,0=wG1;0,1=wG2;0,2=wG3;1,-4=wA2;1,-3=bQ;1,-2=bG1;1,-1=bA1;1,2=wB1;1,3=bS1;2,-3=wA1;2,-1=bG2;3,-2=bB2;3,-1=bB1;3,0=bG3;4,-3=bS2
99	41	0.000000	adjudicated	G1|b|41|21|20|-3,1=wQ;-2,0=bA2;-1,0=bA3;-1,1=wS1;-1,3=wS2;0,-4=wB2;0,-3=wA3;0,0=wG1;0,1=wG2;0,2=wG3;1,-4=wA2;1,-3=bQ;1,-2=bG1;1,-1=bA1;1,2=wB1;1,3=bS1;2,-3=wA1;2,-1=bG2;3,-2=bB2;3,-1=bB1;3,0=bG3;4,0=bS2
99	43	0.000000	adjudicated	G1|b|43|22|21|-3,1=wQ;-2,0=bA2;-1,0=bA3;-1,1=wS1;-1,3=wS2;0,-4=wB2;0,-3=wA3;0,0=wG1;0,1=wG2;0,2=wG3;1,-4=wA2;1,-3=bQ;1,-2=bG1;1,-1=bA1;1,1=bS1;1,2=wB1;2,-1=bG2;3,-3=wA1;3,-2=bB2;3,-1=bB1;3,0=bG3;4,0=bS2
99	45	0.000000	adjudicated	G1|b|45|23|22|-3,1=wQ;-2,0=bA2;-1,0=bA3;-1,1=wS1;-1,3=wS2;0,-4=wB2;0,-3=wA3;0,0=wG1;0,1=wG2;0,2=wG3;1,-4=wA2;1,-3=bQ;1,-2=bG1;1,-1=bA1;1,2=wB1;1,3=bS1;2,-4=wA1;2,-1=bG2;3,-2=bB2;3,-1=bB1;3,0=bG3;4,0=bS2
99	47	0.000000	adjudicated	G1|b|47|24|23|-4,1=wA1;-3,1=wQ;-2,0=bA2;-1,0=bA3;-1,1=wS1;-1,3=wS2;0,-4=wB2;0,-3=wA3;0,0=wG1;0,1=wG2;0,2=wG3;1,-4=wA2;1,-3=bQ;1,-2=bG1;1,-1=bA1;1,2=wB1;2,-1=bG2;2,0=bS1;3,-2=bB2;3,-1=bB1;3,0=bG3;4,0=bS2
99	49	0.000000	adjudicated	G1|b|49|25|24|-3,1=wQ;-2,0=bA2;-1,0=bA3;-1,1=wS1;-1,3=wS2;0,-4=wB2;0,-3=wA3;0,0=wG1;0,1=wG2;0,2=wG3;1,-4=wA2;1,-3=bQ;1,-2=bG1;1,-1=bA1;1,2=wB1;2,-3=wA1;2,-1=bG2;2,0=bS1;2,2=bS2;3,-2=bB2;3,-1=bB1;3,0=bG3
99	51	0.000000	adjudicated	G1|b|51|26|25|-3,1=wQ;-2,0=bA2;-1,0=bA3;-1,1=wS1;-1,3=wS2;0,-4=wB2;0,0=wG1;0,1=wG2;0,2=wG3;1,-4=wA2;1,-3=bQ;1,-2=bG1;1,-1=bA1;1,2=wB1;2,-3=wA1;2,-1=bG2;2,0=bS1;2,1=wA3;2,2=bS2;3,-3=bG3;3,-2=bB2;3,-1=bB1
99	53	0.000000	adjudicated	G1|b|53|27|26|-3,1=wQ;-2,0=bA2;-1,0=bA3;-1,1=wS1;-1,3=wS2;0,-4=wB2;0,0=wG1;0,1=wG2;0,2=wG3;1,-4=wA2;1,-3=bQ;1,-2=wA3;1,-1=bA1;1,0=bG1;1,2=wB1;2,-3=wA1;2,-1=bG2;2,0=bS1;2,2=bS2;3,-3=bG3;3,-2=bB2;3,-1=bB1
99	55	0.000000	adjudicated	G1|b|55|28|27|-4,1=wQ;-3,0=bG1;-2,0=bA2;-1,0=bA3;-1,1=wS1;-1,3=wS2;0,-4=wB2;0,0=wG1;0,1=wG2;0,2=wG3;1,-4=wA2;1,-3=bQ;1,-2=wA3;1,-1=bA1;1,2=wB1;2,-3=wA1;2,-1=bG2;2,0=bS1;2,2=bS2;3,-3=bG3;3,-2=bB2;3,-1=bB1
99	57	0.000000	adjudicated	G1|b|57|29|28|-4,1=wQ;-3,0=bG1;-2,0=bA2;-1,0=bA3;-1,1=wS1;-1,3=wS2;0,-4=wB2;0,0=wG1;0,1=wG2;0,2=wG3;1,-5=wA1;1,-4=wA2;1,-3=bQ;1,-2=wA3;1,-1=bA1;1,2=wB1;2,-1=bG2;2,1=bS1;2,2=bS2;3,-3=bG3;3,-2=bB2;3,-1=bB1
99	59	0.000000	adjudicated	G1|b|59|30|29|-4,1=wQ;-3,0=bG1;-2,0=bA2;-1,0=bA3;-1,1=wS1;-1,3=wS2;0,-4=wB2;0,0=wG1;0,1=wG2;0,2=wG3;1,-4=wA2;1,-3=bQ;1,-2=wA3;1,-1=bA1;1,2=wB1;2,-3=wA1;2,-1=bG2;2,1=bS1;2,2=bS2;3,-3=bG3;3,-2=bB2,bB1
99	61	0.000000	adjudicated	G1|b|61|31|30|-4,1=wQ;-3,0=bG1;-2,0=bA2;-1,0=bA3;-1,1=wS1;-1,3=wS2;0,-3=wB2;0,0=wG1;0,1=wG2;0,2=wG3;1,-4=wA2;1,-3=bQ;1,-2=wA3;1,-1=bA1;1,2=wB1;2,-3=wA1;2,-1=bG2;2,2=bS2;2,3=bS1;3,-3=bG3;3,-2=bB2,bB1
99	63	0.000000	adjudicated	G1|b|63|32|31|-4,1=wQ;-3,0=bG1;-2,0=bA2;-1,0=bA3;-1,1=wS1;-1,3=wS2;0,-3=wB2;0,-2=wA1;0,0=wG1;0,1=wG2;0,2=wG3;1,-4=wA2;1,-3=bQ;1,-2=wA3;1,-1=bA1;1,2=wB1;2,-1=bG2;2,2=bS2;2,3=bS1;3,-3=bG3;3,-2=bB2;3,-1=bB1
99	65	0.000000	adjudicated	G1|b|65|33|32|-4,0=wQ;-3,0=bG1;-2,0=bA2;-1,0=bA3;-1,1=wS1;-1,3=wS2;0,-3=wB2;0,-2=wA1;0,0=wG1;0,1=wG2;0,2=wG3;1,-4=wA2;1,-2=wA3;1,-1=bA1;1,2=wB1;2,-4=bQ;2,-1=bG2;2,2=bS2;2,3=bS1;3,-3=bG3;3,-2=bB2;3,-1=bB1
99	67	0.000000	adjudicated	G1|b|67|34|33|-4,0=wQ;-3,0=bG1;-2,0=bA2;-2,4=wS1;-1,0=bA3;-1,3=wS2;0,-3=wB2;0,-2=wA1;0,0=wG1;0,1=wG2;0,2=wG3;1,-4=wA2;1,-2=wA3;1,-1=bA1;1,2=wB1;2,-4=bQ;2,-1=bG2;2,2=bS2;2,3=bS1;3,-2=bB2;3,-1=bB1;3,0=bG3
99	69	0.000000	adjudicated	G1|b|69|35|34|-4,1=wQ;-3,0=bG1;-2,0=bA2;-2,4=wS1;-1,0=bA3;-1,3=wS2;0,-3=wB2;0,-2=wA1;0,0=wG1;0,1=wG2;0,2=wG3;1,-4=wA2;1,-2=wA3;1,-1=bA1;1,2=wB1;2,-4=bQ;2,-1=bG2;2,2=bS2;2,3=bS1;3,-3=bG3;3,-2=bB2;3,-1=bB1
99	71	0.000000	adjudicated	G1|b|71|36|35|-4,0=wQ;-3,0=bG1;-2,0=bA2;-2,4=wS1;-1,0=bA3;-1,3=wS2;0,-3=wB2;0,-2=wA1;0,0=wG1;0,1=wG2;0,2=wG3;1,-4=wA2;1,-2=wA3;1,-1=bA1;1,2=wB1;2,-4=bQ;2,-1=bG2;2,2=bS2;2,3=bS1;3,-3=bG3;3,-2=bB2;4,-2=bB1
99	73	0.000000	adjudicated	G1|b|73|37|36|-4,0=wQ;-3,0=bG1;-2,0=bA2;-1,0=bA3;-1,3=wS2;0,-3=wB2;0,-2=wA1;0,0=wG1;0,1=wG2;0,2=wG3;1,-4=wA2;1,-2=wA3;1,-1=bA1;1,2=wB1;1,3=wS1;2,-5=bQ;2,-1=bG2;2,2=bS2;2,3=bS1;3,-3=bG3;3,-2=bB2;4,-2=bB1
99	75	0.000000	adjudicated	G1|b|75|38|37|-4,0=wQ;-3,0=bG1;-2,0=bA2;-1,0=bA3;-1,3=wS2;0,-3=wB2;0,-2=wA1;0,0=wG1;0,1=wG2;0,2=wG3,wB1;0,3=bS1;1,-4=wA2;1,-2=wA3;1,-1=bA1;1,3=wS1;2,-5=bQ;2,-1=bG2;2,2=bS2;3,-3=bG3;3,-2=bB2;4,-2=bB1
99	77	0.000000	adjudicated	G1|b|77|39|38|-4,0=wQ;-3,0=bG1;-2,0=bA2;-1,0=bA3;-1,3=wS2;0,-3=wB2;0,-2=wA1;0,0=wG1;0,1=wG2;0,2=wG3;0,3=bS1,wB1;1,-4=wA2;1,-2=wA3;1,-1=bA1;1,3=wS1;2,-5=bQ;2,-1=bG2;2,2=bS2;3,-3=bG3;3,-2=bB2;4,-3=bB1
99	79	0.000000	adjudicated	G1|b|79|40|39|-4,1=wQ;-3,0=bG1;-2,0=bA2;-1,0=bA3;-1,3=wS2;0,-3=wB2;0,-2=wA1;0,0=wG1;0,1=wG2;0,2=wG3;0,3=bS1,wB1;1,-4=wA2;1,-2=wA3;1,-1=bA1;1,3=wS1;2,-4=bQ;2,-1=bG2;2,2=bS2;3,-3=bG3;3,-2=bB2;4,-3=bB1
99	81	0.000000	adjudicated	G1|b|81|41|40|-4,1=wQ;-3,0=bG1;-2,0=bA2;-1,0=bA3;-1,3=wS2;0,-3=wB2;0,-2=wA1;0,0=wG1;0,1=wG2;0,2=wG3;0,3=bS1;0,4=wB1;1,-4=wA2;1,-2=wA3;1,-1=bA1;1,3=wS1;2,-4=bQ;2,-1=bG2;2,2=bS2;3,-3=bG3,bB1;3,-2=bB2
99	83	0.000000	adjudicated	G1|b|83|42|41|-4,1=wQ;-3,0=bG1;-2,0=bA2;-1,0=bA3;-1,3=wS2;0,-3=wB2;0,-2=wA1;0,0=wG1;0,1=wG2;0,2=wG3;0,3=bS1;1,-4=wA2;1,-2=wA3;1,-1=bA1;1,3=wS1,wB1;2,-4=bQ;2,-1=bG2;2,2=bS2;3,-3=bG3;3,-2=bB2;4,-4=bB1
99	85	0.000000	adjudicated	G1|b|85|43|42|-4,1=wQ;-3,0=bG1;-2,0=bA2;-1,0=bA3;-1,3=wS2;0,-3=wB2;0,-2=wA1;0,0=wG1;0,1=wG2;0,2=wG3;0,3=bS1;1,-4=wA2;1,-2=wA3;1,-1=bA1;1,3=wS1;2,-5=bQ;2,-1=bG2;2,2=bS2,wB1;3,-3=bG3;3,-2=bB2;4,-4=bB1
99	87	0.000000	adjudicated	G1|b|87|44|43|-4,1=wQ;-3,0=bG1;-2,0=bA2;-2,1=wS2;-1,0=bA3;0,-3=wB2;0,-2=wA1;0,0=wG1;0,1=wG2;0,2=wG3;0,3=bS1;1,-4=wA2;1,-2=wA3;1,-1=bA1;1,3=wS1;2,-5=bQ;2,-1=bG2;2,2=bS2,wB1;3,-3=bG3;3,-2=bB2;4,-3=bB1
99	89	0.000000	adjudicated	G1|b|89|45|44|-4,1=wQ;-3,0=bG1;-2,0=bA2;-1,0=bA3;-1,3=wS2;0,-3=wB2;0,-2=wA1;0,0=wG1;0,1=wG2;0,2=wG3;0,3=bS1;1,-4=wA2;1,-2=wA3;1,-1=bA1;1,3=wS1;2,-4=bQ;2,-1=bG2;2,2=bS2,wB1;3,-3=bG3;3,-2=bB2;4,-3=bB1
99	91	0.000000	adjudicated	G1|b|91|46|45|-4,1=wQ;-3,0=bG1;-2,0=bA2;-1,0=bA3;-1,3=wS2;0,-3=wB2;0,-2=wA1;0,0=wG1;0,1=wG2;0,2=wG3;0,3=bS1;1,-4=wA2;1,-2=wA3;1,-1=bA1;1,3=wS1;2,-4=bQ;2,-1=bG2;2,2=bS2;3,-3=bG3,bB1;3,-2=bB2;3,1=wB1
99	93	0.000000	adjudicated	G1|b|93|47|46|-4,1=wQ;-3,0=bG1;-2,0=bA2;-1,0=bA3;-1,3=wS2;0,-3=wB2;0,-2=wA1;0,0=wG1;0,1=wG2;0,2=wG3;0,3=bS1;1,-4=wA2;1,-2=wA3;1,-1=bA1;1,3=wS1;2,-4=bQ;2,-1=bG2;2,2=bS2,wB1;3,-3=bG3;3,-2=bB2;4,-3=bB1
99	95	0.000000	adjudicated	G1|b|95|48|47|-4,1=wQ;-3,0=bG1;-2,0=bA2;-1,0=bA3;-1,3=wS2;0,-3=wB2;0,-2=wA1;0,0=wG1;0,1=wG2;0,2=wG3;0,3=bS1;1,-4=wA2;1,-3=bQ;1,-2=wA3;1,-1=bA1;1,3=wS1;2,-1=bG2;2,2=bS2;3,-3=bG3;3,-2=bB2;3,1=wB1;4,-3=bB1
100	0	0.379949	adjudicated	G1|w|0|0|0|
100	6	0.379949	adjudicated	G1|w|6|3|3|-2,1=bB2;-1,1=bB1;-1,2=bG1;0,0=wG1;1,-1=wS1;2,-1=wA1
100	8	0.379949	adjudicated	G1|w|8|4|4|-3,2=bQ;-2,1=bB2;-1,1=bB1;-1,2=bG1;0,0=wG1;1,-1=wS1;2,-1=wA1;3,-2=wQ
100	10	0.379949	adjudicated	G1|w|10|5|5|-3,2=bQ;-2,1=bB2;-1,0=bG1;-1,1=bB1;0,-1=wS2;0,0=wG1;1,-1=wS1;2,-1=wA1;3,-2=wQ
100	12	0.379949	adjudicated	G1|w|12|6|6|-4,2=bQ;-3,1=wS2;-2,1=bB2;-1,0=bG1;-1,1=bB1;0,0=wG1;1,-1=wS1;2,-1=wA1;3,-2=wQ
100	14	0.379949	adjudicated	G1|w|14|7|7|-4,2=bQ;-4,3=bG2;-3,0=wG2;-3,1=wS2;-2,1=bB2;-1,0=bG1;-1,1=bB1;0,0=wG1;1,-1=wS1;2,-1=wA1;3,-2=wQ
100	16	0.379949	adjudicated	G1|w|16|8|8|-5,3=bQ;-4,3=bG2;-3,1=wS2;-3,2=wG2;-2,1=bB2;-1,0=bG1;-1,1=bB1;0,0=wG1;1,-1=wS1;2,-1=wA1;3,-2=wQ
100	18	0.379949	adjudicated	G1|w|18|9|9|-6,3=wS2;-5,3=bQ;-4,3=bG2;-3,2=wG2;-2,1=bB2;-1,-1=bG3;-1,0=bG1;-1,1=bB1;0,0=wG1;1,-1=wS1;2,-1=wA1;3,-2=wQ
100	20	0.379949	adjudicated	G1|w|20|10|10|-7,4=wA2;-6,3=wS2;-5,3=bQ;-4,3=bG2;-3,2=wG2;-2,0=bS1;-2,1=bB2;-1,-1=bG3;-1,0=bG1;-1,1=bB1;0,0=wG1;1,-1=wS1;2,-1=wA1;3,-2=wQ
100	22	0.379949	adjudicated	G1|w|22|11|11|-6,3=wS2;-5,3=bQ;-5,4=wA2;-4,3=bG2;-3,2=wG2;-2,-1=bS2;-2,0=bS1;-2,1=bB2;-1,-1=bG3;-1,0=bG1;-1,1=bB1;0,0=wG1;1,-1=wS1;2,-1=wA1;3,-2=wQ
100	24	0.379949	adjudicated	G1|w|24|12|12|-6,3=wS2;-5,3=bQ;-5,4=wA2;-4,3=bG2;-3,2=wG2;-2,-1=bS2;-2,0=bS1;-2,1=bB2;-1,-1=bG3;-1,0=bG1;0,0=wG1,bB1;1,-1=wS1;2,-1=wA1;3,-1=wQ
100	26	0.379949	adjudicated	G1|w|26|13|13|-6,3=wS2;-5,2=wA2;-5,3=bQ;-4,3=bG2;-3,2=wG2;-2,-1=bS2;-2,0=bS1;-2,1=bB2;-1,0=bG1;-1,1=bG3;0,0=wG1,bB1;1,-1=wS1;2,-1=wA1;3,-1=wQ
100	28	0.379949	adjudicated	G1|w|28|14|14|-6,3=wS2;-5,2=wA2;-5,3=bQ;-4,3=bG2;-3,2=wG2;-2,-1=bS2;-2,0=bS1;-2,1=bB2;-1,0=bG1;-1,1=bG3;0,0=wG1,bB1;0,1=bA1;1,-1=wS1;2,-1=wA1;3,-1=wQ;4,-2=wB1
100	30	0.379949	adjudicated	G1|w|30|15|15|-6,3=wS2;-5,2=wA2;-5,3=bQ;-4,3=bG2;-3,2=wG2;-2,-1=bS2;-2,0=bS1;-2,1=bB2;-1,0=bG1;-1,1=bG3;0,0=wG1,bB1;1,-2=wB2;1,-1=wS1;2,-1=wA1;2,0=bA1;3,-1=wQ;4,-2=wB1
100	32	0.379949	adjudicated	G1|w|32|16|16|-6,3=wS2;-5,2=wA2;-5,3=bQ;-4,3=bG2;-3,2=wG2;-2,-1=bS2;-2,0=bS1;-2,1=bB2;-1,0=bG1;-1,1=bG3;0,0=wG1,bB1;1,-2=wB2;1,-1=wS1;2,-1=wA1;3,-1=wQ,wB1;4,-2=bA1
100	34	0.379949	adjudicated	G1|w|34|17|17|-7,3=wA3;-6,3=wS2;-5,2=wA2;-5,3=bQ;-4,3=bG2;-3,2=wG2;-2,-1=bS2;-2,0=bS1;-2,1=bB2;-1,0=bG1;-1,1=bG3;0,0=wG1;0,1=bB1;1,-2=wB2;1,-1=wS1;2,-1=wA1;3,-1=wQ,wB1;4,-2=bA1
100	36	0.379949	adjudicated	G1|w|36|18|18|-7,3=wA3;-6,3=wS2;-5,3=bQ;-4,3=bG2;-3,2=wG2;-2,-1=bS2;-2,0=bS1;-2,1=bB2;-1,0=bG1;-1,1=bG3,bB1;0,0=wG1;1,-2=wB2;1,-1=wS1;2,-1=wA1;2,0=wA2;3,-1=wQ,wB1;4,-2=bA1
100	38	0.379949	adjudicated	G1|w|38|19|19|-8,3=bG2;-7,3=wA3;-6,3=wS2;-5,3=bQ;-4,2=wA2;-3,2=wG2;-2,-1=bS2;-2,0=bS1;-2,1=bB2;-1,0=bG1;-1,1=bG3,bB1;0,0=wG1;1,-2=wB2;1,-1=wS1;2,-1=wA1;3,-1=wQ,wB1;4,-2=bA1
100	40	0.379949	adjudicated	G1|w|40|20|20|-8,3=bG2;-7,3=wA3;-6,3=wS2;-5,3=bQ;-4,2=wA2;-3,0=bG1;-3,2=wG2;-2,-1=bS2;-2,0=bS1;-2,1=bB2;-1,1=bG3,bB1;0,0=wG1;1,-2=wB2;1,-1=wS1;2,-3=wG3;2,-1=wA1;3,-1=wQ,wB1;4,-2=bA1
100	42	0.379949	adjudicated	G1|w|42|21|21|-8,3=bG2;-7,3=wA3;-6,2=bA1;-6,3=wS2;-5,3=bQ;-4,2=wA2;-3,0=bG1;-3,2=wG2;-2,-1=bS2;-2,0=bS1;-2,1=bB2;-1,1=bG3,bB1;0,-1=wG3;0,0=wG1;1,-2=wB2;1,-1=wS1;2,-1=wA1;3,-1=wQ,wB1
100	44	0.379949	adjudicated	G1|w|44|22|22|-8,3=bG2;-7,3=wA3;-6,3=wS2;-5,3=bQ;-4,2=wA2;-3,0=bG1;-3,2=wG2;-2,-1=bS2;-2,0=bS1;-2,1=bB2;-1,1=bG3,bB1;0,0=wG1;0,1=wG3;1,-2=wB2;1,-1=wS1;2,-1=wA1;3,-1=wQ,wB1;4,-2=bA1
100	46	0.379949	adjudicated	G1|w|46|23|23|-8,3=bG2;-7,3=wA3;-6,3=wS2;-5,3=bQ;-4,2=wA2;-3,0=bG1;-3,2=wG2;-2,-1=bS2;-2,0=bS1;-2,1=bB2;-1,0=bB1;-1,1=bG3;0,-1=wB2;0,0=wG1;0,1=wG3;1,-1=wS1;2,-1=wA1;3,-1=wQ,wB1;4,-2=bA1
100	48	0.379949	adjudicated	G1|w|48|24|24|-8,3=bG2;-7,3=wA3;-6,3=wS2;-5,3=bQ;-4,2=wA2;-3,0=bG1;-3,2=wG2;-2,-1=bS2;-2,0=bS1,bB1;-2,1=bB2;-1,1=bG3;0,0=wG1;0,1=wG3;1,-1=wS1,wB2;2,-1=wA1;3,-1=wQ,wB1;4,-2=bA1
100	50	0.379949	adjudicated	G1|w|50|25|25|-8,3=bG2;-7,3=wA3;-6,3=wS2;-5,3=bQ;-4,2=wA2;-3,0=bG1;-3,2=wG2;-2,-1=bS2;-2,0=bS1,bB1;-2,1=bB2;-1,1=bG3;0,0=wG1;0,1=wG3;1,-1=wS1,wB2;2,-1=wA1;2,0=wB1;3,-1=wQ;3,0=bA1
100	52	0.379949	adjudicated	G1|w|52|26|26|-8,3=bG2;-7,3=wA3;-6,3=wS2;-5,3=bQ;-4,2=wA2;-3,0=bG1,bB1;-3,2=wG2;-2,-1=bS2;-2,0=bS1;-2,1=bB2;-1,1=bG3;0,-1=wB2;0,0=wG1;0,1=wG3;1,-1=wS1;2,-1=wA1;2,0=wB1;3,-1=wQ;3,0=bA1
100	54	0.379949	adjudicated	G1|w|54|27|27|-8,3=bG2;-7,3=wA3;-6,3=wS2;-5,3=bQ;-4,2=wA2;-3,-1=bA2;-3,0=bG1,bB1;-3,2=wG2;-2,-1=bS2;-2,0=bS1;-2,1=bB2;-1,1=bG3;0,-1=wB2;0,0=wG1;0,1=wG3;1,-1=wS1;2,-1=wA1;2,0=wB1;3,0=bA1;4,-1=wQ
100	56	0.379949	adjudicated	G1|w|56|28|28|-8,3=bG2;-7,3=wA3;-6,3=wS2;-5,3=bQ;-4,2=wA2;-3,0=bG1,bB1;-3,2=wG2;-2,-1=bS2;-2,0=bS1;-2,1=bB2;-1,1=bG3;0,0=wG1;0,1=wG3;1,-2=wB2;1,-1=wS1;2,-1=wA1;2,0=wB1;3,0=bA1;4,-1=wQ;5,-1=bA2
100	58	0.379949	adjudicated	G1|w|58|29|29|-8,3=bG2;-7,3=wA3;-6,3=wS2;-5,3=bQ;-4,2=wA2;-3,0=bG1,bB1;-3,1=wG3;-3,2=wG2;-2,-1=bS2;-2,0=bS1;-2,1=bB2;-1,1=bG3;0,0=wG1;1,-2=wB2;1,-1=wS1;2,-1=wA1;2,0=wB1;3,0=bA1;4,-1=wQ;5,-1=bA2;5,0=bA3
100	60	0.379949	adjudicated	G1|w|60|30|30|-8,3=bG2;-7,3=wA3;-6,3=wS2;-5,3=bQ;-4,2=wA2;-3,0=bG1,bB1;-3,2=wG2;-2,-1=bS2;-2,0=bS1;-2,1=bB2;-1,-1=wG3;-1,1=bG3;0,0=wG1;1,-2=wB2;1,-1=wS1;2,-1=wA1;2,0=wB1;3,-2=bA3;3,0=bA1;4,-1=wQ;5,-1=bA2
100	62	0.379949	adjudicated	G1|w|62|31|31|-8,3=bG2;-7,3=wA3;-6,3=wS2;-5,3=bQ;-4,2=wA2;-3,0=bG1,bB1;-3,1=wG3;-3,2=wG2;-2,-1=bS2;-2,0=bS1;-2,1=bB2;-1,1=bG3;0,0=wG1;1,-2=wB2;1,-1=wS1;2,-1=wA1;2,0=wB1;3,-1=bA3;3,0=bA1;4,-1=wQ;5,-1=bA2
100	64	0.379949	adjudicated	G1|w|64|32|32|-8,3=bG2;-7,3=wA3;-6,2=bA2;-6,3=wS2;-5,2=wG2;-5,3=bQ;-4,2=wA2;-3,0=bG1,bB1;-3,1=wG3;-2,-1=bS2;-2,0=bS1;-2,1=bB2;-1,1=bG3;0,0=wG1;1,-2=wB2;1,-1=wS1;2,-1=wA1;2,0=wB1;3,-1=bA3;3,0=bA1;4,-1=wQ
100	66	0.379949	adjudicated	G1|w|66|33|33|-8,3=bG2;-7,3=wA3;-6,2=bA2;-6,3=wS2;-5,2=wG2;-4,2=wA2;-4,3=bQ;-3,0=bG1,bB1;-3,1=wG3;-2,-1=bS2;-2,0=bS1;-2,1=bB2;-1,1=bG3;0,0=wG1;1,-2=wB2;1,-1=wS1;2,-1=wA1;2,0=wB1;3,-1=bA3;3,0=bA1;4,0=wQ
100	68	0.379949	adjudicated	G1|w|68|34|34|-8,3=bG2;-7,3=wA3;-6,2=bA2;-5,2=wG2;-4,2=wA2;-4,3=bQ;-4,4=wS2;-3,0=bG1,bB1;-3,1=wG3;-2,-1=bS2;-2,0=bS1;-2,1=bB2;-1,1=bG3;0,0=wG1;1,-2=wB2;1,-1=wS1;2,-1=wA1;2,0=wB1;3,0=bA1;4,0=wQ;5,0=bA3
100	70	0.379949	adjudicated	G1|w|70|35|35|-8,3=bG2;-7,3=wA3;-6,2=bA2;-5,2=wG2;-4,2=wA2;-4,3=bQ;-4,4=wS2;-3,0=bG1,bB1;-3,1=wG3;-2,-1=bS2;-2,0=bS1;-2,1=bB2;-1,1=bG3;0,0=wG1;1,-1=wS1,wB2;2,-1=wA1;2,0=wB1;3,0=bA1;4,0=wQ;4,1=bA3
100	72	0.379949	adjudicated	G1|w|72|36|36|-8,3=bG2;-7,3=wA3;-6,2=bA2;-5,2=wG2;-4,2=wA2;-4,3=bQ;-4,4=wS2;-3,-1=bB1;-3,0=bG1;-3,1=wG3;-2,-1=bS2;-2,0=bS1;-2,1=bB2;-1,1=bG3;0,0=wG1;1,-1=wS1;2,-2=wB2;2,-1=wA1;2,0=wB1;3,0=bA1;4,0=wQ;4,1=bA3
100	74	0.379949	adjudicated	G1|w|74|37|37|-8,3=bG2;-7,3=wA3;-6,2=bA2;-5,2=wG2;-4,-1=bS2;-4,2=wA2;-4,3=bQ;-4,4=wS2;-3,-1=bB1;-3,0=bG1;-3,1=wG3;-2,0=bS1;-2,1=bB2;-1,1=bG3;0,0=wG1;1,-1=wS1;2,-1=wA1,wB2;2,0=wB1;3,0=bA1;4,0=wQ;4,1=bA3
100	76	0.379949	adjudicated	G1|w|76|38|38|-8,3=bG2;-7,3=wA3;-6,2=bA2;-5,2=wG2;-4,-1=bS2;-4,2=wA2;-4,3=bQ;-4,4=wS2;-3,-1=bB1;-3,0=bG1;-3,1=wG3;-2,0=bS1;-2,1=bB2;-1,1=bG3;0,0=wG1;1,-1=wS1;2,-1=wA1;2,0=wB1;3,-1=wB2;3,0=bA1;4,-1=bA3;4,0=wQ
100	78	0.379949	adjudicated	G1|w|78|39|39|-8,3=bG2;-7,3=wA3;-6,2=bA2;-5,2=wG2;-4,-1=bS2;-4,2=wA2;-4,3=bQ;-4,4=wS2;-3,-1=bB1;-3,0=bG1;-3,1=wG3;-2,0=bS1;-2,1=bB2;-1,1=bG3;0,0=wG1;1,-1=wS1;2,-1=wA1;3,-1=wB2,wB1;4,-1=bA3;4,0=wQ;4,1=bA1
100	80	0.379949	adjudicated	G1|w|80|40|40|-8,3=bG2;-7,3=wA3;-6,2=bA2;-5,2=wG2;-4,-1=bS2;-4,2=wA2;-4,3=bQ;-4,4=wS2;-3,-2=bS1;-3,-1=bB1;-3,0=bG1;-3,1=wG3;-2,1=bB2;-1,1=bG3;0,0=wG1;1,-1=wS1;2,-1=wA1,wB1;3,-1=wB2;4,-1=bA3;4,0=wQ;4,1=bA1
100	82	0.379949	adjudicated	G1|w|82|41|41|-8,3=bG2;-7,3=wA3;-6,2=bA2;-5,2=wG2;-4,-1=bS2;-4,2=wA2;-4,3=bQ;-4,4=wS2;-4,5=bA1;-3,-2=bS1;-3,-1=bB1;-3,0=bG1;-3,1=wG3;-2,1=bB2;-1,1=bG3;0,0=wG1;1,-1=wS1;2,-2=wB1;2,-1=wA1;3,-1=wB2;4,-1=bA3;4,0=wQ
100	84	0.379949	adjudicated	G1|w|84|42|42|-8,3=bG2;-7,3=wA3;-6,2=bA2;-5,2=wG2;-4,-1=bS2;-4,2=wA2;-4,3=bQ;-4,4=wS2;-3,-2=bS1;-3,-1=bB1;-3,0=bG1;-3,1=wG3;-2,1=bB2;-1,1=bG3;0,0=wG1;1,-1=wS1,wB1;2,-1=wA1;3,-1=wB2;3,1=bA1;4,-1=bA3;4,0=wQ
100	86	0.379949	adjudicated	G1|w|86|43|43|-8,3=bG2;-7,3=wA3;-6,2=bA2;-5,0=bA1;-5,2=wG2;-4,-1=bS2;-4,2=wA2;-4,3=bQ;-4,4=wS2;-3,-2=bS1;-3,-1=bB1;-3,0=bG1;-3,1=wG3;-2,1=bB2;-1,1=bG3;0,0=wG1;1,-1=wS1;2,-1=wA1,wB1;3,-1=wB2;4,-1=bA3;4,0=wQ
100	88	0.379949	adjudicated	G1|w|88|44|44|-8,3=bG2;-7,3=wA3;-6,2=bA2;-5,2=wG2;-4,-1=bS2;-4,2=wA2;-4,3=bQ;-4,4=wS2;-3,-2=bS1;-3,-1=bB1;-3,0=bG1;-3,1=wG3;-2,1=bB2;-1,1=bG3;0,0=wG1;1,-1=wS1;2,-2=wB1;2,-1=wA1;3,-1=wB2;4,-1=bA3;4,0=wQ;4,1=bA1
100	90	0.379949	adjudicated	G1|w|90|45|45|-8,3=bG2;-7,3=wA3;-6,2=bA2;-5,0=bS1;-5,2=wG2;-4,-1=bS2;-4,2=wA2;-4,3=bQ;-4,4=wS2;-3,-1=bB1;-3,0=bG1;-3,1=wG3;-2,1=bB2;-1,1=bG3;0,0=wG1;1,-1=wS1;2,-1=wA1,wB1;3,-1=wB2;4,-1=bA3;4,0=wQ;4,1=bA1
100	92	0.379949	adjudicated	G1|w|92|46|46|-8,3=bG2;-7,3=wA3;-6,2=bA2;-5,1=bS1;-5,2=wG2;-4,-1=bS2;-4,2=wA2;-4,3=bQ;-4,4=wS2;-3,-1=bB1;-3,0=bG1;-3,1=wG3;-2,1=bB2;-1,1=bG3;0,0=wG1;1,-1=wS1;2,-1=wA1;3,-1=wB2,wB1;4,-1=bA3;4,0=wQ;4,1=bA1
100	94	0.379949	adjudicated	G1|w|94|47|47|-8,3=bG2;-7,3=wA3;-6,2=bA2;-5,1=bS1;-5,2=wG2;-4,-1=bS2;-4,2=wA2;-4,3=bQ;-4,4=wS2;-3,-1=bB1;-3,0=bG1;-3,1=wG3;-2,0=bA1;-2,1=bB2;-1,1=bG3;0,0=wG1;1,-1=wS1;2,-1=wA1,wB1;3,-1=wB2;4,-1=bA3;4,0=wQ
100	96	0.379949	adjudicated	G1|w|96|48|48|-8,3=bG2;-7,3=wA3;-6,2=bA2;-5,1=bS1;-5,2=wG2;-4,-1=bS2;-4,2=wA2;-4,3=bQ;-4,4=wS2;-3,-1=bB1;-3,0=bG1;-3,1=wG3;-2,1=bB2;-1,0=bA1;-1,1=bG3;0,0=wG1;1,-1=wS1;2,-1=wA1;3,-1=wB2,wB1;4,-1=bA3;4,0=wQ
101	0	0.000000	adjudicated	G1|w|0|0|0|
101	7	0.000000	adjudicated	G1|b|7|4|3|-3,3=bA1;-2,2=bB1;-1,1=bS1;0,0=wB1;1,-1=wB2;1,0=wG1;2,-2=wQ
101	9	0.000000	adjudicated	G1|b|9|5|4|-4,3=bQ;-3,3=bA1;-2,2=bB1;-1,1=bS1;0,0=wB1;1,-1=wB2;1,0=wG1;2,-3=wS1;2,-2=wQ
101	11	0.000000	adjudicated	G1|b|11|6|5|-4,3=bQ;-3,3=bA1;-2,2=bB1;-1,0=wS1;-1,1=bS1;-1,2=bG1;0,0=wB1;1,-1=wB2;1,0=wG1;2,-2=wQ
101	13	0.000000	adjudicated	G1|b|13|7|6|-4,4=bQ;-3,3=bA1;-2,2=bB1;-1,0=wS1;-1,1=bS1;-1,2=bG1;0,0=wB1;1,-2=wG2;1,-1=wB2;1,0=wG1;2,-2=wQ
101	15	0.000000	adjudicated	G1|b|15|8|7|-4,3=wS1;-4,4=bQ;-3,3=bA1;-2,2=bB1;-2,3=bS2;-1,1=bS1;-1,2=bG1;0,0=wB1;1,-2=wG2;1,-1=wB2;1,0=wG1;2,-2=wQ
101	17	0.000000	adjudicated	G1|b|17|9|8|-4,3=wS1;-4,4=bQ;-3,3=bA1;-2,1=bB2;-2,2=bB1;-2,3=bS2;-1,1=bS1;-1,2=bG1;0,0=wB1;1,-1=wB2;1,0=wG1;1,1=wG2;2,-2=wQ
101	19	0.000000	adjudicated	G1|b|19|10|9|-5,4=bQ;-4,2=wA1;-4,3=wS1;-3,3=bA1;-2,1=bB2;-2,2=bB1;-2,3=bS2;-1,1=bS1;-1,2=bG1;0,0=wB1;1,-1=wB2;1,0=wG1;1,1=wG2;2,-2=wQ
101	21	0.000000	adjudicated	G1|b|21|11|10|-6,4=wA1;-5,4=bQ;-4,3=wS1;-3,3=bA1;-2,2=bB1;-2,3=bS2;-1,0=bB2;-1,1=bS1;-1,2=bG1;0,0=wB1;1,-1=wB2;1,0=wG1;1,1=wG2;2,-2=wQ
101	23	0.000000	adjudicated	G1|b|23|12|11|-6,4=wA1;-5,4=bQ;-4,2=wA2;-4,3=wS1;-3,3=bA1;-2,0=bG2;-2,2=bB1;-2,3=bS2;-1,0=bB2;-1,1=bS1;-1,2=bG1;0,0=wB1;1,-1=wB2;1,0=wG1;1,1=wG2;2,-2=wQ
101	25	0.000000	adjudicated	G1|b|25|13|12|-6,4=wA1;-5,3=wA2;-5,4=bQ;-4,3=wS1;-3,3=bA1;-3,4=bG3;-2,0=bG2;-2,2=bB1;-2,3=bS2;-1,0=bB2;-1,1=bS1;-1,2=bG1;0,0=wB1;1,-1=wB2;1,0=wG1;1,1=wG2;2,-2=wQ
101	27	0.000000	adjudicated	G1|b|27|14|13|-6,4=wA1;-5,4=bQ;-4,2=wA2;-4,3=wS1;-3,0=bA2;-3,3=bA1;-3,4=bG3;-2,0=bG2;-2,2=bB1;-2,3=bS2;-1,0=bB2;-1,1=bS1;-1,2=bG1;0,0=wB1;1,-1=wB2;1,0=wG1;1,1=wG2;2,-2=wQ
101	29	0.000000	adjudicated	G1|b|29|15|14|-6,4=wA1;-5,4=bQ;-4,2=wA2;-4,3=wS1;-3,3=bA1;-3,4=bG3;-2,0=bG2;-2,2=bB1;-2,3=bS2;-1,0=bB2;-1,1=bS1;-1,2=bG1;0,0=wB1;1,0=wG1,wB2;1,1=wG2;2,-2=wQ;2,-1=bA2
101	31	0.000000	adjudicated	G1|b|31|16|15|-6,4=wA1;-5,4=bQ;-5,5=wA2;-4,3=wS1;-3,3=bA1;-3,4=bG3;-2,0=bG2;-2,2=bB1;-2,3=bS2;-1,0=bB2;-1,1=bS1;-1,2=bG1;0,0=wB1;1,0=wG1,wB2;1,1=wG2;2,-2=wQ;2,-1=bA2;3,-1=bA3
101	33	0.000000	adjudicated	G1|b|33|17|16|-7,5=bA3;-6,3=wG3;-6,4=wA1;-5,4=bQ;-5,5=wA2;-4,3=wS1;-3,3=bA1;-3,4=bG3;-2,0=bG2;-2,2=bB1;-2,3=bS2;-1,0=bB2;-1,1=bS1;-1,2=bG1;0,0=wB1;1,0=wG1,wB2;1,1=wG2;2,-2=wQ;2,-1=bA2
101	35	0.000000	adjudicated	G1|b|35|18|17|-6,4=wA1;-6,5=wG3;-5,4=bQ;-5,5=wA2;-4,3=wS1;-3,3=bA1;-3,4=bG3;-2,0=bG2;-2,2=bB1;-2,3=bS2;-1,0=bB2;-1,1=bS1;-1,2=bG1;0,0=wB1;1,0=wG1,wB2;1,1=wG2;2,-2=wQ;2,-1=bA2;3,-3=bA3
101	37	0.000000	adjudicated	G1|b|37|19|18|-7,4=wA2;-6,4=wA1;-6,5=wG3;-5,4=bQ;-4,3=wS1;-3,2=bG1;-3,3=bA1;-3,4=bG3;-2,0=bG2;-2,2=bB1;-2,3=bS2;-1,0=bB2;-1,1=bS1;0,0=wB1;1,0=wG1,wB2;1,1=wG2;2,-2=wQ;2,-1=bA2;3,-3=bA3
101	39	0.000000	adjudicated	G1|b|39|20|19|-6,4=wA1;-6,5=wG3;-5,3=wA2;-5,4=bQ;-4,3=wS1;-3,3=bA1;-3,4=bG3;-2,0=bG2;-2,2=bB1;-2,3=bS2;-1,0=bB2;-1,1=bS1;-1,2=bG1;0,0=wB1;1,0=wG1,wB2;1,1=wG2;2,-2=wQ;2,-1=bA2;3,-3=bA3
101	41	0.000000	adjudicated	G1|b|41|21|20|-6,4=wA1;-6,5=wG3;-5,3=wA2;-5,5=bQ;-4,3=wS1;-3,3=bA1;-3,4=bG3;-2,0=bG2;-2,2=bB1;-2,3=bS2;-1,0=bB2;-1,1=bS1;-1,2=bG1;0,0=wB1;1,0=wG1,wB2;1,1=wG2;1,2=wA3;2,-2=wQ;2,-1=bA2;3,-3=bA3
101	43	0.000000	adjudicated	G1|b|43|22|21|-6,4=wA1;-6,5=wG3;-5,3=wA2;-5,5=bQ;-4,3=wS1;-4,5=wA3;-3,3=bA1;-3,4=bG3;-2,0=bG2;-2,2=bB1;-2,3=bS2;-1,-1=bG1;-1,0=bB2;-1,1=bS1;0,0=wB1;1,0=wG1,wB2;1,1=wG2;2,-2=wQ;2,-1=bA2;3,-3=bA3
101	45	0.000000	adjudicated	G1|b|45|23|22|-6,4=wA1;-6,5=wG3;-5,3=wA2;-5,6=bQ;-4,3=wS1;-4,5=wA3;-3,3=bA1;-3,4=bG3;-2,0=bG2;-2,2=bB1;-2,3=bS2;-1,-1=bG1;-1,0=bB2;-1,1=bS1;0,0=wB1;1,0=wG1;1,1=wG2,wB2;2,-2=wQ;2,-1=bA2;3,-3=bA3
101	47	0.000000	adjudicated	G1|b|47|24|23|-6,3=wS2;-6,4=wA1;-6,5=wG3;-5,3=wA2;-5,6=bQ;-4,3=wS1;-4,5=wA3;-3,3=bA1;-3,4=bG3;-2,0=bG2;-2,2=bB1;-2,3=bS2;-1,-1=bG1;-1,0=bB2;-1,1=bS1;0,0=wB1;1,0=wG1;1,1=wG2,wB2;2,-3=bA3;2,-2=wQ;2,-1=bA2
101	49	0.000000	adjudicated	G1|b|49|25|24|-6,3=wS2;-6,4=wA1;-6,5=wG3;-5,3=wA2;-5,6=bQ;-4,3=wS1;-4,5=wA3;-3,3=bA1;-3,4=bG3;-2,0=bG2;-2,2=bB1;-2,3=bS2;-1,-1=bG1;-1,0=bB2;-1,1=bS1;0,0=wB1;1,-1=bA3;1,0=wG1;1,1=wG2,wB2;2,-1=bA2;3,-2=wQ
101	51	0.000000	adjudicated	G1|b|51|26|25|-6,3=wS2;-6,4=wA1;-6,5=wG3;-5,3=wA2;-5,6=bQ;-4,3=wS1;-4,5=wA3;-3,3=bA1;-3,4=bG3;-2,0=bG2;-2,2=bB1;-2,3=bS2;-1,-1=bG1;-1,0=bB2;-1,1=bS1;0,0=wB1;0,2=wB2;1,0=wG1;1,1=wG2;2,-1=bA2;3,-2=wQ;4,-2=bA3
101	53	0.000000	adjudicated	G1|b|53|27|26|-6,3=wS2;-6,4=wA1;-6,5=wG3;-5,3=wA2;-5,6=bQ;-4,3=wS1;-4,5=wA3;-3,1=bG1;-3,3=bA1;-3,4=bG3;-2,0=bG2;-2,2=bB1;-2,3=bS2;-1,0=bB2;-1,1=bS1;0,0=wB1;0,1=wB2;1,0=wG1;1,1=wG2;2,-1=bA2;3,-2=wQ;4,-2=bA3
101	55	0.000000	adjudicated	G1|b|55|28|27|-6,3=wS2;-6,4=wA1;-6,5=wG3;-5,3=wA2;-5,6=bQ;-4,3=wS1;-4,5=wA3;-3,1=bG1;-3,3=bA1;-3,4=bG3;-2,0=bG2;-2,2=bB1;-2,3=bS2;-2,4=bA3;-1,0=bB2;-1,1=bS1;0,0=wB1;0,1=wB2;1,0=wG1;1,1=wG2;2,-1=bA2;3,-1=wQ
101	57	0.000000	adjudicated	G1|b|57|29|28|-7,6=wS2;-6,4=wA1;-6,5=wG3;-5,3=wA2;-5,6=bQ;-4,3=wS1;-4,5=wA3;-3,1=bG1;-3,3=bA1;-3,4=bG3;-2,0=bG2;-2,2=bB1;-2,3=bS2;-1,0=bB2;-1,1=bS1;0,0=wB1;0,1=wB2;1,0=wG1;1,1=wG2;2,-1=bA2;3,-1=wQ;3,0=bA3
101	59	0.000000	adjudicated	G1|b|59|30|29|-6,4=wA1;-6,5=wG3;-5,3=wA2;-5,6=bQ;-5,7=wS2;-4,3=wS1;-4,5=wA3;-3,1=bG1;-3,3=bA1;-3,4=bG3;-2,0=bG2;-2,2=bB1;-2,3=bS2;-1,0=bB2;-1,1=bS1;0,0=wB1;0,1=wB2;1,0=wG1;1,1=wG2;2,-1=bA2;3,-1=wQ;4,-2=bA3
101	61	0.000000	adjudicated	G1|b|61|31|30|-6,4=wA1;-6,5=wG3;-5,3=wA2;-5,6=bQ;-5,7=wS2;-4,3=wS1;-4,5=wA3;-3,1=bG1;-3,3=bA1;-3,4=bG3;-2,0=bG2;-2,2=bB1;-2,3=bS2;-1,0=bB2;-1,1=bS1;0,0=wB1;0,1=wB2;1,0=wG1;1,1=wG2;2,-1=bA2;3,-2=bA3;4,-2=wQ
101	63	0.000000	adjudicated	G1|b|63|32|31|-6,4=wA1;-6,5=wG3;-5,3=wA2;-5,6=bQ;-5,7=wS2;-4,3=wS1;-4,5=wA3;-3,1=bG1;-3,3=bA1;-3,4=bG3;-2,0=bG2;-2,2=bB1;-1,0=bB2;-1,1=bS1;0,1=wB2;1,0=wG1,wB1;1,1=wG2;1,2=bS2;2,-1=bA2;3,-2=bA3;4,-2=wQ
101	65	0.000000	adjudicated	G1|b|65|33|32|-7,6=wS2;-6,4=wA1;-6,5=wG3;-5,3=wA2;-5,6=bQ;-4,3=wS1;-4,5=wA3;-3,1=bG1;-3,3=bA1;-3,4=bG3;-2,0=bG2;-2,2=bB1;-1,0=bB2;-1,1=bS1;0,1=wB2;1,0=wG1,wB1;1,1=wG2;2,-1=bA2;3,-2=bA3;3,-1=bS2;4,-2=wQ
101	67	0.000000	adjudicated	G1|b|67|34|33|-6,4=wA1;-6,5=wG3;-5,3=wA2;-5,6=bQ;-5,7=wS2;-4,3=wS1;-4,5=wA3;-3,1=bG1;-3,3=bA1;-3,4=bG3;-2,0=bG2;-2,2=bB1;-1,0=bB2;-1,1=bS1;0,1=wB2;1,0=wG1,wB1;1,1=wG2;2,-1=bA2;3,-1=bS2;4,-3=bA3;4,-2=wQ
101	69	0.000000	adjudicated	G1|b|69|35|34|-6,4=wA1;-6,5=wG3;-5,3=wA2;-5,6=bQ;-5,7=wS2;-4,1=bA3;-4,3=wS1;-4,5=wA3;-3,1=bG1;-3,3=bA1;-3,4=bG3;-2,0=bG2;-2,2=bB1;-1,0=bB2;-1,1=bS1;0,0=wB1;0,1=wB2;1,0=wG1;1,1=wG2;2,-1=bA2;3,-1=bS2;4,-2=wQ
101	71	0.000000	adjudicated	G1|b|71|36|35|-6,4=wA1;-6,5=wG3;-6,7=bA3;-5,3=wA2;-5,6=bQ;-5,7=wS2;-4,3=wS1;-4,5=wA3;-3,1=bG1;-3,3=bA1;-3,4=bG3;-2,0=bG2;-2,2=bB1;-1,0=bB2;-1,1=bS1,wB1;0,1=wB2;1,0=wG1;1,1=wG2;2,-1=bA2;3,-1=bS2;4,-2=wQ
101	73	0.000000	adjudicated	G1|b|73|37|36|-6,4=wA1;-6,5=wG3;-5,3=wA2;-5,6=bQ;-5,7=wS2;-4,3=wS1;-4,5=wA3;-3,1=bG1;-3,3=bA1;-3,4=bG3;-2,0=bG2;-2,1=wG2;-2,2=bB1;-1,0=bB2;-1,1=bS1,wB1;0,1=wB2;1,0=wG1;2,-1=bA2;3,-1=bS2;4,-2=wQ;5,-3=bA3
101	75	0.000000	adjudicated	G1|b|75|38|37|-6,4=wA1;-6,5=wG3;-5,3=wA2;-5,6=bQ;-5,7=wS2;-4,3=wS1;-4,5=wA3;-3,1=bG1;-3,3=bA1;-3,4=bG3;-2,0=bG2;-2,1=wG2;-2,2=bB1;-1,0=bB2,wB1;-1,1=bS1;0,1=wB2;1,0=wG1;2,-1=bA2;3,-1=bS2;4,-2=wQ;5,-2=bA3
101	77	0.000000	adjudicated	G1|b|77|39|38|-6,4=wA1;-6,5=wG3;-5,3=wA2;-5,6=bQ;-5,7=wS2;-4,3=wS1;-4,5=wA3;-3,1=bG1;-3,3=bA1;-3,4=bG3;-2,0=bG2;-2,1=wG2;-2,2=bB1;-1,0=bB2,wB1;-1,1=bS1;0,1=wB2;1,0=wG1;2,-1=bA2;3,-1=bS2;4,-1=bA3;5,-2=wQ
101	79	0.000000	adjudicated	G1|b|79|40|39|-6,4=wA1;-6,5=wG3;-5,3=wA2;-5,6=bQ;-5,7=wS2;-4,2=bG2;-4,3=wS1;-4,5=wA3;-3,1=bG1;-3,3=bA1;-3,4=bG3;-2,1=wG2;-2,2=bB1;-1,0=bB2;-1,1=bS1;0,0=wB1;0,1=wB2;1,0=wG1;2,-1=bA2;3,-1=bS2;4,-1=bA3;5,-2=wQ
101	81	0.000000	adjudicated	G1|b|81|41|40|-6,4=wA1;-6,5=wG3;-5,3=wA2;-5,6=bQ;-5,7=wS2;-4,2=bG2;-4,3=wS1;-4,5=wA3;-3,3=bA1;-3,4=bG3;-2,1=wG2;-2,2=bB1;-1,0=bB2;-1,1=bS1;0,0=wB1;0,2=wB2;1,0=wG1;1,1=bG1;2,-1=bA2;3,-1=bS2;4,-1=bA3;5,-2=wQ
101	83	0.000000	adjudicated	G1|b|83|42|41|-6,4=wA1;-6,5=wG3;-5,3=wA2;-5,6=bQ;-5,7=wS2;-4,2=bG2;-4,3=wS1;-4,5=wA3;-3,3=bA1;-3,4=bG3;-2,1=wG2;-2,2=bB1;-2,4=bS1;-1,0=bB2;0,0=wB1;0,1=wB2;1,0=wG1;1,1=bG1;2,-1=bA2;3,-1=bS2;4,-1=bA3;5,-2=wQ
101	85	0.000000	adjudicated	G1|b|85|43|42|-6,4=wA1;-6,5=wG3;-5,3=wA2;-5,6=bQ;-5,7=wS2;-4,2=bG2;-4,3=wS1;-4,5=wA3;-3,3=bA1;-3,4=bG3;-2,1=wG2;-2,2=bB1;-2,4=bS1;-1,0=bB2;-1,1=bG1,wB2;0,0=wB1;1,0=wG1;2,-1=bA2;3,-1=bS2;4,-1=bA3;5,-2=wQ
101	87	0.000000	adjudicated	G1|b|87|44|43|-6,4=wA1;-6,5=wG3;-5,3=wA2;-5,6=bQ;-5,7=wS2;-4,2=bG2;-4,3=wS1;-4,5=wA3;-3,3=bA1;-3,4=bG3;-2,1=wG2,wB2;-2,2=bB1;-1,0=bB2;-1,1=bG1;0,0=wB1;0,1=bS1;1,0=wG1;2,-1=bA2;3,-1=bS2;4,-1=bA3;5,-2=wQ
101	89	0.000000	adjudicated	G1|b|89|45|44|-6,4=wA1;-6,5=wG3;-5,3=wA2;-5,6=bQ;-5,7=wS2;-4,2=bG2;-4,3=wS1;-4,5=wA3;-3,3=bA1;-3,4=bG3;-2,1=wG2,wB2;-2,2=bB1;-1,0=bB2;-1,1=bG1;0,0=wB1;1,0=wG1;2,-1=bA2;3,-1=bS2;3,0=bS1;4,-1=bA3;5,-1=wQ
101	91	0.000000	adjudicated	G1|b|91|46|45|-6,4=wA1;-6,5=wG3;-5,3=wA2;-5,6=bQ;-5,7=wS2;-4,2=bG2;-4,3=wS1;-4,5=wA3;-3,3=bA1;-3,4=bG3;-2,1=wG2;-2,2=bB1,wB2;-1,0=bB2;-1,1=bG1;0,0=wB1;1,0=wG1;2,-1=bA2;3,-1=bS2;4,-1=bA3;5,-1=wQ;6,-1=bS1
101	93	0.000000	adjudicated	G1|b|93|47|46|-6,4=wA1;-6,5=wG3;-5,3=wA2;-5,6=bQ;-5,7=wS2;-4,2=bG2;-4,3=wS1;-4,5=wA3;-3,2=wB2;-3,3=bA1;-3,4=bG3;-2,1=wG2;-2,2=bB1;-1,1=bG1;0,0=wB1,bB2;1,0=wG1;2,-1=bA2;3,-1=bS2;4,-1=bA3;5,-1=wQ;6,-1=bS1
101	95	0.000000	adjudicated	G1|b|95|48|47|-6,4=wA1;-6,5=wG3;-5,3=wA2;-5,6=bQ;-5,7=wS2;-4,2=bG2;-4,3=wS1;-4,5=wA3;-3,3=bA1;-3,4=bG3;-2,1=wG2,wB2;-2,2=bB1;-1,1=bG1,bB2;0,0=wB1;1,0=wG1;2,-1=bA2;3,-1=bS2;4,-1=bA3;5,-1=wQ;6,-1=bS1
102	0	-1.000000	terminal	G1|w|0|0|0|
102	6	-1.000000	terminal	G1|w|6|3|3|0,-2=bS1;0,-1=bA1;0,0=wA1;1,-2=bG1;1,0=wG1;2,-1=wA2
102	8	-1.000000	terminal	G1|w|8|4|4|-1,-2=bQ;0,-2=bS1;0,-1=bA1;0,0=wA1;1,-2=bG1;1,0=wG1;1,1=wQ;2,-1=wA2
102	10	-1.000000	terminal	G1|w|10|5|5|-1,-2=bQ;-1,-1=wA2;0,-1=bA1;0,0=wA1;1,-2=bG1;1,0=wG1;1,1=wQ;2,-2=bS1
102	12	-1.000000	terminal	G1|w|12|6|6|-2,0=wA3;-1,-2=bQ;-1,-1=wA2;0,-1=bA1;0,0=wA1;1,-2=bG1;1,0=wG1;1,1=wQ;2,0=bS1
102	14	-1.000000	terminal	G1|w|14|7|7|-2,0=wA3;-1,-2=bQ;-1,-1=wA2;0,-1=bA1;0,0=wA1;1,-2=bG1;1,0=wG1;2,0=bS1;2,1=wQ;3,-1=bS2
102	16	-1.000000	terminal	G1|w|16|8|8|-1,-2=bQ;-1,-1=wA2;0,-3=wA3;0,-1=bA1;0,0=wA1;1,-2=bG1;1,0=wG1;2,0=bS1;2,1=wQ;2,2=bS2
102	18	-1.000000	terminal	G1|w|18|9|9|-2,0=wG2;-1,-2=bQ;-1,-1=wA2;0,-3=wA3;0,-1=bA1;0,0=wA1;1,-2=bG1;1,0=wG1;1,3=bB1;2,0=bS1;2,1=wQ;2,2=bS2
102	20	-1.000000	terminal	G1|w|20|10|10|-2,0=wG2;-1,-3=wA3;-1,-2=bQ;-1,-1=wA2;0,-1=bA1;0,0=wA1;1,-2=bG1;1,0=wG1;1,2=bB1;2,0=bS1;2,1=wQ;2,2=bS2
102	22	-1.000000	terminal	G1|w|22|11|11|-1,-3=wA3;-1,-2=bQ;-1,-1=wA2;0,-2=wG2;0,-1=bA1;0,0=wA1;0,3=bB2;1,-2=bG1;1,0=wG1;1,2=bB1;2,0=bS1;2,1=wQ;2,2=bS2
102	24	-1.000000	terminal	G1|w|24|12|12|-1,-3=wA3;-1,-2=bQ;0,-2=wG2;0,-1=bA1;0,0=wA1;0,3=bB2;0,4=wA2;1,-2=bG1;1,0=wG1;1,2=bB1;2,0=bS1;2,1=wQ;2,2=bS2;3,2=bG2
102	26	-1.000000	terminal	G1|w|26|13|13|-1,-3=wA3;-1,-2=bQ;-1,-1=wA2;0,-2=wG2;0,-1=bA1;0,0=wA1;0,3=bB2;1,-2=bG1;1,0=wG1;1,2=bB1;1,3=bA2;2,0=bS1;2,1=wQ;2,2=bS2;3,2=bG2
102	28	-1.000000	terminal	G1|w|28|14|14|-2,-3=wB1;-1,-3=wA3;-1,-2=bQ;-1,-1=wA2;0,-2=wG2;0,-1=bA1;0,0=wA1;0,3=bB2;1,-2=bG1;1,0=wG1;1,1=bA2;1,2=bB1;2,0=bS1;2,1=wQ;2,2=bS2;3,2=bG2
102	30	-1.000000	terminal	G1|w|30|15|15|-2,-3=wB1;-1,-3=wA3;-1,-2=bQ;-1,-1=wA2;0,-2=wG2;0,-1=bA1;0,0=wA1;0,2=bG3;0,3=bB2;1,-2=bG1;1,0=wG1;1,1=bA2;1,2=bB1;2,0=bS1;2,2=bS2;3,0=wQ;3,2=bG2
102	32	-1.000000	terminal	G1|w|32|16|16|-2,-2=wB1;-1,-3=wA3;-1,-2=bQ;-1,-1=wA2;0,-2=wG2;0,-1=bA1;0,0=wA1;0,3=bB2;1,-2=bG1;1,0=wG1;1,1=bA2;1,2=bB1;2,0=bS1;2,2=bS2;3,-1=bG3;3,0=wQ;3,2=bG2
102	34	-1.000000	terminal	G1|w|34|17|17|-2,-2=wB1;-1,-2=bQ;-1,-1=wA2;0,-2=wG2;0,-1=bA1;0,0=wA1;0,3=bB2;1,-3=wA3;1,-2=bG1;1,0=wG1;1,1=bA2;1,2=bB1;2,0=bS1;2,2=bS2;3,0=wQ;3,1=bG3;3,2=bG2
102	36	-1.000000	terminal	G1|w|36|18|18|-2,-2=wB1;-1,-2=bQ;0,-3=wA2;0,-2=wG2;0,-1=bA1;0,0=wA1;0,3=bB2;1,-3=wA3;1,-2=bG1;1,0=wG1;1,2=bB1;2,0=bS1;2,2=bS2;3,0=wQ;3,1=bG3;3,2=bG2;4,0=bA2
102	38	-1.000000	terminal	G1|w|38|19|19|-2,-2=wB1;-2,-1=wA3;-1,-2=bQ;0,-3=wA2;0,-2=wG2;0,-1=bA1;0,0=wA1;0,3=bB2;1,-2=bG1;1,0=wG1;1,2=bB1;2,0=bS1;2,2=bS2;3,-1=bG2;3,0=wQ;3,1=bG3;4,0=bA2
102	40	-1.000000	terminal	G1|w|40|20|20|-2,-2=wB1;-2,-1=wA3;-1,-1=wA2;0,-3=bQ;0,-2=wG2;0,-1=bA1;0,0=wA1;0,3=bB2;1,-2=bG1;1,0=wG1;1,2=bB1;2,0=bS1;2,2=bS2;3,-1=bG2;3,0=wQ;3,1=bG3;4,0=bA2
102	42	-1.000000	terminal	G1|w|42|21|21|-2,-1=wA3;-1,-3=bQ;-1,-2=wB1;-1,-1=wA2;0,-2=wG2;0,-1=bA1;0,0=wA1;0,3=bB2;1,-2=bG1;1,0=wG1;1,2=bB1;2,0=bS1;2,2=bS2;3,-1=bG2;3,0=wQ;3,1=bG3;4,0=bA2
102	44	-1.000000	terminal	G1|w|44|22|22|-2,-1=wA3;-1,-4=wA2;-1,-3=bQ;-1,-2=wB1;0,-2=wG2;0,-1=bA1;0,0=wA1;0,3=bB2;1,-2=bG1;1,0=wG1;1,2=bB1;2,-3=bA3;2,0=bS1;2,2=bS2;3,-1=bG2;3,0=wQ;3,1=bG3;4,0=bA2
102	46	-1.000000	terminal	G1|w|46|23|23|-2,-1=bA2;-1,-4=wA2;-1,-3=bQ;-1,-2=wB1;0,-4=wA3;0,-2=wG2;0,-1=bA1;0,0=wA1;0,3=bB2;1,-2=bG1;1,0=wG1;1,2=bB1;2,-3=bA3;2,0=bS1;2,2=bS2;3,-1=bG2;3,0=wQ;3,1=bG3
102	48	-1.000000	terminal	G1|w|48|24|24|-1,-3=bQ;-1,-2=wB1;0,-4=wA3;0,-2=wG2;0,-1=bA1;0,0=wA1;0,3=bB2;1,-2=bG1;1,0=wG1;1,2=bB1;2,-3=bA3;2,-2=wA2;2,0=bS1;2,2=bS2;3,-1=bG2;3,0=wQ;3,1=bG3;4,-1=bA2
102	50	-1.000000	terminal	G1|w|50|25|25|-1,-4=bQ;-1,-2=wB1;0,-4=wA3;0,-3=wA2;0,-2=wG2;0,-1=bA1;0,0=wA1;0,3=bB2;1,-2=bG1;1,0=wG1;1,2=bB1;2,-3=bA3;2,0=bS1;2,2=bS2;3,-1=bG2;3,0=wQ;3,1=bG3;4,-1=bA2
102	52	-1.000000	terminal	G1|w|52|26|26|-1,-4=bQ;-1,-3=wB1;0,-4=wA3;0,-3=wA2;0,-2=wG2;0,-1=bA1;0,0=wA1;0,3=bB2;1,-2=bG1;1,0=wG1;1,2=bB1;2,0=bS1;2,2=bS2;3,-1=bG2;3,0=wQ;3,1=bG3;4,-1=bA2;4,0=bA3
102	54	-1.000000	terminal	G1|w|54|27|27|-1,-3=wB1;-1,-2=wB2;0,-5=bQ;0,-4=wA3;0,-3=wA2;0,-2=wG2;0,-1=bA1;0,0=wA1;0,3=bB2;1,-2=bG1;1,0=wG1;1,2=bB1;2,0=bS1;2,2=bS2;3,-1=bG2;3,0=wQ;3,1=bG3;4,-1=bA2;4,0=bA3
102	56	-1.000000	terminal	G1|w|56|28|28|-1,-3=wB1;-1,-2=wB2;-1,0=bG1;0,-5=bQ;0,-4=wA3;0,-2=wG2;0,-1=bA1;0,0=wA1;0,3=bB2;1,-6=wA2;1,0=wG1;1,2=bB1;2,0=bS1;2,2=bS2;3,-1=bG2;3,0=wQ;3,1=bG3;4,-1=bA2;4,0=bA3
102	58	-1.000000	terminal	G1|w|58|29|29|-2,-1=wG3;-1,-3=wB1;-1,-2=wB2;0,-5=bQ;0,-4=wA3;0,-2=wG2;0,-1=bA1;0,0=wA1;0,3=bB2;1,-6=wA2;1,0=wG1;1,2=bB1;2,0=bS1;2,2=bS2;3,-1=bG2;3,0=wQ;3,1=bG3;4,-1=bA2;4,0=bA3;5,0=bG1
102	60	-1.000000	terminal	G1|w|60|30|30|-2,-1=wG3;-1,-3=wB1;-1,-2=wB2;0,-6=wA2;0,-5=bQ;0,-4=wA3;0,-2=wG2;0,-1=bA1;0,0=wA1;0,2=bB2;1,0=wG1;1,2=bB1;2,0=bS1;2,2=bS2;3,-1=bG2;3,0=wQ;3,1=bG3;4,-1=bA2;4,0=bA3;5,0=bG1
102	62	-1.000000	terminal	G1|w|62|31|31|-2,-1=wG3;-1,-5=wA2;-1,-3=wB1;-1,-2=wB2;0,-5=bQ;0,-4=wA3;0,-2=wG2;0,-1=bA1;0,0=wA1;1,0=wG1;1,2=bB1,bB2;2,0=bS1;2,2=bS2;3,-1=bG2;3,0=wQ;3,1=bG3;4,-1=bA2;4,0=bA3;5,0=bG1
102	64	-1.000000	terminal	G1|w|64|32|32|-2,-1=wG3;-1,-3=wB1;-1,-2=wB2;0,-5=bQ;0,-4=wA3;0,-2=wG2;0,-1=bA1;0,0=wA1;1,-6=wA2;1,0=wG1;1,2=bB1;2,0=bS1;2,1=bB2;2,2=bS2;3,-1=bG2;3,0=wQ;3,1=bG3;4,-1=bA2;4,0=bA3;5,0=bG1
103	0	1.000000	terminal	G1|w|0|0|0|
103	7	1.000000	terminal	G1|b|7|4|3|-2,0=bG1;-1,-1=bA1;-1,0=bS1;0,0=wG1;1,0=wA1;2,0=wB1;2,1=wQ
103	9	1.000000	terminal	G1|b|9|5|4|-3,1=bQ;-2,0=bG1;-1,-1=bA1;-1,0=bS1;0,0=wG1;1,0=wA1;2,0=wB1;2,1=wQ;2,2=wS1
103	11	1.000000	terminal	G1|b|11|6|5|-3,1=bQ;-2,0=bG1;-1,0=bS1;0,0=wG1;1,0=wA1;1,2=bA1;2,0=wB1;2,1=wQ;3,-1=wS1
103	13	1.000000	terminal	G1|b|13|7|6|-4,1=bB1;-3,1=bQ;-2,0=bG1;-1,0=bS1;0,0=wG1;0,1=wB2;1,0=wA1;1,2=bA1;2,0=wB1;2,1=wQ;3,-1=wS1
103	15	1.000000	terminal	G1|b|15|8|7|-5,1=bA2;-4,1=bB1;-3,1=bQ;-2,0=bG1;-1,0=bS1;0,0=wG1;0,1=wB2;1,-1=wA2;1,0=wA1;1,2=bA1;2,0=wB1;2,1=wQ;3,-1=wS1
103	17	1.000000	terminal	G1|b|17|9|8|-4,1=bB1;-4,2=wA2;-3,1=bQ;-2,0=bG1;-1,0=bS1;0,0=wG1;0,1=wB2;1,0=wA1;1,2=bA1;2,0=wB1;2,1=wQ;2,2=bA2;3,-1=wS1
103	19	1.000000	terminal	G1|b|19|10|9|-5,2=bB1;-4,2=wA2;-4,3=wG2;-3,1=bQ;-2,0=bG1;-1,0=bS1;0,0=wG1;0,1=wB2;1,0=wA1;1,2=bA1;2,0=wB1;2,1=wQ;2,2=bA2;3,-1=wS1
103	21	1.000000	terminal	G1|b|21|11|10|-6,2=bG2;-5,2=bB1;-4,1=wG2;-4,2=wA2;-3,1=bQ;-2,0=bG1;-1,0=bS1;0,0=wG1;0,1=wB2;1,0=wA1;1,2=bA1;2,0=wB1;2,1=wQ;2,2=bA2;3,-1=wS1
103	23	1.000000	terminal	G1|b|23|12|11|-6,2=bG2;-5,2=bB1;-4,1=wG2;-4,2=wA2;-4,3=wG3;-3,1=bQ;-2,0=bG1;-1,-1=bG3;-1,0=bS1;0,0=wG1;0,1=wB2;1,0=wA1;1,2=bA1;2,0=wB1;2,1=wQ;2,2=bA2;3,-1=wS1
103	25	1.000000	terminal	G1|b|25|13|12|-6,2=bG2;-5,2=bB1;-4,1=wG2;-4,2=wA2;-4,3=wG3;-3,1=bQ;-2,0=bG1;-1,-2=bA3;-1,-1=bG3;-1,0=bS1;0,0=wG1;0,1=wB2;1,0=wA1;1,2=bA1;2,0=wB1;2,1=wQ;2,2=bA2;3,2=wS1
103	27	1.000000	terminal	G1|b|27|14|13|-6,2=bG2;-5,2=bB1;-4,1=wG2;-4,2=wA2;-4,3=wG3;-3,1=bQ;-2,0=bG1;-1,-1=bG3;-1,0=bS1;-1,2=wS2;0,0=wG1;0,1=wB2;1,0=wA1;1,2=bA1;2,0=wB1;2,1=wQ;2,2=bA2;3,1=bA3;3,2=wS1
103	29	1.000000	terminal	G1|b|29|15|14|-6,2=bG2;-5,2=bB1;-4,1=wG2;-4,2=wA2;-4,3=wG3;-3,1=bQ;-2,0=bG1;-1,-1=bG3;-1,0=bS1;-1,2=wS2;0,0=wG1;0,1=wB2;1,0=wA1;1,2=bA1;1,3=bS2;2,0=wB1;2,1=wQ;2,2=bA2;3,-1=wA3;3,1=bA3;3,2=wS1
103	31	1.000000	terminal	G1|b|31|16|15|-6,2=bG2;-5,2=bB1;-4,1=wG2;-4,2=wA2;-4,3=wG3;-3,1=bQ;-2,0=bG1;-1,-1=bG3;-1,0=bS1;-1,2=wS2;0,0=wG1;0,1=wB2;0,3=wA1;1,1=bA1;1,3=bS2;2,0=wB1;2,1=wQ;2,2=bA2;3,-1=wA3;3,1=bA3;3,2=wS1
103	33	1.000000	terminal	G1|b|33|17|16|-6,1=bB2;-6,2=bG2;-5,2=bB1;-4,1=wG2;-4,2=wA2;-4,3=wG3;-3,1=bQ;-2,0=bG1;-1,-1=bG3;-1,0=bS1;-1,2=wS2;0,0=wG1;0,1=wB2;0,3=wA1;1,1=bA1;1,3=bS2;2,-1=wA3;2,0=wB1;2,1=wQ;2,2=bA2;3,1=bA3;3,2=wS1
103	35	1.000000	terminal	G1|b|35|18|17|-6,2=bG2,bB2;-5,2=bB1;-4,1=wG2;-4,2=wA2;-4,3=wG3;-3,1=bQ;-2,0=bG1;-2,1=wA3;-1,-1=bG3;-1,0=bS1;-1,2=wS2;0,0=wG1;0,1=wB2;0,3=wA1;1,1=bA1;1,3=bS2;2,0=wB1;2,1=wQ;2,2=bA2;3,1=bA3;3,2=wS1
103	37	1.000000	terminal	G1|b|37|19|18|-6,2=bG2,bB2;-5,2=bB1;-5,3=bG1;-4,1=wG2;-4,2=wA2;-4,3=wG3;-3,0=wA1;-3,1=bQ;-2,1=wA3;-1,-1=bG3;-1,0=bS1;-1,2=wS2;0,0=wG1;0,1=wB2;1,1=bA1;1,3=bS2;2,0=wB1;2,1=wQ;2,2=bA2;3,1=bA3;3,2=wS1
103	39	1.000000	terminal	G1|b|39|20|19|-6,1=bB2;-6,2=bG2;-5,2=bB1;-5,3=bG1;-4,1=wG2;-4,2=wA2;-4,3=wG3;-3,0=wA1;-3,1=bQ;-2,1=wA3;-1,-1=bG3;-1,0=bS1;-1,2=wS2;0,0=wG1;0,1=wB2;1,0=wB1;1,1=bA1;1,3=bS2;2,1=wQ;2,2=bA2;3,1=bA3;3,2=wS1
103	41	1.000000	terminal	G1|b|41|21|20|-6,1=bB2;-6,2=bG2;-5,2=bB1;-5,3=bG1;-4,1=wG2;-4,2=wA2;-4,3=wG3;-3,0=wA1;-3,1=bQ;-2,0=wG1;-2,1=wA3;-1,0=bS1;-1,1=bG3;-1,2=wS2;0,1=wB2;1,0=wB1;1,1=bA1;1,3=bS2;2,1=wQ;2,2=bA2;3,1=bA3;3,2=wS1
103	43	1.000000	terminal	G1|b|43|22|21|-6,1=bB2;-6,2=bG2;-5,2=bB1;-5,3=bG1;-4,1=wG2;-4,2=wA2;-4,3=wG3;-3,1=bQ;-2,0=wG1;-2,1=wA3;-1,1=bG3;-1,2=wS2;0,1=wB2;1,0=wB1;1,1=bA1;1,3=bS2;2,-1=bS1;2,1=wQ;2,2=bA2;2,3=wA1;3,1=bA3;3,2=wS1
103	45	1.000000	terminal	G1|b|45|23|22|-6,2=bG2,bB2;-5,2=bB1;-5,3=bG1;-4,1=wG2;-4,2=wA2;-4,3=wG3;-3,1=bQ;-3,2=wA1;-2,0=wG1;-2,1=wA3;-1,1=bG3;-1,2=wS2;0,1=wB2;1,0=wB1;1,1=bA1;1,3=bS2;2,-1=bS1;2,1=wQ;2,2=bA2;3,1=bA3;3,2=wS1
103	47	1.000000	terminal	G1|b|47|24|23|-6,2=bG2,bB2;-5,2=bB1;-4,1=wG2;-4,2=wA2;-4,3=wG3;-3,1=bQ;-3,2=wA1;-2,0=wG1;-2,1=wA3;-1,-1=bG1;-1,1=bG3;0,1=wB2;0,3=wS2;1,0=wB1;1,1=bA1;1,3=bS2;2,-1=bS1;2,1=wQ;2,2=bA2;3,1=bA3;3,2=wS1
103	49	1.000000	terminal	G1|b|49|25|24|-6,2=bG2,bB2;-5,2=bB1;-4,1=wG2;-4,2=wA2;-3,1=bQ;-3,2=wA1;-3,3=bA3;-2,0=wG1;-2,1=wA3;-1,-1=bG1;-1,0=wG3;-1,1=bG3;0,1=wB2;0,3=wS2;1,0=wB1;1,1=bA1;1,3=bS2;2,-1=bS1;2,1=wQ;2,2=bA2;3,2=wS1
103	51	1.000000	terminal	G1|b|51|26|25|-6,2=bG2,bB2;-5,2=bB1;-4,1=wG2;-4,2=wA2;-3,0=wG3;-3,1=bQ;-3,2=wA1;-2,0=wG1;-2,1=wA3;-1,-1=bG1;-1,1=bG3;0,1=wB2;0,3=wS2;1,0=wB1;1,1=bA1;1,3=bS2;2,-1=bS1;2,1=wQ;2,2=bA2;3,1=bA3;3,2=wS1
104	0	0.379949	adjudicated	G1|w|0|0|0|
104	6	0.379949	adjudicated	G1|w|6|3|3|-3,3=bA2;-2,2=bA1;-1,1=bS1;0,-1=wA1;0,0=wB1;1,-1=wS1
104	8	0.379949	adjudicated	G1|w|8|4|4|-4,4=bQ;-3,3=bA2;-2,2=bA1;-1,1=bS1;0,-1=wA1;0,0=wB1;1,-1=wS1;2,-2=wQ
104	10	0.379949	adjudicated	G1|w|10|5|5|-5,5=bG1;-4,3=wA1;-4,4=bQ;-3,3=bA2;-2,2=bA1;-1,1=bS1;0,0=wB1;1,-1=wS1;2,-2=wQ
104	12	0.379949	adjudicated	G1|w|12|6|6|-5,5=bG1;-4,3=wA1;-4,4=bQ;-3,3=bA2;-3,4=bA3;-2,2=bA1;-1,1=bS1;0,-1=wA2;0,0=wB1;1,-1=wS1;2,-2=wQ
104	14	0.379949	adjudicated	G1|w|14|7|7|-5,5=bG1;-4,3=wA1;-4,4=bQ;-4,5=wA2;-3,3=bA2;-2,2=bA1;-1,1=bS1;0,0=wB1;1,-1=wS1;2,-2=wQ;3,-3=bA3
104	16	0.379949	adjudicated	G1|w|16|8|8|-4,3=wA1;-4,4=bQ;-3,3=bA2;-3,4=wA2;-2,2=bA1;-1,1=bS1;0,0=wB1;1,-1=wS1;2,-2=wQ;3,-3=bA3;4,-4=bG1
104	18	0.379949	adjudicated	G1|w|18|9|9|-4,3=wA1;-4,4=bQ;-3,3=bA2;-3,4=wA2;-2,2=bA1;-1,1=bS1;0,-1=wA3;0,0=wB1;1,-1=wS1;2,-2=wQ;3,-3=bA3;4,-4=bG1;5,-4=bS2
104	20	0.379949	adjudicated	G1|w|20|10|10|-5,4=wA3;-4,3=wA1;-4,4=bQ;-3,3=bA2;-3,4=wA2;-2,1=bB1;-2,2=bA1;-1,1=bS1;0,0=wB1;1,-1=wS1;2,-2=wQ;3,-3=bA3;4,-4=bG1;5,-4=bS2
104	22	0.379949	adjudicated	G1|w|22|11|11|-5,4=bQ;-4,3=wA1;-3,3=bA2;-3,4=wA2;-3,5=wA3;-2,1=bB1;-2,2=bA1;-1,1=bS1;0,0=wB1;1,-1=wS1;2,-2=wQ;3,-3=bA3;4,-4=bG1;5,-4=bS2
104	24	0.379949	adjudicated	G1|w|24|12|12|-6,4=bQ;-5,3=wA3;-4,3=wA1;-3,3=bA2;-3,4=wA2;-2,1=bB1;-2,2=bA1;-1,1=bS1;0,0=wB1;1,-1=wS1;2,-2=wQ;3,-3=bA3;4,-4=bG1;5,-4=bS2
104	26	0.379949	adjudicated	G1|w|26|13|13|-6,4=bQ;-6,5=wA2;-5,3=wA3;-4,3=wA1;-3,3=bA2;-2,1=bB1;-2,2=bA1;-1,1=bS1;0,0=wB1;1,-1=wS1;2,-2=wQ;2,-1=bS2;3,-3=bA3;4,-4=bG1
104	28	0.379949	adjudicated	G1|w|28|14|14|-7,6=wG1;-6,4=bQ;-6,5=wA2;-5,3=wA3;-4,3=wA1;-4,4=bG1;-3,3=bA2;-2,1=bB1;-2,2=bA1;-1,1=bS1;0,0=wB1;1,-1=wS1;2,-2=wQ;2,-1=bS2;3,-3=bA3
104	30	0.379949	adjudicated	G1|w|30|15|15|-6,3=bQ;-6,5=wA2;-5,3=wA3;-5,4=wG1;-4,3=wA1;-4,4=bG1;-3,3=bA2;-2,1=bB1;-2,2=bA1;-1,1=bS1;0,0=wB1;1,-1=wS1;2,-2=wQ;2,-1=bS2;3,-3=bA3
104	32	0.379949	adjudicated	G1|w|32|16|16|-6,2=wA2;-6,3=bQ;-5,3=wA3;-5,4=wG1;-4,3=wA1;-4,4=bG1;-4,5=bG2;-3,3=bA2;-2,1=bB1;-2,2=bA1;-1,1=bS1;0,0=wB1;1,-1=wS1;2,-2=wQ;2,-1=bS2;3,-3=bA3
104	34	0.379949	adjudicated	G1|w|34|17|17|-6,3=bQ;-5,3=wA3;-5,4=wG1;-4,3=wA1;-4,4=bG1;-4,5=bG2;-4,6=bG3;-3,3=bA2;-2,1=bB1;-2,2=bA1;-1,1=bS1;0,0=wB1;1,-1=wS1;2,-2=wQ;2,-1=bS2;3,-3=bA3;3,-1=wA2
104	36	0.379949	adjudicated	G1|w|36|18|18|-7,4=wA2;-6,3=bQ;-5,3=wA3;-5,4=wG1;-4,3=wA1;-4,4=bG1;-4,5=bG2;-4,6=bG3;-3,3=bA2;-2,2=bA1;-1,1=bS1,bB1;0,0=wB1;1,-1=wS1;2,-2=wQ;2,-1=bS2;3,-3=bA3
104	38	0.379949	adjudicated	G1|w|38|19|19|-7,4=wA2;-6,3=bQ;-5,2=wA1;-5,3=wA3;-5,4=wG1;-4,4=bG1;-4,5=bG2;-4,6=bG3;-3,3=bA2;-2,2=bA1;-1,1=bS1,bB1;0,0=wB1;1,-1=wS1;2,-2=wQ;2,-1=bS2;3,-3=bA3;4,-3=bB2
104	40	0.379949	adjudicated	G1|w|40|20|20|-7,3=bQ;-6,2=wA2;-5,2=wA1;-5,3=wA3;-5,4=wG1;-4,4=bG1;-4,5=bG2;-4,6=bG3;-3,3=bA2;-2,2=bA1;-1,1=bS1,bB1;0,0=wB1;1,-1=wS1;2,-2=wQ;2,-1=bS2;3,-3=bA3;4,-3=bB2
104	42	0.379949	adjudicated	G1|w|42|21|21|-7,3=bQ;-6,2=wA2;-5,2=wA1;-5,3=wA3;-5,4=wG1;-4,1=wB2;-4,4=bG1;-4,5=bG2;-4,6=bG3;-3,3=bA2;-2,2=bA1;-1,1=bS1,bB1;0,0=wB1;1,-1=wS1;2,-2=wQ;2,-1=bS2;3,-3=bA3;3,-2=bB2
104	44	0.379949	adjudicated	G1|w|44|22|22|-7,3=bQ;-6,2=wA2;-5,2=wA1;-5,3=wA3;-5,4=wG1;-4,1=wB2;-4,4=bG1;-4,5=bG2;-4,6=bG3;-3,3=bA2;-2,2=bA1;-1,1=bS1;0,0=wB1;0,1=bB1;1,-1=wS1;2,-3=wQ;2,-1=bS2;3,-3=bA3;3,-2=bB2
104	46	0.379949	adjudicated	G1|w|46|23|23|-7,3=bQ;-6,2=wA2;-5,2=wA1;-5,3=wA3;-5,4=wG1;-4,2=wB2;-4,4=bG1;-4,5=bG2;-4,6=bG3;-3,3=bA2;-2,2=bA1;-1,1=bS1,bB1;0,0=wB1;1,-1=wS1;2,-3=wQ;2,-1=bS2;3,-3=bA3;3,-2=bB2
104	48	0.379949	adjudicated	G1|w|48|24|24|-7,3=bQ;-6,2=wA2;-6,4=wS2;-5,2=wA1;-5,3=wA3;-5,4=wG1;-4,2=wB2;-4,4=bG1;-4,5=bG2;-4,6=bG3;-3,3=bA2;-2,2=bA1;-1,0=bB1;-1,1=bS1;0,0=wB1;1,-1=wS1;2,-3=wQ;2,-1=bS2;3,-3=bA3;3,-2=bB2
104	50	0.379949	adjudicated	G1|w|50|25|25|-8,4=wS2;-7,3=bQ;-6,2=wA2;-5,2=wA1;-5,3=wA3;-5,4=wG1;-4,2=wB2;-4,4=bG1;-4,5=bG2;-4,6=bG3;-3,3=bA2;-2,2=bA1;-1,1=bS1;0,0=wB1,bB1;1,-1=wS1;2,-3=wQ;2,-1=bS2;3,-3=bA3;3,-2=bB2
104	52	0.379949	adjudicated	G1|w|52|26|26|-8,4=wS2;-7,3=bQ;-6,2=wA2;-5,2=wA1;-5,3=wA3;-5,4=wG1;-4,1=wG2;-4,2=wB2;-4,3=bG3;-4,4=bG1;-4,5=bG2;-3,3=bA2;-2,2=bA1;-1,1=bS1;0,0=wB1,bB1;1,-1=wS1;2,-3=wQ;2,-1=bS2;3,-3=bA3;3,-2=bB2
104	54	0.379949	adjudicated	G1|w|54|27|27|-8,4=wS2;-7,2=wA3;-7,3=bQ;-6,2=wA2;-5,2=wA1;-5,4=wG1;-4,1=wG2;-4,2=wB2;-4,3=bG3;-4,4=bG1;-4,5=bG2;-3,3=bA2;-2,2=bA1;-1,1=bS1;0,0=wB1;1,-1=wS1,bB1;2,-3=wQ;2,-1=bS2;3,-3=bA3;3,-2=bB2
104	56	0.379949	adjudicated	G1|w|56|28|28|-8,4=wS2;-7,2=wA3;-7,3=bQ;-6,2=wA2;-6,3=wG2;-5,2=wA1;-5,4=wG1;-4,2=wB2;-4,3=bG3;-4,4=bG1;-4,5=bG2;-3,3=bA2;-2,2=bA1;-1,1=bS1;0,0=wB1;1,-2=bB1;1,-1=wS1;2,-3=wQ;2,-1=bS2;3,-3=bA3;3,-2=bB2
104	58	0.379949	adjudicated	G1|w|58|29|29|-8,4=wS2;-7,2=wA3;-7,3=bQ;-6,2=wA2;-6,3=wG2;-5,2=wA1;-5,4=wG1;-4,2=wB2;-4,3=bG3;-4,4=bG1;-4,5=bG2;-3,3=bA2;-2,2=bA1;-1,1=bS1;0,-1=bB1;0,0=wB1;1,-1=wS1;2,-1=bS2;3,-4=wQ;3,-3=bA3;3,-2=bB2
104	60	0.379949	adjudicated	G1|w|60|30|30|-8,4=wS2;-7,2=wA3;-7,3=bQ;-6,2=wA2;-6,3=wG2;-6,4=wG3;-5,2=wA1;-5,4=wG1;-4,2=wB2;-4,4=bG1;-4,5=bG2;-3,3=bA2;-2,2=bA1;-2,3=bG3;-1,1=bS1;0,-1=bB1;0,0=wB1;1,-1=wS1;2,-1=bS2;3,-4=wQ;3,-3=bA3;3,-2=bB2
104	62	0.379949	adjudicated	G1|w|62|31|31|-8,4=wS2;-7,2=wA3;-7,3=bQ;-6,2=wA2;-6,3=wG2;-6,4=wG3;-5,2=wA1;-5,4=wG1;-4,1=wB2;-4,3=bG2;-4,4=bG1;-3,3=bA2;-2,2=bA1;-2,3=bG3;-1,1=bS1;0,-1=bB1;0,0=wB1;1,-1=wS1;2,-1=bS2;3,-4=wQ;3,-3=bA3;3,-2=bB2
104	64	0.379949	adjudicated	G1|w|64|32|32|-8,3=wA3;-8,4=wS2;-7,3=bQ;-6,2=wA2;-6,3=wG2;-6,4=wG3;-5,2=wA1;-5,4=wG1;-4,1=wB2;-4,3=bG2;-4,4=bG1;-3,3=bA2;-2,2=bA1;-2,3=bG3;-1,1=bS1;0,0=wB1,bB1;1,-1=wS1;2,-1=bS2;3,-4=wQ;3,-3=bA3;3,-2=bB2
104	66	0.379949	adjudicated	G1|w|66|33|33|-8,3=wA3;-8,4=wS2;-7,3=bQ;-6,2=wA2;-6,3=wG2;-6,4=wG3;-5,2=wA1;-5,4=wG1;-4,1=wB2;-4,3=bG2;-4,4=bG1;-3,3=bA2;-2,2=bA1;-2,3=bG3;-1,1=bS1;0,0=wB1;1,-1=wS1;1,0=bB1;2,-1=bS2;3,-3=bA3;3,-2=bB2;4,-4=wQ
104	68	0.379949	adjudicated	G1|w|68|34|34|-8,3=wA3;-8,4=wS2;-7,3=bQ;-6,3=wG2;-6,4=wG3;-5,2=wA1;-5,4=wG1;-4,1=wB2;-4,4=bG1;-4,5=bG2;-3,3=bA2;-2,2=bA1;-2,3=bG3;-1,1=bS1;0,0=wB1;1,-1=wS1;1,0=bB1;2,-1=bS2;3,-3=bA3;3,-2=bB2;4,-5=wA2;4,-4=wQ
104	70	0.379949	adjudicated	G1|w|70|35|35|-8,3=wA3;-8,4=wS2;-7,2=wA2;-7,3=bQ;-6,3=wG2;-6,4=wG3;-5,2=wA1;-5,4=wG1;-4,1=wB2;-4,4=bG1;-4,5=bG2;-3,3=bA2;-2,2=bA1;-2,3=bG3;-1,1=bS1;0,0=wB1;1,-1=wS1,bB1;2,-1=bS2;3,-3=bA3;3,-2=bB2;4,-4=wQ
104	72	0.379949	adjudicated	G1|w|72|36|36|-8,4=wS2;-7,2=wA2;-7,3=bQ;-6,2=wA3;-6,3=wG2;-6,4=wG3;-5,2=wA1;-5,4=wG1;-4,1=wB2;-4,3=bG3;-4,4=bG1;-4,5=bG2;-3,3=bA2;-2,2=bA1;-1,1=bS1;0,0=wB1;1,-1=wS1,bB1;2,-1=bS2;3,-3=bA3;3,-2=bB2;4,-4=wQ
104	74	0.379949	adjudicated	G1|w|74|37|37|-8,4=wS2;-7,2=wA2;-7,3=bQ;-7,4=wA3;-6,3=wG2;-6,4=wG3;-5,2=wA1;-5,4=wG1;-4,1=wB2;-4,3=bG3;-4,4=bG1;-4,5=bG2;-3,3=bA2;-2,2=bA1;-1,1=bS1;0,0=wB1;1,-1=wS1;2,-2=bB1;2,-1=bS2;3,-3=bA3;3,-2=bB2;4,-4=wQ
104	76	0.379949	adjudicated	G1|w|76|38|38|-9,4=wA3;-8,4=wS2;-7,2=wA2;-7,3=bQ;-6,3=wG2;-6,4=wG3;-5,2=wA1;-5,4=wG1;-4,1=wB2;-4,3=bG3;-4,4=bG1;-4,5=bG2;-3,3=bA2;-2,2=bA1;-1,1=bS1;0,0=wB1;1,-1=wS1;2,-2=bB1;3,-3=bA3;3,-2=bB2;4,-4=wQ;4,-3=bS2
104	78	0.379949	adjudicated	G1|w|78|39|39|-8,4=wS2;-7,2=wA2;-7,3=bQ;-6,2=wA3;-6,3=wG2;-6,4=wG3;-5,2=wA1;-5,4=wG1;-4,1=wB2;-4,3=bG3;-4,4=bG1;-4,5=bG2;-3,3=bA2;-2,2=bA1;-1,1=bS1;0,0=wB1;1,-1=wS1;2,-2=bB1;3,-3=bA3;3,-2=bB2;4,-5=bS2;4,-4=wQ
104	80	0.379949	adjudicated	G1|w|80|40|40|-8,4=wS2;-7,2=wA2;-7,3=bQ;-6,2=wA3;-6,3=wG2;-6,4=wG3;-5,2=wA1;-5,4=wG1;-4,2=wB2;-4,3=bG3;-4,4=bG1;-4,5=bG2;-3,3=bA2;-2,2=bA1;-1,1=bS1;0,0=wB1;1,-1=wS1;2,-2=bB1;3,-3=bA3;4,-5=bS2;4,-4=wQ;4,-3=bB2
104	82	0.379949	adjudicated	G1|w|82|41|41|-8,3=wA1;-8,4=wS2;-7,2=wA2;-7,3=bQ;-6,2=wA3;-6,3=wG2;-6,4=wG3;-5,4=wG1;-4,2=wB2;-4,3=bG3;-4,4=bG1;-4,5=bG2;-3,3=bA2;-2,2=bA1;-1,1=bS1;0,0=wB1;1,-1=wS1;2,-2=bB1;3,-3=bA3;3,-2=bB2;4,-5=bS2;4,-4=wQ
104	84	0.379949	adjudicated	G1|w|84|42|42|-8,3=wA1;-8,4=wS2;-7,3=bQ;-7,4=wA2;-6,2=wA3;-6,3=wG2;-6,4=wG3;-5,4=wG1;-4,2=wB2;-4,3=bG3;-4,4=bG1;-4,5=bG2;-3,3=bA2;-2,2=bA1;-1,1=bS1;0,0=wB1;1,-1=wS1;2,-2=bB1;3,-3=bA3;4,-5=bS2;4,-4=wQ;4,-3=bB2
104	86	0.379949	adjudicated	G1|w|86|43|43|-8,3=wA1;-8,4=wS2;-7,3=bQ;-7,4=wA2;-6,2=wA3;-6,3=wG2;-6,4=wG3;-5,4=wG1;-4,3=bG3,wB2;-4,4=bG1;-4,5=bG2;-3,3=bA2;-2,2=bA1;-1,1=bS1;0,0=wB1;1,-1=wS1;2,-2=bB1;3,-3=bA3;4,-5=bS2;4,-4=wQ;5,-4=bB2
104	88	0.379949	adjudicated	G1|w|88|44|44|-8,3=wA1;-8,4=wS2;-7,3=bQ;-7,4=wA2;-6,2=wA3;-6,3=wG2;-6,4=wG3;-5,4=wG1;-4,3=bG3;-4,4=bG1;-4,5=bG2;-3,2=wB2;-2,2=bA1;-1,1=bS1;0,0=wB1;1,-1=wS1;2,-2=bB1;3,-3=bA3;4,-5=bS2;4,-4=wQ;4,-3=bA2;5,-4=bB2
104	90	0.379949	adjudicated	G1|w|90|45|45|-8,4=wS2;-7,2=wA1;-7,3=bQ;-7,4=wA2;-6,2=wA3;-6,3=wG2;-6,4=wG3;-5,4=wG1;-4,2=bG2;-4,3=bG3;-4,4=bG1;-3,2=wB2;-2,2=bA1;-1,1=bS1;0,0=wB1;1,-1=wS1;2,-2=bB1;3,-3=bA3;4,-5=bS2;4,-4=wQ;4,-3=bA2;5,-4=bB2
104	92	0.379949	adjudicated	G1|w|92|46|46|-8,3=wA2;-8,4=wS2;-7,2=wA1;-7,3=bQ;-6,2=wA3;-6,3=wG2;-6,4=wG3;-5,4=wG1;-4,2=bG2;-4,3=bG3;-4,4=bG1;-3,2=wB2;-2,2=bA1;-1,1=bS1;0,0=wB1;1,-1=wS1;2,-2=bB1;3,-4=bA2;3,-3=bA3;4,-5=bS2;4,-4=wQ;5,-4=bB2
104	94	0.379949	adjudicated	G1|w|94|47|47|-8,4=wS2;-7,2=wA1;-7,3=bQ;-7,4=wA2;-6,2=wA3;-6,3=wG2;-6,4=wG3;-5,4=wG1;-4,2=bG2;-4,3=bG3;-4,4=bG1;-3,2=wB2;-2,2=bA1;-1,1=bS1;0,0=wB1;1,-1=wS1;2,-2=bB1;3,-3=bA3;4,-5=bS2;4,-4=wQ;4,-3=bA2;5,-4=bB2
104	96	0.379949	adjudicated	G1|w|96|48|48|-9,4=bG1;-8,3=wA1;-8,4=wS2;-7,3=bQ;-7,4=wA2;-6,2=wA3;-6,3=wG2;-6,4=wG3;-5,4=wG1;-4,2=bG2;-4,3=bG3;-3,2=wB2;-2,2=bA1;-1,1=bS1;0,0=wB1;1,-1=wS1;2,-2=bB1;3,-3=bA3;4,-5=bS2;4,-4=wQ;4,-3=bA2;5,-4=bB2
105	0	-1.000000	terminal	G1|w|0|0|0|
105	7	-1.000000	terminal	G1|b|7|4|3|-1,-1=bS1;-1,2=wQ;0,-1=bB1;0,0=wA1;0,1=wS1;1,-2=bB2;1,1=wS2
105	9	-1.000000	terminal	G1|b|9|5|4|-1,-1=bS1;-1,2=wQ;0,-1=bB1;0,0=wA1;0,1=wS1;1,-3=bQ;1,-2=bB2;1,0=wA2;1,1=wS2
105	11	-1.000000	terminal	G1|b|11|6|5|-2,2=bS1;-1,2=wQ;0,-1=bB1;0,0=wA1;0,1=wS1;1,-4=wA2;1,-3=bQ;1,-2=bB2;1,1=wS2
105	13	-1.000000	terminal	G1|b|13|7|6|-3,2=bA1;-2,2=bS1;-1,2=wQ;0,-1=bB1;0,0=wA1;0,1=wS1;1,-4=wA2;1,-3=bQ;1,-2=bB2;1,1=wS2;2,1=wG1
105	15	-1.000000	terminal	G1|b|15|8|7|-2,2=bS1;-2,3=bA1;-1,2=wQ;0,-1=bB1;0,0=wA1;0,1=wS1;1,-4=wA2;1,-3=bQ;1,-2=bB2;1,1=wS2;2,1=wG1;3,0=wA3
105	17	-1.000000	terminal	G1|b|17|9|8|-2,2=bS1;-2,3=bA1;-2,4=bA2;-1,2=wQ;0,-3=wA3;0,-1=bB1;0,0=wA1;0,1=wS1;1,-4=wA2;1,-3=bQ;1,-2=bB2;1,1=wS2;2,1=wG1
105	19	-1.000000	terminal	G1|b|19|10|9|-2,2=bS1;-2,3=bA1;-1,2=wQ;0,-3=wA3;0,-1=bB1;0,0=wA1;0,1=wS1;0,2=bA2;1,-4=wA2;1,-3=bQ;1,-2=bB2;1,1=wS2;2,1=wG1;3,1=wB1
105	21	-1.000000	terminal	G1|b|21|11|10|-2,1=bS2;-2,2=bS1;-2,3=bA1;-1,2=wQ;0,-3=wA3;0,-1=bB1;0,0=wA1;0,1=wS1;0,2=bA2;1,-4=wA2;1,-3=bQ;1,-2=bB2;1,1=wS2;2,1=wG1;3,1=wB1;4,1=wB2
105	23	-1.000000	terminal	G1|b|23|12|11|-2,0=bG1;-2,1=bS2;-2,2=bS1;-2,3=bA1;-1,2=wQ;0,-3=wA3;0,-1=bB1;0,0=wA1;0,1=wS1;0,2=bA2;1,-4=wA2;1,-3=bQ;1,-2=bB2;1,1=wS2;2,1=wG1;2,2=wG2;3,1=wB1;4,1=wB2
105	25	-1.000000	terminal	G1|b|25|13|12|-3,2=bG2;-2,0=bG1;-2,1=bS2;-2,2=bS1;-2,3=bA1;-1,2=wQ;0,-3=wA3;0,-1=bB1;0,0=wA1;0,1=wS1;0,2=bA2;1,-4=wA2;1,-3=bQ;1,-2=bB2;1,1=wS2;2,-5=wG3;2,1=wG1;2,2=wG2;3,1=wB1;4,1=wB2
105	27	-1.000000	terminal	G1|b|27|14|13|-3,2=bG2;-2,0=bG1;-2,1=bS2;-2,2=bS1;-1,2=wQ;0,-5=wA3;0,-4=bA1;0,-1=bB1;0,0=wA1;0,1=wS1;0,2=bA2;1,-4=wA2;1,-3=bQ;1,-2=bB2;1,1=wS2;2,-5=wG3;2,1=wG1;2,2=wG2;3,1=wB1;4,1=wB2
105	29	-1.000000	terminal	G1|b|29|15|14|-3,2=bG2;-2,1=bS2;-2,2=bS1;-2,3=bG1;-1,2=wQ;0,-4=bA1;0,-3=wA3;0,-1=bB1;0,0=wA1;0,1=wS1;0,2=bA2;1,-4=wA2;1,-3=bQ;1,-2=bB2;1,1=wS2;2,-5=wG3;2,1=wG1;2,2=wG2;3,1=wB1;4,1=wB2
105	31	-1.000000	terminal	G1|b|31|16|15|-3,2=bG2;-2,1=bS2;-2,2=bS1;-2,3=bG1;-1,2=wQ;-1,3=bA1;0,-3=wA3;0,-1=bB1;0,0=wA1;0,1=wS1;0,2=bA2;1,-4=wA2;1,-3=bQ;1,-2=bB2;1,1=wS2;2,-5=wG3;2,0=wG2;2,1=wG1;3,1=wB1;4,1=wB2
105	33	-1.000000	terminal	G1|b|33|17|16|-3,1=bG3;-3,2=bG2;-2,1=bS2;-2,2=bS1;-2,3=bG1;-1,2=wQ;-1,3=bA1;0,-3=wA3;0,-1=bB1;0,0=wA1;0,1=wS1;0,2=bA2;1,-4=wA2;1,-3=bQ;1,-2=bB2;1,1=wS2;2,-5=wG3;2,0=wG2;2,1=wG1;3,1=wB1,wB2
105	35	-1.000000	terminal	G1|b|35|18|17|-3,1=bG3;-3,2=bG2;-3,3=bA1;-2,1=bS2;-2,2=bS1;-2,3=bG1;-1,-2=wG3;-1,2=wQ;0,-3=wA3;0,-1=bB1;0,0=wA1;0,1=wS1;0,2=bA2;1,-4=wA2;1,-3=bQ;1,-2=bB2;1,1=wS2;2,0=wG2;2,1=wG1;3,1=wB1,wB2
105	37	-1.000000	terminal	G1|b|37|19|18|-3,1=bG3;-3,2=bG2;-2,1=bS2;-2,2=bS1;-2,3=bG1;-1,-2=wG3;-1,2=wQ;-1,3=bA1;0,-3=wA3;0,-1=bB1;0,0=wA1;0,1=wS1;0,2=bA2;1,-3=bQ;1,-2=bB2;1,1=wS2;2,-3=wA2;2,0=wG2;2,1=wG1;3,1=wB1,wB2
106	0	0.000000	adjudicated	G1|w|0|0|0|
106	6	0.000000	adjudicated	G1|w|6|3|3|-2,0=bG1;-2,1=bG2;-1,0=bB1;-1,2=wB2;0,0=wB1;0,1=wS1
106	8	0.000000	adjudicated	G1|w|8|4|4|-3,0=bQ;-2,0=bG1;-2,1=bG2;-1,0=bB1;-1,2=wB2;-1,3=wQ;0,0=wB1;0,1=wS1
106	10	0.000000	adjudicated	G1|w|10|5|5|-3,0=bQ;-2,0=bG1;-2,1=bG2;-2,3=wQ;-1,-1=bS1;-1,0=bB1;-1,2=wB2;0,0=wB1;0,1=wS1
106	12	0.000000	adjudicated	G1|w|12|6|6|-3,0=bQ;-2,0=bG1;-2,1=bG2;-2,3=wQ;-1,0=bB1;-1,2=wB2;0,0=wB1;0,1=wS1;1,0=wS2;2,-1=bS1
106	14	0.000000	adjudicated	G1|w|14|7|7|-3,0=bQ;-2,0=bG1;-2,1=bG2;-2,3=wQ;-1,0=bB1;-1,2=wB2;0,0=wB1;0,1=wS1;0,2=wA1;1,0=wS2;2,-1=bS1;3,-2=bS2
106	16	0.000000	adjudicated	G1|w|16|8|8|-3,0=bQ;-3,1=wA1;-2,0=bG1;-2,1=bG2;-2,3=wQ;-1,0=bB1;-1,2=wB2;0,0=wB1;0,1=wS1;1,0=wS2;2,-1=bS1;3,-2=bS2;3,-1=bG3
106	18	0.000000	adjudicated	G1|w|18|9|9|-4,2=wA2;-3,0=bQ;-3,1=wA1;-2,1=bG2;-2,2=bG1;-2,3=wQ;-1,0=bB1;-1,2=wB2;0,0=wB1;0,1=wS1;1,0=wS2;2,-1=bS1;3,-2=bS2;3,-1=bG3
106	20	0.000000	adjudicated	G1|w|20|10|10|-4,0=bQ;-4,1=wA2;-3,1=wA1;-2,1=bG2;-2,2=bG1;-2,3=wQ;-1,0=bB1;-1,2=wB2;0,0=wB1;0,1=wS1;1,0=wS2;2,-1=bS1;3,-2=bS2;3,-1=bG3
106	22	0.000000	adjudicated	G1|w|22|11|11|-4,0=bQ;-4,1=wA2;-3,1=wA1;-2,1=bG2;-2,2=bG1;-2,3=wQ;-1,0=bB1;0,0=wB1;0,1=wS1,wB2;1,0=wS2;2,-1=bS1;3,-2=bS2;3,-1=bG3;4,-1=bB2
106	24	0.000000	adjudicated	G1|w|24|12|12|-4,0=bQ;-4,1=wA2;-3,1=wA1;-2,1=bG2;-2,2=bG1;-2,3=wQ;-1,0=bB1;0,0=wB1;0,1=wS1;1,0=wS2;1,1=wB2;2,-1=bS1;3,-2=bS2;3,-1=bG3;4,-3=bA1;4,-1=bB2
106	26	0.000000	adjudicated	G1|w|26|13|13|-4,0=bQ;-4,1=wA2;-3,1=wA1;-3,4=bA1;-2,1=bG2;-2,2=bG1;-2,3=wQ;-1,0=bB1;0,0=wB1;0,1=wS1;1,0=wS2;1,1=wB2;2,-1=bS1;2,1=wG1;3,-2=bS2;3,-1=bG3;4,-1=bB2
106	28	0.000000	adjudicated	G1|w|28|14|14|-4,0=bQ;-4,1=wA2;-3,1=wA1;-3,4=bA1;-3,5=bA2;-2,1=bG2;-2,2=bG1;-2,3=wQ;-1,0=bB1;0,0=wB1;0,1=wS1;1,0=wS2;1,1=wB2;2,-1=bS1;2,1=wG1;2,2=wG2;3,-2=bS2;3,-1=bG3;4,-1=bB2
106	30	0.000000	adjudicated	G1|w|30|15|15|-4,0=bQ;-4,1=wA2;-3,1=wA1;-3,4=bA1;-2,1=bG2;-2,2=bG1;-2,3=wQ;-2,4=bA2;-1,0=bB1;0,0=wB1;0,1=wS1;1,0=wS2;1,1=wB2;1,3=wA3;2,-1=bS1;2,1=wG1;2,2=wG2;3,-2=bS2;3,-1=bG3;4,-1=bB2
106	32	0.000000	adjudicated	G1|w|32|16|16|-4,0=bQ;-4,1=wA2;-3,1=wA1;-3,4=bA1;-2,1=bG2;-2,2=bG1;-2,3=wQ;-2,4=bA2;-1,0=bB1;0,0=wB1;0,1=wS1;1,0=wS2;1,1=wB2;2,-1=bS1;2,1=wG1;2,2=wG2;2,3=wA3;3,-2=bS2;3,-1=bG3;4,-2=bB2
106	34	0.000000	adjudicated	G1|w|34|17|17|-5,0=wA3;-4,0=bQ;-4,1=wA2;-3,1=wA1;-2,1=bG2;-2,2=bG1;-2,3=wQ;-2,4=bA2;-1,0=bB1;-1,3=bA1;0,0=wB1;0,1=wS1;1,0=wS2;1,1=wB2;2,-1=bS1;2,1=wG1;2,2=wG2;3,-2=bS2;3,-1=bG3;4,-2=bB2
106	36	0.000000	adjudicated	G1|w|36|18|18|-5,0=wA3;-4,0=bQ;-4,1=wA2;-3,1=wA1;-2,1=bG2;-2,2=bG1;-2,3=wQ;-2,4=bA2;-2,5=bA3;-1,0=bB1;-1,3=bA1;0,0=wB1;0,1=wS1;1,0=wS2;1,1=wB2;1,2=wG3;2,-1=bS1;2,1=wG1;2,2=wG2;3,-2=bS2;3,-1=bG3;4,-2=bB2
106	38	0.000000	adjudicated	G1|w|38|19|19|-4,-1=wA3;-4,0=bQ;-4,1=wA2;-3,1=wA1;-2,1=bG2;-2,2=bG1;-2,3=wQ;-2,4=bA2;-1,0=bB1;-1,3=bA1;0,0=wB1;0,1=wS1;1,0=wS2;1,1=wB2;1,2=wG3;2,-1=bS1;2,1=wG1;2,2=wG2;3,-2=bS2;3,-1=bG3;3,2=bA3;4,-2=bB2
106	40	0.000000	adjudicated	G1|w|40|20|20|-4,-1=wA3;-4,0=bQ;-4,1=wA2;-3,1=wA1;-3,3=bA3;-2,1=bG2;-2,2=bG1;-2,3=wQ;-2,4=bA2;-1,0=bB1;-1,1=wG1;-1,3=bA1;0,0=wB1;0,1=wS1;1,0=wS2;1,1=wB2;1,2=wG3;2,-1=bS1;2,2=wG2;3,-2=bS2;3,-1=bG3;4,-2=bB2
106	42	0.000000	adjudicated	G1|w|42|21|21|-5,1=wG1;-4,-1=wA3;-4,0=bQ;-4,1=wA2;-3,1=wA1;-3,3=bA3;-2,1=bG2;-2,2=bG1;-2,3=wQ;-1,0=bB1;-1,3=bA1;-1,4=bA2;0,0=wB1;0,1=wS1;1,0=wS2;1,1=wB2;1,2=wG3;2,-1=bS1;2,2=wG2;3,-2=bS2;3,-1=bG3;4,-2=bB2
106	44	0.000000	adjudicated	G1|w|44|22|22|-5,1=wG1;-4,-1=wA3;-4,0=bQ;-4,1=wA2;-3,1=wA1;-3,3=bA3;-2,1=bG2;-2,2=bG1;-2,3=wQ;-2,4=bA2;-1,0=bB1;-1,3=bA1;0,0=wB1;0,2=wS1;1,0=wS2;1,1=wB2;1,2=wG3;2,-1=bS1;2,2=wG2;3,-2=bS2;3,-1=bG3;4,-2=bB2
106	46	0.000000	adjudicated	G1|w|46|23|23|-5,1=wG1;-4,-1=wA3;-4,0=bQ;-4,1=wA2;-3,1=wA1;-3,3=bA3;-2,1=bG2;-2,2=bG1;-2,3=wQ;-2,4=bA2;-1,0=bB1;-1,3=bA1;0,0=wB1;0,1=wS1;1,0=wS2;1,1=wB2;1,2=wG3;2,-1=bS1;2,2=wG2;3,-2=bS2;4,-2=bB2;5,-3=bG3
106	48	0.000000	adjudicated	G1|w|48|24|24|-6,1=wA3;-5,1=wG1;-4,0=bQ;-4,1=wA2;-3,1=wA1;-3,3=bA3;-3,4=bA1;-2,1=bG2;-2,2=bG1;-2,3=wQ;-2,4=bA2;-1,0=bB1;0,0=wB1;0,1=wS1;1,0=wS2;1,1=wB2;1,2=wG3;2,-1=bS1;2,2=wG2;3,-2=bS2;4,-2=bB2;5,-3=bG3
106	50	0.000000	adjudicated	G1|w|50|25|25|-6,1=wA3;-5,1=wG1;-4,0=bQ;-4,1=wA2;-3,1=wA1;-3,3=bA3;-3,4=bA1;-2,1=bG2;-2,2=bG1;-2,4=bA2;-1,0=bB1;-1,3=wQ;0,0=wB1;0,1=wS1;1,0=wS2;1,1=wB2;1,2=wG3;2,-1=bS1;2,2=wG2;3,-2=bS2;3,-1=bG3;4,-2=bB2
106	52	0.000000	adjudicated	G1|w|52|26|26|-5,0=bQ;-5,1=wG1;-4,1=wA2;-3,1=wA1;-3,3=bA3;-3,4=bA1;-2,1=bG2;-2,2=bG1;-2,4=bA2;-1,0=bB1;-1,3=wQ;0,0=wB1;0,1=wS1;1,0=wS2;1,1=wB2;1,2=wG3;2,-1=bS1;2,1=wA3;2,2=wG2;3,-2=bS2;3,-1=bG3;4,-2=bB2
106	54	0.000000	adjudicated	G1|w|54|27|27|-6,1=wA3;-5,0=bQ;-5,1=wG1;-4,1=wA2;-3,1=wA1;-3,3=bA3;-3,4=bA1;-2,1=bG2;-2,2=bG1;-2,4=bA2;-1,0=bB1;-1,3=wQ;0,0=wB1;0,1=wS1;1,0=wS2;1,1=wB2;1,2=wG3;2,-1=bS1;2,2=wG2;3,-2=bS2;4,-2=bB2;5,-3=bG3
106	56	0.000000	adjudicated	G1|w|56|28|28|-6,0=bQ;-6,1=wA3;-5,1=wG1;-4,1=wA2;-3,1=wA1;-3,3=bA3;-3,4=bA1;-2,1=bG2;-2,2=bG1;-2,4=bA2;-1,0=bB1;-1,1=wS1;-1,3=wQ;0,0=wB1;1,0=wS2;1,1=wB2;1,2=wG3;2,-1=bS1;2,2=wG2;3,-2=bS2;4,-2=bB2;5,-3=bG3
106	58	0.000000	adjudicated	G1|w|58|29|29|-6,0=bQ;-6,1=wA3;-5,1=wG1;-4,1=wA2;-3,1=wA1;-3,3=bA3;-3,4=bA1;-2,1=bG2;-2,2=bG1;-2,4=bA2;-1,0=bB1;-1,3=wQ;0,0=wB1;0,1=wS1;1,0=wS2;1,1=wB2;1,2=wG3;2,-1=bS1;2,2=wG2;3,-2=bS2;3,-1=bG3;4,-2=bB2
106	60	0.000000	adjudicated	G1|w|60|30|30|-6,0=bQ;-6,1=wA3;-5,1=wG1;-4,1=wA2;-3,1=wA1;-3,3=bA3;-3,4=bA1;-2,1=bG2;-2,2=bG1;-2,4=bA2;-1,0=bB1;-1,1=wS1;-1,3=wQ;0,0=wB1;1,0=wS2;1,1=wB2;1,2=wG3;2,-1=bS1;2,2=wG2;3,-2=bS2;4,-2=bB2;5,-3=bG3
106	62	0.000000	adjudicated	G1|w|62|31|31|-6,0=bQ;-6,1=wA3;-5,1=wG1;-4,1=wA2;-3,1=wA1;-3,3=bA3;-3,4=bA1;-2,1=bG2;-2,2=bG1;-2,4=bA2;-1,0=bB1;-1,3=wQ;0,0=wB1;0,1=wS1;1,0=wS2;1,1=wB2;1,2=wG3;2,-1=bS1;2,2=wG2;3,-2=bS2;3,-1=bG3;4,-2=bB2
106	64	0.000000	adjudicated	G1|w|64|32|32|-6,0=bQ;-6,1=wA3;-5,1=wG1;-4,1=wA2;-3,1=wA1;-3,3=bA3;-3,4=bA1;-2,1=bG2;-2,2=bG1;-2,4=bA2;-1,0=bB1;-1,1=wS1;-1,3=wQ;0,0=wB1;1,0=wS2;1,1=wB2;1,2=wG3;2,-1=bS1;2,2=wG2;3,-2=bS2;3,-1=bG3;4,-1=bB2
106	66	0.000000	adjudicated	G1|w|66|33|33|-6,0=bQ;-6,1=wA3;-5,1=wG1;-4,1=wA2;-3,1=wA1;-3,3=bA3;-3,4=bA1;-2,1=bG2,bB1;-2,2=bG1;-2,4=bA2;-1,1=wS1;-1,4=wQ;0,0=wB1;1,0=wS2;1,1=wB2;1,2=wG3;2,-1=bS1;2,2=wG2;3,-2=bS2;3,-1=bG3;4,-1=bB2
106	68	0.000000	adjudicated	G1|w|68|34|34|-6,0=bQ;-6,1=wA3;-5,1=wG1;-4,1=wA2;-3,1=wA1;-3,3=bA3;-3,4=bA1;-2,1=bG2;-2,2=bG1;-2,4=bA2;-1,0=bB1;-1,1=wS1;-1,3=wQ;0,0=wB1;1,0=wS2;1,1=wB2;1,2=wG3;2,-1=bS1;2,2=wG2;3,-2=bS2;3,-1=bG3;4,-1=bB2
106	70	0.000000	adjudicated	G1|w|70|35|35|-6,0=bQ;-6,1=wA3;-5,1=wG1;-4,1=wA2;-3,1=wA1;-3,3=bA3;-3,4=bA1;-2,1=bG2;-2,2=bG1;-2,4=bA2;-1,1=wS1,bB1;-1,4=wQ;0,0=wB1;1,0=wS2;1,1=wB2;1,2=wG3;2,-1=bS1;2,2=wG2;3,-2=bS2;3,-1=bG3;4,-1=bB2
106	72	0.000000	adjudicated	G1|w|72|36|36|-6,0=bQ;-6,1=wA3;-5,1=wG1;-4,1=wA2;-3,1=wA1;-3,3=bA3;-3,4=bA1;-2,1=bG2;-2,2=bG1;-2,4=bA2;-1,1=wS1;-1,2=bB1;-1,3=wQ;0,0=wB1;1,0=wS2;1,1=wB2;1,2=wG3;2,-1=bS1;2,2=wG2;3,-2=bS2;3,-1=bG3;4,-1=bB2
106	74	0.000000	adjudicated	G1|w|74|37|37|-6,0=bQ;-6,1=wA3;-5,1=wG1;-4,1=wA2;-3,1=wA1;-3,3=bA3;-3,4=bA1;-2,1=bG2;-2,2=bG1;-2,3=bB1;-2,4=bA2;-1,1=wS1;-1,4=wQ;0,0=wB1;1,0=wS2;1,1=wB2;1,2=wG3;2,-1=bS1;2,2=wG2;3,-2=bS2;3,-1=bG3;4,-1=bB2
106	76	0.000000	adjudicated	G1|w|76|38|38|-6,0=bQ;-6,1=wA3;-5,-1=bA3;-5,1=wG1;-4,1=wA2;-3,1=wA1;-3,4=bA1;-2,1=bG2;-2,2=bG1;-2,3=bB1;-2,4=bA2;-1,1=wS1;-1,4=wQ;0,0=wB1;0,2=wG2;1,0=wS2;1,1=wB2;1,2=wG3;2,-1=bS1;3,-2=bS2;3,-1=bG3;4,-1=bB2
106	78	0.000000	adjudicated	G1|w|78|39|39|-6,0=bQ;-6,1=wA3;-5,1=wG1;-4,1=wA2;-3,1=wA1;-3,4=bA1;-2,1=bG2;-2,2=bG1;-2,3=bB1;-2,4=bA2;-2,5=bA3;-1,1=wS1;-1,4=wQ;0,0=wB1;0,2=wG2;1,-1=wG3;1,0=wS2;1,1=wB2;2,-1=bS1;3,-2=bS2;3,-1=bG3;4,-1=bB2
106	80	0.000000	adjudicated	G1|w|80|40|40|-6,0=bQ;-6,1=wA3;-5,1=wG1;-4,1=wA2;-3,1=wA1;-2,1=bG2;-2,2=bG1;-2,3=bB1;-2,4=bA2;-2,5=bA3;-1,1=wS1;-1,5=wQ;0,0=wB1;0,2=wG2;0,4=bA1;1,-1=wG3;1,0=wS2;1,1=wB2;2,-1=bS1;3,-2=bS2;3,-1=bG3;4,-1=bB2
106	82	0.000000	adjudicated	G1|w|82|41|41|-6,0=bQ;-6,1=wA3;-5,1=wG1;-4,1=wA2;-3,1=wA1;-2,1=bG2;-2,2=bG1;-2,3=bB1;-2,4=bA2;-2,5=bA3;-1,1=wS1;-1,5=wQ;0,0=wB1;1,-1=wG3;1,0=wS2;1,1=wB2;2,-1=bS1;2,0=wG2;3,-3=bA1;3,-2=bS2;3,-1=bG3;4,-1=bB2
106	84	0.000000	adjudicated	G1|w|84|42|42|-6,0=bQ;-6,1=wA3;-5,1=wG1;-4,1=wA2;-3,1=wA1;-2,1=bG2;-2,2=bG1;-2,3=bB1;-2,4=bA2;-2,5=bA3;-2,6=bA1;-1,0=wG2;-1,1=wS1;-1,5=wQ;0,0=wB1;1,-1=wG3;1,0=wS2;1,1=wB2;2,-1=bS1;3,-2=bS2;3,-1=bG3;4,-1=bB2
106	86	0.000000	adjudicated	G1|w|86|43|43|-6,0=bQ;-6,1=wA3;-5,1=wG1;-4,1=wA2;-3,1=wA1;-2,1=bG2;-2,2=bG1;-2,3=bB1;-2,4=bA2;-2,5=bA3;-2,6=bA1;-1,0=wG2;-1,1=wS1;-1,6=wQ;0,0=wB1;1,-1=wG3;1,0=wS2;1,1=wB2;2,-1=bS1;3,-2=bS2;3,-1=bG3;3,0=bB2
106	88	0.000000	adjudicated	G1|w|88|44|44|-6,0=bQ;-6,1=wA3;-5,1=wG1;-4,1=wA2;-3,1=wA1;-2,1=bG2;-2,2=bG1;-2,3=bB1;-2,4=bA2;-2,5=bA3;-2,6=bA1;-1,0=wG2;-1,6=wQ;0,-1=bS2;0,0=wB1;1,-1=wG3;1,0=wS2;1,1=wB2;1,2=wS1;2,-1=bS1;3,-1=bG3;3,0=bB2
106	90	0.000000	adjudicated	G1|w|90|45|45|-7,1=bQ;-6,1=wA3;-5,1=wG1;-4,1=wA2;-3,1=wA1;-2,1=bG2;-2,2=bG1;-2,3=bB1;-2,4=bA2;-2,5=bA3;-2,6=bA1;-1,0=wG2;-1,6=wQ;0,-1=bS2,wB1;1,-1=wG3;1,0=wS2;1,1=wB2;1,2=wS1;2,-1=bS1;3,-1=bG3;3,0=bB2
106	92	0.000000	adjudicated	G1|w|92|46|46|-7,1=bQ;-6,1=wA3;-5,1=wG1;-4,1=wA2;-3,1=wA1;-2,1=bG2;-2,2=bG1;-2,3=bB1;-2,4=bA2;-2,5=bA3;-2,6=bA1;-1,-1=wB1;-1,0=wG2;-1,6=wQ;0,-1=bS2;1,-1=wG3;1,0=wS2;1,1=wB2;1,2=wS1;2,-1=bS1;2,0=bB2;3,-1=bG3
106	94	0.000000	adjudicated	G1|w|94|47|47|-7,1=bQ;-6,1=wA3;-5,1=wG1;-4,1=wA2;-3,1=wA1;-2,1=bG2;-2,2=bG1;-2,3=bB1;-2,4=bA2;-2,5=bA3;-2,6=bA1;-1,0=wG2;-1,6=wQ;0,-2=wB1;0,-1=bS2;1,-1=wG3;1,0=wS2;1,1=wB2;1,2=wS1;2,-1=bS1,bB2;3,-1=bG3
106	96	0.000000	adjudicated	G1|w|96|48|48|-7,1=bQ;-6,1=wA3;-5,1=wG1;-4,1=wA2;-3,1=wA1;-2,1=bG2;-2,2=bG1;-2,3=bB1;-2,4=bA2;-2,5=bA3;-2,6=bA1;-1,0=wG2;-1,6=wQ;0,-1=bS2;1,-2=wB1;1,-1=wG3;1,0=wS2;1,1=wB2;1,2=wS1;2,-1=bS1;3,-2=bB2;3,-1=bG3
107	0	0.000000	adjudicated	G1|w|0|0|0|
107	7	0.000000	adjudicated	G1|b|7|4|3|-2,1=wQ;-1,1=wG1;-1,2=wS1;0,0=wA1;1,0=bB1;1,1=bS1;2,1=bS2
107	9	0.000000	adjudicated	G1|b|9|5|4|-2,1=wQ;-2,3=wG2;-1,1=wG1;-1,2=wS1;0,0=wA1;1,0=bB1;1,1=bS1;2,-1=bQ;2,1=bS2
107	11	0.000000	adjudicated	G1|b|11|6|5|-3,3=wB1;-2,1=wQ;-2,3=wG2;-1,1=wG1;-1,2=wS1;0,0=wA1;1,0=bB1;1,1=bS1;2,-1=bQ;2,1=bS2;2,2=bA1
107	13	0.000000	adjudicated	G1|b|13|7|6|-3,3=wB1;-2,0=wQ;-2,3=wG2;-1,0=bA1;-1,1=wG1;-1,2=wS1;0,0=wA1;1,0=bB1;1,1=bS1;2,-1=bQ;2,1=bS2
107	15	0.000000	adjudicated	G1|b|15|8|7|-3,3=wB1;-2,0=wQ;-2,2=wB2;-2,3=wG2;-1,0=bA1;-1,1=wG1;-1,2=wS1;0,0=wA1;1,0=bB1;1,1=bS1;2,-1=bQ;2,1=bS2;3,1=bB2
107	17	0.000000	adjudicated	G1|b|17|9|8|-3,3=wB1;-2,0=wQ;-2,2=wB2;-2,3=wG2;-1,0=bA1;-1,1=wG1;-1,2=wS1;-1,3=wS2;0,0=wA1;1,0=bB1;1,1=bS1;2,-1=bQ;2,1=bS2;3,0=bB2
107	19	0.000000	adjudicated	G1|b|19|10|9|-3,3=wB1;-2,0=wQ;-2,2=wB2;-2,3=wG2;-1,0=bA1;-1,1=wG1;-1,2=wS1;0,0=wA1;1,0=bB1;1,1=bS1;2,-1=bQ;2,1=bS2;2,2=wS2;3,1=bB2
107	21	0.000000	adjudicated	G1|b|21|11|10|-3,3=wB1;-2,0=wQ;-2,2=wB2;-2,3=wG2;-1,0=bA1;-1,1=wG1;-1,2=wS1;0,0=wA1;1,0=bB1;1,1=bS1;2,-1=bQ;2,1=bS2;2,2=wS2;2,3=wA2;3,1=bB2;4,0=bG1
107	23	0.000000	adjudicated	G1|b|23|12|11|-3,3=wB1;-2,0=wQ;-2,2=wB2;-2,3=wG2;-1,0=bA1;-1,1=wG1;-1,2=wS1;0,0=wA1;1,0=bB1;1,1=bS1;2,-1=bQ;2,0=wA2;2,1=bS2;2,2=wS2;3,1=bB2;4,0=bG1;5,0=bG2
107	25	0.000000	adjudicated	G1|b|25|13|12|-3,3=wB1;-2,0=wQ;-2,2=wB2;-2,3=wG2;-1,0=bA1;-1,1=wG1;-1,2=wS1;0,0=wA1;1,0=bB1;1,1=bS1;2,0=wA2;2,1=bS2;2,2=wS2;2,3=wA3;3,-1=bQ;3,1=bB2;4,0=bG1;5,0=bG2
107	27	0.000000	adjudicated	G1|b|27|14|13|-3,3=wB1;-2,0=wQ;-2,2=wB2;-2,3=wG2;-1,0=bA1;-1,1=wG1;-1,2=wS1;0,0=wA1;1,0=bB1;1,1=bS1;2,0=wA2;2,1=bS2;2,2=wS2;3,-1=bQ;3,1=bB2;4,-1=wA3;4,0=bG1;5,0=bG2;5,1=bA2
107	29	0.000000	adjudicated	G1|b|29|15|14|-3,3=wB1;-2,-1=wQ;-2,2=wB2;-2,3=wG2;-1,-1=bA2;-1,0=bA1;-1,1=wG1;-1,2=wS1;0,0=wA1;1,0=bB1;1,1=bS1;2,0=wA2;2,1=bS2;2,2=wS2;3,-1=bQ;3,1=bB2;4,-1=wA3;4,0=bG1;5,0=bG2
107	31	0.000000	adjudicated	G1|b|31|16|15|-3,3=wB1;-2,-1=wQ;-2,3=wG2;-1,-1=bA2;-1,0=bA1;-1,1=wG1,wB2;-1,2=wS1;0,0=wA1;1,0=bB1;1,1=bS1;2,0=wA2;2,1=bS2;2,2=wS2;3,1=bB2;4,-2=bQ;4,-1=wA3;4,0=bG1;5,0=bG2
107	33	0.000000	adjudicated	G1|b|33|17|16|-3,3=wB1;-2,-1=wQ;-2,3=wG2;-1,-1=bA2;-1,0=bA1;-1,1=wG1,wB2;-1,2=wS1;0,0=wA1;1,0=bB1;1,1=bS1;2,1=bS2;2,2=wS2;3,1=bB2;4,-2=bQ;4,-1=wA3;4,0=bG1;4,1=bG3;5,-2=wA2;5,0=bG2
107	35	0.000000	adjudicated	G1|b|35|18|17|-3,3=wB1;-2,-1=wQ;-2,3=wG2;-1,-1=bA2;-1,0=bA1;-1,1=wG1,wB2;-1,2=wS1;0,0=wA1;1,0=bB1;1,1=bS1;2,1=bS2;2,2=wS2;3,-1=bQ;3,1=bB2;4,-2=wA2;4,-1=wA3;4,0=bG1;4,1=bG3;5,0=bG2
107	37	0.000000	adjudicated	G1|b|37|19|18|-4,4=wG3;-3,3=wB1;-2,-1=wQ;-2,3=wG2;-1,-1=bA2;-1,0=bA1;-1,1=wG1,wB2;-1,2=wS1;0,0=wA1;1,0=bB1;1,1=bS1;2,1=bS2;2,2=wS2;3,-2=bQ;3,1=bB2;4,-2=wA2;4,-1=wA3;4,0=bG1;4,1=bG3;5,0=bG2
107	39	0.000000	adjudicated	G1|b|39|20|19|-4,4=wG3;-3,3=wB1;-2,-1=wQ;-2,3=wG2;-1,-1=bA2;-1,0=bA1;-1,1=wG1,wB2;-1,2=wS1;-1,3=wS2;0,0=wA1;1,0=bB1;1,1=bS1;2,1=bS2;3,-2=bQ;3,1=bB2;4,-2=wA2;4,-1=wA3;4,0=bG1;4,1=bG3;5,0=bG2;6,-1=bA3
107	41	0.000000	adjudicated	G1|b|41|21|20|-4,4=wG3;-3,2=bA3;-3,3=wB1;-2,-1=wQ;-2,3=wG2;-1,-1=bA2;-1,0=bA1,wB2;-1,1=wG1;-1,2=wS1;-1,3=wS2;0,0=wA1;1,0=bB1;1,1=bS1;2,1=bS2;3,-2=bQ;3,1=bB2;4,-2=wA2;4,-1=wA3;4,0=bG1;4,1=bG3;5,0=bG2
107	43	0.000000	adjudicated	G1|b|43|22|21|-4,4=wG3;-4,5=wS2;-3,-1=bA3;-3,3=wB1;-2,-1=wQ;-2,3=wG2;-1,-1=bA2;-1,0=bA1,wB2;-1,1=wG1;-1,2=wS1;0,0=wA1;1,0=bB1;1,1=bS1;2,1=bS2;3,-2=bQ;3,1=bB2;4,-2=wA2;4,-1=wA3;4,0=bG1;4,1=bG3;5,0=bG2
107	45	0.000000	adjudicated	G1|b|45|23|22|-4,4=wG3;-3,3=wB1;-2,-2=bA3;-2,-1=wQ;-2,3=wG2;-1,-1=bA2;-1,0=bA1,wB2;-1,1=wG1;-1,2=wS1;-1,3=wS2;0,0=wA1;1,0=bB1;1,1=bS1;2,1=bS2;3,-2=bQ;3,1=bB2;4,-2=wA2;4,-1=wA3;4,0=bG1;4,1=bG3;5,0=bG2
107	47	0.000000	adjudicated	G1|b|47|24|23|-4,4=wG3;-3,0=wQ;-3,3=wB1;-2,0=bA3;-2,3=wG2;-1,-1=bA2;-1,0=bA1,wB2;-1,1=wG1;-1,2=wS1;-1,3=wS2;0,0=wA1;1,0=bB1;1,1=bS1;2,1=bS2;3,-2=bQ;3,1=bB2;4,-2=wA2;4,-1=wA3;4,0=bG1;4,1=bG3;5,0=bG2
107	49	0.000000	adjudicated	G1|b|49|25|24|-3,0=wQ;-3,3=wB1;-2,0=bA3;-2,2=wG3;-2,3=wG2;-1,0=bA1,wB2;-1,1=wG1;-1,2=wS1;-1,3=wS2;0,0=wA1;1,0=bB1;1,1=bS1;2,-2=bA2;2,1=bS2;3,-2=bQ;3,1=bB2;4,-2=wA2;4,-1=wA3;4,0=bG1;4,1=bG3;5,0=bG2
107	51	0.000000	adjudicated	G1|b|51|26|25|-4,0=bA2;-3,0=wQ;-3,3=wB1;-2,0=bA3;-2,2=wG3;-2,3=wG2;-1,0=bA1;-1,1=wG1;-1,2=wS1;-1,3=wS2;0,-1=wB2;0,0=wA1;1,0=bB1;1,1=bS1;2,1=bS2;3,-2=bQ;3,1=bB2;4,-2=wA2;4,-1=wA3;4,0=bG1;4,1=bG3;5,0=bG2
107	53	0.000000	adjudicated	G1|b|53|27|26|-4,0=bA2;-3,0=wQ;-3,3=wB1;-2,0=bA3;-2,2=wG3;-2,3=wG2;-1,0=bA1;-1,1=wG1;-1,2=wS1;0,-1=wB2;0,0=wA1;1,0=bB1;1,1=bS1;2,1=bS2;2,2=wS2;3,1=bB2;4,-3=bQ;4,-2=wA2;4,-1=wA3;4,0=bG1;4,1=bG3;5,0=bG2
107	55	0.000000	adjudicated	G1|b|55|28|27|-4,0=bA2;-3,0=wQ;-3,3=wB1;-3,4=wS1;-2,0=bA3;-2,2=wG3;-2,3=wG2;-1,0=bA1;-1,1=wG1;0,-1=wB2;0,0=wA1;1,0=bB1;1,1=bS1;2,1=bS2;2,2=wS2;3,1=bB2;4,-3=bQ;4,-2=wA2;4,-1=wA3;4,0=bG1;5,0=bG2;6,-1=bG3
107	57	0.000000	adjudicated	G1|b|57|29|28|-4,0=bA2;-4,4=wB1;-3,0=wQ;-3,4=wS1;-2,0=bA3;-2,2=wG3;-2,3=wG2;-1,0=bA1;-1,1=wG1;0,-1=wB2;0,0=wA1;1,0=bB1;1,1=bS1;2,1=bS2;2,2=wS2;3,1=bB2;4,-3=bQ;4,-2=wA2;4,-1=wA3;4,0=bG1;4,1=bG3;5,0=bG2
107	59	0.000000	adjudicated	G1|b|59|30|29|-4,0=bA2;-4,4=wB1;-3,0=wQ;-3,4=wS1;-2,0=bA3;-2,2=wG3;-2,3=wG2;-1,0=bA1;-1,1=wG1;0,-1=wB2;0,0=wA1;0,1=wS2;1,0=bB1;1,1=bS1;2,1=bS2;3,1=bB2;4,-3=bQ;4,-2=wA2;4,-1=wA3;4,0=bG1;5,0=bG2;6,-1=bG3
107	61	0.000000	adjudicated	G1|b|61|31|30|-4,4=wB1;-3,1=bA2;-3,4=wS1;-2,-1=wQ;-2,0=bA3;-2,2=wG3;-2,3=wG2;-1,0=bA1;-1,1=wG1;0,-1=wB2;0,0=wA1;0,1=wS2;1,0=bB1;1,1=bS1;2,1=bS2;3,1=bB2;4,-3=bQ;4,-2=wA2;4,-1=wA3;4,0=bG1;5,0=bG2;6,-1=bG3
107	63	0.000000	adjudicated	G1|b|63|32|31|-4,4=wB1;-3,1=bA2;-3,4=wS1;-2,-1=wQ;-2,0=bA3;-2,2=wG3;-2,3=wG2;-1,0=bA1;-1,1=wG1;0,0=wA1;0,1=wS2;1,-1=wB2;1,0=bB1;1,1=bS1;2,1=bS2;3,-2=bQ;3,1=bB2;4,-2=wA2;4,-1=wA3;4,0=bG1;5,0=bG2;6,-1=bG3
107	65	0.000000	adjudicated	G1|b|65|33|32|-3,1=bA2;-3,3=wB1;-3,4=wS1;-2,-1=wQ;-2,0=bA3;-2,2=wG3;-2,3=wG2;-1,0=bA1;-1,1=wG1;0,0=wA1;0,1=wS2,bB1;1,-1=wB2;1,1=bS1;2,1=bS2;3,-2=bQ;3,1=bB2;4,-2=wA2;4,-1=wA3;4,0=bG1;5,0=bG2;6,-1=bG3
107	67	0.000000	adjudicated	G1|b|67|34|33|-4,3=wG2;-3,-1=bA2;-3,3=wB1;-3,4=wS1;-2,-1=wQ;-2,0=bA3;-2,2=wG3;-1,0=bA1;-1,1=wG1;0,0=wA1;0,1=wS2,bB1;1,-1=wB2;1,1=bS1;2,1=bS2;3,-2=bQ;3,1=bB2;4,-2=wA2;4,-1=wA3;4,0=bG1;5,0=bG2;6,-1=bG3
107	69	0.000000	adjudicated	G1|b|69|35|34|-5,3=wS1;-4,3=wG2;-3,-1=bA2;-3,3=wB1;-2,-1=wQ;-2,0=bA3;-2,2=wG3;-1,0=bA1;-1,1=wG1;0,0=wA1,bB1;0,1=wS2;1,-1=wB2;1,1=bS1;2,1=bS2;3,-2=bQ;3,1=bB2;4,-2=wA2;4,-1=wA3;4,0=bG1;5,0=bG2;6,-1=bG3
107	71	0.000000	adjudicated	G1|b|71|36|35|-5,3=wS1;-4,3=wG2;-3,-1=bA2;-3,3=wB1;-2,-1=wQ;-2,0=bA3;-2,2=wG3;-1,0=bA1;-1,1=wG1;0,-1=wB2;0,0=wA1;0,1=wS2,bB1;1,1=bS1;2,1=bS2;3,-2=bQ;3,1=bB2;4,-2=wA2;4,-1=wA3;4,0=bG1;5,0=bG2;6,-1=bG3
107	73	0.000000	adjudicated	G1|b|73|37|36|-5,3=wS1;-4,3=wG2;-3,3=wB1;-2,-1=wQ;-2,0=bA3;-2,2=wG3;-1,0=bA1,wB2;-1,1=wG1;0,0=wA1;0,1=wS2,bB1;1,0=bA2;1,1=bS1;2,1=bS2;3,-2=bQ;3,1=bB2;4,-2=wA2;4,-1=wA3;4,0=bG1;5,0=bG2;6,-1=bG3
107	75	0.000000	adjudicated	G1|b|75|38|37|-5,3=wS1;-4,3=wG2;-3,3=wB1;-2,-2=bA2;-2,-1=wQ;-2,0=bA3;-2,2=wG3;-1,0=bA1,wB2;-1,1=wG1;0,1=wS2,bB1;1,1=bS1;2,-2=wA1;2,1=bS2;3,-2=bQ;3,1=bB2;4,-2=wA2;4,-1=wA3;4,0=bG1;5,0=bG2;6,-1=bG3
107	77	0.000000	adjudicated	G1|b|77|39|38|-5,3=wS1;-4,3=wG2;-3,3=wB1;-2,-1=wQ;-2,0=bA3;-2,2=wG3;-1,0=bA1;-1,1=wG1;0,-1=wB2;0,1=wS2,bB1;1,1=bS1;2,-2=wA1;2,1=bS2;2,2=bA2;3,-2=bQ;3,1=bB2;4,-2=wA2;4,-1=wA3;4,0=bG1;5,0=bG2;6,-1=bG3
107	79	0.000000	adjudicated	G1|b|79|40|39|-6,4=wA1;-5,3=wS1;-4,3=wG2;-3,-1=bA2;-3,3=wB1;-2,-1=wQ;-2,0=bA3;-2,2=wG3;-1,0=bA1;-1,1=wG1;0,-1=wB2;0,1=wS2,bB1;1,1=bS1;2,1=bS2;3,-2=bQ;3,1=bB2;4,-2=wA2;4,-1=wA3;4,0=bG1;5,0=bG2;6,-1=bG3
107	81	0.000000	adjudicated	G1|b|81|41|40|-5,3=wS1;-4,3=wG2;-3,-1=bA2;-3,3=wB1;-2,-1=wQ;-2,0=bA3;-2,2=wG3;-1,-1=wA1;-1,0=bA1;-1,1=wG1,bB1;0,-1=wB2;0,1=wS2;1,1=bS1;2,1=bS2;3,-2=bQ;3,1=bB2;4,-2=wA2;4,-1=wA3;4,0=bG1;5,0=bG2;6,-1=bG3
107	83	0.000000	adjudicated	G1|b|83|42|41|-5,3=wS1;-4,3=wG2;-3,3=wB1;-2,-2=bA2;-2,-1=wQ;-2,0=bA3;-2,2=wG3;-1,0=bA1;-1,1=wG1,bB1;0,-1=wB2;0,1=wS2;1,1=bS1;2,-2=wA1;2,1=bS2;3,-2=bQ;3,1=bB2;4,-2=wA2;4,-1=wA3;4,0=bG1;5,0=bG2;6,-1=bG3
107	85	0.000000	adjudicated	G1|b|85|43|42|-5,3=wS1;-4,3=wG2;-3,-1=bA2;-3,3=wB1;-2,-1=wQ;-2,0=bA3;-2,2=wG3;-1,0=bA1;-1,1=wG1,bB1;0,-1=wB2;0,1=wS2;1,1=bS1;2,-1=wA1;2,1=bS2;3,-2=bQ;3,1=bB2;4,-2=wA2;4,-1=wA3;4,0=bG1;5,0=bG2;6,-1=bG3
107	87	0.000000	adjudicated	G1|b|87|44|43|-5,3=wS1;-4,3=wG2;-3,-1=wA1;-3,3=wB1;-2,-1=wQ;-2,0=bA3;-2,2=wG3;-1,-1=bA2;-1,0=bA1;-1,1=wG1,bB1;0,-1=wB2;0,1=wS2;1,1=bS1;2,1=bS2;3,-2=bQ;3,1=bB2;4,-2=wA2;4,-1=wA3;4,0=bG1;5,0=bG2;6,-1=bG3
107	89	0.000000	adjudicated	G1|b|89|45|44|-5,3=wS1;-4,3=wG2;-3,3=wB1;-2,-1=wQ;-2,2=wG3;-1,-2=bA3;-1,-1=bA2;-1,0=bA1;-1,1=wG1,bB1;0,-1=wB2;0,1=wS2;1,1=bS1;2,1=bS2;3,-3=wA1;3,-2=bQ;3,1=bB2;4,-2=wA2;4,-1=wA3;4,0=bG1;5,0=bG2;6,-1=bG3
107	91	0.000000	adjudicated	G1|b|91|46|45|-5,3=wS1;-4,3=wG2;-3,0=wA1;-3,3=wB1;-2,-1=wQ;-2,1=bB1;-2,2=wG3;-1,-2=bA3;-1,-1=bA2;-1,0=bA1;-1,1=wG1;0,-1=wB2;0,1=wS2;1,1=bS1;2,1=bS2;3,-2=bQ;3,1=bB2;4,-2=wA2;4,-1=wA3;4,0=bG1;5,0=bG2;6,-1=bG3
107	93	0.000000	adjudicated	G1|b|93|47|46|-5,3=wS1;-4,3=wG2;-3,-1=wQ;-3,0=wA1;-3,3=wB1;-2,0=bB1;-2,2=wG3;-1,-2=bA3;-1,-1=bA2;-1,0=bA1;-1,1=wG1;0,-1=wB2;0,1=wS2;1,1=bS1;2,1=bS2;3,-2=bQ;3,1=bB2;4,-2=wA2;4,-1=wA3;4,0=bG1;5,0=bG2;6,-1=bG3
107	95	0.000000	adjudicated	G1|b|95|48|47|-5,3=wS1;-4,3=wG2;-3,-2=bA3;-3,-1=wQ;-3,0=wA1;-3,3=wB1;-2,0=bB1;-2,2=wG3;-1,-1=bA2;-1,0=bA1;-1,1=wG1;0,-2=wB2;0,1=wS2;1,1=bS1;2,1=bS2;3,-2=bQ;3,1=bB2;4,-2=wA2;4,-1=wA3;4,0=bG1;5,0=bG2;6,-1=bG3
108	0	-0.833655	adjudicated	G1|w|0|0|0|
108	6	-0.833655	adjudicated	G1|w|6|3|3|-3,1=bS2;-2,1=bS1;-1,1=bA1;0,-1=wA1;0,0=wG1;1,-1=wG2
108	8	-0.833655	adjudicated	G1|w|8|4|4|-4,1=bQ;-3,1=bS2;-2,1=bS1;-1,1=bA1;0,-1=wA1;0,0=wG1;1,-1=wG2;2,-2=wQ
108	10	-0.833655	adjudicated	G1|w|10|5|5|-5,1=wA1;-4,1=bQ;-3,1=bS2;-2,0=bG1;-2,1=bS1;-1,1=bA1;0,0=wG1;1,-1=wG2;2,-2=wQ
108	12	-0.833655	adjudicated	G1|w|12|6|6|-6,1=wA2;-5,1=wA1;-4,1=bQ;-3,1=bS2;-2,-1=bG2;-2,0=bG1;-2,1=bS1;-1,1=bA1;0,0=wG1;1,-1=wG2;2,-2=wQ
108	14	-0.833655	adjudicated	G1|w|14|7|7|-6,1=wA2;-5,1=wA1;-4,1=bQ;-3,-1=bA2;-3,1=bS2;-2,-1=bG2;-2,0=bG1;-2,1=bS1;-1,1=bA1;0,0=wG1;1,-1=wG2;2,-2=wQ;3,-3=wB1
108	16	-0.833655	adjudicated	G1|w|16|8|8|-6,1=wA2;-5,1=wA1;-4,1=bQ;-3,1=bS2;-2,-1=bG2;-2,0=bG1;-2,1=bS1;-1,1=bA1;0,0=wG1;1,-1=wG2;2,-2=wQ;2,-1=bA2;3,-3=wB1;4,-4=wS1
108	18	-0.833655	adjudicated	G1|w|18|9|9|-5,1=wA1;-4,0=wA2;-4,1=bQ;-3,1=bS2;-2,-2=bG3;-2,-1=bG2;-2,0=bG1;-2,1=bS1;-1,1=bA1;0,0=wG1;1,-1=wG2;2,-2=wQ;2,-1=bA2;3,-3=wB1;4,-4=wS1
108	20	-0.833655	adjudicated	G1|w|20|10|10|-5,1=wA1;-4,0=wA2;-4,1=bQ;-3,1=bS2;-2,-2=bG3;-2,-1=bG2;-2,0=bG1;-2,1=bS1;-1,-1=bA3;-1,1=bA1;0,0=wG1;1,-1=wG2;2,-2=wQ;2,-1=bA2;3,-3=wB1;4,-4=wS1;5,-4=wA3
108	22	-0.833655	adjudicated	G1|w|22|11|11|-5,1=wA1;-4,0=wA2;-4,1=bQ;-4,2=wA3;-3,1=bS2;-2,-2=bG3;-2,-1=bG2;-2,0=bG1;-2,1=bS1;-1,1=bA1;0,0=wG1;1,-2=bA3;1,-1=wG2;2,-2=wQ;2,-1=bA2;3,-3=wB1;4,-4=wS1
108	24	-0.833655	adjudicated	G1|w|24|12|12|-6,2=bA3;-5,1=wA1;-4,0=wA2;-4,1=bQ;-4,2=wA3;-3,1=bS2;-2,-2=bG3;-2,-1=bG2;-2,0=bG1;-2,1=bS1;-1,1=bA1;0,0=wG1;1,-1=wG2;2,-2=wQ;2,-1=bA2;3,-4=wS2;3,-3=wB1;4,-4=wS1
108	26	-0.833655	adjudicated	G1|w|26|13|13|-5,0=wA2;-5,1=wA1;-4,1=bQ;-4,2=wA3;-3,1=bS2;-2,-2=bG3;-2,-1=bG2;-2,0=bG1;-2,1=bS1;-1,1=bA1;0,0=wG1;1,-1=wG2;2,-2=wQ;2,-1=bA2;3,-4=wS2;3,-3=wB1;3,-2=bA3;4,-4=wS1
108	28	-0.833655	adjudicated	G1|w|28|14|14|-5,0=wA2;-5,1=wA1;-4,1=bQ;-4,2=wA3;-3,-2=bB1;-3,1=bS2;-2,-2=bG3;-2,-1=bG2;-2,0=bG1;-2,1=bS1;-1,1=bA1;0,0=wG1;1,-2=wQ;1,-1=wG2;2,-1=bA2;3,-4=wS2;3,-3=wB1;3,-2=bA3;4,-4=wS1
108	30	-0.833655	adjudicated	G1|w|30|15|15|-5,1=wA1;-4,-1=bB2;-4,1=bQ;-4,2=wA3;-3,-2=bB1;-3,1=bS2;-2,-2=bG3;-2,-1=bG2;-2,0=bG1;-2,1=bS1;-1,1=bA1;-1,2=wA2;0,0=wG1;1,-2=wQ;1,-1=wG2;2,-1=bA2;3,-4=wS2;3,-3=wB1;3,-2=bA3;4,-4=wS1
108	32	-0.833655	adjudicated	G1|w|32|16|16|-5,1=wA1;-4,-1=bB2;-4,1=bQ;-4,2=wA3;-3,-2=bB1;-3,1=bS2;-2,-2=bG3;-2,-1=bG2;-2,0=bG1;-2,1=bS1;-1,1=bA1;0,0=wG1;1,-3=bA2;1,-2=wQ;1,-1=wG2;2,-3=wA2;3,-4=wS2;3,-3=wB1;3,-2=bA3;4,-4=wS1
108	34	-0.833655	adjudicated	G1|w|34|17|17|-5,1=wA1;-4,-1=bB2;-4,1=bQ;-4,2=wA3;-4,3=wB2;-3,-2=bB1;-3,1=bS2;-2,-2=bG3;-2,-1=bG2;-2,0=bG1;-2,1=bS1;-1,1=bA1;0,0=wG1;1,-3=bA2;1,-2=wQ;1,-1=wG2;2,-3=wA2;2,-2=bA3;3,-4=wS2;3,-3=wB1;4,-4=wS1
108	36	-0.833655	adjudicated	G1|w|36|18|18|-5,1=wA1;-4,-2=bB2;-4,1=bQ;-4,2=wA3;-4,3=wB2;-3,-2=bB1;-3,1=bS2;-2,-2=bG3;-2,-1=bG2;-2,0=bG1;-2,1=bS1;-1,1=bA1;0,-2=wQ;0,0=wG1;1,-3=bA2;1,-1=wG2;2,-3=wA2;2,-2=bA3;3,-4=wS2;3,-3=wB1;4,-4=wS1
108	38	-0.833655	adjudicated	G1|w|38|19|19|-5,1=wA1;-4,1=bQ;-4,2=wA3;-4,3=wB2;-3,-2=bB1,bB2;-3,1=bS2;-2,-2=bG3;-2,-1=bG2;-2,0=bG1;-2,1=bS1;-1,1=bA1;0,-2=wQ;0,0=wG1;1,-3=bA2;1,-1=wG2;2,-3=wA2;2,-2=bA3,wB1;3,-4=wS2;4,-4=wS1
108	40	-0.833655	adjudicated	G1|w|40|20|20|-5,1=wA1;-5,3=wG3;-4,1=bQ;-4,2=wA3;-4,3=wB2;-3,-2=bB1;-3,1=bS2;-2,-3=bB2;-2,-2=bG3;-2,-1=bG2;-2,0=bG1;-2,1=bS1;-1,1=bA1;0,-2=wQ;0,0=wG1;1,-3=bA2;1,-1=wG2;2,-3=wA2;2,-2=bA3,wB1;3,-4=wS2;4,-4=wS1
108	42	-0.833655	adjudicated	G1|w|42|21|21|-5,1=wA1;-5,3=wG3;-4,1=bQ;-4,2=wA3;-4,3=wB2;-3,-2=bB1;-3,1=bS2;-2,-2=bG3;-2,-1=bG2;-2,0=bG1;-2,1=bS1;-1,-3=bB2;-1,1=bA1;0,-2=wQ;0,0=wG1;1,-3=bA2;1,-1=wG2,wB1;2,-3=wA2;2,-2=bA3;3,-4=wS2;4,-4=wS1
108	44	-0.833655	adjudicated	G1|w|44|22|22|-5,2=bQ;-5,3=wG3;-4,2=wA3;-4,3=wB2;-3,-2=bB1;-3,1=bS2;-2,-2=bG3;-2,-1=bG2;-2,0=bG1;-2,1=bS1;-1,-3=bB2;-1,1=bA1;0,-2=wQ;0,0=wG1;1,-3=bA2;1,-1=wG2,wB1;2,-3=wA2;2,-2=bA3;3,-4=wS2;3,-3=wA1;4,-4=wS1
108	46	-0.833655	adjudicated	G1|w|46|23|23|-5,2=bQ;-5,3=wG3;-4,1=wA1;-4,2=wA3;-4,3=wB2;-3,1=bS2;-2,-3=bB1;-2,-2=bG3;-2,-1=bG2;-2,0=bG1;-2,1=bS1;-1,-3=bB2;-1,1=bA1;0,-2=wQ;0,0=wG1;1,-3=bA2;1,-1=wG2,wB1;2,-3=wA2;2,-2=bA3;3,-4=wS2;4,-4=wS1
108	48	-0.833655	adjudicated	G1|w|48|24|24|-5,2=bQ;-5,3=wG3,wB2;-4,1=wA1;-4,2=wA3;-3,1=bS2;-2,-3=bB1;-2,-2=bG3;-2,-1=bG2;-2,0=bG1;-2,1=bS1;-1,-4=bB2;-1,1=bA1;0,-2=wQ;0,0=wG1;1,-3=bA2;1,-1=wG2,wB1;2,-3=wA2;2,-2=bA3;3,-4=wS2;4,-4=wS1
108	50	-0.833655	adjudicated	G1|w|50|25|25|-6,2=bQ;-6,3=wB2;-5,3=wG3;-4,1=wA1;-4,2=wA3;-3,1=bS2;-2,-3=bB1;-2,-2=bG3;-2,-1=bG2;-2,0=bG1;-2,1=bS1;-1,-4=bB2;-1,1=bA1;0,-2=wQ;0,0=wG1;1,-3=bA2;1,-1=wG2,wB1;2,-3=wA2;2,-2=bA3;3,-4=wS2;4,-4=wS1
108	52	-0.833655	adjudicated	G1|w|52|26|26|-6,1=wA1;-6,2=bQ;-6,3=wB2;-5,3=wG3;-4,2=wA3;-3,1=bS2;-2,-4=bB2;-2,-3=bB1;-2,-2=bG3;-2,-1=bG2;-2,0=bG1;-2,1=bS1;-1,1=bA1;0,-2=wQ;0,0=wG1;1,-3=bA2;1,-1=wG2,wB1;2,-3=wA2;2,-2=bA3;3,-4=wS2;4,-4=wS1
108	54	-0.833655	adjudicated	G1|w|54|27|27|-6,1=wA1;-6,2=bQ;-6,3=wB2;-5,3=wG3;-4,2=wA3;-3,1=bS2;-2,-3=bB1,bB2;-2,-2=bG3;-2,-1=bG2;-2,0=bG1;-2,1=bS1;-1,1=bA1;0,-2=wQ;0,0=wG1;1,-3=bA2;1,-1=wG2,wB1;2,-4=wS1;2,-3=wA2;2,-2=bA3;3,-4=wS2
108	56	-0.833655	adjudicated	G1|w|56|28|28|-6,1=wA1;-6,2=bQ;-6,3=wB2;-5,3=wG3;-4,2=wA3;-3,-3=bB2;-3,1=bS2;-2,-3=bB1;-2,-2=bG3;-2,-1=bG2;-2,0=bG1;-2,1=bS1;-1,1=bA1;0,-2=wQ;0,0=wG1,wB1;1,-3=bA2;1,-1=wG2;2,-4=wS1;2,-3=wA2;2,-2=bA3;3,-4=wS2
108	58	-0.833655	adjudicated	G1|w|58|29|29|-7,2=wA1;-6,2=bQ;-6,3=wB2;-5,3=wG3;-4,2=wA3;-3,1=bS2;-2,-4=bB2;-2,-3=bB1;-2,-2=bG3;-2,-1=bG2;-2,0=bG1;-2,1=bS1;-1,1=bA1;0,-2=wQ;0,0=wG1,wB1;1,-3=bA2;1,-1=wG2;2,-4=wS1;2,-3=wA2;2,-2=bA3;3,-4=wS2
108	60	-0.833655	adjudicated	G1|w|60|30|30|-6,1=wA1;-6,2=bQ;-6,3=wB2;-5,3=wG3;-4,2=wA3;-3,1=bS2;-2,-3=bB1,bB2;-2,-2=bG3;-2,-1=bG2;-2,0=bG1;-2,1=bS1;-1,1=bA1;0,-2=wQ;0,0=wG1,wB1;1,-3=bA2;1,-1=wG2;2,-4=wS1;2,-3=wA2;2,-2=bA3;3,-4=wS2
108	62	-0.833655	adjudicated	G1|w|62|31|31|-6,1=wA1;-6,2=bQ;-6,3=wB2;-5,3=wG3;-4,2=wA3;-3,-3=bB2;-3,1=bS2;-2,-3=bB1;-2,-2=bG3;-2,-1=bG2;-2,0=bG1;-2,1=bS1;-1,1=bA1;0,-2=wQ;0,0=wG1;1,-3=bA2;1,-1=wG2;1,0=wB1;2,-4=wS1;2,-3=wA2;2,-2=bA3;3,-4=wS2
108	64	-0.833655	adjudicated	G1|w|64|32|32|-6,1=wA1;-6,2=bQ;-6,3=wB2;-5,3=wG3;-4,2=wA3;-3,1=bS2;-2,-3=bB1,bB2;-2,-2=bG3;-2,-1=bG2;-2,0=bG1;-2,1=bS1;-1,1=bA1;0,-2=wQ;0,0=wG1;1,-3=bA2;1,-1=wG2;2,-4=wS1;2,-3=wA2;2,-2=bA3;2,-1=wB1;3,-4=wS2
108	66	-0.833655	adjudicated	G1|w|66|33|33|-6,2=bQ;-6,3=wB2;-5,3=wG3;-4,2=wA3;-3,1=bS2;-2,-3=bB1;-2,-2=bG3;-2,-1=bG2;-2,0=bG1;-2,1=bS1;-1,-4=bB2;-1,1=bA1;0,-2=wQ;0,0=wG1;1,-4=wA1;1,-3=bA2;1,-1=wG2;2,-4=wS1;2,-3=wA2;2,-2=bA3;2,-1=wB1;3,-4=wS2
108	68	-0.833655	adjudicated	G1|w|68|34|34|-7,2=wA1;-6,2=bQ;-6,3=wB2;-5,3=wG3;-4,2=wA3;-3,1=bS2;-2,-4=bB2;-2,-3=bB1;-2,-2=bG3;-2,-1=bG2;-2,0=bG1;-2,1=bS1;-1,1=bA1;0,-2=wQ;0,0=wG1;1,-3=bA2;1,-1=wG2;2,-4=wS1;2,-3=wA2;2,-2=bA3;2,-1=wB1;3,-4=wS2
108	70	-0.833655	adjudicated	G1|w|70|35|35|-6,2=bQ;-6,3=wB2;-5,1=wA1;-5,3=wG3;-4,2=wA3;-3,1=bS2;-2,-3=bB1,bB2;-2,-2=bG3;-2,-1=bG2;-2,0=bG1;-2,1=bS1;-1,1=bA1;0,-2=wQ;0,0=wG1;1,-3=bA2;1,-1=wG2;2,-4=wS1;2,-3=wA2;2,-2=bA3;2,-1=wB1;3,-4=wS2
108	72	-0.833655	adjudicated	G1|w|72|36|36|-7,3=bQ;-6,3=wB2;-5,2=wA1;-5,3=wG3;-4,2=wA3;-3,1=bS2;-2,-3=bB1,bB2;-2,-2=bG3;-2,-1=bG2;-2,0=bG1;-2,1=bS1;-1,1=bA1;0,-2=wQ;0,0=wG1;1,-3=bA2;1,-1=wG2;2,-4=wS1;2,-3=wA2;2,-2=bA3;2,-1=wB1;3,-4=wS2
108	74	-0.833655	adjudicated	G1|w|74|37|37|-7,2=bQ;-6,2=wA1;-6,3=wB2;-5,3=wG3;-4,2=wA3;-3,1=bS2;-2,-3=bB1,bB2;-2,-2=bG3;-2,-1=bG2;-2,0=bG1;-2,1=bS1;-1,1=bA1;0,-2=wQ;0,0=wG1;1,-3=bA2;1,-1=wG2;2,-4=wS1;2,-3=wA2;2,-2=bA3;2,-1=wB1;3,-4=wS2
108	76	-0.833655	adjudicated	G1|w|76|38|38|-7,2=bQ;-6,2=wA1;-6,3=wB2;-5,3=wG3;-4,2=wA3;-3,-3=bB2;-3,1=bS2;-2,-3=bB1;-2,-2=bG3;-2,-1=bG2;-2,0=bG1;-2,1=bS1;-1,1=bA1;0,-2=wQ;0,0=wG1;1,-3=bA2;1,-1=wG2;2,-3=wA2;2,-2=bA3;2,-1=wB1;3,-4=wS2;4,-4=wS1
108	78	-0.833655	adjudicated	G1|w|78|39|39|-7,2=bQ;-6,2=wA1;-6,3=wB2;-5,3=wG3;-4,2=wA3;-3,1=bS2;-2,-3=bB1,bB2;-2,-2=bG3;-2,-1=bG2;-2,0=bG1;-2,1=bS1;-1,1=bA1;0,-2=wQ;0,0=wG1;1,-3=bA2;1,-1=wG2;2,-3=wA2;2,-2=bA3,wB1;3,-4=wS2;4,-4=wS1
108	80	-0.833655	adjudicated	G1|w|80|40|40|-7,2=bQ;-6,2=wA1;-6,3=wB2;-5,3=wG3;-4,2=wA3;-3,1=bS2;-2,-3=bB1;-2,-2=bG3;-2,-1=bG2;-2,0=bG1;-2,1=bS1;-1,-3=bB2;-1,1=bA1;0,-3=wQ;0,0=wG1;1,-3=bA2;1,-1=wG2;2,-3=wA2;2,-2=bA3,wB1;3,-4=wS2;4,-4=wS1
108	82	-0.833655	adjudicated	G1|w|82|41|41|-7,2=bQ;-6,2=wA1;-6,3=wB2;-5,3=wG3;-4,2=wA3;-3,1=bS2;-2,-2=bG3,bB1;-2,-1=bG2;-2,0=bG1;-2,1=bS1;-1,-3=bB2;-1,1=bA1;0,-2=wQ;0,0=wG1;1,-3=bA2;1,-1=wG2;2,-3=wA2;2,-2=bA3,wB1;3,-4=wS2;4,-4=wS1
108	84	-0.833655	adjudicated	G1|w|84|42|42|-7,2=bQ;-6,2=wA1;-6,3=wB2;-5,3=wG3;-4,2=wA3;-3,1=bS2;-2,-2=bG3,bB1;-2,-1=bG2;-2,0=bG1;-2,1=bS1;-1,-2=bB2;-1,1=bA1;0,-2=wQ;0,0=wG1;1,-3=bA2;1,-1=wG2;2,-4=wS1;2,-3=wA2;2,-2=bA3,wB1;3,-4=wS2
108	86	-0.833655	adjudicated	G1|w|86|43|43|-7,2=bQ;-6,2=wA1;-6,3=wB2;-5,3=wG3;-4,2=wA3;-3,1=bS2;-2,-2=bG3,bB1;-2,-1=bG2;-2,0=bG1;-2,1=bS1;-1,-2=bB2;-1,1=bA1;0,-3=bA3;0,-2=wQ;0,0=wG1;1,-3=bA2;1,-1=wG2;2,-4=wS1;2,-3=wA2;3,-4=wS2;3,-3=wB1
108	88	-0.833655	adjudicated	G1|w|88|44|44|-8,3=wA2;-7,2=bQ;-6,2=wA1;-6,3=wB2;-5,3=wG3;-4,2=wA3;-3,1=bS2;-2,-2=bG3,bB1;-2,-1=bG2;-2,0=bG1;-2,1=bS1;-1,-2=bB2;-1,1=bA1;0,-2=wQ;0,0=wG1;1,-3=bA2;1,-2=bA3;1,-1=wG2;2,-4=wS1;3,-4=wS2;3,-3=wB1
108	90	-0.833655	adjudicated	G1|w|90|45|45|-8,3=wA2;-7,2=bQ;-6,2=wA1;-6,3=wB2;-5,3=wG3;-4,2=wA3;-3,1=bS2;-2,-2=bG3,bB1;-2,-1=bG2;-2,0=bG1;-2,1=bS1;-1,-2=bB2;0,-2=wQ;0,-1=bA1;1,-3=bA2;1,-2=bA3;1,-1=wG2;2,-4=wS1;2,-2=wG1;3,-4=wS2;3,-3=wB1
108	92	-0.833655	adjudicated	G1|w|92|46|46|-7,2=bQ;-6,2=wA1;-6,3=wB2;-5,3=wG3;-4,2=wA3;-3,1=bS2;-2,-2=bG3;-2,-1=bG2,bB1;-2,0=bG1;-2,1=bS1;-1,-2=bB2;0,-2=wQ;0,-1=bA1;1,-3=bA2;1,-2=bA3;1,-1=wG2;2,-4=wS1;2,-2=wG1;3,-4=wS2;3,-3=wB1;3,-2=wA2
108	94	-0.833655	adjudicated	G1|w|94|47|47|-7,3=wA2;-6,1=bQ;-6,2=wA1;-6,3=wB2;-5,3=wG3;-4,2=wA3;-3,1=bS2;-2,-2=bG3;-2,-1=bG2,bB1;-2,0=bG1;-2,1=bS1;-1,-2=bB2;0,-2=wQ;0,-1=bA1;1,-3=bA2;1,-2=bA3;1,-1=wG2;2,-4=wS1;2,-2=wG1;3,-4=wS2;3,-3=wB1
108	96	-0.833655	adjudicated	G1|w|96|48|48|-7,1=wA2;-6,1=bQ;-6,2=wA1;-6,3=wB2;-5,3=wG3;-4,2=wA3;-3,1=bS2;-2,-2=bG3;-2,-1=bG2;-2,0=bG1;-2,1=bS1;-1,-2=bB2;-1,-1=bB1;0,-2=wQ;0,-1=bA1;1,-3=bA2;1,-2=bA3;1,-1=wG2;2,-4=wS1;2,-2=wG1;3,-4=wS2;3,-3=wB1
109	0	0.379949	adjudicated	G1|w|0|0|0|
109	7	0.379949	adjudicated	G1|b|7|4|3|-1,0=wQ;0,0=wS1;0,1=bA1;1,-2=wG1;1,-1=wS2;1,1=bS1;2,1=bB1
109	9	0.379949	adjudicated	G1|b|9|5|4|-1,0=wQ;-1,2=bQ;0,0=wS1;0,1=bA1;1,-2=wG1;1,-1=wS2;1,1=bS1;2,-1=wG2;2,1=bB1
109	11	0.379949	adjudicated	G1|b|11|6|5|-1,0=wQ;-1,2=bQ;0,0=wS1;0,1=bA1;1,-3=wA1;1,-2=wG1;1,-1=wS2;1,1=bS1;2,-1=wG2;2,1=bB1;3,1=bA2
109	13	0.379949	adjudicated	G1|b|13|7|6|-2,2=wA1;-1,-1=bA2;-1,0=wQ;-1,2=bQ;0,0=wS1;0,1=bA1;1,-2=wG1;1,-1=wS2;1,1=bS1;2,-1=wG2;2,1=bB1
109	15	0.379949	adjudicated	G1|b|15|8|7|-3,3=wA2;-2,2=wA1;-1,-1=bA2;-1,0=wQ;-1,2=bQ;0,0=wS1;0,1=bA1;1,-2=wG1;1,-1=wS2;1,1=bS1;2,-1=wG2;2,1=bB1;3,0=bA3
109	17	0.379949	adjudicated	G1|b|17|9|8|-2,1=bA3;-2,2=wA1;-1,-1=bA2;-1,0=wQ;-1,2=bQ;-1,3=wA2;0,0=wS1;0,1=bA1;1,-2=wG1;1,-1=wS2;1,1=bS1;2,-1=wG2;2,1=bB1
109	19	0.379949	adjudicated	G1|b|19|10|9|-2,1=bA3;-2,2=wA1;-1,-1=bA2;-1,0=wQ;-1,2=bQ;-1,3=wA2;-1,4=wB1;0,0=wS1;0,1=bA1;1,-2=wG1;1,-1=wS2;1,1=bS1;1,2=bG1;2,-1=wG2;2,1=bB1
109	21	0.379949	adjudicated	G1|b|21|11|10|-2,0=wA1;-2,1=bA3;-1,-2=bG2;-1,-1=bA2;-1,0=wQ;-1,2=bQ;-1,3=wA2;-1,4=wB1;0,0=wS1;0,1=bA1;1,-2=wG1;1,-1=wS2;1,1=bS1;1,2=bG1;2,-1=wG2;2,1=bB1
109	23	0.379949	adjudicated	G1|b|23|12|11|-2,1=bA3;-2,2=wA1;-1,-2=bG2;-1,-1=bA2;-1,0=wQ;-1,2=bQ;-1,3=wA2;-1,4=wB1;0,0=wS1;0,1=bA1;1,-2=wG1;1,-1=wS2;1,1=bS1;1,2=bG1;2,-1=wG2;2,2=bB1
109	25	0.379949	adjudicated	G1|b|25|13|12|-2,1=bA3;-2,2=wA1;-1,-2=bG2;-1,-1=bA2;-1,0=wQ;-1,2=bQ;-1,3=wA2;0,0=wS1;0,1=bA1;0,3=wB1;1,-2=wG1;1,-1=wS2;1,1=bS1;1,2=bG1;2,-1=wG2;2,2=bB1;3,1=bS2
109	27	0.379949	adjudicated	G1|b|27|14|13|-2,1=bA3;-2,2=wA1;-1,-2=bG2;-1,-1=bA2;-1,0=wQ;-1,2=bQ;-1,3=wA2;-1,4=wA3;0,0=wS1;0,1=bA1;0,3=wB1;1,-2=wG1;1,-1=wS2;1,1=bS1;1,2=bG1;2,-1=wG2;2,1=bB2;2,2=bB1;3,1=bS2
109	29	0.379949	adjudicated	G1|b|29|15|14|-2,1=bA3;-2,2=wA1;-2,3=wA3;-1,-1=bA2;-1,0=wQ;-1,1=bG2;-1,2=bQ;-1,3=wA2;0,0=wS1;0,1=bA1;0,3=wB1;1,-2=wG1;1,-1=wS2;1,1=bS1;1,2=bG1;2,-1=wG2;2,1=bB2;2,2=bB1;3,1=bS2
109	31	0.379949	adjudicated	G1|b|31|16|15|-2,1=bA3;-2,2=wA1;-2,3=wA3;-1,-1=bA2;-1,0=wQ;-1,1=bG2;-1,2=bQ;-1,3=wA2;0,0=wS1;0,1=bA1;0,3=wB1;0,4=wB2;1,-2=wG1;1,-1=wS2;1,1=bS1;1,2=bG1;2,-1=wG2;2,1=bB2;2,2=bB1;3,1=bS2;4,0=bG3
109	33	0.379949	adjudicated	G1|b|33|17|16|-2,1=bA3;-2,2=wA1;-2,3=wA3;-1,0=wQ;-1,1=bG2;-1,2=bQ;-1,3=wA2;0,-1=bA2;0,0=wS1;0,1=bA1;0,3=wB1,wB2;1,-2=wG1;1,-1=wS2;1,1=bS1;1,2=bG1;2,-1=wG2;2,1=bB2;2,2=bB1;3,1=bS2;4,0=bG3
109	35	0.379949	adjudicated	G1|b|35|18|17|-2,1=bA3;-2,2=wA1;-2,3=wA3;-1,-1=bG2;-1,0=wQ;-1,2=bQ;-1,3=wA2;0,-1=bA2;0,0=wS1;0,1=bA1;0,2=wB2;0,3=wB1;1,-2=wG1;1,-1=wS2;1,1=bS1;1,2=bG1;2,-1=wG2;2,1=bB2;2,2=bB1;3,1=bS2;4,0=bG3
109	37	0.379949	adjudicated	G1|b|37|19|18|-2,1=bA3;-2,2=wA1;-2,3=wA3;-1,-1=bG2;-1,0=wQ;-1,2=bQ;-1,3=wA2;0,-1=bA2;0,0=wS1;0,1=bA1;0,2=wB2;0,3=wB1;1,-1=wS2;1,0=wG1;1,2=bG1;2,-1=wG2;2,1=bB2;2,2=bB1;3,-2=bS1;3,1=bS2;4,0=bG3
109	39	0.379949	adjudicated	G1|b|39|20|19|-2,1=bA3;-2,2=wA1;-2,3=wA3;-1,-1=bG2;-1,0=wQ;-1,2=bQ;0,-2=wA2;0,-1=bA2;0,0=wS1;0,1=bA1;0,2=wB2;0,3=wB1;1,-1=wS2;1,0=wG1;1,2=bG1;2,-1=wG2;2,2=bB1;3,-2=bS1;3,0=bB2;3,1=bS2;4,0=bG3
109	41	0.379949	adjudicated	G1|b|41|21|20|-2,1=bA3;-2,2=wA1;-1,-1=bG2;-1,0=wQ;-1,2=bQ;0,-2=wA2;0,-1=bA2;0,0=wS1;0,1=bA1;0,2=wB2;0,3=wB1;1,-1=wS2;1,0=wG1;1,2=bG1;2,-1=wG2;2,1=bB2;2,2=bB1;3,-2=bS1;3,1=bS2;4,0=bG3;5,0=wA3
109	43	0.379949	adjudicated	G1|b|43|22|21|-3,3=wA3;-2,1=bA3;-2,2=wA1;-2,3=bQ;-1,-1=bG2;-1,0=wQ;0,-2=wA2;0,-1=bA2;0,0=wS1;0,1=bA1;0,2=wB2;0,3=wB1;1,-1=wS2;1,0=wG1;1,2=bG1;2,-1=wG2;2,1=bB2;2,2=bB1;3,-2=bS1;3,1=bS2;4,0=bG3
109	45	0.379949	adjudicated	G1|b|45|23|22|-3,3=wA3;-3,4=bQ;-2,1=bA3;-2,2=wA1;-2,4=wA2;-1,-1=bG2;-1,0=wQ;0,-1=bA2;0,0=wS1;0,1=bA1;0,2=wB2;0,3=wB1;1,-1=wS2;1,0=wG1;1,2=bG1;2,-1=wG2;2,1=bB2;2,2=bB1;3,-2=bS1;3,1=bS2;4,0=bG3
109	47	0.379949	adjudicated	G1|b|47|24|23|-3,3=wA3;-3,4=bQ;-2,1=bA3;-2,2=wA1;-2,4=wA2;-1,-1=bG2;-1,0=wQ;0,-1=bA2;0,0=wS1;0,1=bA1;0,2=wB2;0,3=wB1;1,-2=wG1;1,-1=wS2;1,2=bG1,bB1;2,-1=wG2;2,1=bB2;3,-2=bS1;3,1=bS2;4,0=bG3
109	49	0.379949	adjudicated	G1|b|49|25|24|-3,3=wA3;-3,4=bQ;-2,1=bA3;-2,2=wA1;-2,4=wA2;-1,-1=bG2;-1,0=wQ;0,-1=bA2;0,0=wS1;0,1=bA1;0,2=wB2;0,3=wB1;1,-2=wG1;1,-1=wS2;1,0=bS1;1,2=bG1,bB1;2,-3=wG3;2,-1=wG2;2,1=bB2;3,1=bS2;4,0=bG3
109	51	0.379949	adjudicated	G1|b|51|26|25|-3,3=wA3;-3,4=bQ;-2,1=bA3;-2,2=wA1;-2,4=wA2;-1,-1=bG2;-1,0=wQ;0,-1=bA2;0,0=wS1;0,1=bA1;0,2=wB2,wB1;1,-2=wG1;1,-1=wS2;1,2=bG1,bB1;2,-3=wG3;2,-1=wG2;2,1=bB2;3,-2=bS1;3,1=bS2;4,0=bG3
109	53	0.379949	adjudicated	G1|b|53|27|26|-3,3=wA3;-3,4=bQ;-2,1=bA3;-2,2=wA1;-1,-1=bG2;-1,0=wQ;0,-2=wA2;0,-1=bA2;0,0=wS1;0,1=bA1;0,2=wB2,wB1;1,-2=wG1;1,-1=wS2;1,2=bG1,bB1;2,-3=wG3;2,-1=wG2;2,1=bB2;3,0=bS1;3,1=bS2;4,0=bG3
109	55	0.379949	adjudicated	G1|b|55|28|27|-3,3=wA3;-3,4=bQ;-2,1=bA3;-2,2=wA1;-1,-1=bG2;-1,0=wQ;-1,2=wB1;0,-2=wA2;0,-1=bA2;0,0=wS1;0,1=bA1;0,2=wB2;1,-2=wG1;1,-1=wS2;1,2=bG1,bB1;2,-3=wG3;2,-1=wG2;2,1=bB2;2,2=bG3;3,0=bS1;3,1=bS2
109	57	0.379949	adjudicated	G1|b|57|29|28|-3,3=wA3;-3,4=bQ;-2,1=bA3;-2,2=wA1;-2,3=wB1;-1,-1=bG2;-1,0=wQ;0,-2=wA2;0,-1=bA2;0,0=wS1;0,1=bA1;0,2=wB2;1,-2=wG1;1,-1=wS2;1,2=bG1,bB1;2,-3=wG3;2,-1=wG2;2,0=bB2;2,2=bG3;3,0=bS1;3,1=bS2
109	59	0.379949	adjudicated	G1|b|59|30|29|-5,5=wA2;-4,4=bQ;-3,3=wA3;-2,1=bA3;-2,2=wA1;-2,3=wB1;-1,-1=bG2;-1,0=wQ;0,-1=bA2;0,0=wS1;0,1=bA1;0,2=wB2;1,-2=wG1;1,-1=wS2;1,2=bG1,bB1;2,-3=wG3;2,-1=wG2;2,0=bB2;2,2=bG3;3,0=bS1;3,1=bS2
109	61	0.379949	adjudicated	G1|b|61|31|30|-5,5=wA2;-4,4=bQ;-3,3=wA3;-2,1=bA3;-2,2=wA1;-2,3=wB1;-1,-1=bG2;-1,0=wQ;-1,1=bA1;0,-1=bA2;0,1=wS1;0,2=wB2;1,-2=wG1;1,-1=wS2;1,2=bG1,bB1;2,-3=wG3;2,-1=wG2;2,0=bB2;2,2=bG3;3,0=bS1;3,1=bS2
109	63	0.379949	adjudicated	G1|b|63|32|31|-5,5=wA2;-4,4=bQ;-3,3=wA3;-3,4=wB1;-2,1=bA3;-2,2=wA1;-1,-1=bG2;-1,0=wQ;-1,1=bA1;0,-1=bA2;0,1=wS1;0,2=wB2;1,-2=wG1;1,-1=wS2;1,2=bG1,bB1;2,-3=wG3;2,-1=wG2,bB2;2,2=bG3;3,0=bS1;3,1=bS2
109	65	0.379949	adjudicated	G1|b|65|33|32|-5,5=wA2;-4,4=bQ;-3,3=wA3;-3,4=wB1;-2,1=bA3;-2,2=wA1;-1,-1=bG2;-1,0=wQ;-1,1=bA1;0,-1=bA2;0,1=wS1;1,-2=wG1;1,-1=wS2;1,2=bG1,bB1,wB2;2,-3=wG3;2,-1=wG2;2,2=bG3;3,-1=bB2;3,0=bS1;3,1=bS2
109	67	0.379949	adjudicated	G1|b|67|34|33|-5,5=wA2;-4,4=bQ;-3,3=wA3;-3,4=wB1;-2,0=bA3;-2,2=wA1;-1,-1=bG2;-1,0=wQ;-1,1=bA1;0,-1=bA2;0,1=wS1;1,-2=wG1;1,-1=wS2;1,2=bG1,bB1;2,-3=wG3;2,-1=wG2;2,1=wB2;2,2=bG3;3,-1=bB2;3,0=bS1;3,1=bS2
109	69	0.379949	adjudicated	G1|b|69|35|34|-5,5=wA2;-4,4=bQ;-3,3=wA3;-3,4=wB1;-2,0=bA3;-2,2=wA1;-2,4=wS1;-1,-1=bG2;-1,0=wQ;-1,1=bA1;0,-1=bA2;1,-2=wG1;1,-1=wS2;1,2=bG1,bB1;2,-3=wG3;2,-1=wG2;2,1=wB2;2,2=bG3;3,-1=bB2;3,0=bS1;4,-2=bS2
109	71	0.379949	adjudicated	G1|b|71|36|35|-4,4=bQ;-3,3=wA3;-3,4=wB1;-2,0=bA3;-2,2=wA1;-2,4=wS1;-1,-1=bG2;-1,0=wQ;-1,1=bA1;0,-1=bA2;1,-2=wG1;1,-1=wS2;1,2=bG1;2,-3=wG3;2,-1=wG2;2,1=wB2,bB1;2,2=bG3;2,3=wA2;3,-1=bB2;3,0=bS1;4,-2=bS2
109	73	0.379949	adjudicated	G1|b|73|37|36|-4,5=bQ;-3,3=wA3;-3,4=wB1;-2,0=bA3;-2,2=wA1;-2,4=wS1;-1,-1=bG2;-1,0=wQ;-1,1=bA1;-1,4=wA2;0,-1=bA2;1,-2=wG1;1,-1=wS2;1,2=bG1;2,-3=wG3;2,-1=wG2;2,1=wB2,bB1;2,2=bG3;3,-1=bB2;3,0=bS1;4,-2=bS2
109	75	0.379949	adjudicated	G1|b|75|38|37|-4,4=wA2;-4,5=bQ;-3,3=wA3;-3,4=wB1;-2,0=bA3;-2,2=wA1;-2,4=wS1;-1,-1=bG2;-1,0=wQ;-1,1=bA1;0,-1=bA2;1,-2=wG1;1,-1=wS2;1,2=bG1;2,-3=wG3;2,-1=wG2;2,1=wB2,bB1;2,2=bG3;3,-3=bS2;3,-1=bB2;3,0=bS1
109	77	0.379949	adjudicated	G1|b|77|39|38|-5,5=bQ;-5,6=wS1;-4,4=wA2;-3,3=wA3;-3,4=wB1;-2,0=bA3;-2,2=wA1;-1,-1=bG2;-1,0=wQ;-1,1=bA1;0,-1=bA2;1,-2=wG1;1,-1=wS2;1,2=bG1;2,-3=wG3;2,-1=wG2;2,1=wB2,bB1;2,2=bG3;3,-3=bS2;3,-1=bB2;3,0=bS1
109	79	0.379949	adjudicated	G1|b|79|40|39|-5,5=bQ;-5,6=wS1;-4,4=wA2;-4,5=wB1;-3,3=wA3;-2,0=bA3;-2,2=wA1;-1,-1=bG2;-1,0=wQ;-1,1=bA1;0,-1=bA2;1,-2=wG1;1,-1=wS2;1,2=bG1;2,-3=wG3;2,-1=wG2;2,1=wB2;2,2=bG3;3,-3=bS2;3,-1=bB2;3,0=bS1;3,1=bB1
109	81	0.379949	adjudicated	G1|b|81|41|40|-5,5=bQ;-5,6=wS1;-4,3=bA3;-4,4=wA2;-4,5=wB1;-3,3=wA3;-2,2=wA1;-1,-1=bG2;-1,0=wQ;-1,1=bA1;0,-1=bA2;1,-2=wG1;1,-1=wS2;1,2=bG1;2,-3=wG3;2,-1=wG2;2,2=bG3;3,-3=bS2;3,-1=bB2;3,0=bS1,wB2;3,1=bB1
109	83	0.379949	adjudicated	G1|b|83|42|41|-6,5=bA3;-5,5=bQ;-5,6=wS1;-4,4=wA2;-4,5=wB1;-3,3=wA3;-2,2=wA1;-1,-1=bG2;-1,0=wQ;-1,1=bA1;0,-1=bA2;1,-2=wG1;1,-1=wS2;1,2=bG1;2,-3=wG3;2,-1=wG2;2,1=wB2;2,2=bG3;3,-3=bS2;3,-1=bB2;3,0=bS1;3,1=bB1
109	85	0.379949	adjudicated	G1|b|85|43|42|-6,5=bA3;-5,5=bQ;-5,6=wS1;-4,4=wA2;-4,5=wB1;-3,3=wA3;-2,2=wA1;-1,-1=bG2;-1,0=wQ;-1,1=bA1;0,-1=bA2;1,-2=wG1;1,-1=wS2;1,2=wB2;2,-3=wG3;2,-1=wG2;2,2=bG3;3,-3=bS2;3,-1=bB2;3,0=bS1;3,1=bB1;4,-1=bG1
109	87	0.379949	adjudicated	G1|b|87|44|43|-5,5=bQ;-5,6=wS1;-4,4=wA2;-4,5=wB1;-3,3=wA3;-2,0=wQ;-2,2=wA1;-1,-1=bG2;-1,1=bA1;0,-1=bA2;0,0=bA3;1,-2=wG1;1,-1=wS2;1,2=wB2;2,-3=wG3;2,-1=wG2;2,2=bG3;3,-3=bS2;3,-1=bB2;3,0=bS1;3,1=bB1;4,-1=bG1
109	89	0.379949	adjudicated	G1|b|89|45|44|-6,4=wS1;-5,4=bQ;-4,4=wA2;-4,5=wB1;-3,3=wA3;-2,0=wQ;-2,2=wA1;-1,-1=bG2;-1,1=bA1;0,-1=bA2;0,0=bA3;1,-2=wG1;1,-1=wS2;1,2=wB2;2,-3=wG3;2,-1=wG2;2,2=bG3;3,-3=bS2;3,-1=bB2;3,0=bS1;3,1=bB1;4,-1=bG1
109	91	0.379949	adjudicated	G1|b|91|46|45|-6,4=wS1;-5,4=bQ;-4,4=wA2;-4,5=wB1;-3,0=wQ;-3,3=wA3;-2,-1=bG1;-2,2=wA1;-1,-1=bG2;-1,1=bA1;0,-1=bA2;0,0=bA3;1,-2=wG1;1,-1=wS2;1,2=wB2;2,-3=wG3;2,-1=wG2;2,2=bG3;3,-3=bS2;3,-1=bB2;3,0=bS1;3,1=bB1
109	93	0.379949	adjudicated	G1|b|93|47|46|-5,4=bQ;-5,6=wS1;-4,4=wA2;-4,5=wB1;-3,0=wQ;-3,3=wA3;-2,-1=bG1;-2,2=wA1;-1,-1=bG2;-1,1=bA1;0,-1=bA2;0,0=bA3;1,-2=wG1;1,-1=wS2;1,2=wB2;2,-3=wG3;2,-1=wG2;2,2=bG3;3,-1=bB2;3,0=bS1;3,1=bB1;4,-2=bS2
109	95	0.379949	adjudicated	G1|b|95|48|47|-6,4=wS1;-5,4=bQ;-4,4=wA2;-4,5=wB1;-3,0=wQ;-3,3=wA3;-2,-1=bG1;-2,2=wA1;-1,-1=bG2;-1,1=bA1;0,-1=bA2;0,0=bA3;1,-2=wG1;1,-1=wS2;1,2=wB2;2,-3=wG3;2,-1=wG2;2,2=bG3;3,-3=bS2;3,-1=bB2;3,0=bS1;3,1=bB1
110	0	1.000000	terminal	G1|w|0|0|0|
110	6	1.000000	terminal	G1|w|6|3|3|-1,0=wS1;0,-1=wA2;0,0=wA1;0,1=bG1;0,2=bA1;1,1=bB1
110	8	1.000000	terminal	G1|w|8|4|4|-1,0=wS1;0,-1=wA2;0,0=wA1;0,1=bG1;0,2=bA1;1,-2=wQ;1,1=bB1;2,0=bQ
110	10	1.000000	terminal	G1|w|10|5|5|-2,0=wS2;-1,0=wS1;0,-1=wA2;0,0=wA1;0,1=bG1;1,-3=bA1;1,-2=wQ;1,1=bB1;2,0=bQ
110	12	1.000000	terminal	G1|w|12|6|6|-1,0=wS1;-1,2=wS2;0,-1=wA2;0,0=wA1;0,1=bG1;1,-4=bG2;1,-3=bA1;1,-2=wQ;1,1=bB1;2,0=bQ
110	14	1.000000	terminal	G1|w|14|7|7|-1,0=wS1;0,-1=wA2;0,0=wA1;0,1=bG1;1,-3=bA1;1,-2=wQ;1,-1=bG2;1,1=bB1;2,0=bQ;2,1=wS2
110	16	1.000000	terminal	G1|w|16|8|8|-1,0=wS1;0,0=wA1;0,1=bG1;0,2=bG3;1,-3=bA1;1,-2=wQ;1,-1=bG2;1,1=bB1;2,0=bQ;2,1=wS2;3,-1=wA2
110	18	1.000000	terminal	G1|w|18|9|9|-2,0=wA3;-1,0=wS1;0,-1=bG3;0,0=wA1;0,1=bG1;1,-3=bA1;1,-2=wQ;1,-1=bG2;1,1=bB1;2,0=bQ;2,1=wS2;3,-1=wA2
110	20	1.000000	terminal	G1|w|20|10|10|-1,0=wS1;0,-1=bG3;0,0=wA1;0,1=bG1;0,2=bA1;1,-2=wQ;1,-1=bG2;1,1=bB1;2,0=bQ;2,1=wS2;3,-1=wA2;3,0=wA3
110	22	1.000000	terminal	G1|w|22|11|11|-1,0=wS1;0,-1=bG3;0,0=wA1;0,1=bG1;0,2=bA1;1,-1=bG2;1,1=bB1;2,-2=wQ;2,-1=bQ;2,1=wS2;3,-1=wA2;3,0=wA3
110	24	1.000000	terminal	G1|w|24|12|12|-1,0=wS1;0,-1=bG3;0,0=wA1;0,1=bG1;1,-2=bA1;1,-1=bG2;1,1=bB1;2,-2=wQ;2,-1=bQ;2,1=wS2;3,-1=wA2;4,-1=wA3
110	26	1.000000	terminal	G1|w|26|13|13|-1,0=wS1;0,0=wA1;0,1=bG1;1,-2=bA1;1,-1=bG2;1,1=bB1;2,-3=wQ;2,-1=bQ;2,1=wS2;3,-4=bG3;3,-1=wA2;4,-1=wA3
110	28	1.000000	terminal	G1|w|28|14|14|-1,0=wS1;0,0=wA1;0,1=bG1;1,-2=bA1;1,-1=bG2;1,1=bB1;2,-3=wQ;2,-1=bQ;2,1=wS2;3,-4=bG3;3,-2=wA3;3,-1=wA2;4,-4=bA2
110	30	1.000000	terminal	G1|w|30|15|15|-1,0=wS1;-1,2=bS1;0,0=wA1;0,1=bG1;1,-2=bA1;1,-1=bG2;1,1=bB1;2,-3=wQ;2,-1=bQ;2,1=wS2;2,2=wB1;3,-4=bG3;3,-2=wA3;3,-1=wA2;4,-4=bA2
110	32	1.000000	terminal	G1|w|32|16|16|-1,-1=wG1;-1,0=wS1;-1,2=bS1;0,0=wA1;0,1=bG1;1,-2=bA1;1,-1=bG2;1,1=bB1;2,-4=bA2;2,-3=wQ;2,-1=bQ;2,1=wS2;2,2=wB1;3,-4=bG3;3,-2=wA3;3,-1=wA2
110	34	1.000000	terminal	G1|w|34|17|17|-1,-1=wG1;-1,0=wS1;-1,2=bS1;-1,3=bB2;0,0=wA1;0,1=bG1;1,-2=bA1;1,-1=bG2;1,1=bB1;2,-4=bA2;2,-3=wQ;2,-1=bQ;2,1=wS2;2,2=wB1;3,-4=bG3;3,-2=wA3;3,-1=wA2;3,0=wG2
110	36	1.000000	terminal	G1|w|36|18|18|-1,-1=wG1;-1,0=wS1;-1,2=bS1;-1,3=bB2;0,0=wA1;0,1=bG1;1,-2=bA1;1,-1=bG2;1,1=bB1;1,3=wB2;2,-3=wQ;2,-1=bQ;2,1=wS2;2,2=wB1;3,-4=bG3;3,-3=bA2;3,-2=wA3;3,-1=wA2;3,0=wG2
110	38	1.000000	terminal	G1|w|38|19|19|-1,-1=wG1;-1,0=wS1;-1,2=bS1;-1,3=bB2;0,0=wA1;0,1=bG1;0,2=bA2;1,-2=bA1;1,-1=bG2;1,1=bB1;1,3=wB2;2,-3=wQ;2,-1=bQ;2,1=wS2;2,2=wB1;3,-4=bG3;3,-2=wA3;3,-1=wA2;3,0=wG2;4,0=wG3
110	40	1.000000	terminal	G1|w|40|20|20|-1,-1=wG1;-1,0=wS1;-1,2=bS1;-1,3=bB2;0,0=wA1;0,1=bG1;1,-3=bA2;1,-2=bA1;1,-1=bG2;1,1=bB1;1,3=wB2;2,-3=wQ;2,-1=bQ;2,0=wG3;2,1=wS2;2,2=wB1;3,-4=bG3;3,-2=wA3;3,-1=wA2;3,0=wG2
110	42	1.000000	terminal	G1|w|42|21|21|-1,-1=wG1;-1,0=wS1;-1,2=bS1;-1,3=bB2;0,0=wA1;0,1=bG1,bB1;1,-3=bA2;1,-2=bA1;1,-1=bG2;1,0=wG2;1,3=wB2;2,-3=wQ;2,-1=bQ;2,0=wG3;2,1=wS2;2,2=wB1;3,-4=bG3;3,-2=wA3;3,-1=wA2
110	44	1.000000	terminal	G1|w|44|22|22|-1,0=wS1;-1,1=wG1;-1,2=bS1;-1,3=bB2;0,0=wA1;0,1=bG1,bB1;1,-3=bA2;1,-2=bA1;1,-1=bG2;1,0=wG2;1,3=wB2;2,-3=wQ;2,-1=bQ;2,0=wG3;2,1=wS2;2,2=wB1;3,-4=bG3;3,-2=wA3;3,-1=wA2;4,-4=bS2
111	0	1.000000	terminal	G1|w|0|0|0|
111	7	1.000000	terminal	G1|b|7|4|3|-1,-1=bG2;-1,1=wQ;0,-2=bG1;0,-1=bB1;0,0=wS1;1,0=wA1
111	9	1.000000	terminal	G1|b|9|5|4|-2,-2=wA1;-2,-1=bQ;-1,-1=bG2;-1,1=wQ;0,-2=bG1;0,-1=bB1;0,0=wS1
111	11	1.000000	terminal	G1|b|11|6|5|-2,-2=wA1;-2,-1=bQ;-1,-1=bG2;-1,2=wQ;0,-1=bB1;0,0=wS1;0,1=bG1
111	13	1.000000	terminal	G1|b|13|7|6|-2,-1=bQ;-2,0=wA1;-1,-1=bG2;-1,2=wQ;0,-1=bB1;0,0=wS1;0,1=bG1;1,1=bS1
111	15	1.000000	terminal	G1|b|15|8|7|-3,1=wB1;-2,-1=bQ;-2,0=wA1;-2,3=bS1;-1,-1=bG2;-1,2=wQ;0,-1=bB1;0,0=wS1;0,1=bG1
111	17	1.000000	terminal	G1|b|17|9|8|-3,1=wB1;-3,2=wA2;-2,0=wA1;-2,3=bS1;-1,-2=bQ;-1,-1=bG2;-1,2=wQ;0,-1=bB1;0,0=wS1;0,1=bG1
111	19	1.000000	terminal	G1|b|19|10|9|-3,1=wB1;-2,0=wA1;-2,3=bS1;-1,-2=bQ;-1,-1=bG2;-1,2=wQ;0,-2=wA2;0,-1=bB1;0,0=wS1;0,1=bG1;1,-2=bB2
111	21	1.000000	terminal	G1|b|21|11|10|-3,0=wS2;-3,1=wB1;-2,0=wA1;-2,3=bS1;-1,-2=bQ;-1,-1=bG2;-1,2=wQ;0,-2=wA2;0,-1=bB1;0,0=wS1;0,1=bG1;1,-2=bB2;2,-3=bA1
111	23	1.000000	terminal	G1|b|23|12|11|-3,1=wB1;-2,0=wA1;-2,1=bA1;-2,3=bS1;-1,-3=wS2;-1,-2=bQ;-1,-1=bG2;-1,2=wQ;0,-2=wA2;0,-1=bB1;0,0=wS1;0,1=bG1;1,-2=bB2
111	25	1.000000	terminal	G1|b|25|13|12|-2,0=wA1;-2,1=wB1;-2,3=bS1;-1,-3=wS2;-1,-2=bQ;-1,-1=bG2;-1,2=wQ;-1,3=bA1;0,-2=wA2;0,-1=bB1;0,0=wS1;0,1=bG1;1,-2=bB2
111	27	1.000000	terminal	G1|b|27|14|13|-3,1=wB2;-3,3=bS2;-2,0=wA1;-2,1=wB1;-2,3=bS1;-1,-3=wS2;-1,-2=bQ;-1,-1=bG2;-1,2=wQ;-1,3=bA1;0,-2=wA2;0,-1=bB1;0,0=wS1;0,1=bG1;1,-2=bB2
111	29	1.000000	terminal	G1|b|29|15|14|-4,4=bG3;-3,0=wB2;-3,3=bS2;-2,0=wA1;-2,1=wB1;-2,3=bS1;-1,-3=wS2;-1,-2=bQ;-1,-1=bG2;-1,2=wQ;-1,3=bA1;0,-2=wA2;0,-1=bB1;0,0=wS1;0,1=bG1;1,-2=bB2
111	31	1.000000	terminal	G1|b|31|16|15|-3,0=wB2;-3,3=bS2;-3,4=wA2;-2,0=wA1;-2,1=wB1;-2,2=bG3;-2,3=bS1;-1,-3=wS2;-1,-2=bQ;-1,-1=bG2;-1,2=wQ;-1,3=bA1;0,-1=bB1;0,0=wS1;0,1=bG1;1,-2=bB2
111	33	1.000000	terminal	G1|b|33|17|16|-4,3=bA2;-3,0=wB2;-3,3=bS2;-2,0=wA1;-2,1=wB1;-2,2=bG3;-2,3=bS1;-1,-3=wS2;-1,-2=bQ;-1,-1=bG2;-1,2=wQ;-1,3=bA1;0,-2=wA2;0,-1=bB1;0,0=wS1;0,1=bG1;1,-2=bB2
111	35	1.000000	terminal	G1|b|35|18|17|-4,3=bA2;-3,3=bS2;-2,-1=wB2;-2,0=wA1;-2,1=wB1;-2,2=bG3;-2,3=bS1;-1,-3=wS2;-1,-2=bQ;-1,2=wQ;-1,3=bA1;0,-2=wA2;0,-1=bB1;0,0=wS1;0,1=bG1;1,-2=bB2;1,-1=bG2
111	37	1.000000	terminal	G1|b|37|19|18|-4,3=bA2;-3,3=bS2;-3,4=bA1;-2,-1=wB2;-2,0=wA1;-2,1=wB1;-2,2=bG3;-2,3=bS1;-1,-3=wS2;-1,-2=bQ;0,-2=wA2;0,-1=bB1;0,0=wS1;0,1=bG1;0,2=wQ;1,-2=bB2;1,-1=bG2
111	39	1.000000	terminal	G1|b|39|20|19|-4,3=bA2;-3,3=bS2;-2,-1=wB2;-2,0=wA1;-2,1=wB1;-2,2=bG3;-2,3=bS1;-1,-3=wS2;-1,-2=bQ;0,-4=wG1;0,-2=wA2;0,-1=bB1;0,0=wS1;0,1=bG1;0,2=wQ;1,-2=bB2;1,-1=bG2;2,-2=bA1
111	41	1.000000	terminal	G1|b|41|21|20|-5,4=bS1;-4,3=bA2;-3,3=bS2;-2,-2=wG1;-2,-1=wB2;-2,0=wA1;-2,1=wB1;-2,2=bG3;-1,-3=wS2;-1,-2=bQ;0,-2=wA2;0,-1=bB1;0,0=wS1;0,1=bG1;0,2=wQ;1,-2=bB2;1,-1=bG2;2,-2=bA1
111	43	1.000000	terminal	G1|b|43|22|21|-5,4=bS1;-4,3=bA2;-3,-1=bA1;-3,1=wA3;-3,3=bS2;-2,-2=wG1;-2,-1=wB2;-2,0=wA1;-2,1=wB1;-2,2=bG3;-1,-3=wS2;-1,-2=bQ;0,-2=wA2;0,-1=bB1;0,0=wS1;0,1=bG1;0,2=wQ;1,-2=bB2;1,-1=bG2
111	45	1.000000	terminal	G1|b|45|23|22|-5,4=bS1;-4,3=bA2;-3,3=bS2;-2,-2=wG1;-2,-1=wB2;-2,0=wA1;-2,1=wB1;-2,2=bG3;-1,-3=wS2;-1,-2=bQ;0,-3=wA3;0,-2=wA2;0,-1=bB1;0,0=wS1;0,1=bG1;0,2=wQ;1,-2=bB2;1,-1=bG2;1,1=bA1
111	47	1.000000	terminal	G1|b|47|24|23|-6,5=bA3;-5,4=bS1;-4,3=bA2;-3,3=bS2;-2,-2=wG1;-2,-1=wB2;-2,0=wA1;-2,1=wB1;-2,2=bG3;-1,-3=wS2;-1,-2=bQ;0,-3=wA3;0,-2=wA2;0,-1=bB1;0,0=wS1;0,1=bG1;1,-2=bB2;1,-1=bG2;1,1=bA1;1,2=wQ
111	49	1.000000	terminal	G1|b|49|25|24|-6,5=bA3;-5,4=bS1;-4,3=bA2;-3,3=bS2;-2,-2=wG1;-2,-1=wB2;-2,1=wB1;-2,2=bG3;-1,-3=wS2;-1,-2=bQ;-1,-1=wA1;-1,1=bG2;0,-3=wA3;0,-2=wA2;0,-1=bB1;0,0=wS1;0,1=bG1;1,-2=bB2;1,1=bA1;1,2=wQ
112	0	-1.000000	terminal	G1|w|0|0|0|
112	6	-1.000000	terminal	G1|w|6|3|3|-3,1=bS2;-2,1=bB1;-1,0=bS1;-1,2=wB1;0,0=wA1;0,1=wS1
112	8	-1.000000	terminal	G1|w|8|4|4|-4,1=bQ;-3,1=bS2;-2,1=bB1;-1,0=bS1;-1,2=wB1;0,0=wA1;0,1=wS1;1,1=wQ
112	10	-1.000000	terminal	G1|w|10|5|5|-4,0=bA1;-4,1=bQ;-3,1=bS2;-2,1=bB1;-2,3=wA2;-1,0=bS1;-1,2=wB1;0,0=wA1;0,1=wS1;1,1=wQ
112	12	-1.000000	terminal	G1|w|12|6|6|-4,-1=bA2;-4,0=bA1;-4,1=bQ;-3,0=wA2;-3,1=bS2;-2,1=bB1;-1,0=bS1;-1,2=wB1;0,0=wA1;0,1=wS1;1,1=wQ
112	14	-1.000000	terminal	G1|w|14|7|7|-5,1=bQ;-4,-1=bA2;-4,0=bA1;-3,0=wA2;-3,1=bS2;-2,1=bB1;-2,3=wS2;-1,0=bS1;-1,2=wB1;0,0=wA1;0,1=wS1;1,1=wQ
112	16	-1.000000	terminal	G1|w|16|8|8|-5,-1=bA3;-5,1=bQ;-4,-1=bA2;-4,0=bA1;-3,0=wA2;-3,1=bS2;-2,1=bB1;-2,3=wS2;-1,0=bS1;-1,2=wB1;-1,3=wB2;0,0=wA1;0,1=wS1;1,1=wQ
112	18	-1.000000	terminal	G1|w|18|9|9|-5,1=bQ;-4,-1=bA2;-4,0=bA1;-3,0=wA2;-3,1=bS2;-3,3=wG1;-2,1=bB1;-2,3=wS2;-1,0=bS1;-1,2=wB1;-1,3=wB2;0,0=wA1;0,1=wS1;1,0=bA3;1,1=wQ
112	20	-1.000000	terminal	G1|w|20|10|10|-5,1=bQ;-4,0=bA1;-3,0=wA2;-3,1=bS2;-3,3=wG1;-2,1=bB1;-2,3=wS2;-1,0=bS1;-1,2=wB1;-1,3=wB2;0,0=wA1;0,1=wS1;1,0=bA3;2,0=wQ;3,-1=bA2
112	22	-1.000000	terminal	G1|w|22|11|11|-5,1=bQ;-4,0=bA1;-3,0=wA2;-3,1=bS2;-3,3=wG1;-3,4=wG2;-2,1=bB1;-2,3=wS2;-1,0=bS1;-1,2=wB1;-1,3=wB2;0,0=wA1;0,1=wS1;1,0=bA3;2,0=wQ;2,1=bA2
112	24	-1.000000	terminal	G1|w|24|12|12|-5,1=bQ;-4,0=bA1;-3,0=wA2;-3,1=bS2;-3,3=wG1;-3,4=wG2;-2,1=bB1;-2,3=wS2;-1,-1=bG1;-1,0=bS1;-1,2=wB1,wB2;0,0=wA1;0,1=wS1;1,0=bA3;2,0=wQ;2,1=bA2
112	26	-1.000000	terminal	G1|w|26|13|13|-5,1=bQ;-4,0=bA1;-3,0=wA2;-3,1=bS2;-3,3=wG1;-3,4=wG2;-3,5=wA3;-2,1=bB1;-2,3=wS2;-1,-1=bG1;-1,0=bS1;-1,2=wB1,wB2;0,0=wA1;0,1=wS1;1,0=bA3;2,0=wQ;2,1=bA2;3,1=bB2
112	28	-1.000000	terminal	G1|w|28|14|14|-6,2=wA3;-5,1=bQ;-4,0=bA1;-3,0=wA2;-3,1=bS2;-3,3=wG1;-3,4=wG2;-2,1=bB1;-2,3=wS2;-1,-1=bG1;-1,0=bS1;-1,2=wB1,wB2;0,0=wA1;0,1=wS1;1,0=bA3;2,0=wQ;2,1=bA2;2,2=bG2;3,1=bB2
112	30	-1.000000	terminal	G1|w|30|15|15|-6,2=wA3;-5,1=bQ;-4,0=bA1;-3,0=wA2;-3,1=bS2;-3,3=wG1;-3,4=wG2;-2,1=bB1;-2,3=wS2;-1,-1=bG1;-1,0=bS1;-1,2=wB1;0,0=wA1;0,1=wS1,wB2;1,0=bA3;2,-1=bG2;2,0=wQ;2,1=bA2;3,1=bB2
112	32	-1.000000	terminal	G1|w|32|16|16|-6,2=wA3;-5,1=bQ;-4,0=bA1;-3,0=wA2;-3,1=bS2;-3,3=wG1;-3,4=wG2;-2,1=bB1;-2,3=wS2;-1,-1=bG1;-1,0=bS1;-1,2=wB1;-1,3=wG3;0,0=wA1;0,1=wS1,wB2;1,0=bA3;2,-1=bG2;2,0=wQ;2,1=bA2;3,0=bB2
112	34	-1.000000	terminal	G1|w|34|17|17|-6,2=wA3;-5,1=bQ;-4,0=bA1;-3,0=wA2;-3,1=bS2;-3,3=wG1;-3,4=wG2;-2,1=bB1;-2,3=wS2;-1,-1=bG1;-1,0=bS1;-1,1=wG3;-1,2=wB1;0,0=wA1;0,1=wS1,wB2;1,0=bA3;1,2=bG3;2,-1=bG2;2,0=wQ;2,1=bA2;3,0=bB2
112	36	-1.000000	terminal	G1|w|36|18|18|-6,2=wA3;-5,1=bQ;-4,1=wA1;-3,0=wA2;-3,1=bS2;-3,3=wG1;-3,4=wG2;-2,1=bB1;-2,3=wS2;-1,-1=bG1;-1,0=bS1;-1,1=wG3;-1,2=wB1;0,1=wS1,wB2;1,0=bA3;1,2=bG3;2,-1=bG2;2,0=wQ;2,1=bA2;3,-1=bA1;3,0=bB2
112	38	-1.000000	terminal	G1|w|38|19|19|-5,1=bQ;-4,1=wA1;-4,4=wA3;-3,0=wA2;-3,1=bS2;-3,3=wG1;-3,4=wG2;-2,1=bB1;-2,3=wS2;-1,-1=bG1;-1,0=bS1;-1,1=wG3;-1,2=wB1;0,1=wS1,wB2;1,0=bA3;2,-1=bG2;2,0=wQ;2,1=bA2;3,-1=bA1;3,0=bB2;4,-1=bG3
112	40	-1.000000	terminal	G1|w|40|20|20|-5,0=bQ;-4,0=wA3;-4,1=wA1;-3,0=wA2;-3,1=bS2;-3,3=wG1;-3,4=wG2;-2,1=bB1;-2,3=wS2;-1,-1=bG1;-1,0=bS1;-1,1=wG3;-1,2=wB1;0,1=wS1,wB2;1,0=bA3;2,-1=bG2;2,0=wQ;2,1=bA2;3,-1=bA1;3,0=bB2;4,-1=bG3
112	42	-1.000000	terminal	G1|w|42|21|21|-5,-1=wA2;-5,0=bQ;-4,0=wA3;-4,1=wA1;-3,1=bS2;-3,3=wG1;-3,4=wG2;-2,1=bB1;-2,3=wS2;-1,-1=bG1;-1,0=bS1;-1,1=wG3;-1,2=wB1;0,1=wS1,wB2;1,0=bA3;1,2=bG3;2,-1=bG2;2,0=wQ;2,1=bA2;3,-1=bA1;3,0=bB2
112	44	-1.000000	terminal	G1|w|44|22|22|-6,0=wA2;-5,0=bQ;-4,0=wA3;-4,1=wA1;-3,1=bS2;-3,3=wG1;-3,4=wG2;-2,1=bB1;-2,3=wS2;-1,0=bS1;-1,1=wG3;-1,2=wB1;-1,3=bG1;0,1=wS1,wB2;1,0=bA3;1,2=bG3;2,-1=bG2;2,0=wQ;2,1=bA2;3,-1=bA1;3,0=bB2
112	46	-1.000000	terminal	G1|w|46|23|23|-5,-1=bQ;-4,-1=wA2;-4,0=wA3;-4,1=wA1;-3,1=bS2;-3,3=wG1;-3,4=wG2;-2,1=bB1;-2,3=wS2;-1,0=bS1;-1,1=wG3;-1,2=wB1;-1,3=bG1;0,1=wS1,wB2;1,0=bA3;1,2=bG3;2,-1=bG2;2,0=wQ;2,1=bA2;3,-1=bA1;3,0=bB2
112	48	-1.000000	terminal	G1|w|48|24|24|-5,-1=bQ;-4,-1=wA2;-4,0=wA3;-4,1=wA1;-3,-1=bS1;-3,1=bS2;-3,3=wG1;-2,1=bB1;-2,3=wS2;-1,1=wG3;-1,2=wB1;-1,3=bG1;0,1=wS1,wB2;1,0=bA3;1,2=bG3;2,-1=bG2;2,0=wQ;2,1=bA2;3,-2=wG2;3,-1=bA1;3,0=bB2
113	0	0.833655	adjudicated	G1|w|0|0|0|
113	7	0.833655	adjudicated	G1|b|7|4|3|-1,-1=wQ;-1,0=wS1;-1,1=wG1;0,0=wB1;1,0=bG1;2,-1=bA1;3,-1=bG2
113	9	0.833655	adjudicated	G1|b|9|5|4|-1,-1=wQ;-1,0=wS1;-1,1=wG1;-1,2=wG2;0,0=wB1;1,0=bG1;1,1=bQ;2,-1=bA1;3,-1=bG2
113	11	0.833655	adjudicated	G1|b|11|6|5|-2,1=wG3;-1,-1=wQ;-1,0=wS1;-1,1=wG1;-1,2=wG2;0,0=wB1;1,0=bG1;1,1=bQ;2,-1=bA1;3,-1=bG2;3,0=bB1
113	13	0.833655	adjudicated	G1|b|13|7|6|-2,-1=wB2;-2,1=wG3;-1,-1=wQ;-1,0=wS1;-1,1=wG1;-1,2=wG2;0,0=wB1;1,0=bG1;1,1=bQ;2,-2=bB2;2,-1=bA1;3,-1=bG2;3,0=bB1
113	15	0.833655	adjudicated	G1|b|15|8|7|-2,-1=wB2;-1,-1=wQ;-1,0=wS1;-1,1=wG1;-1,2=wG2;0,0=wB1;0,1=wG3;1,0=bG1;1,1=bQ;2,-3=bA2;2,-2=bB2;2,-1=bA1;3,-1=bG2;3,0=bB1
113	17	0.833655	adjudicated	G1|b|17|9|8|-1,-2=bA2;-1,-1=wQ,wB2;-1,0=wS1;-1,1=wG1;-1,2=wG2;0,0=wB1;0,1=wG3;1,0=bG1;1,1=bQ;2,-2=bB2;2,-1=bA1;3,-1=bG2;3,0=bB1
113	19	0.833655	adjudicated	G1|b|19|10|9|-1,-2=bA2;-1,-1=wQ,wB2;-1,0=wS1;-1,2=wG2;0,0=wB1;0,1=wG3;1,0=bG1;1,1=bQ;2,-2=bB2;2,-1=bA1;2,1=wG1;3,-1=bG2;3,0=bB1;4,0=bG3
113	21	0.833655	adjudicated	G1|b|21|11|10|-2,3=wS2;-1,-1=wQ,wB2;-1,0=wS1;-1,2=wG2;0,-1=bA2;0,0=wB1;0,1=wG3;1,0=bG1;1,1=bQ;2,-2=bB2;2,-1=bA1;2,1=wG1;3,-1=bG2;3,0=bB1;4,0=bG3
113	23	0.833655	adjudicated	G1|b|23|12|11|-2,0=bG1;-1,-1=wQ,wB2;-1,0=wS1;-1,2=wG2;0,-1=bA2;0,0=wB1;0,1=wG3;1,1=bQ;1,2=wS2;2,-2=bB2;2,-1=bA1;2,1=wG1;3,-1=bG2;3,0=bB1;4,0=bG3
113	25	0.833655	adjudicated	G1|b|25|13|12|-3,0=wS1;-2,0=bG1;-1,-1=wQ,wB2;-1,2=wG2;0,-1=bA2;0,0=wB1;0,1=wG3;1,1=bQ;1,2=wS2;2,-2=bB2;2,-1=bA1;2,1=wG1;3,-3=bA3;3,-1=bG2;3,0=bB1;4,0=bG3
113	27	0.833655	adjudicated	G1|b|27|14|13|-3,0=wS1;-2,0=bG1;-1,-1=wQ,wB2;0,-2=bA3;0,-1=bA2;0,0=wB1;0,1=wG3;1,0=wG2;1,1=bQ;1,2=wS2;2,-2=bB2;2,-1=bA1;2,1=wG1;3,-1=bG2;3,0=bB1;4,0=bG3
113	29	0.833655	adjudicated	G1|b|29|15|14|-3,0=wS1;-2,0=bG1;-1,-1=wQ,wB2;-1,2=wA1;0,-2=bA3;0,-1=bA2;0,0=wB1;0,1=wG3;1,0=wG2;1,1=bQ;1,2=wS2;2,-2=bB2;2,-1=bA1;2,1=wG1;3,-1=bG2;3,0=bB1;4,-1=bS1;4,0=bG3
113	31	0.833655	adjudicated	G1|b|31|16|15|-3,0=wS1;-2,0=bG1;-2,1=bS2;-1,-1=wQ,wB2;0,-2=bA3;0,-1=bA2;0,0=wB1;0,1=wG3;1,0=wG2;1,1=bQ;1,2=wS2;2,-2=bB2;2,-1=bA1;2,1=wG1;3,-1=bG2;3,0=bB1;4,-1=bS1;4,0=bG3;4,1=wA1
113	33	0.833655	adjudicated	G1|b|33|17|16|-4,0=bS2;-3,0=wS1;-2,0=bG1;-1,-1=wQ,wB2;0,-2=bA3;0,-1=bA2;0,0=wB1;0,1=wG3;0,2=wA1;1,0=wG2;1,1=bQ;1,2=wS2;2,-2=bB2;2,-1=bA1;2,1=wG1;3,-1=bG2;3,0=bB1;4,-1=bS1;4,0=bG3
113	35	0.833655	adjudicated	G1|b|35|18|17|-2,0=bG1;-1,-3=wS1;-1,-2=bS2;-1,-1=wQ,wB2;0,-2=bA3;0,-1=bA2;0,0=wB1;0,1=wG3;0,2=wA1;1,0=wG2;1,1=bQ;1,2=wS2;2,-2=bB2;2,-1=bA1;2,1=wG1;3,-1=bG2;3,0=bB1;4,-1=bS1;4,0=bG3
113	37	0.833655	adjudicated	G1|b|37|19|18|-2,0=bG1;-1,-3=wS1;-1,-2=bS2;-1,-1=wQ,wB2;-1,0=bA3;0,-1=bA2;0,0=wB1;0,1=wG3;0,2=wA1;1,0=wG2;1,1=bQ;1,2=wS2;1,3=wA2;2,-2=bB2;2,-1=bA1;2,1=wG1;3,-1=bG2;3,0=bB1;4,-1=bS1;4,0=bG3
113	39	0.833655	adjudicated	G1|b|39|20|19|-3,0=bA2;-2,0=bG1,wB2;-1,-3=wS1;-1,-2=bS2;-1,-1=wQ;-1,0=bA3;0,0=wB1;0,1=wG3;0,2=wA1;1,0=wG2;1,1=bQ;1,2=wS2;1,3=wA2;2,-2=bB2;2,-1=bA1;2,1=wG1;3,-1=bG2;3,0=bB1;4,-1=bS1;4,0=bG3
113	41	0.833655	adjudicated	G1|b|41|21|20|-3,1=wA2;-2,0=bG1,wB2;-1,-3=wS1;-1,-2=bS2;-1,-1=wQ;-1,0=bA3;0,-2=bA2;0,0=wB1;0,1=wG3;0,2=wA1;1,0=wG2;1,1=bQ;1,2=wS2;2,-2=bB2;2,-1=bA1;2,1=wG1;3,-1=bG2;3,0=bB1;4,-1=bS1;4,0=bG3
113	43	0.833655	adjudicated	G1|b|43|22|21|-3,1=wA2;-2,-1=bA2;-2,0=bG1,wB2;-1,-3=wS1;-1,-2=bS2;-1,0=bA3;0,-2=wQ;0,0=wB1;0,1=wG3;0,2=wA1;1,0=wG2;1,1=bQ;1,2=wS2;2,-2=bB2;2,-1=bA1;2,1=wG1;3,-1=bG2;3,0=bB1;4,-1=bS1;4,0=bG3
113	45	0.833655	adjudicated	G1|b|45|23|22|-2,-1=bA2;-2,0=bG1,wB2;-1,-3=wS1;-1,-2=bS2;-1,0=bA3;0,-2=wQ;0,0=wB1;0,1=wG3;0,2=wA1;1,0=wG2;1,1=bQ;1,2=wS2;2,-2=bB2;2,-1=bA1;2,1=wG1;3,-3=bS1;3,-2=wA2;3,-1=bG2;3,0=bB1;4,0=bG3
113	47	0.833655	adjudicated	G1|b|47|24|23|-2,-1=bA2;-2,0=bG1,wB2;-1,-3=wS1;-1,-2=bS2;-1,0=bA3;0,-2=wQ;0,0=wB1;0,1=wG3;1,-3=bS1;1,0=wG2;1,1=bQ;1,2=wS2;2,-3=wA1;2,-2=bB2;2,-1=bA1;2,1=wG1;3,-2=wA2;3,-1=bG2;3,0=bB1;4,0=bG3
113	49	0.833655	adjudicated	G1|b|49|25|24|-2,-1=bA2;-2,0=bG1,wB2;-1,-3=wS1;-1,-2=bS2;-1,-1=bA3;0,-2=wQ;0,0=wB1;0,1=wG3;0,2=wA2;1,-3=bS1;1,0=wG2;1,1=bQ;1,2=wS2;2,-3=wA1;2,-2=bB2;2,-1=bA1;2,1=wG1;3,-1=bG2;3,0=bB1;4,0=bG3
113	51	0.833655	adjudicated	G1|b|51|26|25|-2,0=bG1,wB2;-1,-3=wS1;-1,-2=bS2;-1,-1=bA3;0,-3=bA2;0,-1=wQ;0,0=wB1;0,1=wG3;0,2=wA2;1,-3=bS1;1,0=wG2;1,1=bQ;1,2=wS2;2,-3=wA1;2,-2=bB2;2,-1=bA1;2,1=wG1;3,-1=bG2;3,0=bB1;4,0=bG3
113	53	0.833655	adjudicated	G1|b|53|27|26|-2,0=bG1,wB2;-1,-3=wS1;-1,-2=bS2;-1,-1=bA3;0,-3=bA2;0,-1=wQ;0,0=wB1;0,1=wG3;0,2=wA2;0,3=wA1;1,-3=bS1;1,-2=bB2;1,0=wG2;1,1=bQ;1,2=wS2;2,-1=bA1;2,1=wG1;3,-1=bG2;3,0=bB1;4,0=bG3
113	55	0.833655	adjudicated	G1|b|55|28|27|-2,0=bG1;-1,-3=wS1;-1,-2=bS2;-1,-1=bA3,wB2;-1,0=bA1;0,-3=bA2;0,-1=wQ;0,0=wB1;0,1=wG3;0,2=wA2;0,3=wA1;1,-3=bS1;1,-2=bB2;1,0=wG2;1,1=bQ;1,2=wS2;2,1=wG1;3,-1=bG2;3,0=bB1;4,0=bG3
113	57	0.833655	adjudicated	G1|b|57|29|28|-2,0=bG1;-1,-3=wS1;-1,-2=bS2;-1,-1=bA3,wB2;-1,0=bA1;0,-1=wQ;0,1=wG3,wB1;0,2=wA2;0,3=wA1;1,-3=bS1;1,-2=bB2;1,-1=bA2;1,0=wG2;1,1=bQ;1,2=wS2;2,1=wG1;3,-1=bG2;3,0=bB1;4,0=bG3
113	59	0.833655	adjudicated	G1|b|59|30|29|-1,-3=wS1;-1,-2=bS2;-1,-1=bA3,wB2;-1,0=bA1;0,-2=bG1;0,-1=wQ;0,1=wG3,wB1;0,2=wA2;1,-3=bS1;1,-2=bB2;1,-1=bA2;1,0=wG2;1,1=bQ;1,2=wS2;2,1=wG1;3,-2=wA1;3,-1=bG2;3,0=bB1;4,0=bG3
113	61	0.833655	adjudicated	G1|b|61|31|30|-2,0=wS1;-1,-2=bS2;-1,-1=bA3,wB2;-1,0=bA1;0,-2=bG1;0,-1=wQ;0,1=wG3,wB1;0,2=wA2;1,-2=bB2;1,-1=bA2;1,0=wG2;1,1=bQ;1,2=wS2;2,1=wG1;3,-3=bS1;3,-2=wA1;3,-1=bG2;3,0=bB1;4,0=bG3
113	63	0.833655	adjudicated	G1|b|63|32|31|-2,-1=wB2;-2,0=wS1;-1,-2=bS2;-1,-1=bA3;0,-3=bA1;0,-2=bG1;0,-1=wQ;0,1=wG3,wB1;0,2=wA2;1,-2=bB2;1,-1=bA2;1,0=wG2;1,1=bQ;1,2=wS2;2,1=wG1;3,-3=bS1;3,-2=wA1;3,-1=bG2;3,0=bB1;4,0=bG3
113	65	0.833655	adjudicated	G1|b|65|33|32|-3,0=wA3;-2,-1=wB2;-2,0=wS1;-1,-2=bS2;-1,-1=bA3;0,-2=bG1;0,-1=wQ;0,0=bA1;0,1=wG3,wB1;0,2=wA2;1,-2=bB2;1,-1=bA2;1,0=wG2;1,1=bQ;1,2=wS2;2,1=wG1;3,-3=bS1;3,-2=wA1;3,-1=bG2;3,0=bB1;4,0=bG3
113	67	0.833655	adjudicated	G1|b|67|34|33|-3,0=wA3;-2,-1=wB2;-2,0=wS1;-1,-2=bS2;-1,-1=bA3;-1,1=wA1;0,-2=bG1;0,-1=wQ;0,0=bA1;0,1=wG3,wB1;0,2=wA2;1,-3=bS1;1,-2=bB2;1,-1=bA2;1,0=wG2;1,1=bQ;1,2=wS2;2,1=wG1;3,-1=bG2;3,0=bB1;4,0=bG3
113	69	0.833655	adjudicated	G1|b|69|35|34|-3,0=wA3;-2,-3=wA1;-2,-2=bS1;-2,-1=wB2;-2,0=wS1;-1,-2=bS2;-1,-1=bA3;0,-2=bG1;0,-1=wQ;0,0=bA1;0,1=wG3,wB1;0,2=wA2;1,-2=bB2;1,-1=bA2;1,0=wG2;1,1=bQ;1,2=wS2;2,1=wG1;3,-1=bG2;3,0=bB1;4,0=bG3
113	71	0.833655	adjudicated	G1|b|71|36|35|-3,0=wA3;-2,-3=wA1;-2,-2=bS1;-2,-1=wB2;-2,0=wS1;-1,-2=bS2;-1,-1=bA3;-1,0=wQ;0,-2=bG1;0,1=wG3,wB1;0,2=wA2;1,-2=bB2;1,-1=bA2;1,0=wG2;1,1=bQ;1,2=wS2;1,3=bA1;2,1=wG1;3,-1=bG2;3,0=bB1;4,0=bG3
113	73	0.833655	adjudicated	G1|b|73|37|36|-3,0=wA3;-2,-3=wA1;-2,-2=bS1;-2,-1=wB2;-2,0=wS1;-2,1=bA1;-1,-2=bS2;-1,-1=bA3;-1,1=wQ;0,-2=bG1;0,1=wG3,wB1;0,2=wA2;1,-2=bB2;1,-1=bA2;1,0=wG2;1,1=bQ;1,2=wS2;2,1=wG1;3,-1=bG2;3,0=bB1;4,0=bG3
113	75	0.833655	adjudicated	G1|b|75|38|37|-3,0=wA3;-2,-3=wA1;-2,-2=bS1;-2,-1=wB2;-2,0=wS1;-2,1=bA1;-2,2=wQ;-1,-2=bS2;-1,0=bA3;0,-2=bG1;0,1=wG3,wB1;0,2=wA2;1,-2=bB2;1,-1=bA2;1,0=wG2;1,1=bQ;1,2=wS2;2,1=wG1;3,-1=bG2;3,0=bB1;4,0=bG3
113	77	0.833655	adjudicated	G1|b|77|39|38|-2,-3=wA1;-2,-2=bS1;-2,-1=wB2;-2,0=wS1;-2,1=bA1;-2,2=wQ;-1,-2=bS2;-1,1=bA3;0,-2=bG1;0,1=wG3,wB1;0,2=wA2;1,-2=bB2;1,-1=bA2;1,0=wG2;1,1=bQ;1,2=wS2;2,1=wG1;3,-1=bG2;3,0=bB1;4,-2=wA3;4,0=bG3
113	79	0.833655	adjudicated	G1|b|79|40|39|-3,2=wQ;-2,-3=wA1;-2,-2=bS1;-2,-1=wB2;-2,0=wS1;-2,1=bA1;-1,-2=bS2;-1,1=bA3;0,-2=bG1;0,1=wG3,wB1;0,2=wA2;1,-2=bB2;1,0=wG2;1,1=bQ;1,2=wS2;2,1=wG1;3,-1=bG2;3,0=bB1;4,-2=wA3;4,0=bG3;4,1=bA2
113	81	0.833655	adjudicated	G1|b|81|41|40|-3,3=wQ;-2,-3=wA1;-2,-2=bS1;-2,-1=wB2;-2,0=wS1;-2,1=bA1;-2,2=bA2;-1,-2=bS2;-1,1=bA3;0,-2=bG1;0,1=wG3,wB1;0,2=wA2;1,-2=bB2;1,0=wG2;1,1=bQ;1,2=wS2;2,1=wG1;3,-1=bG2;3,0=bB1;4,-2=wA3;4,0=bG3
113	83	0.833655	adjudicated	G1|b|83|42|41|-3,3=wQ;-2,-2=bS1;-2,-1=wB2;-2,0=wS1;-2,1=bA1;-2,2=bA2;-1,-2=bS2;-1,1=bA3;0,-2=bG1;0,-1=bB2;0,1=wG3,wB1;0,2=wA2;1,0=wG2;1,1=bQ;1,2=wS2;2,1=wG1;3,-1=bG2;3,0=bB1;4,-2=wA3;4,0=bG3;5,-3=wA1
113	85	0.833655	adjudicated	G1|b|85|43|42|-3,3=wQ;-2,-2=bS1;-2,-1=wB2;-2,0=wS1;-2,1=bA1;-2,2=bA2;-1,-2=bS2;-1,1=bA3;0,-2=bG1,bB2;0,-1=wA1;0,1=wG3,wB1;0,2=wA2;1,0=wG2;1,1=bQ;1,2=wS2;2,1=wG1;3,-1=bG2;3,0=bB1;4,-2=wA3;4,0=bG3
113	87	0.833655	adjudicated	G1|b|87|44|43|-3,3=wQ;-2,-1=wB2;-2,0=wS1;-2,1=bA1;-2,2=bA2;-1,-2=bS2;-1,1=bA3;-1,3=wA3;0,-2=bG1,bB2;0,-1=wA1;0,1=wG3,wB1;0,2=wA2;1,-3=bS1;1,0=wG2;1,1=bQ;1,2=wS2;2,1=wG1;3,-1=bG2;3,0=bB1;4,0=bG3
113	89	0.833655	adjudicated	G1|b|89|45|44|-3,3=wQ;-2,-2=bS1;-2,-1=wB2;-2,0=wS1;-2,1=bA1;-2,2=bA2;-1,-2=bS2;-1,1=bA3;-1,3=wA3;0,-2=bG1,bB2;0,1=wG3,wB1;0,2=wA2;1,0=wG2;1,1=bQ;1,2=wS2;2,1=wG1;3,-1=bG2;3,0=bB1;4,-2=wA1;4,0=bG3
113	91	0.833655	adjudicated	G1|b|91|46|45|-3,3=wQ;-2,-2=bS1;-2,-1=wB2;-2,0=wS1;-2,1=bA1;-2,2=bA2;-1,-2=bS2;-1,1=bA3;-1,2=wA3;0,-2=bG1;0,1=wG3,wB1;0,2=wA2;1,-2=bB2;1,0=wG2;1,1=bQ;1,2=wS2;2,1=wG1;3,-1=bG2;3,0=bB1;4,-2=wA1;4,0=bG3
113	93	0.833655	adjudicated	G1|b|93|47|46|-3,3=wQ;-2,-2=bS1;-2,-1=wB2;-2,0=wS1;-2,1=bA1;-2,2=bA2;-1,-2=bS2;-1,2=wA3;0,-2=bG1;0,1=wG3,wB1;0,2=wA2;1,-3=bA3;1,-2=bB2;1,0=wG2;1,1=bQ;1,2=wS2;1,3=wA1;2,1=wG1;3,-1=bG2;3,0=bB1;4,0=bG3
113	95	0.833655	adjudicated	G1|b|95|48|47|-3,3=wQ;-2,-2=bS1;-2,-1=wB2;-2,0=wS1;-2,1=bA1;-2,2=bA2;-1,-2=bS2;-1,2=wA3;0,-2=bG1;0,-1=bB2;0,1=wG3,wB1;0,2=wA2;1,-3=bA3;1,0=wG2;1,1=bQ;1,2=wS2;2,1=wG1;3,-1=bG2;3,0=bB1;3,1=wA1;4,0=bG3
114	0	0.000000	adjudicated	G1|w|0|0|0|
114	6	0.000000	adjudicated	G1|w|6|3|3|-1,2=wB1;0,-2=bS2;0,-1=bS1;0,0=wG1;0,1=wG2;1,-3=bA1
114	8	0.000000	adjudicated	G1|w|8|4|4|-1,2=wB1;0,-2=bS2;0,-1=bS1;0,0=wG1;0,1=wG2;1,-3=bA1;1,0=wQ;2,-4=bQ
114	10	0.000000	adjudicated	G1|w|10|5|5|-1,2=wB1;0,-2=bS2;0,-1=bS1;0,0=wG1;0,1=wG2;1,-4=bQ;1,-3=bA1;1,1=wQ
114	12	0.000000	adjudicated	G1|w|12|6|6|-1,-2=bB1;-1,1=wB2;-1,2=wB1;0,-2=bS2;0,-1=bS1;0,0=wG1;0,1=wG2;1,-4=bQ;1,-3=bA1;1,1=wQ
114	14	0.000000	adjudicated	G1|w|14|7|7|-2,2=wA1;-1,-2=bB1;-1,1=wB2;-1,2=wB1;0,-2=bS2;0,-1=bS1;0,0=wG1;0,1=wG2;1,-4=bQ;1,-3=bA1;1,-2=bG1;1,1=wQ
114	16	0.000000	adjudicated	G1|w|16|8|8|-2,1=wA2;-2,2=wA1;-1,-2=bB1;-1,1=wB2;-1,2=wB1;0,-3=bB2;0,-2=bS2;0,-1=bS1;0,0=wG1;0,1=wG2;1,-4=bQ;1,-3=bA1;1,-2=bG1;1,1=wQ
114	18	0.000000	adjudicated	G1|w|18|9|9|-2,1=wA2;-1,-2=bB1;-1,1=wB2;-1,2=wB1;0,-3=bB2;0,-2=bS2;0,-1=bS1;0,0=wG1;0,1=wG2;1,-4=bQ;1,-2=bG1;1,1=wQ;2,-5=wA1;2,1=bA1
114	20	0.000000	adjudicated	G1|w|20|10|10|-2,-2=bG1;-1,-2=bB1;-1,1=wB2;-1,2=wB1;0,-3=bB2;0,-2=bS2;0,-1=bS1;0,0=wG1;0,1=wG2;1,-5=wA2;1,-4=bQ;1,1=wQ;2,-5=wA1;2,1=bA1
114	22	0.000000	adjudicated	G1|w|22|11|11|-2,-2=bG1;-2,2=wB1;-1,-2=bB1;-1,1=wB2;0,-3=bB2;0,-2=bS2;0,-1=bS1;0,0=wG1;0,1=wG2;1,-5=wA2;1,-4=bQ;1,1=wQ;2,-5=wA1;2,1=bA1;3,1=bG2
114	24	0.000000	adjudicated	G1|w|24|12|12|-2,-2=bG1;-2,2=wB1;-1,-2=bB1;-1,1=wB2;0,-2=bS2,bB2;0,-1=bS1;0,0=wG1;0,1=wG2;1,-4=bQ;1,-3=wA2;1,1=wQ;2,-5=wA1;2,1=bA1;3,1=bG2
114	26	0.000000	adjudicated	G1|w|26|13|13|-3,2=wS1;-2,-2=bG1;-2,2=wB1;-1,-2=bB1;-1,1=wB2;0,-2=bS2,bB2;0,-1=bS1;0,0=wG1;0,1=wG2;1,-4=bQ;1,-3=wA2;1,1=wQ;2,-5=wA1;2,1=bA1;3,1=bG2;4,1=bA2
114	28	0.000000	adjudicated	G1|w|28|14|14|-3,2=wS1;-2,-2=bG1;-2,2=wB1;-1,-2=bB1;-1,1=wB2;0,-2=bS2,bB2;0,-1=bS1;0,0=wG1;0,1=wG2;1,-4=bQ;1,-3=wA2;1,1=wQ;1,2=bA2;2,-6=wG3;2,-5=wA1;2,1=bA1;3,1=bG2
114	30	0.000000	adjudicated	G1|w|30|15|15|-3,2=wS1;-2,-2=bG1;-2,2=wB1;-1,-2=bB1;-1,1=wB2;0,-2=bS2,bB2;0,-1=bS1;0,0=wG1;0,1=wG2;1,-5=bQ;1,-3=wA2;1,1=wQ;1,2=bA2;2,-5=wA1;2,-4=wG3;2,1=bA1;3,1=bG2
114	32	0.000000	adjudicated	G1|w|32|16|16|-3,2=wS1;-2,-2=bG1;-2,2=wB1;-2,3=wA3;-1,-2=bB1;-1,1=wB2;0,-3=bB2;0,-2=bS2;0,-1=bS1;0,0=wG1;0,1=wG2;1,-5=bQ;1,-3=wA2;1,1=wQ;1,2=bA2;2,-5=wA1;2,-4=wG3;2,1=bA1;3,1=bG2
114	34	0.000000	adjudicated	G1|w|34|17|17|-3,2=wS1;-2,-2=bG1;-2,2=wB1;-1,-2=bB1;-1,1=wB2;0,-5=bQ;0,-4=wA3;0,-3=bB2;0,-2=bS2;0,-1=bS1;0,0=wG1;0,1=wG2;1,-3=wA2;1,1=wQ;1,2=bA2;2,-5=wA1;2,-4=wG3;2,1=bA1;3,1=bG2
114	36	0.000000	adjudicated	G1|w|36|18|18|-2,-2=bG1;-2,2=wB1;-1,-2=bB1;-1,1=wB2;-1,2=wS1;0,-5=bQ;0,-4=wA3;0,-3=bB2;0,-2=bS2;0,-1=bS1;0,0=wG1;0,1=wG2;1,-3=wA2;1,1=wQ;1,2=bA2;2,-5=wA1;2,-4=wG3;2,1=bA1;3,1=bG2;4,0=bG3
114	38	0.000000	adjudicated	G1|w|38|19|19|-2,-2=bG1;-2,2=wB1;-1,-2=bB1;-1,1=wB2;-1,2=wS1;0,-5=bQ;0,-4=wA3;0,-3=bB2;0,-2=bS2;0,-1=bS1;0,0=wG1;0,1=wG2;1,-3=wA2;1,1=wQ;1,2=bA2;2,-5=wA1;2,-4=wG3;2,1=bA1;3,-5=wS2;3,1=bG2;4,0=bG3;5,0=bA3
114	40	0.000000	adjudicated	G1|w|40|20|20|-2,-2=bG1;-2,2=wB1;-1,-4=wA1;-1,-2=bB1;-1,1=wB2;-1,2=wS1;0,-5=bQ;0,-4=wA3;0,-3=bB2;0,-2=bS2;0,-1=bS1;0,0=wG1;0,1=wG2;1,-3=wA2;1,1=wQ;1,2=bA2;2,-4=wG3;2,0=bA3;2,1=bA1;3,-5=wS2;3,1=bG2;4,0=bG3
114	42	0.000000	adjudicated	G1|w|42|21|21|-2,-2=bG1;-2,2=wB1;-1,-5=bQ;-1,-4=wA1;-1,-2=bB1;-1,1=wB2;-1,2=wS1;0,-4=wA3;0,-3=bB2;0,-2=bS2;0,-1=bS1;0,0=wG1;0,1=wG2;1,-5=wS2;1,-3=wA2;1,1=wQ;1,2=bA2;2,-4=wG3;2,0=bA3;2,1=bA1;3,1=bG2;4,0=bG3
114	44	0.000000	adjudicated	G1|w|44|22|22|-2,-2=bG1;-2,2=wB1;-1,-6=wS2;-1,-5=bQ;-1,-4=wA1;-1,-2=bB1;-1,1=wB2;-1,2=wS1;0,-4=wA3;0,-3=bB2;0,-2=bS2;0,-1=bS1;0,0=wG1;0,1=wG2;1,-3=wA2;1,1=wQ;1,2=bA2;2,-4=wG3;2,0=bA3;2,1=bA1;2,2=bG3;3,1=bG2
114	46	0.000000	adjudicated	G1|w|46|23|23|-2,-2=bG1;-2,2=wB1;-1,-6=wS2;-1,-5=bQ;-1,-4=wA1;-1,-2=bB1;-1,1=wB2;0,-4=wA3;0,-3=bB2;0,-2=bS2;0,-1=bS1;0,0=wG1;0,1=wG2;1,-3=wA2;1,1=wQ;1,3=wS1;2,-4=wG3;2,0=bA3;2,1=bA1;2,2=bG3;3,0=bA2;3,1=bG2
114	48	0.000000	adjudicated	G1|w|48|24|24|-2,-2=bG1;-2,2=wB1;-1,-6=wS2;-1,-5=bQ;-1,-4=wA1;-1,-2=bB1;-1,1=wB2;-1,2=wS1;0,-4=wA3;0,-3=bB2;0,-2=bS2;0,-1=bS1;0,0=wG1;0,1=wG2;1,-3=wA2;1,0=bA2;1,1=wQ;2,-4=wG3;2,0=bA3;2,1=bA1;2,2=bG3;3,1=bG2
114	50	0.000000	adjudicated	G1|w|50|25|25|-2,-2=bG1;-2,2=wB1;-1,-6=wS2;-1,-5=bQ;-1,-4=wA1;-1,-2=bB1;-1,1=wB2;-1,2=wS1;0,-4=wA3;0,-3=bB2;0,-2=bS2;0,-1=bS1;0,0=wG1;0,1=wG2;0,2=wQ;1,-3=wA2;1,0=bA2;1,1=bG2;2,-4=wG3;2,0=bA3;2,1=bA1;2,2=bG3
114	52	0.000000	adjudicated	G1|w|52|26|26|-2,-2=bG1;-2,2=wB1;-1,-6=wS2;-1,-5=bQ;-1,-4=wA1;-1,-2=bB1;-1,1=wB2;-1,2=wS1;-1,3=wQ;0,-4=wA3;0,-3=bB2;0,-2=bS2;0,-1=bS1;0,0=wG1;0,1=wG2;0,2=bA3;1,-3=wA2;1,0=bA2;1,1=bG2;2,-4=wG3;2,1=bA1;2,2=bG3
114	54	0.000000	adjudicated	G1|w|54|27|27|-2,-2=bG1;-2,2=wB1;-1,-6=wS2;-1,-5=bQ;-1,-4=wA1;-1,-2=bB1;-1,1=wB2;-1,2=wS1;0,-4=wA3;0,-3=bB2;0,-2=bS2;0,-1=bS1;0,0=wG1;0,1=wG2;0,2=bA3;0,3=wQ;1,-3=wA2;1,1=bG2;1,3=bA2;2,-4=wG3;2,1=bA1;2,2=bG3
114	56	0.000000	adjudicated	G1|w|56|28|28|-2,-2=bG1;-2,2=wB1;-1,-6=wS2;-1,-5=bQ;-1,-4=wA1;-1,-2=bB1;-1,-1=wG3;-1,1=wB2;-1,2=wS1;0,-4=wA3;0,-3=bB2;0,-2=bS2;0,-1=bS1;0,0=wG1;0,1=wG2;0,2=bA3;0,3=wQ;0,4=bG3;1,-3=wA2;1,1=bG2;1,3=bA2;2,1=bA1
114	58	0.000000	adjudicated	G1|w|58|29|29|-2,-2=bG1;-2,2=wB1;-1,-6=wS2;-1,-5=bQ;-1,-4=wA1;-1,-2=bB1;-1,-1=wG3;-1,1=wB2;-1,2=wS1;-1,4=bA1;0,-6=wA2;0,-4=wA3;0,-3=bB2;0,-2=bS2;0,-1=bS1;0,0=wG1;0,1=wG2;0,2=bA3;0,3=wQ;0,4=bG3;1,1=bG2;1,3=bA2
114	60	0.000000	adjudicated	G1|w|60|30|30|-2,-5=bQ;-2,-2=bG1;-2,2=wB1;-1,-6=wS2;-1,-4=wA1;-1,-2=bB1;-1,-1=wG3;-1,1=wB2;-1,2=wS1;-1,4=bA1;0,-6=wA2;0,-5=wG2;0,-4=wA3;0,-3=bB2;0,-2=bS2;0,-1=bS1;0,0=wG1;0,2=bA3;0,3=wQ;0,4=bG3;1,1=bG2;1,3=bA2
114	62	0.000000	adjudicated	G1|w|62|31|31|-2,-5=bQ;-2,-2=bG1;-2,2=wB1;-1,-6=wS2;-1,-2=bB1;-1,-1=wG3;-1,1=wB2;-1,2=wS1;-1,3=bG2;-1,4=bA1;0,-6=wA2;0,-5=wG2;0,-4=wA3;0,-3=bB2;0,-2=bS2;0,-1=bS1;0,0=wG1;0,2=bA3;0,3=wQ;0,4=bG3;1,-2=wA1;1,3=bA2
114	64	0.000000	adjudicated	G1|w|64|32|32|-2,-5=bQ;-2,2=wB1;-2,4=wA1;-1,-6=wS2;-1,-2=bB1;-1,-1=wG3;-1,1=wB2;-1,2=wS1;-1,3=bG2;-1,4=bA1;0,-6=wA2;0,-5=wG2;0,-4=wA3;0,-3=bB2;0,-2=bS2;0,-1=bS1;0,0=wG1;0,2=bA3;0,3=wQ;0,4=bG3;1,-2=bG1;1,3=bA2
114	66	0.000000	adjudicated	G1|w|66|33|33|-3,-5=bQ;-2,-6=wA1;-2,2=wB1;-1,-6=wS2;-1,-2=bB1;-1,-1=wG3;-1,1=wB2;-1,2=wS1;-1,3=bG2;-1,4=bA1;0,-6=wA2;0,-5=wG2;0,-4=wA3;0,-3=bB2;0,-2=bS2;0,-1=bS1;0,0=wG1;0,2=bA3;0,3=wQ;0,4=bG3;1,-2=bG1;1,3=bA2
114	68	0.000000	adjudicated	G1|w|68|34|34|-3,-5=bQ;-2,-6=wA1;-2,3=wB1;-1,-6=wS2;-1,-2=bB1;-1,-1=wG3;-1,1=wB2;-1,2=wS1;-1,3=bG2;-1,4=bA1;0,-6=wA2;0,-5=wG2;0,-4=wA3;0,-3=bB2;0,-2=bS2;0,-1=bS1;0,0=wG1;0,3=wQ;0,4=bG3;0,5=bA3;1,-2=bG1;1,3=bA2
114	70	0.000000	adjudicated	G1|w|70|35|35|-3,-5=bQ;-2,-6=wA1;-2,3=wB1;-2,4=bA3;-1,-6=wS2;-1,-2=bB1;-1,-1=wG3;-1,1=wB2;-1,2=wS1;-1,3=bG2;-1,4=bA1;0,-6=wA2;0,-5=wG2;0,-4=wA3;0,-3=bB2;0,-2=bS2;0,-1=bS1;0,0=wG1;0,4=bG3;1,-2=bG1;1,2=wQ;1,3=bA2
114	72	0.000000	adjudicated	G1|w|72|36|36|-3,-5=bQ;-2,-6=wA1;-2,3=wB1;-1,-6=wS2;-1,-2=bB1;-1,1=wB2;-1,2=wS1;-1,3=bG2;-1,4=bA1;0,-6=wA2;0,-5=wG2;0,-4=wA3;0,-3=bB2;0,-2=bS2;0,-1=bS1;0,0=wG1;0,4=bG3;1,-2=bG1;1,-1=wG3;1,1=bA3;1,2=wQ;1,3=bA2
114	74	0.000000	adjudicated	G1|w|74|37|37|-3,-5=bQ;-3,-4=bA3;-2,-6=wA1;-2,2=wG3;-2,3=wB1;-1,-6=wS2;-1,-2=bB1;-1,1=wB2;-1,2=wS1;-1,3=bG2;-1,4=bA1;0,-6=wA2;0,-5=wG2;0,-4=wA3;0,-3=bB2;0,-2=bS2;0,-1=bS1;0,0=wG1;0,4=bG3;1,-2=bG1;1,2=wQ;1,3=bA2
114	76	0.000000	adjudicated	G1|w|76|38|38|-3,-5=bQ;-2,-6=wA1;-2,2=wG3,wB1;-1,-6=wS2;-1,-2=bB1;-1,1=wB2;-1,2=wS1;-1,3=bG2;-1,4=bA1;0,-6=wA2;0,-5=wG2;0,-4=wA3;0,-3=bB2;0,-2=bS2;0,-1=bS1;0,0=wG1;0,4=bG3;1,-2=bG1;1,1=bA3;1,2=wQ;1,3=bA2
114	78	0.000000	adjudicated	G1|w|78|39|39|-3,-5=bQ;-3,3=wB1;-2,-6=wA1;-2,2=wG3;-1,-6=wS2;-1,1=wB2;-1,2=wS1;-1,3=bG2;-1,4=bA1;0,-6=wA2;0,-5=wG2;0,-4=wA3;0,-3=bB2,bB1;0,-2=bS2;0,-1=bS1;0,0=wG1;0,4=bG3;1,-2=bG1;1,1=bA3;1,2=wQ;1,3=bA2
114	80	0.000000	adjudicated	G1|w|80|40|40|-3,-5=bQ;-3,2=wB1;-2,-6=wA1;-2,2=wG3;-1,-6=wS2;-1,-2=bB1;-1,1=wB2;-1,2=wS1;-1,3=bG2;-1,4=bA1;0,-6=wA2;0,-5=wG2;0,-4=wA3;0,-3=bB2;0,-2=bS2;0,-1=bS1;0,0=wG1;0,4=bG3;1,-2=bG1;1,1=bA3;1,2=wQ;1,3=bA2
114	82	0.000000	adjudicated	G1|w|82|41|41|-3,-5=bQ;-2,-6=wA1;-2,-2=bG1;-2,1=wB1;-2,2=wG3;-1,-6=wS2;-1,-2=bB1;-1,1=wB2;-1,2=wS1;-1,3=bG2;-1,4=bA1;0,-6=wA2;0,-5=wG2;0,-4=wA3;0,-3=bB2;0,-2=bS2;0,-1=bS1;0,0=wG1;0,4=bG3;1,1=bA3;1,2=wQ;1,3=bA2
114	84	0.000000	adjudicated	G1|w|84|42|42|-3,-5=bQ;-2,-6=wA1;-2,-2=bG1;-2,2=wG3;-1,-6=wS2;-1,-2=bB1;-1,0=wB1;-1,1=wB2;-1,2=wS1;-1,3=bG2;-1,4=bA1;0,-6=wA2;0,-5=wG2;0,-4=wA3;0,-3=bB2;0,-2=bS2;0,-1=bS1;0,0=wG1;0,4=bG3;1,2=wQ;1,3=bA2;2,1=bA3
114	86	0.000000	adjudicated	G1|w|86|43|43|-3,-5=bQ;-2,-6=wA1;-2,2=wG3;-1,-6=wS2;-1,-2=bB1;-1,-1=wB1;-1,1=wB2;-1,2=wS1;-1,3=bG2;-1,4=bA1;0,-6=wA2;0,-5=wG2;0,-4=wA3;0,-3=bB2;0,-2=bS2;0,-1=bS1;0,0=wG1;0,4=bG3;1,-2=bG1;1,2=wQ;1,3=bA2;2,1=bA3
114	88	0.000000	adjudicated	G1|w|88|44|44|-3,-5=bQ;-2,-6=wA1;-2,-1=wB1;-2,2=wG3;-1,-6=wS2;-1,-2=bB1;-1,1=wB2;-1,2=wS1;-1,3=bG2;-1,4=bA1;0,-6=wA2;0,-5=wG2;0,-4=wA3;0,-3=bB2;0,-2=bS2;0,-1=bS1;0,0=wG1;0,2=bA3;0,4=bG3;1,-2=bG1;1,2=wQ;1,3=bA2
114	90	0.000000	adjudicated	G1|w|90|45|45|-3,-5=bQ;-2,-6=wA1;-2,-1=wB1;-2,2=wG3;-1,-6=wS2;-1,-2=bB1;-1,1=wB2;-1,2=wS1;-1,3=bG2;-1,4=bA1;0,-6=wA2;0,-5=wG2;0,-4=wA3;0,-3=bB2;0,-2=bS2;0,-1=bS1;0,0=wG1;0,4=bG3;1,-2=bG1;1,3=bA2;2,2=wQ;3,1=bA3
114	92	0.000000	adjudicated	G1|w|92|46|46|-3,-6=bQ;-2,-6=wA1;-2,-2=wB1;-2,2=wG3;-1,-6=wS2;-1,-2=bB1;-1,1=wB2;-1,2=wS1;-1,3=bG2;-1,4=bA1;0,-6=wA2;0,-5=wG2;0,-4=wA3;0,-3=bB2;0,-2=bS2;0,-1=bS1;0,0=wG1;0,4=bG3;1,-2=bG1;1,3=bA2;2,2=wQ;3,1=bA3
114	94	0.000000	adjudicated	G1|w|94|47|47|-3,-6=bQ;-2,-6=wA1;-2,-1=wB1;-2,2=wG3;-1,-6=wS2;-1,-2=bB1;-1,1=wB2;-1,2=wS1;-1,3=bG2;-1,4=bA1;0,-6=wA2;0,-5=wG2;0,-4=wA3;0,-3=bB2;0,-2=bS2;0,-1=bS1;0,0=wG1;0,4=bG3;1,-2=bG1;1,2=bA3;1,3=bA2;2,2=wQ
114	96	0.000000	adjudicated	G1|w|96|48|48|-3,-6=bQ;-2,-6=wA1;-2,-1=wB1;-2,2=wG3;-1,-6=wS2;-1,-2=bB1;-1,0=bG1;-1,1=wB2;-1,2=wS1;-1,3=bG2;-1,4=bA1;0,-6=wA2;0,-5=wG2;0,-4=wA3;0,-3=bB2;0,-2=bS2;0,-1=bS1;0,0=wG1;0,4=bG3;1,2=bA3;1,3=bA2;2,1=wQ
115	0	1.000000	terminal	G1|w|0|0|0|
115	7	1.000000	terminal	G1|b|7|4|3|-2,1=bA2;-2,2=bB1;-1,1=bA1;0,-3=wQ;0,-2=wG1;0,-1=wA1;0,0=wB1
115	9	1.000000	terminal	G1|b|9|5|4|-2,1=bA2;-2,2=bB1;-2,3=bQ;-1,1=bA1;0,-3=wQ;0,-2=wG1;0,-1=wA1;0,0=wB1;1,0=wS1
115	11	1.000000	terminal	G1|b|11|6|5|-2,1=bA2;-2,2=bB1;-2,3=bQ;-1,1=bA1;-1,2=bG1;-1,3=wS1;0,-3=wQ;0,-2=wG1;0,-1=wA1;0,0=wB1
115	13	1.000000	terminal	G1|b|13|7|6|-4,4=wS1;-3,3=bQ;-2,1=bA2;-2,2=bB1;-1,1=bA1;-1,2=bG1;0,-3=wQ;0,-2=wG1;0,-1=wA1;0,0=wB1
115	15	1.000000	terminal	G1|b|15|8|7|-4,4=wS1;-3,3=bQ;-2,2=bB1;-1,1=bA1;-1,2=bG1;0,-2=wG1;0,-1=wA1;0,0=wB1;1,-4=wQ;1,-3=bA2
115	17	1.000000	terminal	G1|b|17|9|8|-4,4=wS1;-4,5=wA2;-3,3=bQ;-2,2=bB1;-1,1=bA1;-1,2=bG1;0,-2=wG1;0,-1=wA1;0,0=wB1;0,2=bA3;1,-4=wQ;1,-3=bA2
115	19	1.000000	terminal	G1|b|19|10|9|-4,4=wS1;-4,5=wA2;-3,3=bQ;-3,5=wS2;-2,2=bB1;-1,1=bA1;-1,2=bG1;0,-4=bA3;0,-2=wG1;0,-1=wA1;0,0=wB1;1,-4=wQ;1,-3=bA2
115	21	1.000000	terminal	G1|b|21|11|10|-4,4=wS1;-4,5=wA2;-3,3=bQ;-3,5=wS2;-3,6=wG2;-2,2=bB1;-1,1=bA1;-1,2=bG1;-1,3=bB2;0,-4=bA3;0,-2=wG1;0,-1=wA1;0,0=wB1;1,-4=wQ;1,-3=bA2
115	23	1.000000	terminal	G1|b|23|12|11|-4,4=wS1;-4,5=wA2;-3,3=bQ;-3,5=wS2;-3,6=wG2;-2,2=bB1;-1,1=bA1;-1,2=bG1;-1,3=bB2;-1,4=bG2;0,-4=bA3;0,-2=wG1;0,-1=wA1;0,0=wB1;1,-4=wQ;1,-3=bA2;1,0=wA3
115	25	1.000000	terminal	G1|b|25|13|12|-4,3=wA3;-4,4=wS1;-4,5=wA2;-3,3=bQ;-3,5=wS2;-3,6=wG2;-2,2=bB1;-1,1=bA1;-1,2=bG1;-1,3=bB2;-1,4=bG2;0,-4=bA3;0,-2=wG1;0,-1=wA1;0,0=wB1;0,3=bS1;1,-4=wQ;1,-3=bA2
115	27	1.000000	terminal	G1|b|27|14|13|-4,3=wA3;-4,4=wS1;-4,5=wA2;-3,3=bQ;-3,4=wG2;-3,5=wS2;-2,2=bB1;-2,3=bG3;-1,1=bA1;-1,2=bG1;-1,3=bB2;-1,4=bG2;0,-4=bA3;0,-2=wG1;0,-1=wA1;0,0=wB1;0,3=bS1;1,-4=wQ;1,-3=bA2
115	29	1.000000	terminal	G1|b|29|15|14|-4,3=wA3;-4,4=wS1;-3,2=wA2;-3,3=bQ;-3,4=wG2;-3,5=wS2;-2,3=bG3,bB1;-1,1=bA1;-1,2=bG1;-1,3=bB2;-1,4=bG2;0,-4=bA3;0,-2=wG1;0,-1=wA1;0,0=wB1;0,3=bS1;1,-4=wQ;1,-3=bA2
115	31	1.000000	terminal	G1|b|31|16|15|-4,3=wA3;-4,4=wS1;-3,2=wA2;-3,3=bQ;-3,4=wG2;-3,5=wS2;-2,3=bG3,bB1;-1,1=bA1;-1,2=bG1;-1,3=bB2;-1,4=bG2;0,-5=bS2;0,-4=bA3;0,-2=wG1;0,-1=wA1;0,0=wB1;0,3=bS1;1,-4=wQ;1,-3=bA2;1,-1=wG3
115	33	1.000000	terminal	G1|b|33|17|16|-4,3=wA3;-4,4=wS1;-3,2=wA2;-3,3=bQ;-3,4=wG2;-3,5=wS2;-2,2=wG3;-2,3=bG3,bB1;-1,1=bA1;-1,2=bG1;-1,3=bB2;-1,4=bG2;0,-4=bA3;0,-2=wG1;0,-1=wA1;0,0=wB1;0,3=bS1;1,-4=wQ;1,-3=bA2;2,-4=bS2
116	0	-1.000000	terminal	G1|w|0|0|0|
116	6	-1.000000	terminal	G1|w|6|3|3|-1,-1=bB1;-1,1=wG1;0,-1=bS1;0,0=wA1;0,1=wS1;1,-2=bG1
116	8	-1.000000	terminal	G1|w|8|4|4|-2,0=bQ;-2,2=wQ;-1,-1=bB1;-1,1=wG1;0,-1=bS1;0,0=wA1;0,1=wS1;1,-2=bG1
116	10	-1.000000	terminal	G1|w|10|5|5|-3,0=bB2;-2,0=bQ;-2,2=wQ;-1,-1=bB1;-1,1=wG1;0,-1=bS1;0,0=wA1;0,1=wS1;1,-2=bG1;1,0=wS2
116	12	-1.000000	terminal	G1|w|12|6|6|-3,-1=bG2;-3,0=bB2;-2,0=bQ;-2,2=wQ;-1,-1=bB1;-1,1=wG1;0,-1=bS1;0,0=wA1;0,1=wS1;1,-2=bG1;1,0=wS2;2,-1=wG2
116	14	-1.000000	terminal	G1|w|14|7|7|-3,-1=bG2;-3,0=bB2;-2,-2=bA1;-2,0=bQ;-2,2=wQ;-1,-1=bB1;-1,1=wG1;0,-1=bS1;0,0=wA1;0,1=wS1;0,2=wA2;1,-2=bG1;1,0=wS2;2,-1=wG2
116	16	-1.000000	terminal	G1|w|16|8|8|-3,-1=bG2;-3,0=bB2;-3,1=wA2;-3,3=bA1;-2,0=bQ;-2,2=wQ;-1,-1=bB1;-1,1=wG1;0,-1=bS1;0,0=wA1;0,1=wS1;1,-2=bG1;1,0=wS2;2,-1=wG2
116	18	-1.000000	terminal	G1|w|18|9|9|-3,-1=bG2;-3,0=bB2;-3,1=bQ;-3,3=bA1;-2,-1=wA2;-2,2=wQ;-1,-1=bB1;-1,1=wG1;0,-1=bS1;0,0=wA1;0,1=wS1;1,-2=bG1;1,0=wS2;2,-1=wG2
116	20	-1.000000	terminal	G1|w|20|10|10|-3,-2=bG3;-3,-1=bG2;-3,0=bB2;-3,1=bQ;-3,3=bA1;-2,-1=wA2;-2,2=wQ;-1,-1=bB1;-1,1=wG1;0,-1=bS1;0,0=wA1;0,1=wS1;1,-2=bG1;1,0=wS2;2,-1=wG2;2,0=wG3
116	22	-1.000000	terminal	G1|w|22|11|11|-3,-3=bS2;-3,-2=bG3;-3,-1=bG2;-3,0=bB2;-3,1=bQ;-3,3=bA1;-2,-1=wA2;-2,2=wQ;-1,-1=bB1;-1,1=wG1;0,-1=bS1;0,0=wA1;0,1=wS1;1,-2=bG1;1,0=wS2;2,-1=wG2;2,0=wG3;2,1=wB1
116	24	-1.000000	terminal	G1|w|24|12|12|-3,-2=bG3;-3,-1=bG2;-3,0=bB2;-3,1=bQ;-3,3=bA1;-3,4=wS1;-2,-1=wA2;-2,2=wQ;-1,-2=bS2;-1,-1=bB1;-1,1=wG1;0,-1=bS1;0,0=wA1;1,-2=bG1;1,0=wS2;2,-1=wG2;2,0=wG3;2,1=wB1
116	26	-1.000000	terminal	G1|w|26|13|13|-3,-2=bG3;-3,-1=bG2;-3,0=bB2;-3,1=bQ;-3,3=bA1;-3,4=wS1;-2,-1=wA2;-2,2=wQ;-1,-2=bS2;-1,-1=bB1;-1,1=wG1;0,-1=bS1;0,0=wA1;1,-3=bA2;1,-2=bG1;1,0=wS2;2,-1=wG2;2,0=wG3;2,1=wB1;3,-1=wB2
116	28	-1.000000	terminal	G1|w|28|14|14|-3,-2=bG3;-3,-1=bG2;-3,0=bB2;-3,1=bQ;-3,3=bA1;-3,4=wS1;-2,-1=wA2;-2,2=wQ;-2,3=bA2;-1,-2=bS2;-1,-1=bB1;-1,1=wG1;0,-1=bS1;0,0=wA1;1,-2=bG1;1,0=wS2;2,0=wG3;2,1=wB1;2,2=wG2;3,-1=wB2
116	30	-1.000000	terminal	G1|w|30|15|15|-3,-2=bG3;-3,-1=bG2;-3,0=bB2;-3,1=bQ;-3,3=bA1;-3,4=wS1;-2,-1=wA2;-2,2=wQ;-2,3=bA2;-1,-3=bA3;-1,-2=bS2;-1,-1=bB1;-1,1=wG1;0,-1=bS1;0,0=wA1;1,-2=bG1;1,0=wS2;2,0=wG3;2,1=wB1;2,2=wG2;3,-1=wB2;3,0=wA3
116	32	-1.000000	terminal	G1|w|32|16|16|-4,2=wA3;-3,-2=bG3;-3,-1=bG2;-3,0=bB2;-3,1=bQ;-3,3=bA1;-3,4=wS1;-2,-1=wA2;-2,2=wQ;-2,3=bA2;-1,-2=bS2;-1,-1=bB1;-1,1=wG1;-1,2=bA3;0,-1=bS1;0,0=wA1;1,-2=bG1;1,0=wS2;2,0=wG3;2,1=wB1;2,2=wG2;3,-1=wB2
116	34	-1.000000	terminal	G1|w|34|17|17|-4,2=wA3;-3,-2=bG3;-3,-1=bG2;-3,0=bB2;-3,1=bQ;-3,4=wS1;-2,-1=wA2;-2,1=wQ;-2,2=bA1;-2,3=bA2;-1,-2=bS2;-1,-1=bB1;-1,1=wG1;-1,2=bA3;0,-1=bS1;0,0=wA1;1,-2=bG1;1,0=wS2;2,0=wG3;2,1=wB1;2,2=wG2;3,-1=wB2
116	36	-1.000000	terminal	G1|w|36|18|18|-4,1=wG1;-4,2=wA3;-3,-2=bG3;-3,-1=bG2;-3,0=bB2;-3,1=bQ;-3,4=wS1;-2,-1=wA2;-2,1=wQ;-2,2=bA1;-2,3=bA2;-1,-2=bS2;-1,-1=bB1;-1,0=bG1;-1,2=bA3;0,-1=bS1;0,0=wA1;1,0=wS2;2,0=wG3;2,1=wB1;2,2=wG2;3,-1=wB2
116	38	-1.000000	terminal	G1|w|38|19|19|-4,1=wG1;-3,-2=bG3;-3,-1=bG2;-3,1=bQ;-3,4=wS1;-2,-1=wA2,bB2;-2,1=wQ;-2,2=bA1;-2,3=bA2;-1,-2=bS2;-1,-1=bB1;-1,0=bG1;-1,2=bA3;0,-1=bS1;0,0=wA1;0,1=wA3;1,0=wS2;2,0=wG3;2,1=wB1;2,2=wG2;3,-1=wB2
116	40	-1.000000	terminal	G1|w|40|20|20|-4,1=wG1;-4,2=wA3;-3,-2=bG3;-3,-1=bG2;-3,1=bQ;-3,4=wS1;-2,-1=wA2,bB2;-2,1=wQ;-2,2=bA1;-2,3=bA2;-1,-2=bS2;-1,-1=bB1;-1,0=bG1;-1,1=bA3;0,-1=bS1;0,0=wA1;1,0=wS2;2,0=wG3;2,1=wB1;2,2=wG2;3,-1=wB2
116	42	-1.000000	terminal	G1|w|42|21|21|-4,1=wG1;-4,2=wA3;-3,-2=bG3;-3,-1=bG2;-3,1=bQ;-3,4=wS1;-2,-1=wA2,bB2;-2,1=wQ;-2,2=bA1;-2,3=bA2;-1,-1=bB1;-1,0=bG1;-1,1=bA3;0,-1=bS1;0,0=wA1;1,-1=bS2;1,0=wS2;2,0=wG3,wB2;2,1=wB1;2,2=wG2
116	44	-1.000000	terminal	G1|w|44|22|22|-4,1=wG1;-4,2=wA3;-3,-2=bG3;-3,-1=bG2;-3,1=bQ;-3,4=wS1;-2,-1=wA2,bB2;-2,1=wQ;-2,2=bA1;-2,3=bA2;-1,-2=bS2;-1,-1=bB1;-1,0=bG1;-1,1=bA3;0,-1=bS1;0,0=wA1;1,0=wS2;2,-1=wG2;2,0=wG3,wB2;2,1=wB1
116	46	-1.000000	terminal	G1|w|46|23|23|-4,1=wG1;-4,2=wA3;-3,-2=bG3;-3,-1=bG2;-3,1=bQ;-3,4=wS1;-2,-1=wA2;-2,0=bB2;-2,1=wQ;-2,2=bA1;-2,3=bA2;-1,-2=bS2;-1,-1=bB1;-1,0=bG1;-1,1=bA3;0,-1=bS1;0,0=wA1;1,0=wS2;2,-1=wG2;2,0=wG3;2,1=wB1,wB2
116	48	-1.000000	terminal	G1|w|48|24|24|-4,1=wG1;-4,2=wA3;-3,-2=bG3;-3,-1=bG2;-3,1=bQ;-2,-1=wA2;-2,1=wQ;-2,2=bA1;-2,3=bA2;-1,-2=bS2;-1,-1=bB1,bB2;-1,0=bG1;-1,1=bA3;-1,2=wS1;0,-1=bS1;0,0=wA1;1,0=wS2;2,-1=wG2;2,0=wG3;2,1=wB1,wB2
116	50	-1.000000	terminal	G1|w|50|25|25|-4,-2=bA2;-4,1=wG1;-4,2=wA3;-3,-2=bG3;-3,-1=bG2;-3,1=bQ;-2,-1=wA2;-2,1=wQ;-2,2=bA1;-1,-2=bS2;-1,-1=bB1,bB2;-1,0=bG1;-1,1=bA3;-1,2=wS1;0,-1=bS1;0,0=wA1;1,0=wS2;2,-1=wG2;2,0=wG3,wB2;2,1=wB1
116	52	-1.000000	terminal	G1|w|52|26|26|-4,1=wG1;-4,2=wA3;-3,-2=bG3;-3,-1=bG2;-3,1=bQ;-2,-1=wA2;-2,1=wQ;-2,2=bA1;-1,-2=bS2;-1,-1=bB1,bB2;-1,0=bG1;-1,1=bA3;-1,2=wS1;-1,3=bA2;0,-1=bS1;0,0=wA1;1,0=wS2;1,1=wB2;2,-1=wG2;2,0=wG3;2,1=wB1
116	54	-1.000000	terminal	G1|w|54|27|27|-4,1=wG1;-4,2=wA3;-3,-2=bG3;-3,-1=bG2;-3,1=bQ;-2,-1=wA2;-2,1=wQ;-2,2=bA1;-1,-2=bS2;-1,-1=bB1,bB2;-1,0=bG1;-1,1=bA3;-1,2=wS1;0,-1=bS1;0,0=wA1;1,0=wS2;1,1=wB2,wB1;2,-1=wG2;2,0=wG3;3,-2=bA2
116	56	-1.000000	terminal	G1|w|56|28|28|-4,1=wG1;-4,2=wA3;-3,-2=bG3;-3,-1=bG2;-3,1=bQ;-3,2=wS1;-2,-1=wA2;-2,0=bB2;-2,1=wQ;-2,2=bA1;-1,-2=bS2;-1,-1=bB1;-1,0=bG1;-1,1=bA3;0,-1=bS1;0,0=wA1;1,0=wS2;1,1=wB2,wB1;2,-1=wG2;2,0=wG3;3,-2=bA2
117	0	-0.664037	adjudicated	G1|w|0|0|0|
117	7	-0.664037	adjudicated	G1|b|7|4|3|-2,1=wS1;-2,2=wQ;-1,0=wG2;0,0=wG1;0,1=bG1;1,1=bA1;2,0=bG2
117	9	-0.664037	adjudicated	G1|b|9|5|4|-2,0=wS2;-2,1=wS1;-2,2=wQ;-1,0=wG2;0,0=wG1;0,1=bG1;1,1=bA1;2,0=bG2;3,0=bQ
117	11	-0.664037	adjudicated	G1|b|11|6|5|-2,0=wS2;-2,1=wS1;-2,2=wQ;-1,-1=wG3;-1,0=wG2;0,0=wG1;0,1=bG1;0,2=bS1;1,1=bA1;2,0=bG2;3,0=bQ
117	13	-0.664037	adjudicated	G1|b|13|7|6|-3,0=wB1;-3,3=bS1;-2,0=wS2;-2,1=wS1;-2,2=wQ;-1,-1=wG3;-1,0=wG2;0,0=wG1;0,1=bG1;1,1=bA1;2,0=bG2;3,0=bQ
117	15	-0.664037	adjudicated	G1|b|15|8|7|-4,4=bA2;-3,0=wB1;-3,3=bS1;-2,0=wS2;-2,1=wS1;-2,2=wQ;-1,-1=wG3;-1,0=wG2;0,-1=wA1;0,0=wG1;0,1=bG1;1,1=bA1;2,0=bG2;3,0=bQ
117	17	-0.664037	adjudicated	G1|b|17|9|8|-3,0=wB1;-3,3=bS1;-2,0=wS2;-2,1=wS1;-2,2=wQ;-2,3=bA2;-1,-1=wG3;-1,0=wG2;0,0=wG1;0,1=bG1;1,1=bA1;2,0=bG2;3,-1=wA1;3,0=bQ
117	19	-0.664037	adjudicated	G1|b|19|10|9|-4,1=wA1;-4,4=bB1;-3,0=wB1;-3,3=bS1;-2,0=wS2;-2,1=wS1;-2,2=wQ;-2,3=bA2;-1,-1=wG3;-1,0=wG2;0,0=wG1;0,1=bG1;1,1=bA1;2,0=bG2;3,0=bQ
117	21	-0.664037	adjudicated	G1|b|21|11|10|-4,3=bB2;-4,4=bB1;-3,0=wB1;-3,3=bS1;-2,0=wS2;-2,1=wS1;-2,2=wQ;-2,3=bA2;-1,-1=wG3;-1,0=wG2;0,0=wG1;0,1=bG1;1,1=bA1;2,0=bG2;3,0=bQ;4,0=wA1
117	23	-0.664037	adjudicated	G1|b|23|12|11|-4,4=bB1;-3,0=wB1;-3,2=bB2;-3,3=bS1;-2,0=wS2;-2,1=wS1;-2,3=bA2;-1,-1=wG3;-1,0=wG2;-1,2=wQ;0,0=wG1;0,1=bG1;1,1=bA1;2,0=bG2;3,0=bQ;4,0=wA1
117	25	-0.664037	adjudicated	G1|b|25|13|12|-4,2=bA3;-4,4=bB1;-3,0=wB1;-3,2=bB2;-3,3=bS1;-2,0=wS2;-2,1=wS1;-2,3=bA2;-1,-1=wG3;-1,0=wG2;-1,3=wQ;0,0=wG1;0,1=bG1;1,1=bA1;2,0=bG2;3,0=bQ;4,0=wA1
117	27	-0.664037	adjudicated	G1|b|27|14|13|-4,4=bB1;-3,0=wB1;-3,2=bB2;-3,3=bS1;-2,0=wS2;-2,1=wS1;-2,3=bA2;-2,4=bA3;-1,-1=wG3;-1,0=wG2;-1,4=wQ;0,0=wG1;0,1=bG1;1,1=bA1;2,0=bG2;3,0=bQ;4,0=wA1
117	29	-0.664037	adjudicated	G1|b|29|15|14|-5,4=bS2;-4,4=bB1;-3,0=wB1;-3,2=bB2;-3,3=bS1;-2,-1=wA2;-2,0=wS2;-2,1=wS1;-2,3=bA2;-2,4=bA3;-1,-1=wG3;-1,0=wG2;-1,4=wQ;0,0=wG1;0,1=bG1;1,1=bA1;2,0=bG2;3,0=bQ;4,0=wA1
117	31	-0.664037	adjudicated	G1|b|31|16|15|-5,3=bG3;-5,4=bS2;-4,4=bB1;-3,0=wB1;-3,2=bB2;-3,3=bS1;-2,0=wS2;-2,1=wS1;-2,3=bA2;-2,4=bA3;-1,-1=wG3;-1,0=wG2;-1,4=wQ;0,0=wG1;0,1=bG1;1,1=bA1;2,0=bG2;3,0=bQ;3,1=wA2;4,0=wA1
117	33	-0.664037	adjudicated	G1|b|33|17|16|-5,4=bS2;-5,5=bG3;-4,4=bB1;-3,0=wB1;-3,2=bB2;-3,3=bS1;-2,0=wS2;-2,1=wS1;-2,3=bA2;-2,4=bA3;-1,-2=wA3;-1,-1=wG3;-1,0=wG2;-1,4=wQ;0,0=wG1;0,1=bG1;1,1=bA1;2,0=bG2;3,0=bQ;3,1=wA2;4,0=wA1
117	35	-0.664037	adjudicated	G1|b|35|18|17|-5,5=bG3;-4,4=bB1;-3,0=wB1;-3,1=bS2;-3,2=bB2;-3,3=bS1;-2,0=wS2;-2,1=wS1;-2,3=bA2;-2,4=bA3;-1,-1=wG3;-1,0=wG2;-1,4=wQ;0,0=wG1;0,1=bG1;1,1=bA1;2,0=bG2;3,0=bQ;3,1=wA2;4,-1=wA3;4,0=wA1
117	37	-0.664037	adjudicated	G1|b|37|19|18|-4,4=bB1;-3,0=wB1;-3,1=bS2;-3,2=bB2;-3,3=bS1;-2,0=wS2;-2,1=wS1;-2,2=bG3;-2,3=bA2;-2,4=bA3;-1,-1=wG3;-1,0=wG2;-1,4=wQ;0,0=wG1;0,1=bG1;0,2=wA2;1,1=bA1;2,0=bG2;3,0=bQ;4,-1=wA3;4,0=wA1
117	39	-0.664037	adjudicated	G1|b|39|20|19|-4,4=bB1;-3,0=wB1;-3,1=bS2;-3,2=bB2;-3,3=bS1;-2,0=wS2;-2,1=wS1;-2,3=bA2;-2,4=bA3;-2,5=bG3;-1,-1=wG3;-1,0=wG2;-1,4=wQ;0,0=wG1;0,1=bG1;1,1=bA1;2,0=bG2;2,1=wA2;3,0=bQ;4,-1=wA3;4,0=wA1
117	41	-0.664037	adjudicated	G1|b|41|21|20|-4,4=bB1;-3,0=wB1;-3,1=bS2;-3,2=bB2;-3,3=bS1;-2,0=wS2;-2,1=wS1;-2,3=bA2;-2,4=bA3;-2,5=bG3;-1,-1=wG3;-1,0=wG2;-1,5=wQ;0,0=wG1;0,1=bG1;0,2=bG2;1,1=bA1;2,1=wA2;3,0=bQ;4,-1=wA3;4,0=wA1
117	43	-0.664037	adjudicated	G1|b|43|22|21|-4,4=bB1;-3,0=wB1;-3,1=bS2;-3,2=bB2;-3,3=bS1;-2,0=wS2;-2,1=wS1;-2,3=bA2;-2,4=bA3;-2,5=bG3;-1,-1=wG3;-1,0=wG2;-1,5=wQ;0,0=wG1;0,1=bG1;1,1=bA1;2,0=bG2;2,1=wA2;3,0=bQ;4,-2=wB2;4,-1=wA3;4,0=wA1
117	45	-0.664037	adjudicated	G1|b|45|23|22|-4,4=bB1;-3,0=wB1;-3,1=bS2;-3,2=bB2;-3,3=bS1;-2,0=wS2;-2,1=wS1;-2,3=bA2;-2,4=bA3;-2,5=bG3;-1,-1=wG3;-1,0=wG2;-1,5=wQ;0,0=wG1;0,1=bG1;0,2=bG2;1,1=bA1;2,1=wA2;3,-1=wB2;3,0=bQ;4,-1=wA3;4,0=wA1
117	47	-0.664037	adjudicated	G1|b|47|24|23|-4,4=bB1;-3,0=wB1;-3,1=bS2;-3,2=bB2;-3,3=bS1;-2,0=wS2;-2,1=wS1;-2,3=bA2;-2,4=bA3;-2,5=bG3;-1,-1=wG3;-1,0=wG2;-1,5=wQ;0,-1=bG2;0,0=wG1;0,1=bG1;1,1=bA1;2,0=wA3;2,1=wA2;3,-1=wB2;3,0=bQ;4,0=wA1
117	49	-0.664037	adjudicated	G1|b|49|25|24|-4,4=bB1;-3,0=wB1;-3,1=bS2;-3,2=bB2;-3,3=bS1;-2,-1=bG2;-2,0=wS2;-2,1=wS1;-2,3=bA2;-2,4=bA3;-2,5=bG3;-1,-1=wG3;-1,0=wG2;-1,5=wQ;0,0=wG1;0,1=bG1;1,1=bA1;2,0=wA3;2,1=wA2;3,-1=wB2;3,0=bQ;4,-1=wA1
117	51	-0.664037	adjudicated	G1|b|51|26|25|-4,4=bB1;-3,0=wB1;-3,1=bS2;-3,2=bB2;-3,3=bS1;-2,-1=bG2;-2,0=wS2;-2,1=wS1;-2,3=bA2;-2,4=bA3;-2,5=bG3;-1,-1=wG3;-1,0=wG2;-1,5=wQ;0,0=wG1;0,1=bG1;1,1=bA1;2,0=wA3;2,1=wA2;2,2=wA1;3,-1=wB2;3,1=bQ
117	53	-0.664037	adjudicated	G1|b|53|27|26|-4,4=bB1;-3,0=wB1;-3,1=bS2;-3,2=bB2;-3,3=bS1;-2,-1=bG2;-2,0=wS2;-2,1=wS1;-2,3=bA2;-2,4=bA3;-2,5=bG3;-2,6=wQ;-1,-1=wG3;-1,0=wG2;0,0=wG1;0,1=bG1;1,1=bA1;2,0=wA3;2,1=wA2;2,2=wA1;3,-1=wB2;3,2=bQ
117	55	-0.664037	adjudicated	G1|b|55|28|27|-5,4=bS2;-4,4=bB1;-3,2=bB2;-3,3=bS1;-2,-1=bG2,wB1;-2,0=wS2;-2,1=wS1;-2,3=bA2;-2,4=bA3;-2,5=bG3;-2,6=wQ;-1,-1=wG3;-1,0=wG2;0,0=wG1;0,1=bG1;1,1=bA1;2,0=wA3;2,1=wA2;2,2=wA1;3,-1=wB2;3,2=bQ
117	57	-0.664037	adjudicated	G1|b|57|29|28|-4,4=bB1;-3,2=bB2;-3,3=bS1;-3,4=bS2;-2,-1=bG2,wB1;-2,0=wS2;-2,1=wS1;-2,3=bA2;-2,4=bA3;-2,5=bG3;-2,6=wQ;-1,-1=wG3;-1,0=wG2;0,0=wG1;0,1=bG1;1,1=bA1;2,0=wA3;2,1=wA2;2,2=wA1;3,0=wB2;3,2=bQ
117	59	-0.664037	adjudicated	G1|b|59|30|29|-4,4=bB1;-3,2=bB2;-3,3=bS1;-3,4=bS2;-2,-1=bG2,wB1;-2,0=wS2;-2,1=wS1;-2,4=bA3;-2,5=bG3;-2,6=wQ;-1,-1=wG3;-1,0=wG2;-1,5=bA2;0,0=wG1;0,1=bG1;1,1=bA1;2,1=wA2;2,2=wA1;3,0=wB2;3,2=bQ;3,3=wA3
117	61	-0.664037	adjudicated	G1|b|61|31|30|-3,2=bB2;-3,3=bS1,bB1;-3,4=bS2;-2,-1=bG2,wB1;-2,0=wS2;-2,1=wS1;-2,4=bA3;-2,5=bG3;-2,6=wQ;-1,-1=wG3;-1,0=wG2;-1,5=bA2;0,0=wG1;0,1=bG1;1,1=bA1;2,1=wA2;2,2=wA1;3,1=wB2;3,2=bQ;3,3=wA3
117	63	-0.664037	adjudicated	G1|b|63|32|31|-3,2=bB2;-3,3=bS1,bB1;-3,4=bS2;-2,-1=bG2;-2,0=wS2;-2,1=wS1;-2,4=bA3;-2,5=bG3;-2,6=wQ;-1,-1=wG3,wB1;-1,0=wG2;-1,6=bA2;0,0=wG1;0,1=bG1;1,1=bA1;2,1=wA2;2,2=wA1;3,1=wB2;3,2=bQ;3,3=wA3
117	65	-0.664037	adjudicated	G1|b|65|33|32|-3,2=bB2;-3,3=bS1;-3,4=bS2;-2,-1=bG2;-2,0=wS2;-2,1=wS1;-2,3=bB1;-2,4=bA3;-2,5=bG3;-2,6=wQ;-1,-1=wG3,wB1;-1,0=wG2;-1,6=bA2;0,0=wG1;0,1=bG1;1,-1=wA1;1,1=bA1;2,1=wA2;3,1=wB2;3,2=bQ;3,3=wA3
117	67	-0.664037	adjudicated	G1|b|67|34|33|-3,2=bB2;-3,3=bS1;-3,5=wA1;-3,7=bS2;-2,-1=bG2;-2,0=wS2;-2,1=wS1;-2,3=bB1;-2,4=bA3;-2,5=bG3;-2,6=wQ;-1,-1=wG3,wB1;-1,0=wG2;-1,6=bA2;0,0=wG1;0,1=bG1;1,1=bA1;2,1=wA2;3,1=wB2;3,2=bQ;3,3=wA3
117	69	-0.664037	adjudicated	G1|b|69|35|34|-3,2=bB2;-3,3=bS1;-3,7=bS2;-2,-1=bG2;-2,0=wS2;-2,1=wS1;-2,3=bB1;-2,4=bA3;-2,5=bG3;-2,6=wQ;-2,7=bA2;-1,-1=wG3,wB1;-1,0=wG2;0,0=wG1;0,1=bG1;1,1=bA1;2,1=wA2;2,2=wA1;3,1=wB2;3,2=bQ;3,3=wA3
117	71	-0.664037	adjudicated	G1|b|71|36|35|-3,2=bB2;-3,3=bS1;-3,7=bS2;-2,-1=bG2;-2,0=wS2;-2,1=wS1;-2,3=bB1;-2,4=bA3;-2,5=bG3;-2,6=wQ;-1,-1=wG3,wB1;-1,0=wG2;-1,6=bA2;0,0=wG1;0,1=bG1;1,1=bA1;2,1=wA2;3,1=wB2;3,2=bQ;3,3=wA3;4,2=wA1
117	73	-0.664037	adjudicated	G1|b|73|37|36|-3,2=bB2;-3,3=bS1;-3,6=bA2;-3,7=bS2;-2,-1=bG2;-2,0=wS2;-2,1=wS1;-2,3=bB1;-2,4=bA3;-2,5=bG3;-1,-1=wG3,wB1;-1,0=wG2;-1,5=wQ;0,0=wG1;0,1=bG1;1,1=bA1;2,1=wA2;3,1=wB2;3,2=bQ;3,3=wA3;4,2=wA1
117	75	-0.664037	adjudicated	G1|b|75|38|37|-3,2=bB2;-3,3=bS1;-3,6=bA2;-2,-1=bG2;-2,0=wS2;-2,1=wS1;-2,3=bB1;-2,4=bA3;-2,5=bG3;-1,-1=wG3,wB1;-1,0=wG2;-1,5=wQ;0,0=wG1;0,1=bG1;0,5=bS2;1,1=bA1;2,1=wA2;2,2=wA1;3,1=wB2;3,2=bQ;3,3=wA3
117	77	-0.664037	adjudicated	G1|b|77|39|38|-3,2=bB2;-3,3=bS1;-2,-1=bG2;-2,0=wS2;-2,1=wS1;-2,3=bB1;-2,4=bA3;-2,5=bG3;-1,-1=wG3;-1,0=wG2;-1,5=wQ;0,-1=wB1;0,0=wG1;0,1=bG1;0,5=bS2;1,-1=bA2;1,1=bA1;2,1=wA2;2,2=wA1;3,1=wB2;3,2=bQ;3,3=wA3
117	79	-0.664037	adjudicated	G1|b|79|40|39|-3,2=bB2;-3,3=bS1;-2,-1=bG2;-2,0=wS2;-2,1=wS1;-2,3=bB1;-2,4=bA3;-2,5=bG3;-2,6=bA2;-1,-1=wG3;-1,0=wG2;-1,5=wQ;0,-1=wB1;0,0=wG1;0,1=bG1;0,5=bS2;1,1=bA1;2,1=wA2;2,2=wA1;3,1=wB2;3,2=bQ;4,1=wA3
117	81	-0.664037	adjudicated	G1|b|81|41|40|-3,2=bB2;-3,3=bS1;-2,-1=bG2;-2,0=wS2;-2,1=wS1;-2,3=bB1;-2,4=bA3;-2,5=bG3;-2,6=bA2;-1,-1=wG3;-1,0=wG2;-1,5=wQ;0,-1=wB1;0,0=wG1;0,1=bG1;0,5=bS2;1,1=bA1;2,1=wA2;3,1=wB2;4,1=wA3;4,2=bQ;5,1=wA1
117	83	-0.664037	adjudicated	G1|b|83|42|41|-3,2=bB2;-3,3=bS1;-2,-2=bA2;-2,-1=bG2;-2,0=wS2;-2,1=wS1;-2,3=bB1;-2,4=bA3;-2,5=bG3;-1,-2=wG2;-1,-1=wG3;-1,5=wQ;0,-1=wB1;0,0=wG1;0,1=bG1;0,5=bS2;1,1=bA1;2,1=wA2;3,1=wB2;4,1=wA3;4,2=bQ;5,1=wA1
117	85	-0.664037	adjudicated	G1|b|85|43|42|-3,2=bB2;-3,3=bS1;-2,-1=bG2;-2,0=wS2;-2,1=wS1;-2,3=bB1;-2,4=bA3;-2,5=bG3;-1,-2=wG2;-1,-1=wG3;-1,4=bA2;-1,5=wQ;0,-1=wB1;0,0=wG1;0,1=bG1;0,5=bS2;1,1=bA1;2,1=wA2;3,1=wB2;3,2=wA1;4,1=wA3;4,2=bQ
117	87	-0.664037	adjudicated	G1|b|87|44|43|-3,2=bB2;-3,3=bS1;-2,-1=bG2;-2,0=wS2;-2,1=wS1;-2,3=bB1;-2,4=bA3;-2,5=bG3;-1,-3=bA2;-1,-2=wG2;-1,-1=wG3;-1,5=wQ;0,-1=wB1;0,0=wG1;0,1=bG1;0,5=bS2;1,1=bA1;2,1=wA2;3,1=wB2;3,3=wA1;4,1=wA3;4,2=bQ
117	89	-0.664037	adjudicated	G1|b|89|45|44|-3,2=bB2;-3,3=bS1;-2,-1=bG2;-2,0=wS2;-2,1=wS1;-2,3=bB1;-2,4=bA3;-2,5=bG3;-1,-2=wG2;-1,-1=wG3;-1,5=wQ;-1,6=bA2;0,-1=wB1;0,0=wG1;0,1=bG1;0,5=bS2;1,1=bA1;2,1=wA2;3,1=wB2;4,1=wA3;4,2=bQ;4,3=wA1
117	91	-0.664037	adjudicated	G1|b|91|46|45|-3,2=bB2;-3,3=bS1;-2,-1=bG2;-2,0=wS2;-2,1=wS1;-2,3=bB1;-2,4=bA3;-2,5=bG3;-1,-2=wG2;-1,-1=wG3;-1,4=bA2;-1,5=wQ;0,-1=wB1;0,0=wG1;0,1=bG1;0,5=bS2;1,1=bA1;2,1=wA2;3,1=wB2;4,1=wA3;4,2=bQ;5,1=wA1
117	93	-0.664037	adjudicated	G1|b|93|47|46|-3,0=wG2;-3,2=bB2;-3,3=bS1;-2,-1=bG2;-2,0=wS2;-2,1=wS1;-2,3=bB1;-2,4=bA3;-2,5=bG3;-1,-1=wG3;-1,4=bA2;-1,5=wQ;0,-1=wB1;0,0=wG1;0,1=bG1;0,5=bS2;1,1=bA1;2,1=wA2;3,1=wB2;4,1=wA3;5,1=wA1;5,2=bQ
117	95	-0.664037	adjudicated	G1|b|95|48|47|-4,1=bG2;-3,0=wG2;-3,2=bB2;-3,3=bS1;-2,0=wS2;-2,1=wS1;-2,3=bB1;-2,4=bA3;-2,5=bG3;-1,-1=wG3;-1,4=bA2;-1,5=wQ;0,-1=wB1;0,0=wG1;0,1=bG1;0,5=bS2;1,1=bA1;2,1=wA2;3,1=wB2;4,1=wA3;5,1=wA1;5,2=bQ
118	0	0.664037	adjudicated	G1|w|0|0|0|
118	6	0.664037	adjudicated	G1|w|6|3|3|-1,2=bG1;0,-1=wS1;0,0=wB1;0,1=bB1;1,-2=wG1;1,1=bS1
118	8	0.664037	adjudicated	G1|w|8|4|4|-2,2=bQ;-1,2=bG1;0,-1=wS1;0,0=wB1;0,1=bB1;1,-2=wG1;1,1=bS1;2,-3=wQ
118	10	0.664037	adjudicated	G1|w|10|5|5|-2,2=bQ;-1,2=bG1;0,-1=wS1;0,0=wB1;0,1=bB1;1,-3=wG2;1,-2=wG1;2,-3=wQ;2,-2=bS1
118	12	0.664037	adjudicated	G1|w|12|6|6|-2,2=bQ;-1,2=bG1;0,-1=wS1;0,0=wB1;0,1=bB1;1,-3=wG2;1,-2=wG1;2,-4=wQ;3,-5=bS1
118	14	0.664037	adjudicated	G1|w|14|7|7|-2,2=bQ;-1,0=wG3;-1,2=bG1;0,-1=wS1;0,0=wB1;0,1=bB1;1,-3=wG2;1,-2=wG1;1,1=bB2;2,-4=wQ;3,-5=bS1
118	16	0.664037	adjudicated	G1|w|16|8|8|-2,2=bQ;-1,0=wG3;-1,2=bG1;0,-1=wS1;0,0=wB1;0,1=bB1;1,-3=wG2;1,-2=wG1;1,-1=wA1;1,1=bB2;2,-4=wQ;2,1=bG2;3,-5=bS1
118	18	0.664037	adjudicated	G1|w|18|9|9|-3,2=wA1;-2,2=bQ;-1,0=wG3;-1,2=bG1;-1,3=bG3;0,-1=wS1;0,0=wB1;0,1=bB1;1,-3=wG2;1,-2=wG1;1,1=bB2;2,-4=wQ;2,1=bG2;3,-5=bS1
118	20	0.664037	adjudicated	G1|w|20|10|10|-3,1=wB2;-3,2=wA1;-2,2=bQ;-1,0=wG3;-1,2=bG1;-1,3=bG3;0,-1=wS1;0,0=wB1;0,1=bB1;1,-3=wG2;1,-2=wG1;1,1=bB2;2,-4=wQ;2,1=bG2;2,2=bS2;3,-5=bS1
118	22	0.664037	adjudicated	G1|w|22|11|11|-3,2=wA1;-3,3=bQ;-2,1=wB2;-1,0=wG3;-1,2=bG1;-1,3=bG3;0,-1=wS1;0,0=wB1;0,1=bB1;1,-3=wG2;1,-2=wG1;1,1=bB2;2,-4=wQ;2,1=bG2;2,2=bS2;3,-5=bS1
118	24	0.664037	adjudicated	G1|w|24|12|12|-3,1=wA2;-3,2=wA1;-3,3=bQ;-2,1=wB2;-1,0=wG3;-1,2=bG1;-1,3=bG3;0,-1=wS1;0,0=wB1;0,1=bB1;1,-3=wG2;1,-2=wG1;1,1=bB2;2,-4=wQ;2,1=bG2;2,2=bS2;3,-5=bS1;3,0=bA1
118	26	0.664037	adjudicated	G1|w|26|13|13|-3,1=wA2;-3,2=wA1;-3,3=bQ;-2,1=wB2;-1,0=wG3;-1,2=bG1;-1,3=bG3;0,-1=wS1;0,0=wB1;0,1=bB1;1,-4=bA1;1,-3=wG2;1,-2=wG1;1,1=bB2;2,-4=wQ;2,-3=wS2;2,1=bG2;2,2=bS2;3,-5=bS1
118	28	0.664037	adjudicated	G1|w|28|14|14|-3,1=wA2;-3,2=wA1;-3,3=bQ;-2,1=wB2;-1,0=wG3;-1,2=bG1;-1,3=bG3;0,-1=wS1;0,0=wB1;0,1=bB1;1,-2=wG1;1,1=bB2;2,-4=wQ;2,-3=wS2;2,1=bG2;2,2=bS2;3,-5=bS1;3,-4=bA1;4,-6=wG2
118	30	0.664037	adjudicated	G1|w|30|15|15|-3,1=wA2;-3,2=wA1;-3,3=bQ;-2,1=wB2;-1,0=wG3;-1,2=bG1;-1,3=bG3;0,-1=wS1;0,0=wB1;0,1=bB1;1,-2=wG1;1,1=bB2;2,-5=wQ;2,-3=wS2;2,1=bG2;2,2=bS2;2,3=bA2;3,-5=bS1;3,-4=bA1;4,-6=wG2
118	32	0.664037	adjudicated	G1|w|32|16|16|-3,2=wA1;-3,3=bQ;-2,1=wB2;-2,3=wA2;-1,0=wG3;-1,2=bG1;-1,3=bG3;0,-1=wS1;0,0=wB1;0,1=bB1;1,-2=wG1;1,1=bB2;2,-5=wQ;2,-3=wS2;2,1=bG2;2,2=bS2;3,-6=bA2;3,-5=bS1;3,-4=bA1;4,-6=wG2
118	34	0.664037	adjudicated	G1|w|34|17|17|-4,3=bQ;-3,2=wA1;-2,2=wB2;-2,3=wA2;-1,0=wG3;-1,2=bG1;-1,3=bG3;0,-1=wS1;0,0=wB1;0,1=bB1;1,-2=wG1;1,1=bB2;2,-5=wQ;2,-3=wS2;2,1=bG2;2,2=bS2;3,-6=bA2;3,-5=bS1;3,-4=bA1;4,-6=wG2
118	36	0.664037	adjudicated	G1|w|36|18|18|-4,3=bQ;-3,2=wA1;-2,2=wB2;-2,3=wA2;-1,0=wG3;-1,2=bG1;-1,3=bG3;0,-1=wS1;0,0=wB1;0,1=bB1;0,3=bA3;1,-2=wG1;1,1=bB2;2,-6=wQ;2,-3=wS2;2,1=bG2;2,2=bS2;3,-6=bA2;3,-5=bS1;3,-4=bA1;4,-6=wG2
118	38	0.664037	adjudicated	G1|w|38|19|19|-4,2=bQ;-3,2=wA1;-3,3=wA2;-2,2=wB2;-1,0=wG3;-1,2=bG1;-1,3=bG3;0,-1=wS1;0,0=wB1;0,1=bB1;0,3=bA3;1,-2=wG1;1,1=bB2;2,-6=wQ;2,-3=wS2;2,1=bG2;2,2=bS2;3,-6=bA2;3,-5=bS1;3,-4=bA1;4,-6=wG2
118	40	0.664037	adjudicated	G1|w|40|20|20|-5,3=wA2;-4,2=bQ;-3,2=wA1;-2,2=wB2;-1,0=wG3;-1,2=bG1;-1,3=bG3;0,-1=wS1;0,0=wB1;0,1=bB1;1,-6=bA3;1,-2=wG1;1,1=bB2;2,-6=wQ;2,-3=wS2;2,1=bG2;2,2=bS2;3,-6=bA2;3,-5=bS1;3,-4=bA1;4,-6=wG2
118	42	0.664037	adjudicated	G1|w|42|21|21|-4,3=bQ;-3,2=wA1;-2,2=wB2;-1,0=wG3;-1,2=bG1;-1,3=bG3;0,-5=wA2;0,-1=wS1;0,0=wB1;0,1=bB1;1,-6=bA3;1,-2=wG1;1,1=bB2;2,-6=wQ;2,-3=wS2;2,1=bG2;2,2=bS2;3,-6=bA2;3,-5=bS1;3,-4=bA1;4,-6=wG2
118	44	0.664037	adjudicated	G1|w|44|22|22|-5,3=bQ;-4,2=wA2;-3,2=wA1;-2,2=wB2;-1,0=wG3;-1,2=bG1;-1,3=bG3;0,-1=wS1;0,0=wB1;0,1=bB1;1,-6=bA3;1,-2=wG1;1,1=bB2;2,-6=wQ;2,-3=wS2;2,1=bG2;2,2=bS2;3,-6=bA2;3,-5=bS1;3,-4=bA1;4,-6=wG2
118	46	0.664037	adjudicated	G1|w|46|23|23|-5,3=bQ;-4,2=wA2;-3,2=wA1;-2,2=wB2;-1,0=wG3;-1,2=bG1;-1,3=bG3;0,-2=wA3;0,-1=wS1;0,0=wB1;0,1=bB1;1,-2=wG1;1,1=bB2;2,-6=wQ;2,-3=wS2;2,1=bG2;2,2=bS2;3,-7=bA3;3,-6=bA2;3,-5=bS1;3,-4=bA1;4,-6=wG2
118	48	0.664037	adjudicated	G1|w|48|24|24|-5,3=bQ;-4,2=wA2;-3,2=wA1;-2,2=wB2;-1,0=wG3;-1,1=bG3;-1,2=bG1;0,-2=wA3;0,-1=wS1;0,0=wB1;0,1=bB1;1,-2=wG1;1,1=bB2;2,-7=wQ;2,-3=wS2;2,1=bG2;2,2=bS2;3,-7=bA3;3,-6=bA2;3,-5=bS1;3,-4=bA1;4,-6=wG2
118	50	0.664037	adjudicated	G1|w|50|25|25|-6,3=wA3;-5,3=bQ;-4,2=wA2;-3,2=wA1;-2,2=wB2;-1,0=wG3;-1,2=bG1;0,-1=wS1;0,0=wB1;0,1=bB1;1,-2=wG1;1,1=bB2;2,-7=wQ;2,-3=wS2;2,1=bG2;2,2=bS2;3,-7=bA3;3,-6=bA2;3,-5=bS1;3,-4=bA1;3,1=bG3;4,-6=wG2
118	52	0.664037	adjudicated	G1|w|52|26|26|-5,2=bQ;-4,2=wA2;-3,2=wA1;-2,2=wB2;-1,0=wG3;-1,2=bG1;0,-1=wS1;0,0=wB1;0,1=bB1;1,-2=wG1;1,1=bB2;1,3=wA3;2,-7=wQ;2,-3=wS2;2,1=bG2;2,2=bS2;3,-7=bA3;3,-6=bA2;3,-5=bS1;3,-4=bA1;3,1=bG3;4,-6=wG2
118	54	0.664037	adjudicated	G1|w|54|27|27|-5,2=bQ;-4,1=wA3;-4,2=wA2;-3,2=wA1;-2,2=wB2;-1,0=wG3;-1,2=bG1;-1,3=bS2;0,-1=wS1;0,0=wB1;0,1=bB1;1,-2=wG1;1,1=bB2;2,-7=wQ;2,-3=wS2;2,1=bG2;3,-7=bA3;3,-6=bA2;3,-5=bS1;3,-4=bA1;3,1=bG3;4,-6=wG2
118	56	0.664037	adjudicated	G1|w|56|28|28|-5,1=wA3;-5,2=bQ;-4,2=wA2;-3,2=wA1;-2,2=wB2;-1,0=wG3;-1,1=bG3;-1,2=bG1;-1,3=bS2;0,-1=wS1;0,0=wB1;0,1=bB1;1,-2=wG1;1,1=bB2;2,-7=wQ;2,-3=wS2;2,1=bG2;3,-7=bA3;3,-6=bA2;3,-5=bS1;3,-4=bA1;4,-6=wG2
118	58	0.664037	adjudicated	G1|w|58|29|29|-5,1=wA3;-5,2=bQ;-4,2=wA2;-3,2=wA1;-2,1=bG2;-2,2=wB2;-1,0=wG3;-1,1=bG3;-1,2=bG1;-1,3=bS2;0,-1=wS1,wB1;0,1=bB1;1,-2=wG1;1,1=bB2;2,-7=wQ;2,-3=wS2;3,-7=bA3;3,-6=bA2;3,-5=bS1;3,-4=bA1;4,-6=wG2
118	60	0.664037	adjudicated	G1|w|60|30|30|-5,1=wA3;-5,2=bQ;-4,2=wA2;-3,2=wA1,wB2;-2,1=bG2;-1,0=wG3;-1,1=bG3;-1,2=bG1;-1,3=bS2;0,-1=wS1,wB1;0,1=bB1;1,-2=wG1;1,0=bB2;2,-7=wQ;2,-3=wS2;3,-7=bA3;3,-6=bA2;3,-5=bS1;3,-4=bA1;4,-6=wG2
118	62	0.664037	adjudicated	G1|w|62|31|31|-5,2=bQ;-4,1=wA3;-4,2=wA2;-3,2=wA1,wB2;-2,1=bG2;-1,0=wG3;-1,1=bG3;-1,2=bG1;-1,3=bS2;0,-1=wS1,wB1;0,0=bB2;0,1=bB1;1,-2=wG1;2,-7=wQ;2,-3=wS2;3,-7=bA3;3,-6=bA2;3,-5=bS1;3,-4=bA1;4,-6=wG2
118	64	0.664037	adjudicated	G1|w|64|32|32|-5,3=bQ;-4,1=wA3;-4,2=wA2;-3,2=wA1;-2,1=bG2;-2,2=wB2;-1,0=wG3;-1,1=bG3;-1,2=bG1;-1,3=bS2;0,-1=wS1,wB1;0,0=bB2;0,1=bB1;1,-2=wG1;2,-7=wQ;2,-3=wS2;3,-7=bA3;3,-6=bA2;3,-5=bS1;3,-4=bA1;4,-6=wG2
118	66	0.664037	adjudicated	G1|w|66|33|33|-5,4=bQ;-4,2=wA2;-4,3=wA3;-3,2=wA1;-2,1=bG2;-2,2=wB2;-1,0=wG3;-1,1=bG3;-1,2=bG1;-1,3=bS2;0,-1=wS1,wB1;0,0=bB2;0,1=bB1;1,-2=wG1;2,-7=wQ;2,-3=wS2;3,-7=bA3;3,-6=bA2;3,-5=bS1;3,-4=bA1;4,-6=wG2
118	68	0.664037	adjudicated	G1|w|68|34|34|-5,4=bQ;-4,2=wA2;-4,3=wA3;-3,2=wA1;-2,1=bG2;-2,2=wB2;-1,0=wG3,wB1;-1,2=bG1;-1,3=bS2;0,-1=wS1;0,0=bB2;0,1=bB1;1,-2=wG1;1,1=bG3;2,-7=wQ;2,-3=wS2;3,-7=bA3;3,-6=bA2;3,-5=bS1;3,-4=bA1;4,-6=wG2
118	70	0.664037	adjudicated	G1|w|70|35|35|-6,4=wA2;-5,4=bQ;-4,3=wA3;-3,2=wA1;-2,1=bG2;-2,2=wB2;-1,0=wG3,wB1;-1,2=bG1;-1,3=bS2;0,-1=wS1,bB2;0,1=bB1;1,-2=wG1;1,1=bG3;2,-7=wQ;2,-3=wS2;3,-7=bA3;3,-6=bA2;3,-5=bS1;3,-4=bA1;4,-6=wG2
118	72	0.664037	adjudicated	G1|w|72|36|36|-6,4=wA2;-5,4=bQ;-4,3=wA3;-3,2=wA1;-2,1=bG2;-2,2=wB2;-1,0=wG3,wB1;-1,2=bG1;-1,3=bS2;0,-1=wS1,bB2;0,1=bB1;1,-2=wG1;1,1=bG3;2,-8=bA1;2,-7=wQ;2,-4=wG2;2,-3=wS2;3,-7=bA3;3,-6=bA2;3,-5=bS1
118	74	0.664037	adjudicated	G1|w|74|37|37|-6,4=bQ;-5,3=wA2;-4,3=wA3;-3,2=wA1;-2,1=bG2;-2,2=wB2;-1,0=wG3,wB1;-1,2=bG1;-1,3=bS2;0,-1=wS1,bB2;0,1=bB1;1,-2=wG1;1,1=bG3;2,-8=bA1;2,-7=wQ;2,-4=wG2;2,-3=wS2;3,-7=bA3;3,-6=bA2;3,-5=bS1
118	76	0.664037	adjudicated	G1|w|76|38|38|-6,4=bQ;-5,3=wA2;-4,3=wA3;-3,2=wA1;-2,1=bG2;-2,2=wB2;-1,0=wG3;-1,1=wB1;-1,2=bG1;0,-1=wS1,bB2;0,1=bB1;1,-2=wG1;1,1=bG3;2,-8=bA1;2,-7=wQ;2,-4=wG2;2,-3=wS2;2,1=bS2;3,-7=bA3;3,-6=bA2;3,-5=bS1
118	78	0.664037	adjudicated	G1|w|78|39|39|-6,4=bQ;-5,3=wA2;-4,3=wA3;-3,2=wA1;-2,1=bG2,wB2;-1,0=wG3;-1,1=wB1;-1,2=bG1;0,-1=wS1,bB2;0,1=bB1;1,-6=bA1;1,-2=wG1;1,1=bG3;2,-7=wQ;2,-4=wG2;2,-3=wS2;2,1=bS2;3,-7=bA3;3,-6=bA2;3,-5=bS1
118	80	0.664037	adjudicated	G1|w|80|40|40|-6,4=bQ;-5,3=wA2;-4,3=wA3;-3,2=wA1,wB2;-2,1=bG2;-1,-1=bG1;-1,0=wG3;-1,1=wB1;0,-1=wS1,bB2;0,1=bB1;1,-6=bA1;1,-2=wG1;1,1=bG3;2,-7=wQ;2,-4=wG2;2,-3=wS2;2,1=bS2;3,-7=bA3;3,-6=bA2;3,-5=bS1
118	82	0.664037	adjudicated	G1|w|82|41|41|-6,4=bQ;-5,3=wA2;-4,3=wA3;-3,1=wB2;-3,2=wA1;-2,1=bG2;-1,-1=bG1;-1,0=wG3;-1,1=wB1;0,-1=wS1,bB2;0,1=bB1;1,-2=wG1;1,1=bG3;2,-7=wQ;2,-4=wG2;2,-3=wS2;2,1=bS2;3,-7=bA3;3,-6=bA2;3,-5=bS1;3,-3=bA1
118	84	0.664037	adjudicated	G1|w|84|42|42|-6,4=bQ;-5,3=wA2;-4,3=wA3;-3,2=wA1;-2,0=wB2;-2,1=bG2;-1,-1=bG1;-1,0=wG3;-1,1=wB1;0,-1=wS1,bB2;0,1=bB1;1,-7=bA1;1,-2=wG1;1,1=bG3;2,-7=wQ;2,-4=wG2;2,-3=wS2;2,1=bS2;3,-7=bA3;3,-6=bA2;3,-5=bS1
118	86	0.664037	adjudicated	G1|w|86|43|43|-6,5=bQ;-5,3=wA2;-5,4=wG3;-4,3=wA3;-3,2=wA1;-2,0=wB2;-2,1=bG2;-1,-1=bG1;-1,1=wB1;0,-1=wS1,bB2;0,1=bB1;1,-7=bA1;1,-2=wG1;1,1=bG3;2,-7=wQ;2,-4=wG2;2,-3=wS2;2,1=bS2;3,-7=bA3;3,-6=bA2;3,-5=bS1
118	88	0.664037	adjudicated	G1|w|88|44|44|-7,5=wA2;-6,5=bQ;-5,4=wG3;-4,3=wA3;-3,2=wA1;-2,0=wB2;-2,1=bG2;-1,-1=bG1;-1,1=wB1;-1,2=bS2;0,-1=wS1,bB2;0,1=bB1;1,-7=bA1;1,-2=wG1;1,1=bG3;2,-7=wQ;2,-4=wG2;2,-3=wS2;3,-7=bA3;3,-6=bA2;3,-5=bS1
118	90	0.664037	adjudicated	G1|w|90|45|45|-7,6=wA2;-6,5=bQ;-5,4=wG3;-4,3=wA3;-3,1=bG3;-3,2=wA1;-2,0=wB2;-2,1=bG2;-1,-1=bG1;-1,1=wB1;-1,2=bS2;0,-1=wS1,bB2;0,1=bB1;1,-7=bA1;1,-2=wG1;2,-7=wQ;2,-4=wG2;2,-3=wS2;3,-7=bA3;3,-6=bA2;3,-5=bS1
118	92	0.664037	adjudicated	G1|w|92|46|46|-6,4=bQ;-5,4=wG3;-5,5=wA2;-4,3=wA3;-3,1=bG3;-3,2=wA1;-2,0=wB2;-2,1=bG2;-1,-1=bG1;-1,1=wB1;-1,2=bS2;0,-1=wS1,bB2;0,1=bB1;1,-7=bA1;1,-2=wG1;2,-7=wQ;2,-4=wG2;2,-3=wS2;3,-7=bA3;3,-6=bA2;3,-5=bS1
118	94	0.664037	adjudicated	G1|w|94|47|47|-6,3=wA2;-6,4=bQ;-5,4=wG3;-4,2=bA1;-4,3=wA3;-3,1=bG3;-3,2=wA1;-2,0=wB2;-2,1=bG2;-1,-1=bG1;-1,1=wB1;-1,2=bS2;0,-1=wS1,bB2;0,1=bB1;1,-2=wG1;2,-7=wQ;2,-4=wG2;2,-3=wS2;3,-7=bA3;3,-6=bA2;3,-5=bS1
118	96	0.664037	adjudicated	G1|w|96|48|48|-7,4=wA1;-6,3=wA2;-6,4=bQ;-5,4=wG3;-4,2=bA1;-4,3=wA3;-3,1=bG3;-2,0=wB2;-2,1=bG2;-1,-1=bG1,bB2;-1,1=wB1;-1,2=bS2;0,-1=wS1;0,1=bB1;1,-2=wG1;2,-7=wQ;2,-4=wG2;2,-3=wS2;3,-7=bA3;3,-6=bA2;3,-5=bS1
119	0	1.000000	terminal	G1|w|0|0|0|
119	7	1.000000	terminal	G1|b|7|4|3|-2,3=bG1;-1,1=bA1;-1,2=bS1;0,-3=wQ;0,-2=wS2;0,-1=wS1;0,0=wA1
119	9	1.000000	terminal	G1|b|9|5|4|-2,1=bQ;-2,3=bG1;-1,1=bA1;-1,2=bS1;0,-3=wQ;0,-2=wS2;0,-1=wS1;0,0=wA1;1,-2=wG1
119	11	1.000000	terminal	G1|b|11|6|5|-2,1=bQ;-2,3=bG1;-2,4=bS2;-1,0=wG1;-1,1=bA1;-1,2=bS1;0,-3=wQ;0,-2=wS2;0,-1=wS1;0,0=wA1
119	13	1.000000	terminal	G1|b|13|7|6|-3,1=bA2;-3,2=wA1;-2,1=bQ;-2,3=bG1;-2,4=bS2;-1,0=wG1;-1,1=bA1;-1,2=bS1;0,-3=wQ;0,-2=wS2;0,-1=wS1
119	15	1.000000	terminal	G1|b|15|8|7|-3,2=wA1;-2,1=bQ;-2,3=bG1;-2,4=bS2;-1,-3=wQ;-1,-2=bA2;-1,0=wG1;-1,1=bA1;-1,2=bS1;0,-2=wS2;0,-1=wS1
119	17	1.000000	terminal	G1|b|17|9|8|-3,2=wA1;-3,5=bA3;-2,1=bQ;-2,3=bG1;-2,4=bS2;-1,-3=wQ;-1,-2=bA2;-1,0=wG1;-1,1=bA1;-1,2=bS1;0,-2=wS2;0,-1=wS1;1,-1=wG2
119	19	1.000000	terminal	G1|b|19|10|9|-3,2=wA1;-2,-2=wQ;-2,1=bQ;-2,3=bG1;-2,4=bS2;-1,-2=bA2;-1,0=wG1;-1,1=bA1;-1,2=bS1;0,-3=bA3;0,-2=wS2;0,-1=wS1;1,-1=wG2
119	21	1.000000	terminal	G1|b|21|11|10|-3,-2=bA3;-3,2=wA1;-2,-2=wQ;-2,1=bQ;-2,3=bG1;-2,4=bS2;-1,-2=bA2;-1,0=wG1;-1,1=bA1;-1,2=bS1;0,-2=wS2;0,-1=wS1;1,-1=wG2;2,-1=wA2
119	23	1.000000	terminal	G1|b|23|12|11|-3,-2=bA3;-3,2=wA1;-3,5=bB1;-2,-2=wQ;-2,0=wA2;-2,1=bQ;-2,3=bG1;-2,4=bS2;-1,-2=bA2;-1,0=wG1;-1,1=bA1;-1,2=bS1;0,-2=wS2;0,-1=wS1;1,-1=wG2
119	25	1.000000	terminal	G1|b|25|13|12|-4,2=wA3;-3,-2=bA3;-3,2=wA1;-2,-2=wQ;-2,0=wA2;-2,1=bQ;-2,3=bG1;-2,4=bS2;-2,5=bB1;-1,-2=bA2;-1,0=wG1;-1,1=bA1;-1,2=bS1;0,-2=wS2;0,-1=wS1;1,-1=wG2
119	27	1.000000	terminal	G1|b|27|14|13|-3,-2=bA3;-3,1=wA3;-3,2=wA1;-2,-2=wQ;-2,0=wA2;-2,1=bQ;-2,3=bG1;-2,4=bS2;-2,5=bB1;-1,-2=bA2;-1,0=wG1;-1,1=bA1;-1,2=bS1;0,-2=wS2;0,-1=wS1;0,1=bB2;1,-1=wG2
119	29	1.000000	terminal	G1|b|29|15|14|-3,1=wA3;-3,2=wA1;-2,-3=bA3;-2,-2=wQ;-2,0=wA2;-2,1=bQ;-2,3=bG1;-2,4=bS2;-2,5=bB1;-1,-2=bA2;-1,0=wG1;-1,1=bA1;-1,2=bS1;0,-2=wS2;0,-1=wS1;0,1=bB2;1,-1=wG2;2,-1=wG3
119	31	1.000000	terminal	G1|b|31|16|15|-3,0=wB1;-3,1=wA3;-3,2=wA1;-2,-3=bA3;-2,-2=wQ;-2,0=wA2;-2,1=bQ;-2,3=bG1;-2,4=bS2;-2,5=bB1;-2,6=bG2;-1,-2=bA2;-1,0=wG1;-1,1=bA1;-1,2=bS1;0,-2=wS2;0,-1=wS1;0,1=bB2;1,-1=wG2;2,-1=wG3
119	33	1.000000	terminal	G1|b|33|17|16|-4,0=wB2;-3,0=wB1;-3,1=wA3;-3,2=wA1;-2,-2=wQ;-2,0=wA2;-2,1=bQ;-2,3=bG1;-2,4=bS2;-2,5=bB1;-2,6=bG2;-2,7=bA3;-1,-2=bA2;-1,0=wG1;-1,1=bA1;-1,2=bS1;0,-2=wS2;0,-1=wS1;0,1=bB2;1,-1=wG2;2,-1=wG3
119	35	1.000000	terminal	G1|b|35|18|17|-4,0=wB2;-3,0=wB1;-3,2=wA1;-2,-2=wQ;-2,0=wA2;-2,1=bQ;-2,3=bG1;-2,4=bS2;-2,5=bB1;-2,6=bG2;-1,-3=bA3;-1,-2=bA2;-1,0=wG1;-1,1=bA1;-1,2=bS1;0,-2=wS2;0,-1=wS1;0,1=bB2;1,-1=wG2;1,1=wA3;2,-1=wG3
119	37	1.000000	terminal	G1|b|37|19|18|-4,0=wB2;-3,0=wB1;-3,3=wA1;-3,5=bG3;-2,-2=wQ;-2,0=wA2;-2,1=bQ;-2,3=bG1;-2,4=bS2;-2,5=bB1;-2,6=bG2;-1,-3=bA3;-1,-2=bA2;-1,0=wG1;-1,1=bA1;-1,2=bS1;0,-2=wS2;0,-1=wS1;0,1=bB2;1,-1=wG2;1,1=wA3;2,-1=wG3
119	39	1.000000	terminal	G1|b|39|20|19|-4,0=wB2;-3,0=wB1;-3,1=bQ;-3,3=wA1;-3,5=bG3;-2,-2=wQ;-2,0=wA2;-2,1=wA3;-2,3=bG1;-2,4=bS2;-2,5=bB1;-2,6=bG2;-1,-3=bA3;-1,-2=bA2;-1,0=wG1;-1,1=bA1;-1,2=bS1;0,-2=wS2;0,-1=wS1;0,1=bB2;1,-1=wG2;2,-1=wG3
119	41	1.000000	terminal	G1|b|41|21|20|-4,0=wB2;-4,1=bQ;-3,0=wB1;-3,3=wA1;-3,5=bG3;-2,-1=wQ;-2,0=wA2;-2,1=wA3;-2,3=bG1;-2,4=bS2;-2,5=bB1;-2,6=bG2;-1,-3=bA3;-1,-2=bA2;-1,0=wG1;-1,1=bA1;-1,2=bS1;0,-2=wS2;0,-1=wS1;0,1=bB2;1,-1=wG2;2,-1=wG3
119	43	1.000000	terminal	G1|b|43|22|21|-5,2=wA3;-4,0=wB2;-4,1=bQ;-3,0=wB1;-3,3=wA1;-2,-1=wQ;-2,0=wA2;-2,3=bG1;-2,4=bS2;-2,5=bB1;-2,6=bG2;-1,-3=bA3;-1,-2=bA2;-1,0=wG1;-1,1=bA1;-1,2=bS1;-1,5=bG3;0,-2=wS2;0,-1=wS1;0,1=bB2;1,-1=wG2;2,-1=wG3
119	45	1.000000	terminal	G1|b|45|23|22|-5,1=wA2;-5,2=wA3;-4,0=wB2;-4,1=bQ;-3,0=wB1;-3,3=wA1;-2,-2=bA3;-2,-1=wQ;-2,3=bG1;-2,4=bS2;-2,5=bB1;-2,6=bG2;-1,-2=bA2;-1,0=wG1;-1,1=bA1;-1,2=bS1;-1,5=bG3;0,-2=wS2;0,-1=wS1;0,1=bB2;1,-1=wG2;2,-1=wG3
119	47	1.000000	terminal	G1|b|47|24|23|-5,1=wA2;-5,2=wA3;-4,0=wB2;-4,2=bQ;-4,3=wA1;-3,0=wB1;-2,-2=bA3;-2,-1=wQ;-2,3=bG1;-2,4=bS2;-2,5=bB1;-2,6=bG2;-1,-2=bA2;-1,0=wG1;-1,1=bA1;-1,2=bS1;-1,5=bG3;0,-2=wS2;0,-1=wS1;0,1=bB2;1,-1=wG2;2,-1=wG3
119	49	1.000000	terminal	G1|b|49|25|24|-5,1=wA2;-5,2=wA3;-4,0=wB2;-4,2=bQ;-4,3=wA1;-3,0=wB1;-2,-2=bA3;-2,-1=wQ;-2,3=bG1;-2,4=bS2;-2,5=bB1;-2,6=bG2;-1,-2=bA2;-1,1=bA1;-1,2=bS1;-1,3=wG1;-1,5=bG3;0,-2=wS2;0,-1=wS1;0,0=bB2;1,-1=wG2;2,-1=wG3
119	51	1.000000	terminal	G1|b|51|26|25|-5,1=wA2;-5,2=wA3;-4,0=wB2;-4,2=bQ;-4,3=wA1;-4,6=wG1;-3,0=wB1;-3,5=bG3;-2,-2=bA3;-2,-1=wQ;-2,3=bG1;-2,4=bS2;-2,5=bB1;-2,6=bG2;-1,-2=bA2;-1,1=bA1;-1,2=bS1;0,-2=wS2;0,-1=wS1;0,0=bB2;1,-1=wG2;2,-1=wG3
119	53	1.000000	terminal	G1|b|53|27|26|-5,1=wA2;-5,2=wA3;-4,0=wB2;-4,2=bQ;-4,6=wG1;-3,0=wB1;-3,1=wA1;-3,5=bG3;-2,-1=wQ;-2,3=bG1;-2,4=bS2;-2,5=bB1;-2,6=bG2;-1,-2=bA2;-1,-1=bA3;-1,1=bA1;-1,2=bS1;0,-2=wS2;0,-1=wS1;0,0=bB2;1,-1=wG2;2,-1=wG3
119	55	1.000000	terminal	G1|b|55|28|27|-5,1=wA2;-4,0=wB2;-4,6=wG1;-3,0=wB1;-3,1=wA1;-3,2=bQ;-3,3=wA3;-3,5=bG3;-2,-1=wQ;-2,3=bG1;-2,4=bS2;-2,5=bB1;-2,6=bG2;-1,-2=bA2;-1,-1=bA3;-1,1=bA1;-1,2=bS1;0,-2=wS2;0,-1=wS1;0,0=bB2;1,-1=wG2;2,-1=wG3
119	57	1.000000	terminal	G1|b|57|29|28|-5,1=wA2;-4,0=wB2;-4,6=wG1;-3,0=wB1;-3,1=wA1;-3,2=bQ;-3,3=wA3;-3,5=bG3;-2,-2=wQ;-2,0=bA1;-2,3=bG1;-2,4=bS2;-2,5=bB1;-2,6=bG2;-1,-2=bA2;-1,-1=bA3;-1,2=bS1;0,-2=wS2;0,-1=wS1;0,0=bB2;1,-1=wG2;2,-1=wG3
119	59	1.000000	terminal	G1|b|59|30|29|-4,0=wB2;-4,2=wA2;-4,6=wG1;-3,0=wB1;-3,1=wA1;-3,2=bQ;-3,3=wA3;-3,5=bG3;-2,-2=wQ;-2,0=bA1;-2,3=bG1;-2,4=bS2;-2,5=bB1;-2,6=bG2;-1,-2=bA2;-1,-1=bA3;-1,0=bS1;0,-2=wS2;0,-1=wS1;0,0=bB2;1,-1=wG2;2,-1=wG3
119	61	1.000000	terminal	G1|b|61|31|30|-4,2=wA2;-4,6=wG1;-3,0=wB1,wB2;-3,1=wA1;-3,2=bQ;-3,3=wA3;-3,5=bG3;-2,-2=wQ;-2,0=bA1;-2,3=bG1;-2,4=bS2;-2,5=bB1;-2,6=bG2;-1,-2=bA2;-1,-1=bA3;-1,0=bS1;0,-2=wS2;0,-1=wS1;1,-1=wG2,bB2;2,-1=wG3
119	63	1.000000	terminal	G1|b|63|32|31|-4,2=wA2;-3,0=wB1,wB2;-3,1=wA1;-3,2=bQ;-3,3=wA3;-3,5=bG3;-2,-2=wQ;-2,0=bA1;-2,3=bG1;-2,4=bS2;-2,5=bB1;-2,6=bG2;-1,-2=bA2;-1,-1=bA3;-1,2=bS1;-1,3=wG1;0,-2=wS2;0,-1=wS1;1,-1=wG2,bB2;2,-1=wG3
119	65	1.000000	terminal	G1|b|65|33|32|-4,2=wA2;-3,0=wB1;-3,1=wA1;-3,2=bQ;-3,3=wA3;-3,5=bG3;-2,-2=wQ;-2,0=bA1,wB2;-2,3=bG1;-2,4=bS2;-2,5=bB1;-2,6=bG2;-1,-2=bA2;-1,-1=bA3;-1,2=bS1;-1,3=wG1;0,-2=wS2;0,-1=wS1;1,-1=wG2;2,-1=wG3,bB2
119	67	1.000000	terminal	G1|b|67|34|33|-4,2=wA2;-3,0=wB1;-3,1=wA1;-3,2=bQ;-3,3=wA3;-2,0=bA1,wB2;-2,3=bG1;-2,4=bS2;-2,5=bB1;-2,6=bG2;-1,-3=wQ;-1,-2=bA2;-1,-1=bA3;-1,2=bS1;-1,3=wG1;0,-2=wS2;0,-1=wS1;0,2=bG3;1,-1=wG2;2,-1=wG3,bB2
119	69	1.000000	terminal	G1|b|69|35|34|-4,2=wA2;-3,0=wB1;-3,1=wA1;-3,2=bQ;-3,3=wA3;-3,5=bG3;-2,0=bA1;-2,1=wB2;-2,3=bG1;-2,4=bS2;-2,5=bB1;-2,6=bG2;-1,-3=wQ;-1,-2=bA2;-1,-1=bA3;-1,2=bS1;-1,3=wG1;0,-2=wS2;0,-1=wS1;1,-1=wG2;2,-1=wG3,bB2
119	71	1.000000	terminal	G1|b|71|36|35|-4,2=wA2;-4,3=wG1;-3,0=wB1;-3,1=wA1;-3,2=bQ;-3,3=wA3;-3,5=bG3;-2,0=bA1;-2,1=wB2;-2,3=bG1;-2,4=bS2;-2,5=bB1;-2,6=bG2;-1,-3=wQ;-1,-2=bA2;-1,-1=bA3;-1,2=bS1;0,-2=wS2;0,-1=wS1;1,-1=wG2;2,-1=wG3;2,0=bB2
119	73	1.000000	terminal	G1|b|73|37|36|-4,2=wA2;-4,3=wG1;-3,0=wB1;-3,1=wA1;-3,2=bQ;-3,3=wA3;-3,5=bG3;-2,0=bA1;-2,1=wB2;-2,3=bG1;-2,4=bS2;-2,5=bB1;-2,6=bG2;-1,-3=wQ;-1,-2=bA2;-1,-1=bA3;-1,2=bS1;0,-1=wS1;1,-1=wG2;2,-1=wG3;3,-2=wS2;3,-1=bB2
119	75	1.000000	terminal	G1|b|75|38|37|-4,2=wA2;-4,3=wG1;-3,0=wB1;-3,1=wA1;-3,2=bQ;-3,3=wA3;-2,-2=wQ;-2,0=bA1;-2,1=wB2;-2,3=bG1;-2,4=bS2;-2,5=bB1;-2,6=bG2;-1,-2=bA2;-1,-1=bA3;-1,2=bS1;-1,5=bG3;0,-1=wS1;1,-1=wG2;2,-1=wG3;3,-2=wS2;3,-1=bB2
119	77	1.000000	terminal	G1|b|77|39|38|-4,2=wA2;-4,3=wG1;-3,1=wA1;-3,2=bQ;-3,3=wA3;-2,-2=wQ;-2,0=bA1,wB1;-2,1=wB2;-2,3=bG1;-2,4=bS2;-2,5=bB1;-2,6=bG2;-1,-2=bA2;-1,-1=bA3;-1,0=bS1;-1,5=bG3;0,-1=wS1;1,-1=wG2;2,-1=wG3;3,-2=wS2;3,-1=bB2
119	79	1.000000	terminal	G1|b|79|40|39|-4,2=wA2;-4,3=wG1;-3,1=wA1;-3,2=bQ;-3,3=wA3;-2,-2=wQ;-2,0=bA1,wB1;-2,1=wB2;-2,3=bG1;-2,4=bS2;-2,5=bB1;-1,-2=bA2;-1,-1=bA3;-1,0=bS1;-1,5=bG3;0,-2=wS2;0,-1=wS1;0,4=bG2;1,-1=wG2;2,-1=wG3;3,-1=bB2
119	81	1.000000	terminal	G1|b|81|41|40|-4,2=wA2;-3,1=wA1;-3,2=bQ;-3,3=wA3;-2,-2=wQ;-2,0=bA1,wB1;-2,1=wB2;-2,3=bG1;-2,4=bS2;-2,5=bB1;-1,-2=bA2;-1,-1=bA3;-1,0=bS1;-1,3=wG1;-1,5=bG3;0,-2=wS2;0,-1=wS1;0,4=bG2;1,-1=wG2;2,-1=wG3;2,0=bB2
119	83	1.000000	terminal	G1|b|83|42|41|-4,2=wA2;-4,3=wG1;-3,1=wA1;-3,2=bQ;-3,3=wA3;-2,-2=wQ;-2,0=bA1,wB1;-2,1=wB2;-2,3=bG1;-2,4=bS2;-2,5=bB1;-2,6=bG2;-1,-2=bA2;-1,-1=bA3;-1,0=bS1;-1,5=bG3;0,-2=wS2;0,-1=wS1;1,-1=wG2;2,-1=wG3;2,0=bB2
119	85	1.000000	terminal	G1|b|85|43|42|-4,2=wA2;-4,3=wG1;-3,1=wA1;-3,2=bQ;-3,3=wA3;-2,-2=wQ;-2,0=bA1;-2,1=wB2,wB1;-2,3=bG1;-2,4=bS2;-2,5=bB1;-2,6=bG2;-1,-2=bA2;-1,-1=bA3;-1,5=bG3;0,-2=wS2;0,-1=wS1;1,-1=wG2;1,1=bS1;2,-1=wG3;2,0=bB2
119	87	1.000000	terminal	G1|b|87|44|43|-4,2=wA2;-4,3=wG1;-3,2=bQ;-3,3=wA3;-2,-2=wQ;-2,0=bA1;-2,1=wB2,wB1;-2,3=bG1;-2,4=bS2;-2,5=bB1;-2,6=bG2;-1,-3=wA1;-1,-2=bA2;-1,-1=bA3;-1,5=bG3;0,-2=wS2;0,-1=wS1;1,-1=wG2;2,-1=wG3;2,0=bB2;3,-1=bS1
119	89	1.000000	terminal	G1|b|89|45|44|-4,2=wA2;-4,3=wG1;-3,2=bQ;-3,3=wA3;-2,-2=wQ;-2,0=bA1;-2,1=wB2,wB1;-2,2=wA1;-2,3=bG1;-2,4=bS2;-2,5=bB1;-2,6=bG2;-1,-2=bA2;-1,-1=bA3;-1,5=bG3;0,-2=wS2;0,-1=wS1;1,-1=wG2;2,-1=wG3;3,-1=bS1;3,0=bB2
119	91	1.000000	terminal	G1|b|91|46|45|-4,2=wA2;-4,3=wG1;-3,1=wB1;-3,2=bQ;-3,3=wA3;-2,-2=wQ;-2,-1=bG2;-2,0=bA1;-2,1=wB2;-2,2=wA1;-2,3=bG1;-2,4=bS2;-2,5=bB1;-1,-2=bA2;-1,-1=bA3;-1,5=bG3;0,-2=wS2;0,-1=wS1;1,-1=wG2;2,-1=wG3;3,-1=bS1;3,0=bB2
120	0	0.833655	adjudicated	G1|w|0|0|0|
120	6	0.833655	adjudicated	G1|w|6|3|3|-2,0=bQ;-1,0=bS1;-1,2=wA1;0,0=wG1;0,1=wB1
120	8	0.833655	adjudicated	G1|w|8|4|4|-1,-1=bQ;-1,0=bS1;-1,2=wA1;0,0=wG1;0,1=wB1;1,-1=wQ
120	10	0.833655	adjudicated	G1|w|10|5|5|-2,1=bG1;-1,-2=wA1;-1,-1=bQ;-1,0=bS1;0,0=wG1;0,1=wB1;1,-1=wQ
120	12	0.833655	adjudicated	G1|w|12|6|6|-3,2=bG2;-2,1=bG1;-1,-2=wA1;-1,-1=bQ;-1,0=bS1;0,0=wG1;0,1=wB1;0,2=wA2;1,-1=wQ
120	14	0.833655	adjudicated	G1|w|14|7|7|-3,2=bG2;-2,1=bG1;-2,2=bS2;-1,-2=wA1;-1,-1=bQ;-1,0=bS1;0,-2=wA2;0,0=wG1;0,1=wB1;1,-1=wQ
120	16	0.833655	adjudicated	G1|w|16|8|8|-3,2=bG2;-2,1=bG1;-1,-2=wA1;-1,-1=bQ;-1,0=bS1;0,-2=wA2;0,0=wG1,wB1;1,-1=wQ;1,0=bS2
120	18	0.833655	adjudicated	G1|w|18|9|9|-3,2=bG2;-2,1=bG1;-2,2=bB1;-1,-2=wA1;-1,-1=bQ;-1,0=bS1;0,-2=wA2;0,0=wG1,wB1;1,0=bS2;2,-1=wQ
120	20	0.833655	adjudicated	G1|w|20|10|10|-3,2=bG2;-2,-1=bQ;-2,1=bG1;-2,2=bB1;-1,-2=wA1;-1,0=bS1;0,-2=wA2;0,-1=wB1;0,0=wG1;1,0=bS2;2,-1=wQ
120	22	0.833655	adjudicated	G1|w|22|11|11|-3,2=bG2;-2,1=bG1;-2,2=bB1;-1,-2=wA1;-1,-1=bQ;-1,0=bS1;0,-2=wA2;0,-1=wB1;0,0=wG1;1,-3=wS1;1,0=bS2;2,-1=wQ
120	24	0.833655	adjudicated	G1|w|24|12|12|-3,2=bG2;-2,-1=bQ;-2,1=bG1;-2,2=bB1;-1,-2=wA1;-1,0=bS1;0,-2=wA2;0,-1=wB1;0,0=wG1;1,-3=wS1;1,0=bS2;2,-2=wS2;2,-1=wQ
120	26	0.833655	adjudicated	G1|w|26|13|13|-3,-1=bQ;-3,2=bG2;-2,-2=wS1;-2,1=bG1;-2,2=bB1;-1,-2=wA1;-1,0=bS1;0,-2=wA2;0,-1=wB1;0,0=wG1;1,0=bS2;2,-2=wS2;2,-1=wQ
120	28	0.833655	adjudicated	G1|w|28|14|14|-3,-1=bQ;-3,2=bG2;-2,-2=wS1;-2,1=bG1;-2,2=bB1;-2,3=bB2;-1,-2=wA1;-1,0=bS1;0,-2=wA2;0,-1=wB1;0,0=wG1;1,-3=wS2;1,0=bS2;2,-1=wQ
120	30	0.833655	adjudicated	G1|w|30|15|15|-3,-1=bQ;-3,2=bG2;-3,3=bA1;-2,-2=wS1;-2,1=bG1;-2,2=bB1;-2,3=bB2;-1,-2=wA1;-1,0=bS1;0,-2=wA2;0,-1=wB1;0,0=wG1;1,-3=wS2;1,0=bS2;2,0=wQ
120	32	0.833655	adjudicated	G1|w|32|16|16|-3,-1=bQ;-3,2=bG2;-2,-2=wS1;-2,1=bG1;-2,2=bB1;-2,3=bB2;-1,-2=wA1;-1,0=bS1;0,-2=wA2;0,-1=wB1;0,0=wG1;1,-3=wS2;1,0=bS2;2,-1=wQ;2,0=bA1
120	34	0.833655	adjudicated	G1|w|34|17|17|-3,-1=bQ;-3,2=bG2;-2,-2=wS1;-2,1=bG1;-2,2=bB1,bB2;-1,-2=wA1;-1,0=bS1;0,-2=wA2;0,-1=wB1;0,0=wG1;1,-3=wS2;1,0=bS2;2,0=bA1;3,-1=wQ
120	36	0.833655	adjudicated	G1|w|36|18|18|-3,-1=bQ;-3,2=bG2;-2,-2=wS1;-2,1=bG1;-2,2=bB1;-1,-2=wA1;-1,0=bS1;-1,2=bB2;0,-2=wA2;0,-1=wB1;0,0=wG1;1,-3=wS2;1,0=bS2;2,-4=wG2;2,0=bA1;3,-1=wQ
120	38	0.833655	adjudicated	G1|w|38|19|19|-3,-1=bQ;-3,2=bG2;-2,-2=wS1;-2,1=bG1;-2,2=bB1;-1,-2=wA1;-1,0=bS1;-1,2=bB2;0,-2=wA2;0,-1=wB1;0,0=wG1;1,-3=wS2;1,0=bS2;2,-4=wG2;2,-3=wB2;2,0=bA1;2,1=bG3;3,-1=wQ
120	40	0.833655	adjudicated	G1|w|40|20|20|-3,-1=bQ;-3,2=bG2;-2,-2=wS1;-2,1=bG1;-2,2=bB1;-1,-2=wA1;-1,-1=wG2;-1,0=bS1;-1,2=bB2;0,-2=wA2;0,-1=wB1;0,0=wG1;1,-3=wS2;1,0=bS2;2,-3=wB2;2,-1=bG3;2,0=bA1;3,-1=wQ
120	42	0.833655	adjudicated	G1|w|42|21|21|-3,-1=bQ;-3,2=bG2;-2,-2=wS1;-2,1=bG1;-2,2=bB1;-1,-2=wA1;-1,-1=wG2;-1,0=bS1;-1,2=bB2;0,-2=wA2;0,-1=wB1;0,0=wG1;1,-3=wS2;1,0=bS2;2,-3=wB2;2,0=bA1;2,1=bG3;3,0=wQ
120	44	0.833655	adjudicated	G1|w|44|22|22|-3,-1=bQ;-3,1=bA2;-3,2=bG2;-2,-2=wS1;-2,1=bG1;-2,2=bB1;-1,-2=wA1;-1,-1=wG2;-1,0=bS1;-1,2=bB2;0,-2=wA2;0,-1=wB1;0,0=wG1;1,-3=wS2;1,0=bS2;2,-3=wB2;2,0=bA1;2,1=bG3;3,1=wQ
120	46	0.833655	adjudicated	G1|w|46|23|23|-3,-1=bQ;-3,2=bG2;-2,-2=wS1;-2,1=bG1;-2,2=bB1;-1,-2=wA1;-1,-1=wG2;-1,0=bS1;-1,2=bB2;0,-2=wA2;0,0=wG1;1,-3=wS2;1,-2=wB1;1,0=bS2;2,-3=wB2;2,0=bA1;2,1=bG3;3,0=bA2;3,1=wQ
120	48	0.833655	adjudicated	G1|w|48|24|24|-3,-1=bQ;-3,2=bG2;-2,-2=wS1;-2,1=bG1;-2,2=bB1;-1,-2=wA1;-1,-1=wG2;-1,0=bS1;-1,2=bB2;0,-2=wA2;0,0=wG1;1,-3=wS2;1,-2=wB1;1,0=bS2;2,-3=wB2;2,0=bA1;3,0=bA2;4,-1=bG3;4,0=wQ
120	50	0.833655	adjudicated	G1|w|50|25|25|-3,-1=bQ;-3,2=bG2;-2,-2=wS1;-2,1=bG1;-2,2=bB1;-1,-2=wA1;-1,-1=wG2;-1,0=bS1;-1,2=bB2;-1,3=bA3;0,-2=wA2;0,0=wG1;1,-3=wS2;1,-2=wB1;1,0=bS2;2,-3=wB2;2,0=bA1;3,0=bA2;4,-1=bG3;5,-1=wQ
120	52	0.833655	adjudicated	G1|w|52|26|26|-3,-1=bQ;-3,2=bG2;-2,-2=wS1;-2,1=bG1;-2,2=bB1;-1,-2=wA1;-1,-1=wG2;-1,0=bS1;-1,2=bB2;0,-2=wA2;0,0=wG1;1,-3=wS2;1,-2=wB1;1,0=bS2;2,-3=wB2;2,0=bA1;3,-4=wG3;3,0=bA2;4,-1=bG3;5,-1=wQ;6,-1=bA3
120	54	0.833655	adjudicated	G1|w|54|27|27|-3,-2=bQ;-3,2=bG2;-2,-2=wS1;-2,1=bG1;-2,2=bB1;-1,-2=wA1;-1,-1=wG2;-1,0=bS1;-1,2=bB2;0,-2=wA2;0,0=wG1;1,-3=wS2,wB1;1,0=bS2;2,-3=wB2;2,0=bA1;3,-4=wG3;3,0=bA2;4,-1=bG3;5,-1=wQ;6,-1=bA3
120	56	0.833655	adjudicated	G1|w|56|28|28|-3,-2=bQ;-3,2=bG2;-2,-2=wS1;-2,-1=wA3;-2,1=bG1;-2,2=bB1;-1,-2=wA1;-1,-1=wG2;-1,0=bS1;-1,2=bB2;0,-2=wA2;0,0=wG1;1,-3=wS2,wB1;1,0=bS2;2,-3=wB2;2,0=bA1;3,-4=wG3;3,0=bA2;4,-1=bG3;4,0=bA3;5,-1=wQ
120	58	0.833655	adjudicated	G1|w|58|29|29|-4,-1=wA3;-3,-2=bQ;-3,2=bG2;-2,-2=wS1;-2,1=bG1;-2,2=bB1;-1,-2=wA1;-1,-1=wG2;-1,0=bS1;-1,2=bB2;0,-2=wA2;0,0=wG1;1,-3=wS2,wB1;1,0=bS2;2,-3=wB2;2,0=bA1;3,-4=wG3;3,0=bA2;4,0=bA3;5,-1=wQ;6,-1=bG3
120	60	0.833655	adjudicated	G1|w|60|30|30|-4,-1=wA3;-3,-2=bQ;-3,2=bG2;-2,-2=wS1;-2,1=bG1;-2,2=bB1;-1,-2=wA1;-1,-1=wG2;-1,0=bS1;-1,2=bB2;0,-2=wA2;0,0=wG1;1,-3=wS2;1,0=bS2;2,-4=wB1;2,-3=wB2;2,0=bA1;3,-4=wG3;3,0=bA2;4,-1=bG3;4,0=bA3;5,-1=wQ
120	62	0.833655	adjudicated	G1|w|62|31|31|-4,-1=wA3;-3,-2=bQ;-3,2=bG2;-2,-2=wS1;-2,1=bG1;-2,2=bB1;-1,-2=wA1;-1,-1=wG2;-1,0=bS1;-1,2=bB2;0,-2=wA2;0,0=wG1;1,-3=wS2;1,0=bS2;2,-4=wB1;2,-3=wB2;2,0=bA1;3,-4=wG3;3,0=bA2;4,-1=bG3;5,-3=bA3;5,-2=wQ
120	64	0.833655	adjudicated	G1|w|64|32|32|-4,-1=wA3;-3,-2=bQ;-3,2=bG2;-2,-2=wS1;-2,1=bG1;-2,2=bB1;-1,-2=wA1;-1,-1=wG2;-1,0=bS1;-1,2=bB2;0,-2=wA2;0,0=wG1;1,-3=wS2;1,-2=wG3;1,0=bS2;2,-4=wB1;2,-3=wB2;2,0=bA1;3,0=bA2;4,-1=bG3;5,-2=wQ;6,-2=bA3
120	66	0.833655	adjudicated	G1|w|66|33|33|-3,-2=bQ;-3,2=bG2;-2,-2=wS1;-2,1=bG1;-2,2=bB1;-2,3=wA3;-1,-2=wA1;-1,-1=wG2;-1,0=bS1;-1,2=bB2;0,-2=wA2;0,0=wG1;1,-3=wS2;1,-2=wG3;1,0=bS2;2,-4=wB1;2,-3=wB2;2,0=bA1;3,0=bA2;4,-2=bA3;4,-1=bG3;5,-2=wQ
120	68	0.833655	adjudicated	G1|w|68|34|34|-3,-2=bQ;-3,2=bG2;-2,-2=wS1;-2,1=bG1;-2,2=bB1;-2,3=wA3;-1,-2=wA1;-1,-1=wG2;-1,0=bS1;-1,2=bB2;0,-2=wA2;0,0=wG1;1,-3=wS2;1,-2=wG3;1,0=bS2;2,-4=wB1;2,-3=wB2;2,0=bA1;3,0=bA2;4,-1=bG3;5,-1=wQ;6,-2=bA3
120	70	0.833655	adjudicated	G1|w|70|35|35|-4,-1=wA3;-3,-2=bQ;-3,2=bG2;-2,-2=wS1;-2,1=bG1;-2,2=bB1;-1,-2=wA1;-1,-1=wG2;-1,0=bS1;-1,2=bB2;0,-2=wA2;0,0=wG1;1,-3=wS2;1,-2=wG3;1,0=bS2;2,-4=wB1;2,-3=wB2;2,0=bA1;3,0=bA2;4,-1=bG3;4,0=bA3;5,-1=wQ
120	72	0.833655	adjudicated	G1|w|72|36|36|-4,-1=wA3;-3,-2=bQ;-3,2=bG2;-2,-2=wS1;-2,1=bG1;-2,2=bB1;-1,-2=wA1;-1,-1=wG2;-1,0=bS1;-1,2=bB2;0,-2=wA2;0,0=wG1;1,-3=wS2;1,-2=wG3;1,0=bS2;2,-4=wB1;2,-3=wB2;2,0=bA1;3,0=bA2;4,-1=bG3;5,-3=bA3;5,-2=wQ
120	74	0.833655	adjudicated	G1|w|74|37|37|-4,-2=wG3;-4,-1=wA3;-3,-2=bQ;-3,2=bG2;-2,-2=wS1;-2,1=bG1;-2,2=bB1;-1,-2=wA1;-1,-1=wG2;-1,0=bS1;-1,2=bB2;0,-2=wA2;0,0=wG1;1,-3=wS2;1,0=bS2;2,-4=wB1;2,-3=wB2;2,0=bA1;3,0=bA2;4,-1=bG3;5,-2=wQ;5,-1=bA3
120	76	0.833655	adjudicated	G1|w|76|38|38|-4,-2=wG3;-4,-1=wA3;-3,-2=bQ;-3,2=bG2;-2,-2=wS1;-2,1=bG1;-2,2=bB1;-1,-2=wA1;-1,-1=wG2;-1,0=bS1;-1,2=bB2;0,-2=wA2;0,0=wG1;1,-3=wS2;1,0=bS2;2,-4=wB1;2,-3=wB2;2,0=bA1;3,-3=bA3;3,0=bA2;4,-2=wQ;4,-1=bG3
120	78	0.833655	adjudicated	G1|w|78|39|39|-4,-2=wG3;-3,-2=bQ;-3,2=bG2;-2,-3=wA3;-2,-2=wS1;-2,1=bG1;-2,2=bB1;-1,-2=wA1;-1,-1=wG2;-1,0=bS1;-1,2=bB2;0,-2=wA2;0,0=wG1;1,-3=wS2;1,0=bS2;2,-4=wB1;2,-3=wB2;2,0=bA1;3,0=bA2;4,-2=wQ;4,-1=bG3;5,-3=bA3
120	80	0.833655	adjudicated	G1|w|80|40|40|-4,-2=wG3;-3,-2=bQ;-3,2=bG2;-2,-3=wA3;-2,-2=wS1;-2,1=bG1;-2,2=bB1,bB2;-1,-2=wA1;-1,-1=wG2;-1,0=bS1;0,-2=wA2;0,0=wG1;1,-3=wS2;1,-2=wB2;1,0=bS2;2,-4=wB1;2,0=bA1;3,0=bA2;4,-2=wQ;4,-1=bG3;5,-3=bA3
120	82	0.833655	adjudicated	G1|w|82|41|41|-4,-2=wG3;-3,-3=wA3;-3,-2=bQ;-3,2=bG2;-3,3=bB2;-2,-2=wS1;-2,1=bG1;-2,2=bB1;-1,-2=wA1;-1,-1=wG2;-1,0=bS1;0,-2=wA2;0,0=wG1;1,-3=wS2;1,-2=wB2;1,0=bS2;2,-4=wB1;2,0=bA1;3,0=bA2;4,-2=wQ;4,-1=bG3;5,-3=bA3
120	84	0.833655	adjudicated	G1|w|84|42|42|-4,-2=wG3;-3,-2=bQ;-3,2=bG2;-3,3=bB2,bB1;-2,-2=wS1;-2,1=bG1;-1,-2=wA1;-1,-1=wG2;-1,0=bS1;0,-2=wA2;0,0=wG1;1,-3=wS2;1,-2=wB2;1,0=bS2;2,-5=wA3;2,-4=wB1;2,0=bA1;3,0=bA2;4,-2=wQ;4,-1=bG3;5,-3=bA3
120	86	0.833655	adjudicated	G1|w|86|43|43|-4,-2=wG3;-4,4=bB1;-3,-2=bQ;-3,2=bG2;-3,3=bB2;-2,-3=wA3;-2,-2=wS1;-2,1=bG1;-1,-2=wA1;-1,-1=wG2;-1,0=bS1;0,-2=wA2;0,0=wG1;1,-3=wS2;1,-2=wB2;1,0=bS2;2,-4=wB1;2,0=bA1;3,0=bA2;4,-2=wQ;4,-1=bG3;5,-3=bA3
120	88	0.833655	adjudicated	G1|w|88|44|44|-4,-2=wG3;-4,4=bB1;-3,-2=bQ;-3,2=bG2;-3,3=bB2;-2,-3=wA3;-2,-2=wS1;-2,1=bG1;-1,-2=wA1;-1,-1=wG2;-1,0=bS1;0,-2=wA2;0,0=wG1;1,-3=wS2,wB1;1,-2=wB2;1,0=bS2;2,-3=bA3;2,0=bA1;3,0=bA2;4,-2=wQ;4,-1=bG3
120	90	0.833655	adjudicated	G1|w|90|45|45|-4,-2=wG3;-3,-2=bQ;-3,2=bG2;-3,3=bB2,bB1;-2,-3=wA3;-2,-2=wS1;-2,1=bG1;-1,-2=wA1;-1,-1=wG2;-1,0=bS1;0,-2=wA2;0,0=wG1;1,-3=wS2;1,-2=wB2;1,0=bS2;2,-3=bA3,wB1;2,0=bA1;3,0=bA2;4,-2=wQ;4,-1=bG3
120	92	0.833655	adjudicated	G1|w|92|46|46|-4,-2=wG3;-4,4=bB1;-3,-2=bQ;-3,2=bG2;-3,3=bB2;-2,-2=wS1;-2,-1=wA3;-2,1=bG1;-1,-2=wA1;-1,-1=wG2;-1,0=bS1;0,-2=wA2;0,0=wG1;1,-3=wS2;1,-2=wB2;1,0=bS2;2,-3=bA3,wB1;2,0=bA1;3,0=bA2;4,-2=wQ;4,-1=bG3
120	94	0.833655	adjudicated	G1|w|94|47|47|-4,-2=wG3;-4,3=bB1;-3,-2=bQ;-3,2=bG2;-3,3=bB2;-2,-3=wS2;-2,-2=wS1;-2,-1=wA3;-2,1=bG1;-1,-2=wA1;-1,-1=wG2;-1,0=bS1;0,-2=wA2;0,0=wG1;1,-2=wB2;1,0=bS2;2,-3=bA3,wB1;2,0=bA1;3,0=bA2;4,-2=wQ;4,-1=bG3
120	96	0.833655	adjudicated	G1|w|96|48|48|-4,-2=wG3;-4,3=bB1;-3,-2=bQ;-3,-1=wA3;-3,2=bG2;-2,-3=wS2;-2,-2=wS1;-2,1=bG1;-2,2=bB2;-1,-2=wA1;-1,-1=wG2;-1,0=bS1;0,-2=wA2;0,0=wG1;1,-2=wB2;1,0=bS2;2,-3=bA3,wB1;2,0=bA1;3,0=bA2;4,-2=wQ;4,-1=bG3
121	0	0.833655	adjudicated	G1|w|0|0|0|
121	7	0.833655	adjudicated	G1|b|7|4|3|-2,1=wQ;-1,1=wS1;-1,2=wG2;0,0=wG1;1,0=bG1;1,1=bS1;2,-1=bG2
121	9	0.833655	adjudicated	G1|b|9|5|4|-2,1=wQ;-1,1=wS1;-1,2=wG2;-1,3=wA1;0,0=wG1;1,0=bG1;1,1=bS1;2,-1=bG2;2,1=bQ
121	11	0.833655	adjudicated	G1|b|11|6|5|-2,1=wQ;-1,1=wS1;-1,2=wG2;-1,3=wA1;-1,4=wG3;0,0=wG1;1,0=bG1;1,1=bS1;2,-1=bG2;2,1=bQ;3,-1=bS2
121	13	0.833655	adjudicated	G1|b|13|7|6|-2,1=wQ;-2,4=wA2;-1,1=wS1;-1,2=wG2;-1,3=wA1;-1,4=wG3;0,0=wG1;1,0=bG1;1,1=bS1;2,-2=bA1;2,-1=bG2;2,1=bQ;3,-1=bS2
121	15	0.833655	adjudicated	G1|b|15|8|7|-2,1=wQ;-1,0=bA1;-1,1=wS1;-1,2=wG2;-1,3=wA1;-1,4=wG3;0,0=wG1;1,0=bG1;1,1=bS1;1,2=wA2;2,-1=bG2;2,1=bQ;3,-1=bS2
121	17	0.833655	adjudicated	G1|b|17|9|8|-2,0=wQ;-1,0=bA1;-1,1=wS1;-1,2=wG2;-1,3=wA1;-1,4=wG3;0,0=wG1;1,0=bG1;1,1=bS1;1,2=wA2;2,-1=bG2;2,2=bQ;3,-1=bS2
121	19	0.833655	adjudicated	G1|b|19|10|9|-2,0=wQ;-2,5=wS2;-1,0=bA1;-1,1=wS1;-1,2=wG2;-1,3=wA1;-1,4=wG3;0,0=wG1;1,0=bG1;1,1=bS1;1,2=wA2;2,-1=bG2;2,2=bQ;3,-1=bS2;4,-1=bG3
121	21	0.833655	adjudicated	G1|b|21|11|10|-3,6=wB1;-2,0=wQ;-2,5=wS2;-1,0=bA1;-1,1=wS1;-1,2=wG2;-1,3=wA1;-1,4=wG3;0,0=wG1;1,0=bG1;1,1=bS1;1,2=wA2;2,-1=bG2;2,2=bQ;3,-1=bS2;4,-1=bG3;5,-1=bA2
121	23	0.833655	adjudicated	G1|b|23|12|11|-3,0=bA2;-3,6=wB1;-2,0=wQ;-2,5=wS2;-1,0=bA1;-1,1=wS1;-1,2=wG2;-1,3=wA1;-1,4=wG3;-1,5=wA3;0,0=wG1;1,0=bG1;1,1=bS1;1,2=wA2;2,-1=bG2;2,2=bQ;3,-1=bS2;4,-1=bG3
121	25	0.833655	adjudicated	G1|b|25|13|12|-4,1=bB1;-3,0=bA2;-3,6=wB1;-2,0=wQ;-2,5=wS2;-1,0=bA1;-1,1=wS1;-1,2=wG2;-1,3=wA1;-1,4=wG3;0,0=wG1;1,0=bG1;1,1=bS1;1,2=wA2;1,3=wA3;2,-1=bG2;2,2=bQ;3,-1=bS2;4,-1=bG3
121	27	0.833655	adjudicated	G1|b|27|14|13|-4,1=bB1;-3,0=bA2;-3,6=wB1;-2,0=wQ;-2,5=wS2;-1,0=bA1;-1,1=wS1;-1,2=wG2;-1,3=wA1;-1,4=wG3;0,0=wG1;0,4=wB2;1,0=bG1;1,1=bS1;1,2=wA2;1,3=wA3;2,-1=bG2;2,3=bQ;3,-1=bS2;4,-1=bG3
121	29	0.833655	adjudicated	G1|b|29|15|14|-4,1=bB1;-3,0=bA2;-3,6=wB1;-2,0=wQ;-2,5=wS2;-1,0=bA1;-1,1=wS1;-1,2=wG2;-1,3=wA1;-1,4=wG3;0,0=wG1;0,4=wB2;1,0=bG1;1,1=bS1;1,3=wA3;2,-1=bG2;2,3=bQ;3,-2=bA3;3,-1=bS2;3,3=wA2;4,-1=bG3
121	31	0.833655	adjudicated	G1|b|31|16|15|-4,1=bB1;-3,0=bA2;-3,6=wB1;-2,0=wQ;-2,5=wS2;-1,-1=bA3;-1,0=bA1;-1,1=wS1;-1,2=wG2;-1,3=wA1;-1,4=wG3;0,0=wG1;0,4=wB2;1,0=bG1;1,1=bS1;1,3=wA3;2,-1=bG2;2,3=bQ;2,4=wA2;3,-1=bS2;4,-1=bG3
121	33	0.833655	adjudicated	G1|b|33|17|16|-3,0=bA2;-3,1=bB1;-3,6=wB1;-2,0=wQ;-2,5=wS2;-1,-1=bA3;-1,0=bA1;-1,1=wS1;-1,2=wG2;-1,3=wA1;-1,4=wG3;0,0=wG1;0,4=wB2;1,0=bG1;1,1=bS1;1,3=wA3;2,-1=bG2;2,3=bQ;3,-1=bS2;3,3=wA2;4,-1=bG3
121	35	0.833655	adjudicated	G1|b|35|18|17|-3,0=bA2;-3,1=bB1;-2,0=wQ;-2,5=wS2;-2,6=wB1;-1,-1=bA3;-1,0=bA1;-1,1=wS1;-1,2=wG2;-1,3=wA1;-1,4=wG3;0,0=wG1;0,4=wB2;1,0=bG1;1,1=bS1;1,3=wA3;2,-1=bG2;2,0=bB2;2,3=bQ;3,-1=bS2;3,3=wA2;4,-1=bG3
121	37	0.833655	adjudicated	G1|b|37|19|18|-3,0=bA2;-2,0=wQ;-2,1=bB1;-2,5=wS2;-2,6=wB1;-1,-1=bA3;-1,0=bA1;-1,1=wS1;-1,2=wG2;-1,3=wA1;-1,4=wG3;0,0=wG1;0,4=wB2;1,0=bG1;1,1=bS1;1,3=wA3;2,-1=bG2;2,0=bB2;2,3=bQ;2,4=wA2;3,-1=bS2;4,-1=bG3
121	39	0.833655	adjudicated	G1|b|39|20|19|-3,0=bA2;-3,1=bB1;-2,0=wQ;-2,5=wS2;-1,-1=bA3;-1,0=bA1;-1,1=wS1;-1,2=wG2;-1,3=wA1;-1,4=wG3;-1,5=wB1;0,0=wG1;0,4=wB2;1,0=bG1;1,1=bS1;1,3=wA3;2,-1=bG2;2,0=bB2;2,3=bQ;2,4=wA2;3,-1=bS2;4,-1=bG3
121	41	0.833655	adjudicated	G1|b|41|21|20|-3,0=bA2;-3,1=bB1;-2,-1=wQ;-2,1=bA3;-2,5=wS2;-1,0=bA1;-1,1=wS1;-1,2=wG2;-1,3=wA1;-1,4=wG3;-1,5=wB1;0,0=wG1;0,4=wB2;1,0=bG1;1,1=bS1;1,3=wA3;2,-1=bG2;2,0=bB2;2,3=bQ;2,4=wA2;3,-1=bS2;4,-1=bG3
121	43	0.833655	adjudicated	G1|b|43|22|21|-3,0=bA2;-3,1=bB1;-2,-2=bA1;-2,-1=wQ;-2,1=bA3;-2,5=wS2;-1,1=wS1;-1,2=wG2;-1,3=wA1;-1,4=wG3;0,0=wG1;0,4=wB2,wB1;1,0=bG1;1,1=bS1;1,3=wA3;2,-1=bG2;2,0=bB2;2,3=bQ;2,4=wA2;3,-1=bS2;4,-1=bG3
121	45	0.833655	adjudicated	G1|b|45|23|22|-3,0=bA2;-3,1=bB1;-2,-2=bA1;-2,-1=wQ;-2,1=bA3;-1,1=wS1;-1,2=wG2;-1,3=wA1;-1,4=wG3;0,0=wG1;0,4=wB2,wB1;1,0=bG1,bB2;1,1=bS1;1,3=wA3;1,4=wS2;2,-1=bG2;2,3=bQ;2,4=wA2;3,-1=bS2;4,-1=bG3
121	47	0.833655	adjudicated	G1|b|47|24|23|-3,0=bA2;-3,1=bB1;-2,-2=bA1;-2,-1=wQ;-2,1=bA3;-1,1=wS1;-1,2=wG2;-1,3=wA1;-1,4=wG3;0,0=wG1;0,4=wB2;1,-1=bB2;1,0=bG1;1,1=bS1;1,3=wA3,wB1;1,4=wS2;2,-1=bG2;2,3=bQ;2,4=wA2;3,-1=bS2;4,-1=bG3
121	49	0.833655	adjudicated	G1|b|49|25|24|-3,0=bA2;-3,1=bB1;-2,-2=bA1;-2,-1=wQ;-2,1=bA3;-1,1=wS1;-1,2=wG2;-1,3=wA1;-1,4=wG3;0,0=wG1;0,4=wB2;1,-1=bB2;1,0=bG1;1,1=bS1;1,3=wA3,wB1;1,4=wS2;2,-1=bG2;2,2=bQ;3,-1=bS2;3,1=wA2;4,-1=bG3
121	51	0.833655	adjudicated	G1|b|51|26|25|-3,0=bA2;-3,1=bB1;-2,-2=bA1;-2,-1=wQ;-2,1=bA3;-1,1=wS1;-1,2=wG2;-1,3=wA1;-1,4=wG3;0,0=wG1;0,4=wB2;1,0=bG1;1,1=bS1;1,2=wB1;1,3=wA3;1,4=wS2;2,-1=bG2,bB2;2,2=bQ;3,-1=bS2;3,1=wA2;4,-1=bG3
121	53	0.833655	adjudicated	G1|b|53|27|26|-3,0=bA2;-3,1=bB1;-2,-1=wQ;-2,1=bA3;-1,-2=bA1;-1,1=wS1;-1,2=wG2;-1,4=wG3;0,0=wG1;0,4=wB2;1,0=bG1;1,1=bS1;1,2=wB1;1,3=wA3;1,4=wS2;2,-1=bG2,bB2;2,2=bQ;3,-1=bS2;3,1=wA2;3,2=wA1;4,-1=bG3
121	55	0.833655	adjudicated	G1|b|55|28|27|-3,0=bA2;-3,1=bB1;-2,-1=wQ;-2,1=bA3;-1,-1=bA1;-1,1=wS1;-1,2=wG2;-1,4=wG3;0,0=wG1;0,4=wB2;1,0=bG1;1,1=bS1;1,2=wB1;1,3=wA3;1,4=wS2;2,-1=bG2,bB2;2,2=bQ;2,3=wA2;3,-1=bS2;3,2=wA1;4,-1=bG3
121	57	0.833655	adjudicated	G1|b|57|29|28|-3,0=bA2;-3,1=bB1;-2,-1=wQ;-2,1=bA3;-1,-1=bA1;-1,1=wS1;-1,2=wG2;-1,4=wG3;0,0=wG1;0,4=wB2;1,0=bG1;1,1=bS1;1,2=wB1;1,3=wA3;2,-1=bG2,bB2;2,3=wA2;3,-1=bS2;3,1=bQ;3,2=wA1;4,-1=bG3;4,2=wS2
121	59	0.833655	adjudicated	G1|b|59|30|29|-3,0=bA2;-3,1=bB1;-2,-1=wQ;-2,1=bA3;-1,-1=bA1;-1,0=wG2;-1,1=wS1;-1,4=wG3;0,0=wG1;0,4=wB2;1,0=bG1;1,1=bS1;1,2=wB1;1,3=wA3;2,-1=bG2;2,3=wA2;3,-2=bB2;3,-1=bS2;3,1=bQ;3,2=wA1;4,-1=bG3;4,2=wS2
121	61	0.833655	adjudicated	G1|b|61|31|30|-3,0=bA2;-3,1=bB1;-2,-1=wQ;-1,-2=bA3;-1,-1=bA1;-1,0=wG2;-1,1=wS1;0,0=wG1;0,4=wB2;1,0=bG1;1,1=bS1;1,2=wB1;1,3=wA3;1,4=wG3;2,-1=bG2;2,3=wA2;3,-2=bB2;3,-1=bS2;3,1=bQ;3,2=wA1;4,-1=bG3;4,2=wS2
121	63	0.833655	adjudicated	G1|b|63|32|31|-3,0=bA2;-2,-2=wQ;-2,0=bB1;-1,-2=bA3;-1,-1=bA1;-1,0=wG2;-1,1=wS1;0,0=wG1;0,4=wB2;1,0=bG1;1,1=bS1;1,2=wB1;1,3=wA3;1,4=wG3;2,-1=bG2;2,3=wA2;3,-2=bB2;3,-1=bS2;3,1=bQ;3,2=wA1;4,-1=bG3;4,2=wS2
121	65	0.833655	adjudicated	G1|b|65|33|32|-2,-3=bA2;-2,-2=wQ;-2,0=bB1;-1,-2=bA3;-1,-1=bA1;-1,0=wG2;-1,1=wS1;0,0=wG1;0,4=wB2;1,0=bG1;1,1=bS1;1,2=wB1;1,3=wA3;1,4=wG3;2,-1=bG2;2,3=wA2;3,-2=bB2;3,-1=bS2;3,1=bQ;3,2=wA1;4,-1=bG3;5,-1=wS2
121	67	0.833655	adjudicated	G1|b|67|34|33|-2,-3=bA2;-2,-2=wQ;-2,-1=bB1;-1,-2=bA3;-1,-1=bA1;-1,0=wG2;-1,1=wS1;0,0=wG1;0,4=wB2;1,0=bG1;1,1=bS1;1,2=wB1;1,3=wA3;2,-1=bG2;2,3=wA2;3,-2=bB2;3,-1=bS2;3,1=bQ;3,2=wA1;4,-1=bG3;4,1=wG3;5,-1=wS2
121	69	0.833655	adjudicated	G1|b|69|35|34|-3,-1=bB1;-2,-3=bA2;-2,-2=wQ;-1,-2=bA3;-1,-1=bA1;-1,0=wG2;-1,1=wS1;0,0=wG1;0,3=wB2;1,0=bG1;1,1=bS1;1,2=wB1;1,3=wA3;2,-1=bG2;2,3=wA2;3,-2=bB2;3,-1=bS2;3,1=bQ;3,2=wA1;4,-1=bG3;4,1=wG3;5,-1=wS2
121	71	0.833655	adjudicated	G1|b|71|36|35|-3,-1=bB1;-2,-2=wQ;-1,-3=bA2;-1,-2=bA3;-1,-1=bA1;-1,0=wG2;-1,1=wS1;0,0=wG1;1,0=bG1;1,1=bS1;1,2=wB1,wB2;1,3=wA3;2,-1=bG2;2,3=wA2;3,-2=bB2;3,-1=bS2;3,1=bQ;3,2=wA1;4,-1=bG3;4,1=wG3;5,-1=wS2
121	73	0.833655	adjudicated	G1|b|73|37|36|-2,-3=wQ;-2,-1=bB1;-1,-3=bA2;-1,-2=bA3;-1,-1=bA1;-1,0=wG2;-1,1=wS1;0,0=wG1;1,0=bG1;1,1=bS1;1,2=wB1,wB2;1,3=wA3;2,-1=bG2;2,3=wA2;3,-2=bB2;3,-1=bS2;3,1=bQ;3,2=wA1;4,-1=bG3;4,1=wG3;5,-1=wS2
121	75	0.833655	adjudicated	G1|b|75|38|37|-2,-3=wQ;-2,-2=bB1;-1,-3=bA2;-1,-2=bA3;-1,-1=bA1;-1,0=wG2;-1,1=wS1;0,0=wG1;1,0=bG1;1,1=bS1;1,2=wB1;1,3=wA3;2,-1=bG2;2,2=wB2;2,3=wA2;3,-2=bB2;3,-1=bS2;3,1=bQ;3,2=wA1;4,-1=bG3;4,1=wG3;5,-1=wS2
121	77	0.833655	adjudicated	G1|b|77|39|38|-3,-2=bB1;-2,-3=wQ;-1,-3=bA2;-1,-2=bA3;-1,-1=bA1;-1,0=wG2;-1,1=wS1;0,0=wG1;1,0=bG1;1,1=bS1;1,2=wB1;1,3=wA3;2,-1=bG2;2,2=wB2;3,-2=bB2;3,-1=bS2;3,1=bQ;3,2=wA1;3,3=wA2;4,-1=bG3;4,1=wG3;5,-1=wS2
121	79	0.833655	adjudicated	G1|b|79|40|39|-3,-2=bB1;-2,-3=wQ;-1,-3=bA2;-1,-2=bA3;-1,-1=bA1;-1,0=wG2;-1,1=wS1;0,0=wG1;0,3=wA3;1,0=bG1;1,1=bS1;1,2=wB1;2,-1=bG2,bB2;2,2=wB2;3,-1=bS2;3,1=bQ;3,2=wA1;3,3=wA2;4,-1=bG3;4,1=wG3;5,-1=wS2
121	81	0.833655	adjudicated	G1|b|81|41|40|-2,-3=wQ,bB1;-1,-3=bA2;-1,-2=bA3;-1,-1=bA1;-1,0=wG2;-1,1=wS1;0,0=wG1;1,0=bG1;1,1=bS1;1,2=wB1;2,-1=bG2,bB2;2,2=wB2;3,-1=bS2;3,1=bQ;3,2=wA1;3,3=wA2;4,-1=bG3;4,1=wG3;5,-1=wS2;6,-1=wA3
121	83	0.833655	adjudicated	G1|b|83|42|41|-2,-4=bB1;-2,-3=wQ;-1,-3=bA2;-1,-2=bA3;-1,-1=bA1;-1,0=wG2;-1,1=wS1;0,0=wG1;0,1=wA2;1,0=bG1;1,1=bS1;1,2=wB1;2,-1=bG2,bB2;2,2=wB2;3,-1=bS2;3,1=bQ;3,2=wA1;4,-1=bG3;4,1=wG3;5,-1=wS2;6,-1=wA3
121	85	0.833655	adjudicated	G1|b|85|43|42|-2,-4=bB1;-2,-3=wQ;-2,-1=wA3;-1,-3=bA2;-1,-2=bA3;-1,-1=bA1;-1,0=wG2;-1,1=wS1;0,0=wG1;0,1=wA2;1,0=bG1;1,1=bS1;1,2=wB1;2,-2=bB2;2,-1=bG2;2,2=wB2;3,-1=bS2;3,1=bQ;3,2=wA1;4,-1=bG3;4,1=wG3;5,-1=wS2
121	87	0.833655	adjudicated	G1|b|87|44|43|-2,-4=bB1;-2,-3=wQ;-2,-1=wA3;-1,-3=bA2;-1,-2=bA3;-1,-1=bA1;-1,0=wG2;-1,1=wS1;0,0=wG1;0,2=wA2;1,0=bG1;1,1=bS1;1,2=wB1;2,-1=bG2;2,2=wB2;3,-2=bB2;3,-1=bS2;3,1=bQ;3,2=wA1;4,-1=bG3;4,1=wG3;5,-1=wS2
121	89	0.833655	adjudicated	G1|b|89|45|44|-2,-4=bB1;-2,-3=wQ;-1,-3=bA2;-1,-2=bA3;-1,-1=bA1;-1,0=wG2;-1,1=wS1;0,0=wG1;0,2=wA2;1,0=bG1;1,1=bS1;1,2=wB1;2,-3=wA3;2,-2=bB2;2,-1=bG2;2,2=wB2;3,-1=bS2;3,1=bQ;3,2=wA1;4,-1=bG3;4,1=wG3;5,-1=wS2
121	91	0.833655	adjudicated	G1|b|91|46|45|-2,-4=bB1;-2,-3=wQ;-1,-3=bA2;-1,-2=bA3;-1,-1=bA1;-1,0=wG2;-1,1=wS1;0,0=wG1;0,2=wA2;1,0=bG1;1,1=bS1;1,2=wB1;2,-3=wA3;2,-2=bB2;2,-1=bG2;2,1=bQ;2,2=wB2;3,-1=bS2;3,0=wS2;3,2=wA1;4,-1=bG3;4,1=wG3
121	93	0.833655	adjudicated	G1|b|93|47|46|-2,-4=wQ;-1,-4=bB1;-1,-3=bA2;-1,-2=bA3;-1,-1=bA1;-1,0=wG2;-1,1=wS1;0,0=wG1;0,2=wA2;1,0=bG1;1,1=bS1;1,2=wB1;2,-3=wA3;2,-2=bB2;2,-1=bG2;2,1=bQ;2,2=wB2;3,-1=bS2;3,0=wS2;3,2=wA1;4,-1=bG3;4,1=wG3
121	95	0.833655	adjudicated	G1|b|95|48|47|-2,-4=wQ;-1,-4=bB1;-1,-3=bA2;-1,-2=bA3;-1,-1=bA1;-1,0=wG2;-1,1=wS1;0,-5=wA3;0,0=wG1;0,2=wA2;1,-1=bG3;1,0=bG1;1,1=bS1;1,2=wB1;2,-2=bB2;2,-1=bG2;2,1=bQ;2,2=wB2;3,-1=bS2;3,0=wS2;3,2=wA1;4,1=wG3
122	0	-0.833655	adjudicated	G1|w|0|0|0|
122	6	-0.833655	adjudicated	G1|w|6|3|3|-2,1=wS1;-1,0=wB2;0,0=wB1;1,-3=bS2;1,-2=bG1;1,-1=bS1
122	8	-0.833655	adjudicated	G1|w|8|4|4|-2,1=wS1;-2,2=wQ;-1,0=wB2;0,0=wB1;1,-4=bQ;1,-3=bS2;1,-2=bG1;1,-1=bS1
122	10	-0.833655	adjudicated	G1|w|10|5|5|-2,0=wS2;-2,1=wS1;-2,2=wQ;-1,0=wB2;0,0=wB1;1,-4=bQ;1,-3=bS2;1,-2=bG1;1,-1=bS1;2,-1=bG2
122	12	-0.833655	adjudicated	G1|w|12|6|6|-3,2=wQ;-2,0=wS2;-2,1=wS1;-1,0=wB2;0,0=wB1;1,-5=bB1;1,-4=bQ;1,-3=bS2;1,-2=bG1;1,-1=bS1;2,-1=bG2
122	14	-0.833655	adjudicated	G1|w|14|7|7|-2,0=wS2;-2,1=wS1;-2,2=wQ;-1,0=wB2;0,0=wB1;1,-4=bQ,bB1;1,-3=bS2;1,-2=bG1;1,-1=bS1;2,-1=bG2
122	16	-0.833655	adjudicated	G1|w|16|8|8|-2,0=wS2;-2,1=wS1;-2,2=wQ;-1,0=wB2;0,0=wB1;0,1=wG1;1,-4=bQ,bB1;1,-3=bS2;1,-2=bG1;1,-1=bS1;2,-1=bG2;3,-1=bA1
122	18	-0.833655	adjudicated	G1|w|18|9|9|-3,0=wG2;-2,0=wS2;-2,1=wS1;-2,2=wQ;-1,0=wB2;-1,2=bA1;0,0=wB1;0,1=wG1;1,-4=bQ,bB1;1,-3=bS2;1,-2=bG1;1,-1=bS1;2,-1=bG2
122	20	-0.833655	adjudicated	G1|w|20|10|10|-4,0=wS1;-3,0=wG2;-2,0=wS2;-2,2=wQ;-1,0=wB2;-1,2=bA1;0,0=wB1;0,1=wG1;1,-4=bQ,bB1;1,-3=bS2;1,-2=bG1;1,-1=bS1;2,-1=bG2;2,0=bA2
122	22	-0.833655	adjudicated	G1|w|22|11|11|-5,1=wG3;-4,0=wS1;-3,0=wG2;-3,3=bA2;-2,0=wS2;-2,2=wQ;-1,0=wB2;-1,2=bA1;0,0=wB1;0,1=wG1;1,-4=bQ,bB1;1,-3=bS2;1,-2=bG1;1,-1=bS1;2,-1=bG2
122	24	-0.833655	adjudicated	G1|w|24|12|12|-5,1=wG3;-4,0=wS1;-4,1=wA1;-4,4=bB2;-3,0=wG2;-3,3=bA2;-2,0=wS2;-2,2=wQ;-1,0=wB2;-1,2=bA1;0,0=wB1;0,1=wG1;1,-4=bQ,bB1;1,-3=bS2;1,-2=bG1;1,-1=bS1;2,-1=bG2
122	26	-0.833655	adjudicated	G1|w|26|13|13|-5,1=wG3;-4,0=wS1;-4,4=bB2;-3,0=wG2;-3,3=bA2;-2,0=wS2;-2,2=wQ;-1,0=wB2;-1,2=bA1;0,-4=wA1;0,0=wB1;0,1=wG1;1,-4=bQ,bB1;1,-3=bS2;1,-2=bG1;1,-1=bS1;2,-2=bA3;2,-1=bG2
122	28	-0.833655	adjudicated	G1|w|28|14|14|-5,1=wG3;-4,0=wS1;-4,4=bB2;-3,0=wG2;-3,1=wA2;-3,2=bA3;-3,3=bA2;-2,0=wS2;-2,2=wQ;-1,0=wB2;-1,2=bA1;0,-4=wA1;0,0=wB1;0,1=wG1;1,-4=bQ,bB1;1,-3=bS2;1,-2=bG1;1,-1=bS1;2,-1=bG2
122	30	-0.833655	adjudicated	G1|w|30|15|15|-5,1=wG3;-4,0=wS1;-4,4=bB2;-3,0=wG2;-3,2=bA3;-3,3=bA2;-2,0=wS2;-2,2=wQ;-1,0=wB2;-1,2=bA1;-1,3=bG3;0,-4=wA1;0,0=wB1;0,1=wG1;1,-4=bQ,bB1;1,-3=bS2;1,-2=bG1;1,-1=bS1;2,-4=wA2;2,-1=bG2
122	32	-0.833655	adjudicated	G1|w|32|16|16|-5,1=wG3;-4,0=wS1;-4,4=bB2;-3,0=wG2;-3,2=bA3;-3,3=bA2;-2,0=wS2;-2,2=wQ;-1,0=wB2;-1,1=bG3;-1,2=bA1;0,0=wB1;0,1=wG1;1,-5=wA1;1,-4=bQ,bB1;1,-3=bS2;1,-2=bG1;1,-1=bS1;2,-4=wA2;2,-1=bG2
122	34	-0.833655	adjudicated	G1|w|34|17|17|-5,1=wG3;-4,0=wS1;-4,4=bB2;-3,-1=wA3;-3,0=wG2;-3,2=bA3;-3,3=bA2;-2,0=wS2;-2,2=wQ;-1,0=wB2;-1,1=bG3;-1,2=bA1;0,0=wB1;0,1=wG1;1,-5=wA1,bB1;1,-4=bQ;1,-3=bS2;1,-2=bG1;1,-1=bS1;2,-4=wA2;2,-1=bG2
122	36	-0.833655	adjudicated	G1|w|36|18|18|-5,1=wG3;-4,0=wS1;-4,3=bB2;-3,-1=wA3;-3,0=wG2;-3,2=bA3;-3,3=bA2;-2,0=wS2;-2,2=wQ;-1,0=wB2;-1,1=bG3;-1,2=bA1;0,0=wB1;0,1=wG1;1,-5=wA1,bB1;1,-4=bQ;1,-3=bS2;1,-2=bG1;1,-1=bS1;2,-1=bG2;3,-1=wA2
122	38	-0.833655	adjudicated	G1|w|38|19|19|-5,1=wG3;-4,0=wS1;-3,-1=wA3;-3,0=wG2;-3,2=bA3,bB2;-3,3=bA2;-2,0=wS2;-2,2=wQ;-1,0=wB2;-1,1=bG3;-1,2=bA1;0,-3=wA2;0,0=wB1;0,1=wG1;1,-5=wA1,bB1;1,-4=bQ;1,-3=bS2;1,-2=bG1;1,-1=bS1;2,-1=bG2
122	40	-0.833655	adjudicated	G1|w|40|20|20|-6,2=wA2;-5,1=wG3;-4,0=wS1;-3,-1=wA3;-3,0=wG2;-3,2=bA3;-3,3=bA2;-2,0=wS2;-2,1=bB2;-2,2=wQ;-1,0=wB2;-1,1=bG3;-1,2=bA1;0,0=wB1;0,1=wG1;1,-5=wA1,bB1;1,-4=bQ;1,-3=bS2;1,-2=bG1;1,-1=bS1;2,-1=bG2
122	42	-0.833655	adjudicated	G1|w|42|21|21|-6,2=wA2;-5,1=wG3;-4,0=wS1;-3,0=wG2;-3,2=bA3;-3,3=bA2;-2,0=wS2;-2,1=bB2;-2,2=wQ;-1,0=wB2;-1,1=bG3;-1,2=bA1;0,-4=wA3;0,0=wB1;0,1=wG1;1,-6=bB1;1,-5=wA1;1,-4=bQ;1,-3=bS2;1,-2=bG1;1,-1=bS1;2,-1=bG2
122	44	-0.833655	adjudicated	G1|w|44|22|22|-5,1=wG3;-4,0=wS1;-3,0=wG2;-3,2=bA3;-3,3=bA2;-2,0=wS2;-2,1=bB2;-2,2=wQ;-1,0=wB2;-1,1=bG3;-1,2=bA1;0,-4=wA3;0,-1=bG2;0,0=wB1;0,1=wG1;1,-6=bB1;1,-5=wA1;1,-4=bQ;1,-3=bS2;1,-2=bG1;1,-1=bS1;2,-4=wA2
122	46	-0.833655	adjudicated	G1|w|46|23|23|-5,1=wG3;-4,0=wS1;-3,0=wG2;-3,3=bA2;-2,0=wS2;-2,1=bB2;-2,2=wQ;-2,3=bA3;-1,1=bG3,wB2;-1,2=bA1;0,-4=wA3;0,-1=bG2;0,0=wB1;0,1=wG1;1,-6=bB1;1,-5=wA1;1,-4=bQ;1,-3=bS2;1,-2=bG1;1,-1=bS1;2,-4=wA2
122	48	-0.833655	adjudicated	G1|w|48|24|24|-5,1=wG3;-4,0=wS1;-3,0=wG2;-3,3=bA2;-2,0=wS2;-2,1=bB2;-2,2=wQ;-2,3=bA3;-1,1=bG3,wB2;-1,2=bA1;0,-3=wA3;0,-1=bG2;0,0=wB1;0,1=wG1;0,2=bS1;1,-6=bB1;1,-5=wA1;1,-4=bQ;1,-3=bS2;1,-2=bG1;2,-4=wA2
122	50	-0.833655	adjudicated	G1|w|50|25|25|-5,1=wG3;-4,0=wS1;-3,0=wG2;-3,2=bA3;-3,3=bA2;-2,0=wS2;-2,1=bB2;-2,2=wQ;-1,1=bG3,wB2;-1,2=bA1;0,-3=wA3;0,-1=bG2;0,0=wB1;0,2=bS1;0,3=wG1;1,-6=bB1;1,-5=wA1;1,-4=bQ;1,-3=bS2;1,-2=bG1;2,-4=wA2
122	52	-0.833655	adjudicated	G1|w|52|26|26|-5,1=wG3;-4,0=wS1;-3,0=wG2;-3,2=bA3;-2,0=wS2;-2,1=bB2;-2,2=wQ;-2,3=bA2;-1,1=bG3,wB2;-1,2=bA1;0,-3=wA3;0,-1=bG2;0,0=wB1;0,2=bS1;0,3=wG1;1,-6=bB1;1,-5=wA1;1,-4=bQ;1,-3=bS2;1,-2=bG1;1,1=wA2
122	54	-0.833655	adjudicated	G1|w|54|27|27|-5,1=wG3;-4,0=wS1;-4,1=bA3;-3,0=wG2;-2,0=wS2;-2,1=bB2;-2,2=wQ;-2,3=bA2;-1,1=bG3,wB2;-1,2=bA1;0,-3=wA3;0,-1=bG2;0,0=wB1;0,2=bS1;0,3=wG1;1,-6=bB1;1,-5=wA1;1,-4=bQ;1,-3=bS2;1,-2=bG1;2,-5=wA2
122	56	-0.833655	adjudicated	G1|w|56|28|28|-5,1=wG3;-4,0=wS1;-4,4=bA3;-3,0=wG2;-3,3=wQ;-2,0=wS2;-2,1=bB2;-2,3=bA2;-1,1=bG3,wB2;-1,2=bA1;0,-3=wA3;0,-1=bG2;0,0=wB1;0,2=bS1;0,3=wG1;1,-6=bB1;1,-5=wA1;1,-4=bQ;1,-3=bS2;1,-2=bG1;2,-5=wA2
122	58	-0.833655	adjudicated	G1|w|58|29|29|-5,1=wG3;-4,0=wS1;-3,0=wG2;-3,3=wQ;-2,0=wS2;-2,1=bB2;-2,3=bA2;-1,1=bG3;-1,2=bA1;0,-3=wA3;0,-1=bG2;0,0=wB1,wB2;0,2=bS1;0,3=wG1;1,-6=bB1;1,-5=wA1;1,-4=bQ;1,-3=bS2;1,-2=bG1;1,1=bA3;2,-5=wA2
122	60	-0.833655	adjudicated	G1|w|60|30|30|-5,1=wG3;-4,0=wS1;-3,0=wG2;-3,2=bA3;-3,3=wQ;-2,0=wS2;-2,1=bB2;-2,3=bA2;-1,1=bG3;-1,2=bA1;0,-3=wA3;0,-1=bG2;0,0=wB1,wB2;0,2=bS1;0,3=wG1;1,-6=bB1;1,-5=wA1;1,-4=bQ;1,-3=bS2;1,-2=bG1;1,0=wA2
122	62	-0.833655	adjudicated	G1|w|62|31|31|-5,1=wG3;-4,0=wS1;-4,3=bA3;-3,0=wG2;-3,3=wQ;-2,0=wS2;-2,1=bB2;-2,3=bA2;-1,1=bG3;-1,2=bA1;0,-3=wA3;0,-1=bG2;0,0=wB1,wB2;0,2=bS1;0,3=wG1;1,-6=bB1;1,-5=wA1;1,-4=bQ;1,-3=bS2;1,-2=bG1;2,-5=wA2
122	64	-0.833655	adjudicated	G1|w|64|32|32|-5,1=wG3;-4,0=wS1;-4,3=bA3;-3,0=wG2;-3,3=wQ;-2,0=wS2;-2,1=bB2;-2,3=bA2;-1,1=bG3;-1,2=bA1;0,-4=bQ;0,-1=bG2;0,0=wB1,wB2;0,2=bS1;0,3=wG1;1,-6=bB1;1,-5=wA1;1,-3=bS2;1,-2=bG1;2,-5=wA2;2,-4=wA3
122	66	-0.833655	adjudicated	G1|w|66|33|33|-5,1=wG3;-4,0=wS1;-4,3=bA3;-3,0=wG2;-3,3=wQ;-2,0=wS2;-2,1=bB2;-2,3=bA2;-1,1=bG3;-1,2=bA1;0,-4=bQ;0,-1=bG2;0,0=wB1;0,2=bS1;0,3=wG1;1,-5=wA1;1,-3=bS2;1,-2=bG1;1,-1=wB2;2,-6=bB1;2,-5=wA2;2,-4=wA3
122	68	-0.833655	adjudicated	G1|w|68|34|34|-5,1=wG3;-4,0=wS1;-3,0=wG2;-3,2=bA3;-3,3=wQ;-2,0=wS2;-2,1=bB2;-2,3=bA2;-1,1=bG3;-1,2=bA1;0,-4=bQ;0,-1=bG2;0,0=wB1,wB2;0,2=bS1;0,3=wG1;1,-5=wA1;1,-3=bS2;1,-2=bG1;2,-6=bB1;2,-5=wA2;2,-4=wA3
122	70	-0.833655	adjudicated	G1|w|70|35|35|-5,1=wG3;-4,0=wS1;-4,4=bA3;-3,0=wG2;-3,3=wQ;-2,0=wS2;-2,1=bB2;-2,3=bA2;-1,1=bG3;-1,2=bA1;0,-4=bQ;0,-1=bG2;0,0=wB1;0,1=wB2;0,2=bS1;0,3=wG1;1,-5=wA1;1,-3=bS2;1,-2=bG1;2,-6=bB1;2,-5=wA2;2,-4=wA3
122	72	-0.833655	adjudicated	G1|w|72|36|36|-5,1=wG3;-4,0=wS1;-4,4=bA3;-3,0=wG2;-3,3=wQ;-2,0=wS2;-2,1=bB2;-2,3=bA2;-1,1=bG3,wB2;-1,2=bA1;0,-4=bQ;0,-1=bG2;0,0=wB1;0,2=bS1;0,3=wG1;1,-5=wA1;1,-3=bS2;1,-2=bG1;2,-5=wA2,bB1;2,-4=wA3
122	74	-0.833655	adjudicated	G1|w|74|37|37|-5,1=wG3;-4,0=wS1;-4,4=bA3;-3,0=wG2;-3,3=wQ;-2,0=wS2;-2,2=bB2;-2,3=bA2;-1,0=wB2;-1,1=bG3;-1,2=bA1;0,-4=bQ;0,-1=bG2;0,0=wB1;0,2=bS1;0,3=wG1;1,-5=wA1;1,-3=bS2;1,-2=bG1;2,-5=wA2,bB1;2,-4=wA3
122	76	-0.833655	adjudicated	G1|w|76|38|38|-5,1=wG3;-4,0=wS1;-3,0=wG2;-3,3=wQ;-2,0=wS2;-2,2=bB2;-2,3=bA2;-1,0=wB2;-1,1=bG3;-1,2=bA1;0,-4=bQ;0,-2=bA3;0,-1=bG2,wB1;0,2=bS1;0,3=wG1;1,-5=wA1;1,-3=bS2;1,-2=bG1;2,-5=wA2,bB1;2,-4=wA3
122	78	-0.833655	adjudicated	G1|w|78|39|39|-5,1=wG3;-4,0=wS1;-3,0=wG2;-3,1=bA3;-3,2=wQ;-2,0=wS2;-2,2=bB2;-2,3=bA2;-1,0=wB2;-1,1=bG3;-1,2=bA1;0,-4=bQ;0,-1=bG2,wB1;0,2=bS1;0,3=wG1;1,-5=wA1;1,-3=bS2;1,-2=bG1;2,-5=wA2,bB1;2,-4=wA3
122	80	-0.833655	adjudicated	G1|w|80|40|40|-4,0=wS1;-4,3=bA2;-3,-1=wG3;-3,0=wG2;-3,1=bA3;-3,2=wQ;-2,0=wS2;-2,2=bB2;-1,0=wB2;-1,1=bG3;-1,2=bA1;0,-4=bQ;0,-1=bG2,wB1;0,2=bS1;0,3=wG1;1,-5=wA1;1,-3=bS2;1,-2=bG1;2,-5=wA2,bB1;2,-4=wA3
122	82	-0.833655	adjudicated	G1|w|82|41|41|-4,0=wS1;-4,3=bA2;-3,-1=wG3;-3,0=wG2;-3,1=bA3;-3,2=wQ;-2,2=bB2;-1,0=wB2;-1,1=bG3;-1,2=bA1;0,-5=bQ;0,-3=wS2;0,-1=bG2,wB1;0,2=bS1;0,3=wG1;1,-5=wA1;1,-3=bS2;1,-2=bG1;2,-5=wA2,bB1;2,-4=wA3
122	84	-0.833655	adjudicated	G1|w|84|42|42|-4,0=wS1;-4,3=bA2;-3,-1=wG3;-3,0=wG2;-3,1=bA3;-3,2=wQ;-2,2=bB2;-1,-4=wS2;-1,0=wB2;-1,1=bG3;-1,2=bA1;0,-5=bQ;0,-1=bG2,wB1;0,2=bS1;0,3=wG1;1,-5=wA1;1,-3=bS2;1,-2=bG1;2,-5=wA2;2,-4=wA3;3,-5=bB1
122	86	-0.833655	adjudicated	G1|w|86|43|43|-4,0=wS1;-4,2=bA2;-3,-1=wG3;-3,0=wG2;-3,1=bA3;-3,2=wQ;-2,2=bB2;-1,-4=wS2;-1,-1=wB1;-1,0=wB2;-1,1=bG3;-1,2=bA1;0,-5=bQ;0,-1=bG2;0,2=bS1;0,3=wG1;1,-5=wA1;1,-3=bS2;1,-2=bG1;2,-5=wA2;2,-4=wA3;3,-5=bB1
122	88	-0.833655	adjudicated	G1|w|88|44|44|-4,0=wS1;-4,3=bA2;-3,-1=wG3;-3,0=wG2;-3,1=bA3;-3,2=wQ;-2,2=bB2;-1,-4=wS2;-1,0=wB2;-1,1=bG3;-1,2=bA1;0,-5=bQ;0,-1=bG2,wB1;0,2=bS1;0,3=wG1;1,-5=wA1;1,-3=bS2;1,-2=bG1;2,-5=wA2;2,-4=wA3;3,-5=bB1
122	90	-0.833655	adjudicated	G1|w|90|45|45|-4,0=wS1;-4,2=bA1;-4,3=bA2;-3,-1=wG3;-3,0=wG2;-3,1=bA3;-3,2=wQ;-2,2=bB2;-1,-4=wS2;-1,0=wB2;-1,1=bG3;0,-5=bQ;0,-1=bG2,wB1;0,1=wG1;0,2=bS1;1,-5=wA1;1,-3=bS2;1,-2=bG1;2,-5=wA2;2,-4=wA3;3,-5=bB1
122	92	-0.833655	adjudicated	G1|w|92|46|46|-4,0=wS1;-4,2=bA1;-4,3=bA2;-3,-1=wG3;-3,0=wG2;-3,1=bA3;-3,2=wQ;-3,3=bS1;-2,2=bB2;-1,-4=wS2;-1,0=wB2;-1,1=bG3;0,-5=bQ;0,-1=bG2;0,1=wG1;1,-5=wA1;1,-3=bS2;1,-2=bG1,wB1;2,-5=wA2;2,-4=wA3;3,-5=bB1
122	94	-0.833655	adjudicated	G1|w|94|47|47|-4,2=bA1;-4,3=bA2;-3,-1=wG3;-3,0=wG2;-3,1=bA3;-3,2=wQ;-3,3=bS1;-2,-2=wS1;-2,2=bB2;-1,-4=wS2;-1,0=wB2;-1,1=bG3;0,-5=bQ;0,-1=bG2;0,1=wG1;1,-5=wA1;1,-3=bS2;1,-2=bG1,wB1;2,-5=wA2;2,-4=wA3;3,-4=bB1
122	96	-0.833655	adjudicated	G1|w|96|48|48|-4,2=bA1;-4,3=bA2;-3,-1=wG3;-3,0=wG2;-3,1=bA3;-3,2=wQ;-3,3=bS1;-2,-2=wS1;-2,2=bB2;-1,-4=wS2;-1,0=wB2;-1,1=bG3;0,-5=bQ;0,-1=bG2;0,1=wG1;1,-5=wA1;1,-3=bS2;1,-2=bG1;1,-1=wB1;2,-5=wA2;2,-4=wA3,bB1
123	0	0.000000	adjudicated	G1|w|0|0|0|
123	7	0.000000	adjudicated	G1|b|7|4|3|-2,0=bG2;-1,-1=bS1;0,-1=bG1;0,0=wG1;1,0=wS1;1,1=wB1;2,1=wQ
123	9	0.000000	adjudicated	G1|b|9|5|4|-2,-1=bQ;-2,0=bG2;-1,-1=bS1;0,-1=bG1;0,0=wG1;1,0=wS1;1,1=wB1;2,-1=wS2;2,1=wQ
123	11	0.000000	adjudicated	G1|b|11|6|5|-2,0=bG2;-1,-2=bQ;-1,-1=bS1;0,-1=bG1;0,0=wG1;0,1=wB2;1,0=wS1;1,1=wB1;2,-1=wS2;2,1=wQ
123	13	0.000000	adjudicated	G1|b|13|7|6|-3,1=bB1;-2,0=bG2;-1,-2=bQ;-1,-1=bS1;0,-2=wS2;0,-1=bG1;0,0=wG1;0,1=wB2;1,0=wS1;1,1=wB1;2,1=wQ
123	15	0.000000	adjudicated	G1|b|15|8|7|-4,2=bG3;-3,1=bB1;-2,0=bG2;-1,-2=bQ;-1,-1=bS1;0,-2=wS2;0,-1=bG1;0,0=wG1;1,0=wS1,wB2;1,1=wB1;2,1=wQ
123	17	0.000000	adjudicated	G1|b|17|9|8|-4,2=bG3;-3,1=bB1;-2,0=bG2;-1,-1=bS1;0,-3=bQ;0,-2=wS2;0,-1=bG1;0,0=wG1;0,2=wA1;1,0=wS1,wB2;1,1=wB1;2,1=wQ
123	19	0.000000	adjudicated	G1|b|19|10|9|-5,2=bS2;-4,2=bG3;-3,1=bB1;-2,0=bG2;-1,-1=bS1;0,-3=bQ;0,-2=wS2;0,-1=bG1;0,0=wG1;1,-3=wA1;1,0=wS1,wB2;1,1=wB1;2,1=wQ
123	21	0.000000	adjudicated	G1|b|21|11|10|-4,2=bG3;-3,1=bB1;-2,-1=bS2;-2,0=bG2;-1,-1=bS1;0,-3=bQ;0,-2=wS2;0,-1=bG1;0,0=wG1;1,-3=wA1;1,0=wS1,wB2;1,1=wB1;2,-4=wG2;2,1=wQ
123	23	0.000000	adjudicated	G1|b|23|12|11|-4,2=bG3;-4,3=bB2;-3,1=bB1;-2,-1=bS2;-2,0=bG2;-1,-1=bS1;-1,1=wG3;0,-3=bQ;0,-2=wS2;0,-1=bG1;0,0=wG1;1,-3=wA1;1,0=wS1,wB2;1,1=wB1;2,-4=wG2;2,1=wQ
123	25	0.000000	adjudicated	G1|b|25|13|12|-5,2=bS2;-4,2=bG3;-4,3=bB2;-3,1=bB1;-2,0=bG2;-1,-1=bS1;-1,1=wG3;0,-3=bQ;0,-2=wS2;0,-1=bG1;0,0=wG1;1,-3=wA1;1,0=wS1,wB2;1,1=wB1;2,-4=wG2;2,1=wQ;3,-5=wA2
123	27	0.000000	adjudicated	G1|b|27|14|13|-6,3=bA1;-5,2=bS2;-4,2=bG3;-4,3=bB2;-3,1=bB1;-2,0=bG2;-1,-1=bS1;-1,1=wG3;0,-4=wA2;0,-3=bQ;0,-2=wS2;0,-1=bG1;0,0=wG1;1,-3=wA1;1,0=wS1,wB2;1,1=wB1;2,-4=wG2;2,1=wQ
123	29	0.000000	adjudicated	G1|b|29|15|14|-5,2=bS2;-4,2=bG3;-4,3=bB2;-3,1=bB1;-2,0=bG2;-1,-1=bS1;-1,1=wG3;0,-4=wA2;0,-3=bQ;0,-2=wS2;0,-1=bG1;0,0=wG1;1,-3=wA1;1,0=wS1,wB2;1,1=wB1;1,2=wQ;2,-4=wG2;2,0=bA1
123	31	0.000000	adjudicated	G1|b|31|16|15|-5,2=bS2;-4,2=bG3;-4,3=bB2;-3,1=bB1;-2,0=bG2;-1,-1=bS1;-1,1=wG3;0,-3=bQ;0,-2=wS2;0,-1=bG1;0,0=wG1;1,-4=wA2;1,-3=wA1;1,0=wS1,wB2;1,1=wB1;1,2=wQ;1,3=bA1;2,-4=wG2
123	33	0.000000	adjudicated	G1|b|33|17|16|-5,2=bS2;-4,1=bA2;-4,2=bG3;-4,3=bB2;-3,1=bB1;-2,0=bG2;-1,-1=bS1;-1,1=wG3;0,-4=wG2;0,-3=bQ;0,-2=wS2;0,-1=bG1;0,0=wG1;1,-4=wA2;1,-3=wA1;1,0=wS1,wB2;1,1=wB1;1,2=wQ;1,3=bA1
123	35	0.000000	adjudicated	G1|b|35|18|17|-5,2=bS2;-4,1=bA2;-4,2=bG3;-4,3=bB2;-3,1=bB1;-2,0=bG2;-1,-1=bS1;-1,1=wG3;0,-4=wG2;0,-3=bQ;0,-2=wS2;0,-1=bG1;0,0=wG1;0,2=bA1;1,-4=wA2;1,-3=wA1;1,0=wS1,wB2;1,1=wB1;2,1=wQ
123	37	0.000000	adjudicated	G1|b|37|19|18|-5,2=bS2;-4,1=bA2;-4,2=bG3;-4,3=bB2;-3,1=bB1;-2,0=bG2;-1,-3=bQ;-1,-1=bS1;0,-4=wG2;0,-2=wS2;0,-1=bG1;0,0=wG1;0,2=bA1;1,-4=wA2;1,-3=wA1;1,-1=wG3;1,0=wS1,wB2;1,1=wB1;2,1=wQ
123	39	0.000000	adjudicated	G1|b|39|20|19|-5,2=bS2;-4,2=bG3;-4,3=bB2;-3,1=bB1;-2,0=bG2;-1,-3=bQ;-1,-1=bS1;0,-4=wG2;0,-2=wS2;0,-1=bG1;0,0=wG1;0,2=bA1;1,-4=wA2;1,-3=wA1;1,-1=wG3;1,0=wS1;1,1=wB1;2,0=bA2,wB2;2,1=wQ
123	41	0.000000	adjudicated	G1|b|41|21|20|-5,2=bS2;-4,1=bA3;-4,2=bG3;-4,3=bB2;-3,1=bB1;-2,0=bG2;-1,-3=bQ;-1,-1=bS1;0,-4=wG2;0,-2=wS2;0,-1=bG1;0,0=wG1;0,2=bA1;1,-4=wA2;1,-3=wA1;1,-1=wG3;1,0=wS1;1,1=wB1;2,0=bA2,wB2;3,0=wQ
123	43	0.000000	adjudicated	G1|b|43|22|21|-5,2=bS2;-4,1=bA3;-4,2=bG3;-4,3=bB2;-3,1=bB1;-2,0=bG2;-1,-3=bQ;-1,-1=bS1;0,-4=wG2;0,-3=wG1;0,-2=wS2;0,-1=bG1;1,-4=wA2;1,-3=wA1;1,-1=wG3;1,0=wS1;1,1=wB1;2,0=bA2,wB2;3,0=wQ;3,1=bA1
123	45	0.000000	adjudicated	G1|b|45|23|22|-5,2=bS2;-4,2=bG3;-4,3=bB2;-3,1=bB1;-3,3=wA2;-2,0=bG2;-1,-3=bQ;-1,-1=bS1;0,-4=wG2;0,-3=wG1;0,-2=wS2;0,-1=bG1;1,-3=wA1;1,-1=wG3;1,0=wS1;1,1=wB1;2,0=bA2,wB2;3,0=wQ;3,1=bA1;4,-1=bA3
123	47	0.000000	adjudicated	G1|b|47|24|23|-5,2=bS2;-4,2=bG3;-4,3=bB2;-3,1=bB1;-3,3=wA2;-2,0=bG2;-1,-3=bQ;-1,-1=bS1;0,-4=wG2;0,-3=wG1;0,-2=wS2;0,-1=bG1;1,-3=wA1;1,-1=wG3;1,0=wS1;1,1=wB1;2,0=bA2,wB2;2,1=bA3;3,1=bA1;4,0=wQ
123	49	0.000000	adjudicated	G1|b|49|25|24|-5,2=bS2;-4,2=bG3;-4,3=bB2;-3,1=bB1;-2,0=bG2;-1,-5=wA2;-1,-4=bQ;-1,-1=bS1;0,-4=wG2;0,-3=wG1;0,-2=wS2;0,-1=bG1;1,-3=wA1;1,-1=wG3;1,0=wS1;1,1=wB1;2,0=bA2,wB2;2,1=bA3;3,1=bA1;4,0=wQ
123	51	0.000000	adjudicated	G1|b|51|26|25|-4,2=bG3;-4,3=bB2;-3,1=bB1;-2,-1=bS2;-2,0=bG2;-1,-5=wA2;-1,-4=bQ;-1,-1=bS1;0,-5=wA1;0,-4=wG2;0,-3=wG1;0,-2=wS2;0,-1=bG1;1,-1=wG3;1,0=wS1;1,1=wB1;2,0=bA2,wB2;2,1=bA3;3,1=bA1;4,0=wQ
123	53	0.000000	adjudicated	G1|b|53|27|26|-4,2=bG3;-4,3=bB2;-3,1=bB1;-2,-4=bQ;-2,-1=bS2;-2,0=bG2;-1,-5=wA2;-1,-1=bS1;0,-5=wA1;0,-4=wG2;0,-3=wG1;0,-2=wS2;0,-1=bG1;1,-1=wG3;1,0=wS1;1,1=wB1,wB2;2,0=bA2;2,1=bA3;3,1=bA1;4,0=wQ
123	55	0.000000	adjudicated	G1|b|55|28|27|-4,2=bG3;-4,3=bB2;-3,1=bB1;-2,-4=bQ;-2,-1=bS2;-2,0=bG2;-1,-5=wA2;-1,-1=bS1;0,-5=wA1;0,-4=wG2;0,-3=wG1;0,-2=wS2;0,-1=bG1;1,-1=wG3;1,0=wS1;1,1=wB1;2,0=wB2;2,1=bA3;3,1=bA1;4,-1=bA2;4,0=wQ
123	57	0.000000	adjudicated	G1|b|57|29|28|-4,2=bG3;-4,3=bB2;-3,1=bB1;-2,-4=bQ;-2,-1=bS2;-2,0=bG2;-1,-5=wA2;-1,-1=bS1;0,-5=wA1;0,-4=wG2;0,-3=wG1;0,-2=wS2;0,-1=bG1;1,-5=wA3;1,-1=wG3;1,0=wS1;1,1=wB1;2,0=wB2;2,1=bA3;3,0=bA2;3,1=bA1;4,0=wQ
123	59	0.000000	adjudicated	G1|b|59|30|29|-4,2=bG3;-4,3=bB2;-3,1=bB1;-2,-4=bQ;-2,-1=bS2;-2,0=bG2;-1,-5=wA2;-1,-1=bS1;0,-5=wA1;0,-4=wG2;0,-3=wG1;0,-2=wS2;0,-1=bG1;1,-5=wA3;1,-1=wG3;1,0=wS1;1,1=wB1;2,0=wB2;3,0=bA2;3,1=bA1;4,-1=bA3;4,1=wQ
123	61	0.000000	adjudicated	G1|b|61|31|30|-4,2=bG3;-4,3=bB2;-3,-3=wA3;-3,1=bB1;-2,-4=bQ;-2,-1=bS2;-2,0=bG2;-1,-5=wA2;-1,-1=bS1;0,-5=wA1;0,-4=wG2;0,-3=wG1;0,-2=wS2;0,-1=bG1;1,-1=wG3;1,0=wS1;1,1=wB1;2,0=wB2;3,0=bA2;3,1=bA1;4,1=wQ;4,2=bA3
123	63	0.000000	adjudicated	G1|b|63|32|31|-4,2=bG3;-3,-3=wA3;-3,1=bB1;-3,2=bB2;-2,-4=bQ;-2,-1=bS2;-2,0=bG2;-1,-5=wA2;-1,-1=bS1;0,-5=wA1;0,-4=wG2;0,-3=wG1;0,-2=wS2;0,-1=bG1;0,1=wB1;1,-1=wG3;1,0=wS1;2,0=wB2;3,0=bA2;3,1=bA1;4,1=wQ;4,2=bA3
123	65	0.000000	adjudicated	G1|b|65|33|32|-4,2=bG3,bB2;-3,1=bB1;-2,-4=bQ;-2,-3=wA3;-2,-1=bS2;-2,0=bG2;-1,-5=wA2;-1,-1=bS1;0,-5=wA1;0,-4=wG2;0,-3=wG1;0,-2=wS2;0,-1=bG1;0,1=wB1;1,-1=wG3;1,0=wS1;2,0=wB2;3,0=bA2;3,1=bA1;4,1=wQ;4,2=bA3
123	67	0.000000	adjudicated	G1|b|67|34|33|-4,2=bG3,bB2;-3,1=bB1;-2,-4=bQ;-2,-3=wA3;-2,-1=bS2;-2,0=bG2;-1,-5=wA2;-1,-1=bS1;0,-5=wA1;0,-4=wG2;0,-3=wG1;0,-2=wS2;0,-1=bG1;0,1=wB1;1,-1=wG3;1,0=wS1;2,0=wB2;3,0=bA2;3,1=bA1;4,0=bA3;5,0=wQ
123	69	0.000000	adjudicated	G1|b|69|35|34|-4,2=bG3,bB2;-3,1=bB1;-2,-4=bQ;-2,-3=wA3;-2,-1=bS2;-2,0=bG2;-1,-5=wA2;-1,-1=bS1;0,-5=wA1;0,-4=wG2;0,-3=wG1;0,-2=wS2;0,-1=bG1;0,1=wB1;1,-1=wG3;1,0=wS1;2,0=wB2;3,0=bA2;4,0=bA3;5,-1=bA1;6,-1=wQ
123	71	0.000000	adjudicated	G1|b|71|36|35|-4,2=bG3,bB2;-3,1=bB1;-2,-4=bQ;-2,-3=wA3;-2,-2=bS2;-2,0=bG2;-1,-5=wA2;-1,-1=bS1;0,-5=wA1;0,-4=wG2;0,-3=wG1;0,-2=wS2;0,-1=bG1;1,-1=wG3;1,0=wS1,wB1;2,0=wB2;3,0=bA2;4,0=bA3;5,-1=bA1;6,-1=wQ
123	73	0.000000	adjudicated	G1|b|73|37|36|-5,2=bB2;-4,2=bG3;-3,1=bB1;-2,-4=bQ;-2,-3=wA3;-2,-2=bS2;-2,0=bG2;-1,-5=wA2;-1,-1=bS1;0,-5=wA1;0,-4=wG2;0,-3=wG1;0,-2=wS2;0,-1=bG1;1,-1=wG3,wB1;1,0=wS1;2,0=wB2;3,0=bA2;4,0=bA3;5,-1=bA1;6,-1=wQ
123	75	0.000000	adjudicated	G1|b|75|38|37|-4,1=bB2;-4,2=bG3;-3,1=bB1;-2,-4=bQ;-2,-3=wA3;-2,-2=bS2;-2,0=bG2;-1,-5=wA2;-1,-1=bS1;0,-5=wA1;0,-4=wG2;0,-3=wG1;0,-2=wS2;0,-1=bG1;1,-1=wG3;1,0=wS1,wB1;2,0=wB2;3,0=bA2;4,0=bA3;5,-1=bA1;6,-1=wQ
123	77	0.000000	adjudicated	G1|b|77|39|38|-4,2=bG3;-3,0=bB2;-3,1=bB1;-2,-4=bQ;-2,-3=wA3;-2,-2=bS2;-2,0=bG2;-1,-5=wA2;-1,-1=bS1;0,-5=wA1;0,-4=wG2;0,-3=wG1;0,-2=wS2;0,-1=bG1;0,1=wB1;1,-1=wG3;1,0=wS1;2,0=wB2;3,0=bA2;4,0=bA3;5,-1=bA1;6,-1=wQ
123	79	0.000000	adjudicated	G1|b|79|40|39|-4,2=bG3;-3,1=bB1,bB2;-2,-4=bQ;-2,-3=wA3;-2,-2=bS2;-2,0=bG2;-1,-5=wA2;-1,-1=bS1;0,-5=wA1;0,-4=wG2;0,-3=wG1;0,-2=wS2;0,-1=bG1;0,1=wB1;1,-1=wG3;1,0=wS1;2,0=wB2;3,0=bA2;4,0=bA3;5,-1=bA1;6,-2=wQ
123	81	0.000000	adjudicated	G1|b|81|41|40|-4,2=bG3;-3,1=bB1,bB2;-2,-4=bQ;-2,-3=wA3;-2,-1=bS2;-2,0=bG2;-1,-5=wA2;-1,-1=bS1;0,-5=wA1;0,-4=wG2;0,-3=wG1;0,-2=wS2;0,-1=bG1;1,-1=wG3;1,0=wS1,wB1;2,0=wB2;3,0=bA2;4,0=bA3;5,-1=bA1;6,-2=wQ
123	83	0.000000	adjudicated	G1|b|83|42|41|-4,2=bG3;-3,1=bB1;-2,-4=bQ;-2,-3=wA3;-2,-1=bS2;-2,0=bG2;-2,1=bB2;-1,-5=wA2;-1,-1=bS1;0,-5=wA1;0,-4=wG2;0,-3=wG1;0,-2=wS2;0,-1=bG1;0,1=wB1;1,-1=wG3;1,0=wS1;2,0=wB2;3,0=bA2;4,0=bA3;5,-1=bA1;6,-2=wQ
123	85	0.000000	adjudicated	G1|b|85|43|42|-4,2=bG3;-3,-4=wA3;-3,1=bB1;-3,2=bB2;-2,-4=bQ;-2,-1=bS2;-2,0=bG2;-1,-5=wA2;-1,-1=bS1;0,-5=wA1;0,-4=wG2;0,-3=wG1;0,-2=wS2;0,-1=bG1;0,1=wB1;1,-1=wG3;1,0=wS1;2,0=wB2;3,0=bA2;4,0=bA3;5,-1=bA1;6,-2=wQ
123	87	0.000000	adjudicated	G1|b|87|44|43|-4,2=bG3;-3,1=bB1,bB2;-2,-4=bQ;-2,-1=bS2;-2,0=bG2;-1,-5=wA2;-1,-4=wA3;-1,-1=bS1;0,-5=wA1;0,-4=wG2;0,-3=wG1;0,-2=wS2;0,-1=bG1;0,1=wB1;1,-1=wG3;1,0=wS1;2,0=wB2;3,0=bA2;4,0=bA3;5,-1=bA1;6,-2=wQ
123	89	0.000000	adjudicated	G1|b|89|45|44|-5,3=wA3;-4,2=bG3;-3,1=bB1,bB2;-2,-5=bQ;-2,-1=bS2;-2,0=bG2;-1,-5=wA2;-1,-1=bS1;0,-5=wA1;0,-4=wG2;0,-3=wG1;0,-2=wS2;0,-1=bG1;0,1=wB1;1,-1=wG3;1,0=wS1;2,0=wB2;3,0=bA2;4,0=bA3;5,-1=bA1;6,-2=wQ
123	91	0.000000	adjudicated	G1|b|91|46|45|-4,2=bG3;-3,1=bB1;-3,2=bB2;-2,-5=bQ;-2,-4=wA3;-2,-1=bS2;-2,0=bG2;-1,-5=wA2;-1,-1=bS1;0,-5=wA1;0,-4=wG2;0,-3=wG1;0,-2=wS2;0,-1=bG1;0,1=wB1;1,-1=wG3;1,0=wS1;2,0=wB2;3,0=bA2;4,0=bA3;5,-1=bA1;6,-2=wQ
123	93	0.000000	adjudicated	G1|b|93|47|46|-4,2=bG3;-3,-4=bQ;-3,1=bB1;-3,2=bB2;-2,-4=wA3;-2,-1=bS2;-2,0=bG2;-1,-5=wA2;-1,-1=bS1;0,-5=wA1;0,-4=wG2;0,-3=wG1;0,-2=wS2;0,-1=bG1;0,1=wB1;1,-1=wG3;1,0=wS1;2,0=wB2;3,0=bA2;4,0=bA3;5,-1=bA1;6,-1=wQ
123	95	0.000000	adjudicated	G1|b|95|48|47|-4,2=bG3;-3,-3=bQ;-3,1=bB1;-3,2=bB2;-2,-4=wA3;-2,-1=bS2;-2,0=bG2;-1,-5=wA2;-1,-1=bS1;0,-5=wA1;0,-4=wG2;0,-3=wG1;0,-2=wS2;0,-1=bG1;0,0=wB1;1,-1=wG3;1,0=wS1;2,0=wB2;3,0=bA2;4,0=bA3;5,-1=bA1;6,-1=wQ
124	0	0.664037	adjudicated	G1|w|0|0|0|
124	6	0.664037	adjudicated	G1|w|6|3|3|-2,1=wA1;-1,0=wB1;0,0=wS1;1,0=bG1;2,-1=bG2;3,-1=bB1
124	8	0.664037	adjudicated	G1|w|8|4|4|-3,1=wQ;-2,1=wA1;-1,0=wB1;0,0=wS1;1,0=bG1;2,-2=bQ;2,-1=bG2;3,-1=bB1
124	10	0.664037	adjudicated	G1|w|10|5|5|-3,1=wQ;-2,1=wA1;-1,0=wB1;0,-1=wA2;0,0=wS1;1,0=bG1;2,-2=bQ;2,-1=bG2;2,0=bB2;3,-1=bB1
124	12	0.664037	adjudicated	G1|w|12|6|6|-3,1=wQ;-2,1=wA1;-1,0=wB1;0,0=wS1;1,0=bG1;2,-2=bQ;2,0=bB2;2,1=bG2;3,-2=wA2;3,-1=bB1
124	14	0.664037	adjudicated	G1|w|14|7|7|-3,1=wQ;-2,1=wA1;-1,0=wB1;0,0=wS1;1,0=bG1;2,-2=bQ;2,0=bB2;2,1=bG2;3,-2=wA2;3,-1=bB1;3,1=bS1;4,-3=wS2
124	16	0.664037	adjudicated	G1|w|16|8|8|-3,1=wQ;-2,1=wA1;-1,0=wB1;0,0=wS1;1,-2=wS2;1,0=bG1;2,-2=bQ;2,0=bB2;2,1=bG2;3,-2=wA2;3,-1=bB1;3,1=bS1;4,-1=bS2
124	18	0.664037	adjudicated	G1|w|18|9|9|-3,1=wQ;-2,1=wA1;-1,-1=wB2;-1,0=wB1;0,0=wS1;1,-2=wS2;1,0=bG1;2,-2=bQ;2,0=bB2;2,1=bG2;3,-2=wA2;3,-1=bB1;4,-1=bS2;5,-1=bS1
124	20	0.664037	adjudicated	G1|w|20|10|10|-3,1=wQ;-2,1=wA1;-1,-2=wA3;-1,-1=wB2;-1,0=wB1;0,0=wS1;1,-2=wS2;1,0=bG1;2,-2=bQ;2,0=bB2;2,1=bG2;3,-2=wA2;3,-1=bB1;4,-1=bS2;4,0=bG3;5,-1=bS1
124	22	0.664037	adjudicated	G1|w|22|11|11|-3,1=wQ;-2,1=wA1;-1,-1=wB2;-1,0=wB1;0,0=wS1;1,-2=wS2;1,0=bG1;2,-3=wA3;2,-2=bQ;2,0=bB2;2,1=bG2;3,-2=wA2;3,-1=bB1;3,1=bA1;4,-1=bS2;4,0=bG3;5,-1=bS1
124	24	0.664037	adjudicated	G1|w|24|12|12|-4,1=bA1;-3,1=wQ;-3,2=wA3;-2,1=wA1;-1,-1=wB2;-1,0=wB1;0,0=wS1;1,-2=wS2;1,0=bG1;2,-2=bQ;2,0=bB2;2,1=bG2;3,-2=wA2;3,-1=bB1;4,-1=bS2;4,0=bG3;5,-1=bS1
124	26	0.664037	adjudicated	G1|w|26|13|13|-3,1=wQ;-3,2=bA1;-2,1=wA1;-1,-1=wB2;-1,0=wB1;0,0=wS1;1,-2=wS2;1,0=bG1;2,-3=wA3;2,-2=bQ;2,0=bB2;2,1=bG2;3,-2=wA2;3,-1=bB1;4,-1=bS2;4,0=bG3;5,-1=bS1
124	28	0.664037	adjudicated	G1|w|28|14|14|-4,2=wQ;-3,2=bA1;-2,1=wA1;-1,-1=wB2;-1,0=wB1;0,0=wS1;1,-2=wS2;1,0=bG1;2,-3=wA3;2,-2=bQ;2,0=bB2;2,1=bG2;3,-2=wA2;3,-1=bB1;4,-3=bS1;4,-1=bS2;4,0=bG3
124	30	0.664037	adjudicated	G1|w|30|15|15|-4,2=wQ;-3,2=bA1;-2,1=wA1;-1,-1=wB2;-1,0=wB1;0,0=wS1;1,-2=wS2;1,0=bG1;1,2=bA2;2,-4=wG1;2,-3=wA3;2,-2=bQ;2,0=bB2;2,1=bG2;3,-2=wA2;3,-1=bB1;4,-3=bS1;4,-1=bS2;4,0=bG3
124	32	0.664037	adjudicated	G1|w|32|16|16|-4,2=wQ;-4,3=bA2;-3,2=bA1;-2,1=wA1;-1,-1=wB2;-1,0=wB1;0,0=wS1;1,-2=wS2;1,0=bG1;2,-3=wA3;2,-2=bQ;2,-1=wG1;2,0=bB2;2,1=bG2;3,-2=wA2;3,-1=bB1;4,-3=bS1;4,-1=bS2;4,0=bG3
124	34	0.664037	adjudicated	G1|w|34|17|17|-5,3=wQ;-4,3=bA2;-3,2=bA1;-2,1=wA1;-1,-1=wB2;-1,0=wB1;0,0=wS1;1,-2=wS2;1,0=bG1;2,-3=wA3;2,-2=bQ;2,-1=wG1;2,0=bB2;2,1=bG2;3,-2=wA2;3,-1=bB1;4,-3=bS1;4,-1=bS2;4,0=bG3;5,-4=bA3
124	36	0.664037	adjudicated	G1|w|36|18|18|-5,2=bA3;-5,3=wQ;-4,3=bA2;-3,2=bA1;-2,1=wA1;-1,-1=wB2;-1,0=wB1;0,-2=wG2;0,0=wS1;1,-2=wS2;1,0=bG1;2,-3=wA3;2,-2=bQ;2,-1=wG1;2,0=bB2;2,1=bG2;3,-2=wA2;3,-1=bB1;4,-3=bS1;4,-1=bS2;4,0=bG3
124	38	0.664037	adjudicated	G1|w|38|19|19|-5,2=bA3;-5,3=wQ;-4,3=bA2;-3,2=bA1;-2,1=wA1;-1,-1=wB2;-1,0=wB1;0,-2=wG2;0,0=wS1;1,-3=wG3;1,-2=wS2;1,0=bG1;2,-3=wA3;2,-2=bQ;2,-1=wG1;2,0=bB2;2,1=bG2;3,-2=wA2;3,-1=bB1;4,-3=bS1;4,-2=bG3;4,-1=bS2
124	40	0.664037	adjudicated	G1|w|40|20|20|-6,3=wA3;-5,2=bA3;-5,3=wQ;-4,3=bA2;-3,2=bA1;-2,1=wA1;-1,-1=wB2;-1,0=wB1;0,-2=wG2;0,0=wS1;1,-3=wG3;1,-2=wS2;1,0=bG1;2,-3=bQ;2,-1=wG1;2,0=bB2;2,1=bG2;3,-2=wA2;3,-1=bB1;4,-3=bS1;4,-2=bG3;4,-1=bS2
124	42	0.664037	adjudicated	G1|w|42|21|21|-6,3=bA3;-5,3=wQ;-4,3=bA2;-3,2=bA1;-2,1=wA1;-1,-1=wB2;-1,0=wB1;0,-2=wG2;0,0=wS1;1,-3=wG3;1,-2=wS2;1,0=bG1;2,-4=wA3;2,-3=bQ;2,-1=wG1;2,0=bB2;2,1=bG2;3,-2=wA2;3,-1=bB1;4,-3=bS1;4,-2=bG3;4,-1=bS2
124	44	0.664037	adjudicated	G1|w|44|22|22|-6,3=bA3;-5,3=wQ;-4,3=bA2;-3,2=bA1;-2,1=wA1;-1,-1=wB2;-1,0=wB1;0,-2=wG2;0,0=wS1;1,-3=wG3;1,-2=wS2;1,0=bG1;2,-4=wA3;2,-1=wG1;2,0=bB2;2,1=bG2;3,-4=wA2;3,-3=bQ;3,-1=bB1;4,-3=bS1;4,-2=bG3;4,-1=bS2
124	46	0.664037	adjudicated	G1|w|46|23|23|-6,3=bA3;-5,3=wQ;-4,3=bA2;-3,2=bA1;-2,1=wA1;-1,-1=wB2;-1,0=wB1;0,-2=wG2;0,0=wS1;1,-3=wG3;1,0=bG1;2,-4=wA3;2,-2=wS2;2,-1=wG1;2,0=bB2;2,1=bG2;3,-4=wA2;3,-3=bQ;3,-1=bB1;4,-2=bG3;4,-1=bS2;5,-1=bS1
124	48	0.664037	adjudicated	G1|w|48|24|24|-6,4=bA3;-5,3=wQ;-4,3=bA2;-3,2=bA1;-2,1=wA1;-1,-1=wB2;-1,0=wB1;0,-2=wG2;0,0=wS1;1,-3=wG3;1,0=bG1;2,-2=wS2;2,-1=wG1;2,0=bB2;2,1=bG2;3,-4=wA2;3,-3=bQ;3,-1=bB1;4,-3=wA3;4,-2=bG3;4,-1=bS2;5,-1=bS1
124	50	0.664037	adjudicated	G1|w|50|25|25|-6,4=bA3;-5,3=wQ;-4,3=bA2;-3,2=bA1;-2,1=wA1;-1,-1=wB2;-1,0=wB1;0,-2=wG2;0,0=wS1;1,-3=wG3;1,0=bG1;2,-3=wG1;2,-2=wS2;2,0=bB2;2,1=bG2;3,-4=wA2;3,-3=bQ;4,-3=wA3;4,-2=bG3,bB1;4,-1=bS2;5,-1=bS1
124	52	0.664037	adjudicated	G1|w|52|26|26|-5,3=wQ;-4,3=bA2;-4,4=bA3;-3,2=bA1;-2,1=wA1;-1,-1=wB2;-1,0=wB1;0,-2=wG2;0,0=wS1;1,-3=wG3;1,0=bG1;2,-3=wG1;2,-2=wS2;2,0=bB2;2,1=bG2;3,-3=bQ;4,-4=wA2;4,-3=wA3;4,-2=bG3,bB1;4,-1=bS2;5,-1=bS1
124	54	0.664037	adjudicated	G1|w|54|27|27|-5,2=bA3;-5,3=wQ;-4,3=bA2;-3,2=bA1;-2,1=wA1;-1,-1=wB2;-1,0=wB1;0,-2=wG2;0,0=wS1;1,-3=wG3;1,0=bG1;2,-3=wG1;2,-2=wS2;2,0=bB2;2,1=bG2;3,-4=wA2;3,-3=bQ;4,-3=wA3;4,-2=bG3,bB1;4,-1=bS2;5,-1=bS1
124	56	0.664037	adjudicated	G1|w|56|28|28|-5,3=wQ;-4,2=bA3;-4,3=bA2;-3,2=bA1;-2,1=wA1;-1,-1=wB2;-1,0=wB1;0,-2=wG2;0,0=wS1;1,-3=wG3;1,0=bG1;2,-3=wG1;2,-2=wS2;2,0=bB2;2,1=bG2;3,-3=bQ;4,-4=wA2;4,-3=wA3;4,-2=bG3,bB1;4,-1=bS2;5,-1=bS1
124	58	0.664037	adjudicated	G1|w|58|29|29|-6,5=bA3;-5,4=wQ;-4,3=bA2;-3,2=bA1;-2,1=wA1;-1,-1=wB2;-1,0=wB1;0,-2=wG2;0,0=wS1;1,-3=wG3;1,0=bG1;2,-3=wG1;2,-2=wS2;2,0=bB2;2,1=bG2;3,-3=bQ;4,-4=wA2;4,-3=wA3;4,-2=bG3,bB1;4,-1=bS2;5,-1=bS1
124	60	0.664037	adjudicated	G1|w|60|30|30|-6,5=bA3;-5,4=wQ;-4,3=bA2;-3,2=bA1;-2,1=wA1;-1,-1=wB2;-1,0=wB1;0,-2=wG2;0,0=wS1;1,-3=wG3;1,0=bG1;2,-3=wG1;2,-2=wS2;2,0=bB2;2,1=bG2;3,-4=wA2;3,-3=bQ;4,-3=wA3;4,-2=bG3;4,-1=bS2;5,-2=bB1;5,-1=bS1
124	62	0.664037	adjudicated	G1|w|62|31|31|-6,5=bA3;-5,4=wQ;-4,3=bA2;-3,2=bA1;-2,1=wA1;-1,-1=wB2;-1,0=wB1;0,-2=wG2;0,0=wS1;1,-3=wG3;1,0=bG1;2,-3=wG1;2,-2=wS2;2,0=bB2;2,1=bG2;3,-3=bQ;3,1=wA2;4,-3=wA3;4,-2=bG3;4,0=bS2;5,-2=bB1;5,-1=bS1
124	64	0.664037	adjudicated	G1|w|64|32|32|-5,3=bA3;-5,4=wQ;-4,3=bA2;-3,2=bA1;-2,1=wA1;-1,-1=wB2;-1,0=wB1;0,-2=wG2;0,0=wS1;1,-3=wG3;1,0=bG1;2,-3=wG1;2,-2=wS2;2,0=bB2;2,1=bG2;3,-4=wA2;3,-3=bQ;4,-3=wA3;4,-2=bG3;4,0=bS2;5,-2=bB1;5,-1=bS1
124	66	0.664037	adjudicated	G1|w|66|33|33|-6,4=wQ;-5,3=bA3;-4,3=bA2;-3,2=bA1;-2,1=wA1;-1,-1=wB2;-1,0=wB1;0,-2=wG2;0,0=wS1;1,-3=wG3;1,0=bG1;2,-3=wG1;2,-2=wS2;2,0=bB2;2,1=bG2;3,-4=wA2;3,-3=bQ;4,-3=wA3;4,-2=bG3;5,-2=bB1;5,-1=bS1;6,-2=bS2
124	68	0.664037	adjudicated	G1|w|68|34|34|-6,4=wQ;-5,3=bA3;-4,3=bA2;-3,2=bA1;-2,1=wA1;-1,-1=wB2;-1,0=wB1;0,-2=wG2;0,0=wS1;1,-3=wG3;1,0=bG1;2,-3=wG1;2,-2=wS2;2,-1=bS1;2,0=bB2;2,1=bG2;3,-3=bQ;4,-4=wA2;4,-3=wA3;4,-2=bG3;5,-2=bB1;6,-2=bS2
124	70	0.664037	adjudicated	G1|w|70|35|35|-6,4=wQ;-5,3=bA3;-4,3=bA2;-3,2=bA1;-2,0=bG1;-2,1=wA1;-1,-1=wB2;-1,0=wB1;0,-2=wG2;0,0=wS1;1,-3=wG3;2,-3=wG1;2,-2=wS2;2,-1=bS1;2,0=bB2;2,1=bG2;3,-4=wA2;3,-3=bQ;4,-3=wA3;4,-2=bG3;5,-2=bB1;6,-2=bS2
124	72	0.664037	adjudicated	G1|w|72|36|36|-6,4=wQ;-5,3=bA3;-4,3=bA2;-3,2=bA1;-2,1=wA1;-1,-1=wB2;-1,0=wB1;-1,1=wA2;0,-2=wG2;0,0=wS1;1,-3=wG3;2,-4=bG1;2,-3=wG1;2,-2=wS2;2,-1=bS1;2,0=bB2;2,1=bG2;3,-3=bQ;4,-3=wA3;4,-2=bG3;5,-2=bB1;6,-2=bS2
124	74	0.664037	adjudicated	G1|w|74|37|37|-6,4=wQ;-5,3=bA3;-4,3=bA2;-3,2=bA1;-2,1=wA1;-1,-1=wB2;-1,0=wB1;0,-2=wG2;0,0=wS1;1,-3=wG3;2,-3=wG1;2,-2=wS2;2,-1=bS1;2,0=bB2;2,1=bG2;2,2=bG1;3,-3=bQ;4,-4=wA2;4,-3=wA3;4,-2=bG3;5,-2=bB1;6,-2=bS2
124	76	0.664037	adjudicated	G1|w|76|38|38|-6,4=wQ;-5,3=bA3;-4,3=bA2;-3,2=bA1;-2,1=wA1;-1,-1=wB2;-1,0=wB1;0,-2=wG2;0,0=wS1;1,-3=wG3;2,-3=wG1;2,-2=wS2;2,-1=bS1;2,0=bB2;2,1=bG2;2,2=bG1;3,-4=wA2;3,-3=bQ;4,-3=wA3;4,-2=bG3;5,-4=bS2;5,-2=bB1
124	78	0.664037	adjudicated	G1|w|78|39|39|-6,4=wQ;-5,3=bA3;-4,3=bA2;-3,2=bA1;-2,1=wA1;-1,-1=wB2;-1,0=wB1;0,-2=wG2;0,0=wS1;1,-3=wG3;2,-3=wG1;2,-2=wS2;2,-1=bS1;2,0=bB2;2,1=bG2;2,2=bG1;3,-3=bQ;4,-4=wA2;4,-3=wA3;4,-2=bG3;5,-2=bB1;6,-2=bS2
124	80	0.664037	adjudicated	G1|w|80|40|40|-6,4=wQ;-5,3=bA3;-4,3=bA2;-3,2=bA1;-2,1=wA1;-1,-1=wB2;-1,0=wB1;0,-2=wG2;1,-3=wG3;1,-1=wS1;2,-3=wG1;2,-2=wS2;2,-1=bS1;2,0=bB2;2,1=bG2;2,2=bG1;3,-3=bQ;3,-1=bS2;4,-4=wA2;4,-3=wA3;4,-2=bG3;5,-2=bB1
124	82	0.664037	adjudicated	G1|w|82|41|41|-6,4=wQ;-5,3=bA3;-4,3=bA2;-3,2=bA1;-2,1=wA1;-1,-1=wB2;-1,0=wB1;0,-2=wG2;1,-3=wG3;1,2=wS1;2,-3=wG1;2,-2=wS2;2,-1=bS1;2,0=bB2;2,1=bG2;2,2=bG1;3,-3=bQ;4,-4=wA2;4,-3=wA3;4,-2=bG3;5,-2=bB1;6,-2=bS2
124	84	0.664037	adjudicated	G1|w|84|42|42|-6,4=wQ;-5,3=bA3;-4,3=bA2;-3,2=bA1;-2,1=wA1;-1,-1=wB2;-1,0=wB1;0,-2=wG2;1,-3=wG3;1,-1=wS1;2,-3=wG1;2,-2=wS2;2,-1=bS1;2,0=bB2;2,1=bG2;2,2=bG1;3,-3=bQ;3,-1=bS2;4,-4=wA2;4,-3=wA3;4,-2=bG3;5,-2=bB1
124	86	0.664037	adjudicated	G1|w|86|43|43|-6,4=wQ;-5,3=bA3;-4,3=bA2;-3,2=bA1;-2,1=wA1;-1,-1=wB2;-1,0=wB1;0,-2=wG2;1,-3=wG3;1,-1=wS1;2,-3=wG1;2,-2=wS2;2,-1=bS1;2,0=bB2;2,1=bG2;2,2=bG1;3,-4=wA2;3,-3=bQ;3,-1=bS2;4,-3=wA3;4,-2=bG3,bB1
124	88	0.664037	adjudicated	G1|w|88|44|44|-6,3=wQ;-5,3=bA3;-4,3=bA2;-3,2=bA1;-2,1=wA1;-1,-1=wB2;-1,0=wB1;0,-2=wG2;1,-3=wG3;1,-1=wS1;2,-3=wG1;2,-2=wS2;2,-1=bS1;2,0=bB2;2,1=bG2;2,2=bG1;3,-4=wA2;3,-3=bQ;3,-1=bS2;4,-3=wA3,bB1;4,-2=bG3
124	90	0.664037	adjudicated	G1|w|90|45|45|-6,3=wQ;-5,3=bA3;-4,3=bA2;-3,2=bA1;-2,1=wA1;-1,-1=wB2;-1,0=wB1;0,-2=wG2;1,-4=wA2;1,-3=wG3;1,-1=wS1;2,-3=wG1;2,-2=wS2;2,-1=bS1;2,0=bB2;2,1=bG2;2,2=bG1;3,-4=bQ;3,-1=bS2;4,-3=wA3,bB1;4,-2=bG3
124	92	0.664037	adjudicated	G1|w|92|46|46|-6,3=wQ;-5,3=bA3;-4,3=bA2;-3,2=bA1;-2,1=wA1;-1,-1=wB2;-1,0=wB1;0,-2=wG2;1,-3=wG3;1,-1=wS1;2,-3=wG1;2,-2=wS2;2,-1=bS1;2,0=bB2;2,1=bG2;2,2=bG1;3,-4=bQ;3,-1=bS2;4,-4=wA2;4,-3=wA3;4,-2=bG3,bB1
124	94	0.664037	adjudicated	G1|w|94|47|47|-6,3=wQ;-5,3=bA3;-4,3=bA2;-3,2=bA1;-2,1=wA1;-1,-1=wB2;-1,0=wB1;0,-2=wG2;1,-3=wG3;1,-1=wS1;2,-4=wA3;2,-3=wG1;2,-2=wS2;2,-1=bS1;2,0=bB2;2,1=bG2;2,2=bG1;3,-4=bQ;3,-1=bS2,bB1;4,-4=wA2;4,-2=bG3
124	96	0.664037	adjudicated	G1|w|96|48|48|-5,2=wQ;-5,3=bA3;-4,3=bA2;-3,2=bA1;-2,1=wA1;-1,-1=wB2;-1,0=wB1;0,-2=wG2;1,-3=wG3;1,-1=wS1;2,-5=bG1;2,-4=wA3;2,-3=wG1;2,-2=wS2;2,-1=bS1;2,0=bB2;2,1=bG2;3,-4=bQ;3,-1=bS2,bB1;4,-4=wA2;4,-2=bG3
125	0	-1.000000	terminal	G1|w|0|0|0|
125	7	-1.000000	terminal	G1|b|7|4|3|-2,1=wQ;-1,0=wG1;0,-1=wA2;0,0=wA1;1,0=bB1;2,-1=bG1;2,0=bS1
125	9	-1.000000	terminal	G1|b|9|5|4|-2,1=wQ;-1,0=wG1;0,0=wA1;1,0=bB1;2,-2=bQ;2,-1=bG1;2,0=bS1;3,-2=wA2
125	11	-1.000000	terminal	G1|b|11|6|5|-2,1=wQ;-1,0=wG1;0,0=wA1;1,-2=bA1;1,0=bB1;2,-2=bQ;2,-1=bG1;2,0=bS1;3,-2=wA2;4,-3=wG2
125	13	-1.000000	terminal	G1|b|13|7|6|-3,1=bA1;-2,1=wQ;-1,0=wG1;0,-1=wG3;0,0=wA1;1,0=bB1;2,-2=bQ;2,-1=bG1;2,0=bS1;3,-2=wA2;4,-3=wG2
125	15	-1.000000	terminal	G1|b|15|8|7|-3,1=bA1;-2,1=wQ;-1,1=bS1;0,-1=wG3;0,0=wA1;1,-2=wG1;1,0=bB1;2,-2=bQ;2,-1=bG1;3,-2=wA2;4,-3=wG2
125	17	-1.000000	terminal	G1|b|17|9|8|-3,1=bA1;-2,1=wQ;-1,1=bS1;0,-1=wG3;0,0=wA1;1,-2=wG1;1,0=bB1;2,-3=bQ;2,-1=bG1;3,-2=wA2;4,-3=wG2;5,-3=wA3
125	19	-1.000000	terminal	G1|b|19|10|9|-3,0=bG2;-3,1=bA1;-2,1=wQ;-1,1=bS1;0,-1=wG3;0,0=wA1;1,-2=wG1;1,0=bB1;2,-4=wA3;2,-3=bQ;2,-1=bG1;3,-2=wA2;4,-3=wG2
125	21	-1.000000	terminal	G1|b|21|11|10|-3,1=bA1;-3,2=bG2;-2,1=wQ;-1,1=bS1;0,-1=wG3;0,0=wA1;1,-4=wB1;1,-2=wG1;1,0=bB1;2,-4=wA3;2,-3=bQ;2,-1=bG1;3,-2=wA2;4,-3=wG2
125	23	-1.000000	terminal	G1|b|23|12|11|-4,2=bS2;-3,1=bA1;-3,2=bG2;-2,1=wQ;-1,1=bS1;0,-1=wG3;0,0=wA1;1,-3=wB1;1,-2=wG1;1,0=bB1;2,-4=wA3;2,-3=bQ;2,-1=bG1;3,-2=wA2;4,-3=wG2
125	25	-1.000000	terminal	G1|b|25|13|12|-4,2=bS2;-3,1=bA1;-3,2=bG2;-2,1=wQ;-1,1=bS1;0,-1=wG3;0,0=wA1;1,-3=wB1;1,-2=wG1;1,0=bB1;2,-5=wB2;2,-4=wA3;2,-1=bG1;3,-4=bQ;3,-2=wA2;4,-3=wG2
125	27	-1.000000	terminal	G1|b|27|14|13|-3,1=bA1;-3,2=bG2;-2,0=bS2;-2,1=wQ;-1,1=bS1;0,-1=wG3;0,0=wA1;1,-3=wB1;1,-2=wG1;1,0=bB1;2,-4=wA3;2,-1=bG1;3,-5=wB2;3,-4=bQ;3,-2=wA2;4,-3=wG2
125	29	-1.000000	terminal	G1|b|29|15|14|-3,1=bA1;-3,2=bG2;-2,0=bS2;-2,1=wQ;-1,1=bS1;0,-1=wG3;0,0=wA1;1,-3=wB1;1,-2=wG1;1,0=bB1;2,-4=wA3;2,-3=wS1;2,-1=bG1;3,-5=wB2;3,-2=wA2;4,-5=bQ;4,-3=wG2
125	31	-1.000000	terminal	G1|b|31|16|15|-3,1=bA1;-3,2=bG2;-3,3=bA2;-2,0=bS2;-2,1=wQ;-1,1=bS1;0,-3=wS2;0,-1=wG3;0,0=wA1;1,-3=wB1;1,-2=wG1;1,0=bB1;2,-4=wA3;2,-3=wS1;2,-1=bG1;3,-5=wB2;3,-2=wA2;4,-5=bQ;4,-3=wG2
125	33	-1.000000	terminal	G1|b|33|17|16|-3,1=bA1;-3,2=bG2;-2,0=bS2;-2,1=wQ;-2,2=bA2;-1,1=bS1;0,-3=wS2;0,-1=wG3;0,0=wA1;1,-3=wB1;1,-2=wG1;1,0=bB1;2,-4=wA3;2,-1=bG1;3,-5=wB2;3,-2=wA2;4,-5=bQ;4,-3=wG2;5,-5=wS1
125	35	-1.000000	terminal	G1|b|35|18|17|-3,1=bA1;-3,2=bG2;-3,3=bG3;-2,0=bS2;-2,1=wQ;-2,2=bA2;-1,1=bS1;0,-1=wG3;0,0=wA1;1,-3=wB1;1,-2=wG1;1,0=bB1;2,-4=wA3;2,-1=bG1;3,-6=wS2;3,-5=wB2;3,-2=wA2;4,-5=bQ;4,-3=wG2;5,-5=wS1
125	37	-1.000000	terminal	G1|b|37|19|18|-4,4=bB2;-3,1=bA1;-3,2=bG2;-3,3=bG3;-2,0=bS2;-2,1=wQ;-2,2=bA2;-1,1=bS1;0,-3=wS2;0,-1=wG3;0,0=wA1;1,-3=wB1;1,-2=wG1;1,0=bB1;2,-4=wA3;2,-1=bG1;3,-5=wB2;3,-2=wA2;4,-5=bQ;4,-3=wG2;5,-5=wS1
125	39	-1.000000	terminal	G1|b|39|20|19|-4,4=bB2;-3,1=bA1;-3,2=bG2;-3,3=bG3;-2,-1=bA3;-2,0=bS2;-2,1=wQ;-2,2=bA2;-1,1=bS1;0,-3=wS2;0,-1=wG3;0,0=wA1;0,1=wG2;1,-3=wB1;1,-2=wG1;1,0=bB1;2,-4=wA3;2,-1=bG1;3,-5=wB2;3,-2=wA2;4,-5=bQ;5,-5=wS1
125	41	-1.000000	terminal	G1|b|41|21|20|-4,4=bB2;-3,1=bA1;-3,2=bG2;-3,3=bG3;-2,0=bS2;-2,1=wQ;-2,2=bA2;-1,1=bS1;0,-3=wS2;0,-2=wG2;0,-1=wG3;0,0=wA1;1,-3=wB1;1,-2=wG1;1,0=bB1;2,-4=wA3;2,-1=bG1;3,-5=wB2;3,-3=bA3;3,-2=wA2;4,-5=bQ;5,-5=wS1
125	43	-1.000000	terminal	G1|b|43|22|21|-4,3=bB2;-3,1=bA1;-3,2=bG2;-3,3=bG3;-2,0=bS2;-2,1=wQ;-2,2=bA2;-1,1=bS1;0,-3=wS2;0,-1=wG3;0,0=wA1;1,-3=wB1;1,-2=wG1;1,0=bB1;2,-4=wA3;2,-1=bG1;3,-5=wB2;3,-3=bA3;3,-2=wA2;4,-6=wG2;4,-5=bQ;5,-5=wS1
125	45	-1.000000	terminal	G1|b|45|23|22|-4,3=bB2;-3,1=bA1;-3,2=bG2;-3,3=bG3;-2,0=bS2;-2,1=wQ;-2,2=bA2;-1,1=bS1;0,-4=bA3;0,-3=wS2;0,-1=wG3;0,0=wA1;1,-3=wB1;1,-2=wG1;1,0=bB1;2,-4=wA3;2,-1=bG1;3,-5=wB2;4,-6=wG2;4,-5=bQ;5,-6=wA2;5,-5=wS1
125	47	-1.000000	terminal	G1|b|47|24|23|-4,3=bB2;-3,1=bA1;-3,2=bG2;-3,3=bG3;-2,0=bS2;-2,1=wQ;-2,2=bA2;-1,1=bS1;0,-4=bA3;0,-3=wS2;0,-1=wG3;0,0=wA1;1,-3=wB1;1,-2=wG1;1,0=bB1;2,-4=wA3;2,-1=bG1;3,-5=wB2;4,-6=wG2;4,-4=bQ;5,-6=wA2;5,-5=wS1
125	49	-1.000000	terminal	G1|b|49|25|24|-4,3=bB2;-3,1=bA1;-3,2=bG2;-3,3=bG3;-2,-1=wS2;-2,0=bS2;-2,1=wQ;-2,2=bA2;-1,1=bS1;0,-2=bA3;0,-1=wG3;0,0=wA1;1,-3=wB1;1,-2=wG1;1,0=bB1;2,-4=wA3;2,-1=bG1;3,-5=wB2;4,-6=wG2;4,-4=bQ;5,-6=wA2;5,-5=wS1
125	51	-1.000000	terminal	G1|b|51|26|25|-4,3=bB2;-3,1=bA1;-3,2=bG2;-3,3=bG3;-2,0=bS2;-2,1=wQ;-2,2=bA2;-1,1=bS1;0,-3=wS2;0,-1=wG3;0,0=wA1;1,-4=bA3;1,-3=wB1;1,-2=wG1;1,0=bB1;2,-4=wA3;2,-1=bG1;3,-5=wB2;4,-6=wG2;4,-4=bQ;5,-6=wA2;5,-5=wS1
125	53	-1.000000	terminal	G1|b|53|27|26|-4,3=bB2;-3,1=bA1;-3,2=bG2;-3,3=bG3;-2,-1=wS2;-2,0=bS2;-2,1=wQ;-2,2=bA2;-1,1=bS1;0,-1=wG3;0,0=wA1;1,-3=wB1;1,-2=wG1;1,0=bB1;2,-4=wA3;2,-1=bG1;3,-5=wB2;4,-6=wG2;4,-4=bQ;5,-6=wA2;5,-5=wS1;6,-6=bA3
125	55	-1.000000	terminal	G1|b|55|28|27|-4,2=wS2;-4,3=bB2;-3,1=bA1;-3,2=bG2;-3,3=bG3;-2,0=bS2;-2,1=wQ;-2,2=bA2;-1,1=bS1;0,-1=wG3;0,0=wA1;1,-3=wB1;1,-2=wG1;1,0=bB1;2,-4=wA3;2,-1=bG1;3,-6=bA3;3,-5=wB2;4,-6=wG2;4,-4=bQ;5,-6=wA2;5,-5=wS1
125	57	-1.000000	terminal	G1|b|57|29|28|-4,3=bB2;-4,4=wS2;-3,1=bA1;-3,2=bG2;-3,3=bG3;-2,0=bS2;-2,1=wQ;-2,2=bA2;-1,1=bS1;0,-1=wG3;0,0=wA1;0,1=bG1;1,-3=wB1;1,-2=wG1;1,0=bB1;2,-4=wA3;3,-6=bA3;3,-5=wB2;4,-6=wG2;4,-4=bQ;5,-6=wA2;5,-5=wS1
125	59	-1.000000	terminal	G1|b|59|30|29|-4,3=bB2;-3,0=bA3;-3,1=bA1;-3,2=bG2;-3,3=bG3;-2,0=bS2;-2,1=wQ;-2,2=bA2;-1,1=bS1;-1,2=wS2;0,-1=wG3;0,0=wA1;0,1=bG1;1,-3=wB1;1,-2=wG1;1,0=bB1;2,-4=wA3;3,-5=wB2;4,-6=wG2;4,-4=bQ;5,-6=wA2;5,-5=wS1
125	61	-1.000000	terminal	G1|b|61|31|30|-4,3=bB2;-3,1=bA1;-3,2=bG2;-3,3=bG3;-2,0=bS2;-2,1=wQ;-2,2=bA2;-1,-1=bA3;-1,1=bS1;0,-1=wG3;0,0=wA1;0,1=bG1;1,-3=wB1;1,-2=wG1;1,0=bB1;2,-4=wA3;2,0=wS2;3,-5=wB2;4,-6=wG2;4,-4=bQ;5,-6=wA2;5,-5=wS1
125	63	-1.000000	terminal	G1|b|63|32|31|-4,3=bB2;-3,2=bG2;-3,3=bG3;-2,0=bS2;-2,1=wQ;-2,2=bA2;-1,-1=bA3;-1,1=bS1;0,-1=wG3;0,0=wA1;0,1=bG1;1,-3=wB1;1,-2=wG1;1,0=bB1;2,-4=wA3;2,0=wS2;2,1=bA1;3,-5=wB2;4,-6=wG2;4,-4=bQ;5,-6=wA2;5,-5=wS1
125	65	-1.000000	terminal	G1|b|65|33|32|-4,3=bB2;-3,1=bA1;-3,2=bG2;-3,3=bG3;-2,0=bS2;-2,1=wQ;-2,2=bA2;-1,-1=bA3;-1,1=bS1;-1,2=wS2;0,-1=wG3;0,0=wA1;0,1=bG1;1,-3=wB1;1,-2=wG1;1,0=bB1;2,-4=wA3;3,-5=wB2;4,-6=wG2;4,-4=bQ;5,-6=wA2;5,-5=wS1
125	67	-1.000000	terminal	G1|b|67|34|33|-4,3=bB2;-3,1=bA1;-3,2=bG2;-3,3=bG3;-2,0=bS2;-2,1=wQ;-2,2=bA2;-1,-1=bA3;-1,1=bS1;0,-1=wG3;0,0=wA1;1,-3=wB1;1,-2=wG1;1,0=bB1;2,-4=wA3;2,-1=bG1;2,0=wS2;3,-5=wB2;4,-6=wG2;4,-4=bQ;5,-6=wA2;5,-5=wS1
125	69	-1.000000	terminal	G1|b|69|35|34|-4,3=bB2;-3,1=bA1;-3,2=bG2;-3,3=bG3;-2,0=bS2;-2,2=bA2;-1,-1=bA3;-1,1=wQ;0,-1=wG3;0,0=wA1;1,-3=wB1;1,-2=wG1;1,0=bB1;2,-4=wA3;2,-1=bG1;2,0=wS2;2,1=bS1;3,-5=wB2;4,-6=wG2;4,-4=bQ;5,-6=wA2;5,-5=wS1
125	71	-1.000000	terminal	G1|b|71|36|35|-4,3=bB2;-3,1=bA1;-3,3=bG3;-2,0=bS2;-2,2=bA2;-1,-1=bA3;-1,1=wQ;-1,2=bG2;0,-1=wG3;0,0=wA1;1,-3=wB1;1,-2=wG1;1,0=bB1;2,-4=wA3;2,-1=bG1;2,0=wS2;2,1=bS1;3,-5=wB2;4,-6=wG2;4,-4=bQ;5,-6=wA2;5,-5=wS1
125	73	-1.000000	terminal	G1|b|73|37|36|-4,3=bB2;-3,3=bG3;-2,0=bS2;-2,2=bA2;-1,-1=bA3;-1,1=wQ;-1,2=bG2;0,-1=wG3;0,0=wA1;1,-2=wG1,wB1;1,0=bB1;2,-4=wA3;2,-3=bA1;2,-1=bG1;2,0=wS2;2,1=bS1;3,-5=wB2;4,-6=wG2;4,-4=bQ;5,-6=wA2;5,-5=wS1
125	75	-1.000000	terminal	G1|b|75|38|37|-4,3=bB2;-3,3=bG3;-2,0=bS2;-2,1=wQ;-2,2=bA2;-1,-1=bA3;-1,2=bG2;0,-1=wG3;0,0=wA1;0,1=bG1;1,-2=wG1,wB1;1,0=bB1;2,-4=wA3;2,-3=bA1;2,0=wS2;2,1=bS1;3,-5=wB2;4,-6=wG2;4,-4=bQ;5,-6=wA2;5,-5=wS1
125	77	-1.000000	terminal	G1|b|77|39|38|-4,3=bB2;-3,1=bA3;-3,3=bG3;-2,0=bS2;-2,1=wQ;-2,2=bA2;-1,2=bG2;0,-1=wG3;0,0=wA1;0,1=bG1;1,-2=wG1;1,0=bB1;2,-4=wA3;2,-3=bA1,wB1;2,0=wS2;2,1=bS1;3,-5=wB2;4,-6=wG2;4,-4=bQ;5,-6=wA2;5,-5=wS1
125	79	-1.000000	terminal	G1|b|79|40|39|-3,1=bA3;-3,2=bB2;-3,3=bG3;-2,0=bS2;-2,2=bA2;-1,0=wQ;-1,2=bG2;0,-1=wG3;0,0=wA1;0,1=bG1;1,-2=wG1;1,0=bB1;2,-4=wA3;2,-3=bA1,wB1;2,0=wS2;2,1=bS1;3,-5=wB2;4,-6=wG2;4,-4=bQ;5,-6=wA2;5,-5=wS1
125	81	-1.000000	terminal	G1|b|81|41|40|-3,1=bA3;-3,2=bB2;-2,0=bS2;-2,2=bA2;-1,0=wQ;-1,1=bG3;-1,2=bG2;0,-1=wG3;0,0=wA1;0,1=bG1;1,-2=wG1;1,0=bB1;2,-4=wA3;2,-3=bA1;2,0=wS2;2,1=bS1;3,-5=wB2;3,-3=wB1;4,-6=wG2;4,-4=bQ;5,-6=wA2;5,-5=wS1
125	83	-1.000000	terminal	G1|b|83|42|41|-3,1=bA3;-3,2=bB2;-2,0=bS2;-2,2=bA2;-1,-1=bG2;-1,0=wQ;-1,1=bG3;0,-1=wG3;0,0=wA1;0,1=bG1;1,-2=wG1;1,0=bB1;2,-4=wA3;2,-3=bA1;2,0=wS2;2,1=bS1;3,-4=wB2;3,-3=wB1;4,-6=wG2;4,-4=bQ;5,-6=wA2;5,-5=wS1
126	0	1.000000	terminal	G1|w|0|0|0|
126	6	1.000000	terminal	G1|w|6|3|3|-2,1=wQ;-1,-2=bG2;-1,-1=bG1;-1,1=wB1;0,-1=bB1;0,0=wS1
126	8	1.000000	terminal	G1|w|8|4|4|-2,1=wQ;-1,-2=bG2;-1,-1=bG1;-1,1=wB1;0,-1=bB1;0,0=wS1;1,-2=bQ;1,0=wS2
126	10	1.000000	terminal	G1|w|10|5|5|-2,1=wQ;-1,-1=bG1;-1,0=bG2;-1,1=wB1;0,-1=bB1;0,0=wS1;1,-2=bQ;2,-3=wS2
126	12	1.000000	terminal	G1|w|12|6|6|-2,1=wQ;-1,0=bG2;-1,1=bG1;0,-1=bB1;0,0=wS1;0,1=wB1;1,-2=bQ;2,-3=wS2
126	14	1.000000	terminal	G1|w|14|7|7|-2,0=wQ;-1,-1=bG1;-1,0=bG2;0,-1=bB1;0,0=wS1;0,1=wB1;1,-2=bQ;2,-3=wS2
126	16	1.000000	terminal	G1|w|16|8|8|-2,-1=wQ;-1,-2=bG2;-1,-1=bG1;0,-1=bB1;0,0=wS1;0,1=wB1;1,-2=bQ;2,-3=wS2
126	18	1.000000	terminal	G1|w|18|9|9|-2,0=wQ;-1,-1=bG1;-1,0=bG2;0,-1=bB1;0,0=wS1;0,1=wB1;1,-2=bQ;2,-3=wS2
126	20	1.000000	terminal	G1|w|20|10|10|-2,-1=wQ;-1,-2=bG2;-1,-1=bG1;0,-1=bB1;0,0=wS1;0,1=wB1;1,-2=bQ;2,-3=wS2
126	22	1.000000	terminal	G1|w|22|11|11|-2,-2=wQ;-2,0=bA1;-1,-2=bG2;-1,-1=bG1;0,-1=bB1;0,0=wS1;0,1=wB1;1,-2=bQ;2,-3=wS2
126	24	1.000000	terminal	G1|w|24|12|12|-2,-2=wQ;-2,0=bA1;-2,1=bS1;-1,-2=bG2;-1,-1=bG1;0,-1=bB1;0,0=wS1;0,1=wB1;1,-2=bQ;1,1=wA1;2,-3=wS2
126	26	1.000000	terminal	G1|w|26|13|13|-2,-2=wQ;-2,-1=bS1;-2,0=bA1;-1,-2=bG2;-1,-1=bG1;0,-2=wA1;0,-1=bB1;0,0=wS1;0,1=wB1;1,-2=bQ;2,-3=wS2
126	28	1.000000	terminal	G1|w|28|14|14|-3,-1=wQ;-3,0=bA1;-2,-1=bS1;-1,-2=bG2;-1,-1=bG1;0,-2=wA1;0,-1=bB1;0,0=wS1;0,1=wB1;1,-2=bQ;2,-3=wS2
126	30	1.000000	terminal	G1|w|30|15|15|-4,-1=bG1;-3,-1=wQ;-3,0=bA1;-2,-1=bS1;-1,-2=bG2;-1,1=wB2;0,-2=wA1;0,-1=bB1;0,0=wS1;0,1=wB1;1,-2=bQ;2,-3=wS2
126	32	1.000000	terminal	G1|w|32|16|16|-5,0=bG3;-4,-1=bG1;-3,-1=wQ;-3,0=bA1;-2,-1=bS1;-2,2=wG1;-1,-2=bG2;-1,1=wB2;0,-2=wA1;0,-1=bB1;0,0=wS1;0,1=wB1;1,-2=bQ;2,-3=wS2
126	34	1.000000	terminal	G1|w|34|17|17|-4,-1=bG1;-3,-2=bG3;-3,-1=wQ;-3,0=bA1;-3,3=wG2;-2,-1=bS1;-2,2=wG1;-1,-2=bG2;-1,1=wB2;0,-2=wA1;0,-1=bB1;0,0=wS1;0,1=wB1;1,-2=bQ;2,-3=wS2
126	36	1.000000	terminal	G1|w|36|18|18|-4,-1=bG1;-3,-2=bG3;-3,-1=wQ;-3,0=bA1;-2,-1=bS1;-2,2=wG1;-1,-2=bG2;-1,-1=bB1;-1,1=wB2;0,-2=wA1;0,0=wS1;0,1=wB1;1,-2=bQ;1,-1=wG2;2,-3=wS2
126	38	1.000000	terminal	G1|w|38|19|19|-4,-1=bG1;-3,-2=bG3;-3,-1=wQ;-2,-1=bS1;-1,-3=bA1;-1,-2=bG2;-1,-1=bB1;-1,1=wB2;0,-2=wA1;0,0=wS1;0,1=wB1;1,-2=bQ;1,-1=wG2;2,-3=wS2;2,-2=wG1
126	40	1.000000	terminal	G1|w|40|20|20|-4,-1=bG1;-3,-2=bG3;-3,-1=wQ;-2,-2=bA1;-2,-1=bS1;-1,-2=bG2;-1,-1=bB1;-1,1=wB2;0,-2=wA1;0,0=wS1;0,1=wB1;1,-2=bQ;1,-1=wG2;1,1=wG3;2,-3=wS2;2,-2=wG1
126	42	1.000000	terminal	G1|w|42|21|21|-4,-1=bG1;-3,-2=bG3;-3,-1=wQ;-2,-2=bA1;-2,-1=bS1;-1,-2=bG2;-1,2=wB2;0,-2=wA1,bB1;0,0=wS1;0,1=wB1;1,-2=bQ;1,-1=wG2;1,1=wG3;2,-3=wS2;2,-2=wG1
126	44	1.000000	terminal	G1|w|44|22|22|-4,-1=bG1;-4,0=wQ;-4,1=bS1;-3,-2=bG3;-2,-2=bA1;-1,-2=bG2;-1,2=wB2;0,-2=wA1,bB1;0,0=wS1;0,1=wB1;1,-2=bQ;1,-1=wG2;1,1=wG3;2,-3=wS2;2,-2=wG1
126	46	1.000000	terminal	G1|w|46|23|23|-4,-1=bG1;-4,0=wQ;-4,1=bS1;-4,2=bA2;-3,-2=bG3;-2,-2=bA1;-1,-2=bG2;-1,2=wB2;0,-2=wA1,bB1;0,0=wS1;0,1=wB1;1,-2=bQ;1,-1=wG2;1,1=wG3;2,-3=wS2;2,-2=wG1;3,-2=wA2
126	48	1.000000	terminal	G1|w|48|24|24|-5,1=bA2;-4,-1=bG1;-4,0=wQ;-4,1=bS1;-3,-2=bG3;-2,-2=bA1;-1,-2=bG2;-1,2=wB2;0,-2=wA1,bB1;0,0=wS1;0,1=wB1;1,-3=wA2;1,-2=bQ;1,-1=wG2;1,1=wG3;2,-3=wS2;2,-2=wG1
126	50	1.000000	terminal	G1|w|50|25|25|-5,1=bA2;-4,-1=bG1;-4,0=wQ;-4,1=bS1;-3,-2=bG3;-2,-2=bA1;-1,-2=bG2;-1,-1=bS2;-1,2=wB2;0,-2=wA1,bB1;0,0=wS1;0,1=wB1;1,-3=wA2;1,-2=bQ;1,-1=wG2;1,1=wG3;2,-3=wS2;2,-2=wG1;2,1=wA3
126	52	1.000000	terminal	G1|w|52|26|26|-5,1=bA2;-4,-1=bG1;-4,0=wQ;-4,1=bS1;-3,-2=bG3;-3,0=bS2;-2,-2=bA1;-1,-2=bG2;-1,2=wB2;0,-2=wA1,bB1;0,0=wS1;0,1=wB1;1,-3=wA2;1,-2=bQ;1,-1=wG2;1,1=wG3;2,-4=wG1;2,-3=wS2;2,1=wA3
126	54	1.000000	terminal	G1|w|54|27|27|-4,-1=bG1;-4,0=wQ;-4,1=bS1;-3,-2=bG3;-3,0=bS2;-2,-2=bA1;-1,-2=bG2;-1,1=bA2;-1,2=wB2;0,-2=wA1,bB1;0,-1=wA3;0,0=wS1;0,1=wB1;1,-3=wA2;1,-2=bQ;1,-1=wG2;1,1=wG3;2,-4=wG1;2,-3=wS2
127	0	0.921669	adjudicated	G1|w|0|0|0|
127	7	0.921669	adjudicated	G1|b|7|4|3|-1,2=bA2;0,0=wG1;0,1=bA1;1,-2=wG2;1,-1=wA1;1,1=bS1;2,-1=wQ
127	9	0.921669	adjudicated	G1|b|9|5|4|-1,2=bA2;0,0=wG1;0,1=bA1;1,-2=wG2;1,-1=wA1;1,1=bS1;1,2=bQ;2,-3=wG3;2,-1=wQ
127	11	0.921669	adjudicated	G1|b|11|6|5|0,0=wG1;0,1=bA1;1,-2=wG2;1,-1=wA1;1,1=bS1;1,2=bQ;2,-3=wG3;2,-2=bA2;3,-2=wQ
127	13	0.921669	adjudicated	G1|b|13|7|6|0,0=wG1;0,1=bA1;0,3=bS2;1,-3=wB1;1,-2=wG2;1,-1=wA1;1,1=bS1;1,2=bQ;2,-3=wG3;2,-2=bA2;3,-2=wQ
127	15	0.921669	adjudicated	G1|b|15|8|7|-1,1=bS2;0,-1=wB2;0,0=wG1;0,1=bA1;1,-3=wB1;1,-2=wG2;1,-1=wA1;1,1=bS1;1,2=bQ;2,-3=wG3;2,-2=bA2;3,-2=wQ
127	17	0.921669	adjudicated	G1|b|17|9|8|-1,-1=wS1;-1,1=bS2;0,-1=wB2;0,0=wG1;0,1=bA1;1,-3=wB1;1,-2=wG2;1,-1=wA1;1,1=bS1;1,2=bQ;2,-3=wG3;2,-2=bA2;2,0=bA3;3,-2=wQ
127	19	0.921669	adjudicated	G1|b|19|10|9|-1,-1=wS1;-1,1=bS2;0,-1=wB2;0,0=wG1;0,1=bA1;0,3=wA1;1,-3=wB1;1,-2=wG2;1,1=bS1;1,2=bQ;2,-3=wG3;2,-2=bA2;3,-2=wQ;4,-2=bA3
127	21	0.921669	adjudicated	G1|b|21|11|10|-2,1=bG1;-1,-1=wS1;-1,1=bS2;0,-1=wB2;0,0=wG1;0,1=bA1;0,3=wA1;1,-3=wB1;1,-2=wG2;1,1=bS1;1,2=bQ;2,-4=wS2;2,-3=wG3;2,-2=bA2;3,-2=wQ;4,-2=bA3
127	23	0.921669	adjudicated	G1|b|23|12|11|-2,1=bG1;-1,-1=wS1;-1,1=bS2;0,-1=wB2;0,0=wG1;0,1=bA1;0,3=wA1;1,-3=wB1;1,-2=wG2;1,1=bS1;1,2=bQ;2,-4=wS2;2,-3=wG3;2,-2=bA2;3,-5=wA2;3,-2=wQ;4,-2=bA3;4,-1=bB1
127	25	0.921669	adjudicated	G1|b|25|13|12|-2,1=bG1;-1,-1=wS1;-1,1=bS2;0,-1=wB2;0,0=wG1;0,1=bA1;0,3=wA1;1,-3=wB1;1,-2=wG2;1,1=bS1;1,2=bQ;1,3=wA2;2,-4=wS2;2,-3=wG3;2,-2=bA2;3,-2=wQ;3,-1=bB1;4,-2=bA3
127	27	0.921669	adjudicated	G1|b|27|14|13|-2,1=bG1;-1,-1=wS1;-1,1=bS2;0,-1=wB2;0,0=wG1;0,1=bA1;0,3=wA1;1,-3=wB1;1,-2=wG2;1,1=bS1;1,2=bQ;1,3=wA2;2,-5=wA3;2,-4=wS2;2,-3=wG3;2,-2=bA2;3,-2=wQ;3,-1=bB1;4,-2=bA3;5,-2=bB2
127	29	0.921669	adjudicated	G1|b|29|15|14|-2,1=bG1;-1,-1=wS1;-1,1=bS2;0,-1=wB2;0,0=wG1;0,1=bA1;0,2=wA3;0,3=wA1;1,-3=wB1;1,-2=wG2;1,1=bS1;1,2=bQ;1,3=wA2;2,-4=wS2;2,-3=wG3;2,-2=bA2;3,-2=wQ;3,-1=bB1;4,-2=bA3;5,-3=bG2;5,-2=bB2
127	31	0.921669	adjudicated	G1|b|31|16|15|-2,1=bG1;-1,-1=wS1;-1,1=bS2;0,-1=wB2;0,0=wG1;0,1=bA1;0,2=wA3;0,3=wA1;1,-3=wB1;1,-2=wG2;1,1=bS1;2,-4=wS2;2,-3=wG3;2,-2=bA2;2,1=bQ;3,-2=wQ;3,-1=bB1;3,1=wA2;4,-2=bA3;5,-3=bG2;5,-2=bB2
127	33	0.921669	adjudicated	G1|b|33|17|16|-2,1=bG1;-1,-1=wS1;-1,1=bS2;0,-1=wB2;0,0=wG1;0,1=bA1;0,2=wA3;0,3=wA1;1,-3=wB1;1,-2=wG2;1,1=bS1;1,2=wA2;2,-4=wS2;2,-3=wG3;2,-2=bA2;2,1=bQ;3,-2=wQ;3,-1=bB1;4,-2=bA3;5,-2=bB2;5,-1=bG2
127	35	0.921669	adjudicated	G1|b|35|18|17|-2,1=bG1;-1,-1=wS1;-1,1=bS2;0,-1=wB2;0,0=wG1;0,1=bA1;0,2=wA3;0,3=wA1;1,-3=wB1;1,-2=wG2;1,2=wA2;2,-4=wS2;2,-3=wG3;2,-2=bA2;2,-1=bS1;2,1=bQ;3,-1=bB1;4,-3=wQ;4,-2=bA3;5,-2=bB2;5,-1=bG2
127	37	0.921669	adjudicated	G1|b|37|19|18|-2,1=bG1;-1,-1=wS1;-1,1=bS2;0,-1=wB2;0,0=wG1;0,1=bA1;0,2=wA3;1,-3=wB1;1,-2=wG2;1,2=wA2;2,-4=wS2;2,-3=wG3;2,-2=bA2;2,-1=bS1;2,1=bQ;3,-1=bB1;3,1=wA1;4,-3=wQ;4,-2=bA3;5,-3=bG2;5,-2=bB2
127	39	0.921669	adjudicated	G1|b|39|20|19|-2,1=bG1;-1,-1=wS1;-1,1=bS2;0,-1=wB2;0,0=wG1;0,1=bA1;0,2=wA3;1,-3=wB1;1,-2=wG2;1,2=wA2;2,-4=wS2;2,-3=wG3;2,-2=bA2;2,-1=bS1;2,1=bQ;3,-4=wA1;3,-1=bB1;4,-3=wQ;4,-2=bA3;5,-3=bG2;6,-3=bB2
127	41	0.921669	adjudicated	G1|b|41|21|20|-2,1=bG1;-1,-1=wS1;-1,1=bS2;0,-1=wB2;0,0=wG1;0,1=bA1;0,2=wA3;1,-3=wB1;1,-2=wG2;1,2=wA2;2,-4=wS2;2,-2=bA2;2,-1=bS1;2,0=wG3;2,1=bQ;3,-4=wA1;3,-1=bB1;4,-3=wQ;4,-2=bA3;5,-3=bG2;5,-2=bG3;6,-3=bB2
127	43	0.921669	adjudicated	G1|b|43|22|21|-2,1=bG1;-1,-1=wS1;-1,1=bS2;0,-2=wA1;0,-1=wB2;0,0=wG1;0,1=bA1;0,2=wA3;1,-3=wB1;1,-2=wG2;1,2=wA2;2,-4=wS2;2,-2=bA2;2,-1=bS1;2,0=wG3;2,1=bQ;3,-2=bG3;3,-1=bB1;4,-3=wQ;4,-2=bA3;5,-3=bG2;6,-3=bB2
127	45	0.921669	adjudicated	G1|b|45|23|22|-2,1=bG1;-1,-1=wS1;-1,1=bS2;0,-2=wA1;0,-1=wB2;0,0=wG1;0,1=bA1;0,2=wA3;1,-3=wB1;1,-2=wG2;1,2=wA2;2,-4=wS2;2,-1=bS1;2,0=wG3;2,1=bQ;3,-2=bG3;3,-1=bB1;4,-4=wQ;4,-2=bA3;5,-4=bA2;5,-3=bG2;6,-3=bB2
127	47	0.921669	adjudicated	G1|b|47|24|23|-2,1=bG1;-1,-1=wS1;-1,1=bS2;0,-1=wB2;0,0=wG1;0,1=bA1;0,2=wA3;1,-3=wB1;1,-2=wG2;1,2=wA2;2,-4=wS2;2,-1=bS1;2,0=wG3;2,1=bQ;3,-2=bG3;3,-1=bB1;3,1=wA1;4,-4=wQ;4,-2=bA3;5,-4=bA2;5,-3=bG2;6,-4=bB2
127	49	0.921669	adjudicated	G1|b|49|25|24|-2,1=bG1;-1,-1=wS1;-1,1=bS2;0,-1=wB2;0,0=wG1;0,1=bA1;0,2=wA3;1,-3=wB1;1,-2=wG2;1,2=wA2;1,3=wA1;2,-4=wS2;2,0=wG3;2,1=bQ;3,-4=bS1;3,-2=bG3;3,-1=bB1;4,-4=wQ;4,-2=bA3;5,-4=bA2;5,-3=bG2;6,-4=bB2
127	51	0.921669	adjudicated	G1|b|51|26|25|-2,1=bG1;-1,-1=wS1;-1,1=bS2;0,-1=wB2;0,0=wG1;0,1=bA1;0,2=wA3;1,-4=bA2;1,-3=wB1;1,-2=wG2;1,2=wA2;2,-4=wS2;2,0=wG3;2,1=bQ;2,2=wA1;3,-4=bS1;3,-2=bG3;3,-1=bB1;4,-4=wQ;4,-2=bA3;5,-3=bG2;6,-4=bB2
127	53	0.921669	adjudicated	G1|b|53|27|26|-2,1=bG1;-1,-1=wS1;-1,1=bS2;0,-1=wB2;0,0=wG1;0,1=bA1;0,2=wA3;1,-3=wB1;1,-2=wG2;1,2=wA2;2,-4=wS2;2,0=wG3;2,1=bQ;2,2=wA1;3,-4=bS1;3,-2=bG3;3,-1=bB1;4,-2=bA3;5,-5=wQ;5,-4=bA2;5,-3=bG2;6,-4=bB2
127	55	0.921669	adjudicated	G1|b|55|28|27|-2,1=bG1;-1,-1=wS1;-1,1=bS2;0,-1=wB2;0,0=wG1;0,1=bA1;0,2=wA3;1,-3=wB1;1,-2=wG2;1,2=wA2;2,-4=wS2;2,0=wG3;2,1=bQ;2,2=wA1;3,-4=bS1;3,-2=bG3;3,-1=bB1;4,-2=bA3;5,-4=bA2;5,-3=bG2;6,-6=wQ;6,-5=bB2
127	57	0.921669	adjudicated	G1|b|57|29|28|-2,1=bG1;-1,-1=wS1;-1,1=bS2;0,-1=wB2;0,0=wG1;0,1=bA1;0,2=wA3;1,-3=wB1;1,-2=wG2;1,2=wA2;2,-4=wS2;2,-1=bS1;2,0=wG3;2,1=bQ;2,2=wA1;3,-2=bG3;3,-1=bB1;4,-2=bA3;5,-4=bA2;5,-3=bG2;6,-5=bB2;7,-6=wQ
127	59	0.921669	adjudicated	G1|b|59|30|29|-2,1=bG1;-1,-1=wS1;-1,1=bS2;0,-1=wB2;0,0=wG1;0,1=bA1;0,2=wA3;1,-3=wB1;1,-2=wG2;1,2=wA2;2,-4=wS2;2,0=wG3;2,1=bQ;3,-4=bS1;3,-2=bG3;3,-1=bB1;3,1=wA1;4,-2=bA3;5,-4=bA2;5,-3=bG2;6,-5=bB2;7,-6=wQ
127	61	0.921669	adjudicated	G1|b|61|31|30|-2,1=bG1;-1,-1=wS1;-1,1=bS2;0,-1=wB2;0,0=wG1;0,1=bA1;0,2=wA3;1,-3=wB1;1,-2=wG2;1,2=wA2;2,-4=wS2;2,0=wG3;2,1=bQ;3,-4=bS1;3,-1=bB1;3,0=wA1;4,-2=bA3;5,-4=bA2;5,-3=bG2;5,-2=bG3;6,-5=bB2;7,-6=wQ
127	63	0.921669	adjudicated	G1|b|63|32|31|-2,1=bG1;-1,-1=wS1;-1,1=bS2;0,-1=wB2;0,0=wG1;0,1=bA1;0,2=wA3;1,-3=wB1;1,-2=wG2;1,2=wA2;2,-4=wS2;2,0=wG3;2,1=bQ;3,-4=bS1;3,-2=bG3;3,-1=bB1;3,0=wA1;4,-2=bA3;5,-4=bA2;5,-3=bG2;6,-6=wQ;6,-5=bB2
127	65	0.921669	adjudicated	G1|b|65|33|32|-2,1=bG1;-1,-1=wS1;-1,1=bS2;0,-1=wB2;0,0=wG1;0,1=bA1;0,2=wA3;1,-3=wB1;1,-2=wG2;1,-1=bS1;1,2=wA2;2,-4=wS2;2,0=wG3;2,1=bQ;3,-2=bG3;3,-1=bB1;4,-2=bA3;4,-1=wA1;5,-4=bA2;5,-3=bG2;6,-6=wQ;6,-5=bB2
127	67	0.921669	adjudicated	G1|b|67|34|33|-2,1=bG1;-1,-1=wS1;-1,1=bS2;0,-1=wB2;0,0=wG1;0,1=bA1;0,2=wA3;1,-3=wB1;1,-2=wG2;1,2=wA2;2,0=wG3;2,1=bQ;3,-3=wS2;3,-2=bG3;3,-1=bB1;4,-3=bS1;4,-2=bA3;4,-1=wA1;5,-4=bA2;5,-3=bG2;6,-6=wQ;6,-5=bB2
127	69	0.921669	adjudicated	G1|b|69|35|34|-2,1=bG1;-1,-1=wS1;-1,1=bS2;0,-1=wB2;0,0=wG1;0,1=bA1;0,2=wA3;1,-3=wB1;1,-2=wG2;1,2=wA2;2,0=wG3;2,1=bQ;3,-4=wA1;3,-3=wS2;3,-1=bB1;4,-3=bS1;4,-2=bA3;5,-4=bA2;5,-3=bG2;5,-2=bG3;6,-6=wQ;6,-5=bB2
127	71	0.921669	adjudicated	G1|b|71|36|35|-2,1=bG1;-1,-1=wS1;-1,1=bS2;0,-2=wA1;0,-1=wB2;0,0=wG1;0,1=bA1;0,2=wA3;1,-3=wB1;1,-2=wG2;1,2=wA2;2,0=wG3;2,1=bQ;3,-3=wS2;3,-1=bB1;4,-3=bS1;4,-2=bA3;5,-5=bG3;5,-4=bA2;5,-3=bG2;6,-6=wQ;6,-5=bB2
127	73	0.921669	adjudicated	G1|b|73|37|36|-2,1=bG1;-1,-1=wS1;-1,1=bS2;0,-2=wA1;0,-1=wB2;0,0=wG1;0,1=bA1;0,2=wA3;1,-3=wB1;1,-2=wG2;1,2=wA2;2,0=wG3;2,1=bQ;3,-3=wS2;3,-1=bB1;4,-3=bS1;4,-2=bA3;5,-6=bG2;5,-5=bG3;5,-4=bA2;6,-7=wQ;6,-5=bB2
127	75	0.921669	adjudicated	G1|b|75|38|37|-2,1=bG1;-1,-1=wS1;-1,1=bS2;0,-1=wB2;0,0=wG1;0,1=bA1;0,2=wA3;1,-3=wB1;1,-2=wG2;1,2=wA2;2,0=wG3;2,1=bQ;3,-4=wA1;3,-3=wS2;3,-1=bB1;4,-3=bS1;4,-2=bA3;5,-6=bG2;5,-5=bG3;5,-4=bA2;6,-7=wQ;6,-6=bB2
127	77	0.921669	adjudicated	G1|b|77|39|38|-2,1=bG1;-1,-1=wS1;-1,1=bS2;0,-1=wB2;0,0=wG1;0,1=bA1;0,2=wA3;1,-3=wB1;1,-2=wG2;1,2=wA2;2,0=wG3;2,1=bQ;2,2=wA1;3,-3=wS2;3,-1=bB1;4,-3=bS1;4,-2=bA3;5,-6=bG2;5,-5=bG3;5,-4=bA2;6,-7=wQ,bB2
127	79	0.921669	adjudicated	G1|b|79|40|39|-2,1=bG1;-1,-1=wS1;-1,1=bS2;0,-1=wB2;0,0=wG1;0,1=bA1;0,2=wA3;1,-3=wB1;1,-2=wG2;1,2=wA2;2,0=wG3;2,1=bQ;2,2=wA1;3,-3=wS2;3,-1=bB1;4,-3=bS1;4,-2=bA3;5,-7=bB2;5,-6=bG2;5,-5=bG3;5,-4=bA2;6,-8=wQ
127	81	0.921669	adjudicated	G1|b|81|41|40|-1,-1=wS1;-1,1=bS2;0,-1=wB2;0,0=wG1;0,1=bA1;1,-3=wB1;1,-2=wG2;1,1=bG1;1,2=wA2;2,0=wG3;2,1=bQ;2,2=wA1;3,-3=wS2;3,-1=bB1;3,0=wA3;4,-3=bS1;4,-2=bA3;5,-7=bB2;5,-6=bG2;5,-5=bG3;5,-4=bA2;6,-8=wQ
127	83	0.921669	adjudicated	G1|b|83|42|41|-2,-1=bS2;-1,-1=wS1;0,-2=wB1;0,-1=wB2;0,0=wG1;0,1=bA1;1,-2=wG2;1,1=bG1;1,2=wA2;2,0=wG3;2,1=bQ;2,2=wA1;3,-3=wS2;3,-1=bB1;3,0=wA3;4,-3=bS1;4,-2=bA3;5,-7=bB2;5,-6=bG2;5,-5=bG3;5,-4=bA2;6,-8=wQ
127	85	0.921669	adjudicated	G1|b|85|43|42|-1,-1=wS1;0,-3=wB1;0,-1=wB2;0,0=wG1;0,1=bA1;1,-3=bS2;1,-2=wG2;1,1=bG1;1,2=wA2;2,0=wG3;2,1=bQ;2,2=wA1;3,-3=wS2;3,-1=bB1;3,0=wA3;4,-3=bS1;4,-2=bA3;5,-7=bB2;5,-6=bG2;5,-5=bG3;5,-4=bA2;6,-8=wQ
127	87	0.921669	adjudicated	G1|b|87|44|43|-1,-1=wS1;0,-3=wB1;0,-1=wB2;0,0=wG1;0,1=bA1;1,-3=bS2;1,-2=wG2;1,1=bG1;1,2=wA2;2,0=wG3;2,1=bQ;2,2=wA1;3,-3=wS2;3,-1=bB1;3,0=wA3;4,-3=bS1;4,-2=bA3;5,-8=wQ;5,-7=bB2;5,-6=bG2;5,-5=bG3;5,-4=bA2
127	89	0.921669	adjudicated	G1|b|89|45|44|-1,-1=wS1;0,-3=wB1;0,-1=wB2;0,0=wG1;0,1=bA1;1,-3=bS2;1,-2=wG2;1,1=bG1;1,2=wA2;2,0=wG3;2,1=bQ;2,2=wA1;3,-3=wS2;3,-1=bB1;3,1=wA3;4,-3=bS1;4,-2=bA3;5,-8=wQ;5,-7=bB2;5,-6=bG2;5,-5=bG3;5,-4=bA2
127	91	0.921669	adjudicated	G1|b|91|46|45|-1,2=wS1;0,-3=wB1;0,-1=wB2;0,0=wG1;0,1=bA1;1,-3=bS2;1,-2=wG2;1,1=bG1;1,2=wA2;2,0=wG3;2,1=bQ;2,2=wA1;3,-3=wS2;3,-1=bB1;3,1=wA3;4,-3=bS1;4,-2=bA3;5,-8=wQ;5,-7=bB2;5,-6=bG2;5,-5=bG3;5,-4=bA2
127	93	0.921669	adjudicated	G1|b|93|47|46|0,-3=wB1;0,-1=wB2;0,0=wG1;0,1=bA1;1,-3=bS2;1,-2=wG2;1,1=bG1;1,2=wA2;1,3=wS1;2,0=wG3;2,1=bQ;2,2=wA1;3,-3=wS2;3,-1=bB1;3,1=wA3;4,-3=bS1;4,-2=bA3;5,-8=wQ;5,-7=bB2;5,-6=bG2;5,-5=bG3;5,-4=bA2
127	95	0.921669	adjudicated	G1|b|95|48|47|-1,2=wS1;0,-3=wB1;0,-1=wB2;0,0=wG1;0,1=bA1;1,-3=bS2;1,-2=wG2;1,1=bG1;1,2=wA2;2,0=wG3;2,1=bQ;2,2=wA1;3,-3=wS2;3,-1=bB1;3,1=wA3;4,-3=bS1;4,-2=bA3;5,-8=wQ;5,-7=bB2;5,-6=bG2;5,-5=bG3;5,-4=bA2
